address	type	name
EXTERNAL:00000001	Function	<EXTERNAL>::lv_obj_set_style_transform_zoom
EXTERNAL:00000002	Function	<EXTERNAL>::open
EXTERNAL:00000003	Function	<EXTERNAL>::pthread_mutex_destroy
EXTERNAL:00000004	Function	<EXTERNAL>::lv_obj_add_style
EXTERNAL:00000005	Function	<EXTERNAL>::lv_mem_alloc
EXTERNAL:00000006	Function	<EXTERNAL>::strcat
EXTERNAL:00000007	Function	<EXTERNAL>::lv_font_get_glyph_dsc_fmt_txt
EXTERNAL:00000008	Function	<EXTERNAL>::zip_fclose
EXTERNAL:00000009	Function	<EXTERNAL>::lv_obj_get_index
EXTERNAL:0000000a	Function	<EXTERNAL>::fread
EXTERNAL:0000000b	Function	<EXTERNAL>::lv_group_remove_obj
EXTERNAL:0000000c	Function	<EXTERNAL>::lv_disp_get_hor_res
EXTERNAL:0000000d	Function	<EXTERNAL>::lv_palette_main
EXTERNAL:0000000e	Function	<EXTERNAL>::hcplayer_stop2
EXTERNAL:0000000f	Function	<EXTERNAL>::lv_list_create
EXTERNAL:00000010	Function	<EXTERNAL>::__ctype_tolower_loc
EXTERNAL:00000011	Function	<EXTERNAL>::lv_obj_set_flex_align
EXTERNAL:00000012	Function	<EXTERNAL>::socket
EXTERNAL:00000013	Function	<EXTERNAL>::access
EXTERNAL:00000014	Function	<EXTERNAL>::lv_draw_img
EXTERNAL:00000015	Function	<EXTERNAL>::hcplayer_deinit
EXTERNAL:00000016	Function	<EXTERNAL>::lv_btnmatrix_clear_btn_ctrl_all
EXTERNAL:00000017	Function	<EXTERNAL>::lv_tabview_add_tab
EXTERNAL:00000018	Function	<EXTERNAL>::hcplayer_change_video_track
EXTERNAL:00000019	Function	<EXTERNAL>::mkdir
EXTERNAL:0000001a	Function	<EXTERNAL>::lv_checkbox_create
EXTERNAL:0000001b	Function	<EXTERNAL>::lv_obj_has_flag
EXTERNAL:0000001c	Function	<EXTERNAL>::glist_nth_prev
EXTERNAL:0000001d	Function	<EXTERNAL>::hcplayer_set_display_rect
EXTERNAL:0000001e	Function	<EXTERNAL>::strstr
EXTERNAL:0000001f	Function	<EXTERNAL>::_lv_ll_get_next
EXTERNAL:00000020	Function	<EXTERNAL>::fopen
EXTERNAL:00000021	Function	<EXTERNAL>::lv_scr_load_anim
EXTERNAL:00000022	Function	<EXTERNAL>::lv_style_set_pad_top
EXTERNAL:00000023	Function	<EXTERNAL>::pthread_attr_destroy
EXTERNAL:00000024	Function	<EXTERNAL>::lv_group_set_default
EXTERNAL:00000025	Function	<EXTERNAL>::strncasecmp
EXTERNAL:00000026	Function	<EXTERNAL>::lv_label_get_text
EXTERNAL:00000027	Function	<EXTERNAL>::lv_obj_set_style_bg_grad_dir
EXTERNAL:00000028	Function	<EXTERNAL>::lv_style_set_text_color
EXTERNAL:00000029	Function	<EXTERNAL>::lv_style_set_border_side
EXTERNAL:0000002a	Function	<EXTERNAL>::hcplayer_multi_create
EXTERNAL:0000002b	Function	<EXTERNAL>::lv_group_create
EXTERNAL:0000002c	Function	<EXTERNAL>::lv_obj_set_style_pad_top
EXTERNAL:0000002d	Function	<EXTERNAL>::lv_obj_set_style_outline_color
EXTERNAL:0000002e	Function	<EXTERNAL>::lv_style_set_outline_width
EXTERNAL:0000002f	Function	<EXTERNAL>::calloc
EXTERNAL:00000030	Function	<EXTERNAL>::lv_obj_set_style_text_color
EXTERNAL:00000031	Function	<EXTERNAL>::lv_obj_clear_flag
EXTERNAL:00000032	Function	<EXTERNAL>::lv_obj_add_event_cb
EXTERNAL:00000033	Function	<EXTERNAL>::lv_chart_create
EXTERNAL:00000034	Function	<EXTERNAL>::lv_style_set_bg_img_src
EXTERNAL:00000035	Function	<EXTERNAL>::lv_tabview_get_tab_act
EXTERNAL:00000036	Function	<EXTERNAL>::lv_img_set_src
EXTERNAL:00000037	Function	<EXTERNAL>::lv_group_del
EXTERNAL:00000038	Function	<EXTERNAL>::hcplayer_multi_destroy
EXTERNAL:00000039	Function	<EXTERNAL>::hcplayer_get_video_streams_count
EXTERNAL:0000003a	Function	<EXTERNAL>::lv_timer_create
EXTERNAL:0000003b	Function	<EXTERNAL>::lv_obj_set_style_shadow_width
EXTERNAL:0000003c	Function	<EXTERNAL>::hcplayer_init
EXTERNAL:0000003d	Function	<EXTERNAL>::epoll_wait
EXTERNAL:0000003e	Function	<EXTERNAL>::zip_stat_index
EXTERNAL:0000003f	Function	<EXTERNAL>::zip_strerror
EXTERNAL:00000040	Function	<EXTERNAL>::lv_obj_get_x_aligned
EXTERNAL:00000041	Function	<EXTERNAL>::lv_obj_clean
EXTERNAL:00000042	Function	<EXTERNAL>::hcplayer_change_audio_track
EXTERNAL:00000043	Function	<EXTERNAL>::fgets
EXTERNAL:00000044	Function	<EXTERNAL>::lv_indev_drv_init
EXTERNAL:00000045	Function	<EXTERNAL>::lv_font_get_bitmap_fmt_txt
EXTERNAL:00000046	Function	<EXTERNAL>::memcpy
EXTERNAL:00000047	Function	<EXTERNAL>::hcplayer_get_nth_video_stream_info
EXTERNAL:00000048	Function	<EXTERNAL>::lv_obj_set_style_shadow_opa
EXTERNAL:00000049	Function	<EXTERNAL>::lv_obj_set_scrollbar_mode
EXTERNAL:0000004a	Function	<EXTERNAL>::lv_tabview_get_tab_btns
EXTERNAL:0000004b	Function	<EXTERNAL>::write
EXTERNAL:0000004c	Function	<EXTERNAL>::malloc
EXTERNAL:0000004d	Function	<EXTERNAL>::lv_btnmatrix_set_one_checked
EXTERNAL:0000004e	Function	<EXTERNAL>::lv_obj_set_style_outline_pad
EXTERNAL:0000004f	Function	<EXTERNAL>::lv_indev_set_group
EXTERNAL:00000050	Function	<EXTERNAL>::lv_timer_del
EXTERNAL:00000051	Function	<EXTERNAL>::lv_freetype_init
EXTERNAL:00000052	Function	<EXTERNAL>::strlen
EXTERNAL:00000053	Function	<EXTERNAL>::lv_btnmatrix_set_btn_ctrl
EXTERNAL:00000054	Function	<EXTERNAL>::munmap
EXTERNAL:00000055	Function	<EXTERNAL>::usleep
EXTERNAL:00000056	Function	<EXTERNAL>::hcplayer_play
EXTERNAL:00000057	Function	<EXTERNAL>::lv_ft_font_init
EXTERNAL:00000058	Function	<EXTERNAL>::accept
EXTERNAL:00000059	Function	<EXTERNAL>::lv_style_set_pad_row
EXTERNAL:0000005a	Function	<EXTERNAL>::lv_obj_set_style_arc_color
EXTERNAL:0000005b	Function	<EXTERNAL>::hcplayer_multi_play
EXTERNAL:0000005c	Function	<EXTERNAL>::hcplayer_multi_position
EXTERNAL:0000005d	Function	<EXTERNAL>::lv_style_set_text_font
EXTERNAL:0000005e	Function	<EXTERNAL>::lv_anim_start
EXTERNAL:0000005f	Function	<EXTERNAL>::lv_disp_get_scr_act
EXTERNAL:00000060	Function	<EXTERNAL>::lv_obj_set_style_shadow_color
EXTERNAL:00000061	Function	<EXTERNAL>::readdir
EXTERNAL:00000062	Function	<EXTERNAL>::sprintf
EXTERNAL:00000063	Function	<EXTERNAL>::__xstat
EXTERNAL:00000064	Function	<EXTERNAL>::lv_obj_set_style_text_opa
EXTERNAL:00000065	Function	<EXTERNAL>::pthread_attr_setstacksize
EXTERNAL:00000066	Function	<EXTERNAL>::lv_bar_set_value
EXTERNAL:00000067	Function	<EXTERNAL>::snd_spectrum_stop
EXTERNAL:00000068	Function	<EXTERNAL>::lv_label_set_text
EXTERNAL:00000069	Function	<EXTERNAL>::lv_label_set_recolor
EXTERNAL:0000006a	Function	<EXTERNAL>::msgsnd
EXTERNAL:0000006b	Function	<EXTERNAL>::glist_delete_link
EXTERNAL:0000006c	Function	<EXTERNAL>::lv_btnmatrix_get_btn_text
EXTERNAL:0000006d	Function	<EXTERNAL>::strcmp
EXTERNAL:0000006e	Function	<EXTERNAL>::lv_roller_set_selected
EXTERNAL:0000006f	Function	<EXTERNAL>::lv_obj_set_style_line_color
EXTERNAL:00000070	Function	<EXTERNAL>::strcasestr
EXTERNAL:00000071	Function	<EXTERNAL>::glist_sort
EXTERNAL:00000072	Function	<EXTERNAL>::time
EXTERNAL:00000073	Function	<EXTERNAL>::hc_lvgl_init
EXTERNAL:00000074	Function	<EXTERNAL>::lv_obj_add_flag
EXTERNAL:00000075	Function	<EXTERNAL>::lv_obj_set_flex_grow
EXTERNAL:00000076	Function	<EXTERNAL>::fsync
EXTERNAL:00000077	Function	<EXTERNAL>::pclose
EXTERNAL:00000078	Function	<EXTERNAL>::__errno_location
EXTERNAL:00000079	Function	<EXTERNAL>::fclose
EXTERNAL:0000007a	Function	<EXTERNAL>::strncpy
EXTERNAL:0000007b	Function	<EXTERNAL>::lv_obj_invalidate
EXTERNAL:0000007c	Function	<EXTERNAL>::lv_indev_get_key
EXTERNAL:0000007d	Function	<EXTERNAL>::memcmp
EXTERNAL:0000007e	Function	<EXTERNAL>::lv_style_set_radius
EXTERNAL:0000007f	Function	<EXTERNAL>::glist_append
EXTERNAL:00000080	Function	<EXTERNAL>::_lv_ll_get_head
EXTERNAL:00000081	Function	<EXTERNAL>::lv_group_focus_prev
EXTERNAL:00000082	Function	<EXTERNAL>::lv_obj_set_width
EXTERNAL:00000083	Function	<EXTERNAL>::lv_obj_remove_style
EXTERNAL:00000084	Function	<EXTERNAL>::hcplayer_get_nth_audio_stream_info
EXTERNAL:00000085	Function	<EXTERNAL>::glist_prepend
EXTERNAL:00000086	Function	<EXTERNAL>::lv_msgbox_close
EXTERNAL:00000087	Function	<EXTERNAL>::lv_group_get_default
EXTERNAL:00000088	Function	<EXTERNAL>::lv_label_set_long_mode
EXTERNAL:00000089	Function	<EXTERNAL>::lv_checkbox_set_text
EXTERNAL:0000008a	Function	<EXTERNAL>::lv_btnmatrix_clear_btn_ctrl
EXTERNAL:0000008b	Function	<EXTERNAL>::lv_tabview_set_act
EXTERNAL:0000008c	Function	<EXTERNAL>::lv_obj_clear_state
EXTERNAL:0000008d	Function	<EXTERNAL>::lv_group_focus_next
EXTERNAL:0000008e	Function	<EXTERNAL>::fseek
EXTERNAL:0000008f	Function	<EXTERNAL>::lv_indev_get_act
EXTERNAL:00000090	Function	<EXTERNAL>::hcplayer_get_cur_audio_stream_info
EXTERNAL:00000091	Function	<EXTERNAL>::lv_fb_hotplug_support_set
EXTERNAL:00000092	Function	<EXTERNAL>::lv_obj_set_flex_flow
EXTERNAL:00000093	Function	<EXTERNAL>::lv_obj_set_style_bg_img_src
EXTERNAL:00000094	Function	<EXTERNAL>::hcplayer_change_rotate_type
EXTERNAL:00000095	Function	<EXTERNAL>::hcplayer_change_rotate_mirror_type2
EXTERNAL:00000096	Function	<EXTERNAL>::hcplayer_change_subtitle_track
EXTERNAL:00000097	Function	<EXTERNAL>::hcplayer_seek
EXTERNAL:00000098	Function	<EXTERNAL>::lv_obj_set_style_text_align
EXTERNAL:00000099	Function	<EXTERNAL>::srand
EXTERNAL:0000009a	Function	<EXTERNAL>::msgrcv
EXTERNAL:0000009b	Function	<EXTERNAL>::lv_img_set_angle
EXTERNAL:0000009c	Function	<EXTERNAL>::shmat
EXTERNAL:0000009d	Function	<EXTERNAL>::__libc_start_main
EXTERNAL:0000009e	Function	<EXTERNAL>::__isoc99_sscanf
EXTERNAL:0000009f	Function	<EXTERNAL>::lv_obj_create
EXTERNAL:000000a0	Function	<EXTERNAL>::pthread_mutex_unlock
EXTERNAL:000000a1	Function	<EXTERNAL>::lv_obj_set_style_outline_width
EXTERNAL:000000a2	Function	<EXTERNAL>::vsnprintf
EXTERNAL:000000a3	Function	<EXTERNAL>::ftok
EXTERNAL:000000a4	Function	<EXTERNAL>::lv_obj_set_style_height
EXTERNAL:000000a5	Function	<EXTERNAL>::glist_last
EXTERNAL:000000a6	Function	<EXTERNAL>::zip_file_strerror
EXTERNAL:000000a7	Function	<EXTERNAL>::signal
EXTERNAL:000000a8	Function	<EXTERNAL>::lv_obj_get_x
EXTERNAL:000000a9	Function	<EXTERNAL>::lv_btn_create
EXTERNAL:000000aa	Function	<EXTERNAL>::lv_obj_get_y_aligned
EXTERNAL:000000ab	Function	<EXTERNAL>::lv_mem_free
EXTERNAL:000000ac	Function	<EXTERNAL>::lv_img_create
EXTERNAL:000000ad	Function	<EXTERNAL>::glist_remove
EXTERNAL:000000ae	Function	<EXTERNAL>::lv_obj_set_style_line_width
EXTERNAL:000000af	Function	<EXTERNAL>::lv_obj_set_style_pad_bottom
EXTERNAL:000000b0	Function	<EXTERNAL>::gettimeofday
EXTERNAL:000000b1	Function	<EXTERNAL>::lv_btnmatrix_set_btn_ctrl_all
EXTERNAL:000000b2	Function	<EXTERNAL>::lv_obj_get_height
EXTERNAL:000000b3	Function	<EXTERNAL>::_IO_getc
EXTERNAL:000000b4	Function	<EXTERNAL>::pthread_mutex_init
EXTERNAL:000000b5	Function	<EXTERNAL>::lv_btnmatrix_set_map
EXTERNAL:000000b6	Function	<EXTERNAL>::lv_msgbox_get_active_btn
EXTERNAL:000000b7	Function	<EXTERNAL>::__ctype_b_loc
EXTERNAL:000000b8	Function	<EXTERNAL>::lv_obj_set_y
EXTERNAL:000000b9	Function	<EXTERNAL>::rand
EXTERNAL:000000ba	Function	<EXTERNAL>::lv_obj_set_style_border_width
EXTERNAL:000000bb	Function	<EXTERNAL>::lv_event_get_user_data
EXTERNAL:000000bc	Function	<EXTERNAL>::hcplayer_get_position
EXTERNAL:000000bd	Function	<EXTERNAL>::lv_msgbox_get_btns
EXTERNAL:000000be	Function	<EXTERNAL>::lv_dropdown_set_selected
EXTERNAL:000000bf	Function	<EXTERNAL>::lv_obj_set_style_border_color
EXTERNAL:000000c0	Function	<EXTERNAL>::hcplayer_set_speed_rate
EXTERNAL:000000c1	Function	<EXTERNAL>::hudi_flash_otp_write
EXTERNAL:000000c2	Function	<EXTERNAL>::lv_arc_create
EXTERNAL:000000c3	Function	<EXTERNAL>::pthread_mutex_lock
EXTERNAL:000000c4	Function	<EXTERNAL>::strtol
EXTERNAL:000000c5	Function	<EXTERNAL>::hcfota_memory
EXTERNAL:000000c6	Function	<EXTERNAL>::lv_msgbox_get_content
EXTERNAL:000000c7	Function	<EXTERNAL>::lv_style_set_border_color
EXTERNAL:000000c8	Function	<EXTERNAL>::lv_obj_get_style_prop
EXTERNAL:000000c9	Function	<EXTERNAL>::hudi_flash_uid_read
EXTERNAL:000000ca	Function	<EXTERNAL>::hcplayer_change_rotate_mirror_type
EXTERNAL:000000cb	Function	<EXTERNAL>::lv_obj_set_style_pad_row
EXTERNAL:000000cc	Function	<EXTERNAL>::lv_img_set_zoom
EXTERNAL:000000cd	Function	<EXTERNAL>::msgget
EXTERNAL:000000ce	Function	<EXTERNAL>::hcplayer_get_audio_streams_count
EXTERNAL:000000cf	Function	<EXTERNAL>::lv_style_set_border_opa
EXTERNAL:000000d0	Function	<EXTERNAL>::lv_obj_set_style_flex_flow
EXTERNAL:000000d1	Function	<EXTERNAL>::pthread_create
EXTERNAL:000000d2	Function	<EXTERNAL>::lv_style_set_pad_left
EXTERNAL:000000d3	Function	<EXTERNAL>::lv_label_set_text_fmt
EXTERNAL:000000d4	Function	<EXTERNAL>::glist_nth_data
EXTERNAL:000000d5	Function	<EXTERNAL>::lv_timer_handler
EXTERNAL:000000d6	Function	<EXTERNAL>::free
EXTERNAL:000000d7	Function	<EXTERNAL>::lv_tabview_create
EXTERNAL:000000d8	Function	<EXTERNAL>::lv_obj_has_state
EXTERNAL:000000d9	Function	<EXTERNAL>::lv_timer_ready
EXTERNAL:000000da	Function	<EXTERNAL>::lv_timer_reset
EXTERNAL:000000db	Function	<EXTERNAL>::lv_btnmatrix_set_selected_btn
EXTERNAL:000000dc	Function	<EXTERNAL>::asprintf
EXTERNAL:000000dd	Function	<EXTERNAL>::lv_label_create
EXTERNAL:000000de	Function	<EXTERNAL>::lv_switch_create
EXTERNAL:000000df	Function	<EXTERNAL>::lv_obj_set_align
EXTERNAL:000000e0	Function	<EXTERNAL>::hcplayer_get_duration
EXTERNAL:000000e1	Function	<EXTERNAL>::lv_list_add_text
EXTERNAL:000000e2	Function	<EXTERNAL>::lv_obj_get_y
EXTERNAL:000000e3	Function	<EXTERNAL>::lv_arc_set_value
EXTERNAL:000000e4	Function	<EXTERNAL>::epoll_create1
EXTERNAL:000000e5	Function	<EXTERNAL>::snd_spectrum_run
EXTERNAL:000000e6	Function	<EXTERNAL>::strncmp
EXTERNAL:000000e7	Function	<EXTERNAL>::lv_bar_create
EXTERNAL:000000e8	Function	<EXTERNAL>::lv_bar_get_value
EXTERNAL:000000e9	Function	<EXTERNAL>::hcplayer_multi_pause
EXTERNAL:000000ea	Function	<EXTERNAL>::lv_obj_move_to_index
EXTERNAL:000000eb	Function	<EXTERNAL>::lv_theme_default_init
EXTERNAL:000000ec	Function	<EXTERNAL>::lv_obj_set_x
EXTERNAL:000000ed	Function	<EXTERNAL>::hudi_flash_close
EXTERNAL:000000ee	Function	<EXTERNAL>::strcasecmp
EXTERNAL:000000ef	Function	<EXTERNAL>::lv_timer_pause
EXTERNAL:000000f0	Function	<EXTERNAL>::lv_obj_scroll_by
EXTERNAL:000000f1	Function	<EXTERNAL>::lv_chart_set_update_mode
EXTERNAL:000000f2	Function	<EXTERNAL>::epoll_ctl
EXTERNAL:000000f3	Function	<EXTERNAL>::fgetc
EXTERNAL:000000f4	Function	<EXTERNAL>::opendir
EXTERNAL:000000f5	Function	<EXTERNAL>::lv_event_get_code
EXTERNAL:000000f6	Function	<EXTERNAL>::pthread_join
EXTERNAL:000000f7	Function	<EXTERNAL>::lv_textarea_add_text
EXTERNAL:000000f8	Function	<EXTERNAL>::lv_obj_add_state
EXTERNAL:000000f9	Function	<EXTERNAL>::lv_obj_set_grid_cell
EXTERNAL:000000fa	Function	<EXTERNAL>::lv_timer_set_period
EXTERNAL:000000fb	Function	<EXTERNAL>::lv_obj_get_parent
EXTERNAL:000000fc	Function	<EXTERNAL>::lv_arc_set_bg_angles
EXTERNAL:000000fd	Function	<EXTERNAL>::closedir
EXTERNAL:000000fe	Function	<EXTERNAL>::lv_chart_set_type
EXTERNAL:000000ff	Function	<EXTERNAL>::sem_wait
EXTERNAL:00000100	Function	<EXTERNAL>::lv_style_set_bg_color
EXTERNAL:00000101	Function	<EXTERNAL>::lv_event_send
EXTERNAL:00000102	Function	<EXTERNAL>::lv_bar_set_range
EXTERNAL:00000103	Function	<EXTERNAL>::exit
EXTERNAL:00000104	Function	<EXTERNAL>::lv_list_add_btn
EXTERNAL:00000105	Function	<EXTERNAL>::lv_draw_img_dsc_init
EXTERNAL:00000106	Function	<EXTERNAL>::printf
EXTERNAL:00000107	Function	<EXTERNAL>::lv_obj_del
EXTERNAL:00000108	Function	<EXTERNAL>::lv_arc_set_rotation
EXTERNAL:00000109	Function	<EXTERNAL>::strerror
EXTERNAL:0000010a	Function	<EXTERNAL>::zip_name_locate
EXTERNAL:0000010b	Function	<EXTERNAL>::lv_img_get_zoom
EXTERNAL:0000010c	Function	<EXTERNAL>::lv_snprintf
EXTERNAL:0000010d	Function	<EXTERNAL>::zip_fopen_index_encrypted
EXTERNAL:0000010e	Function	<EXTERNAL>::lv_chart_set_value_by_id
EXTERNAL:0000010f	Function	<EXTERNAL>::lv_obj_set_style_pad_left
EXTERNAL:00000110	Function	<EXTERNAL>::stpcpy
EXTERNAL:00000111	Function	<EXTERNAL>::zip_close
EXTERNAL:00000112	Function	<EXTERNAL>::glist_nth
EXTERNAL:00000113	Function	<EXTERNAL>::feof
EXTERNAL:00000114	Function	<EXTERNAL>::strtok
EXTERNAL:00000115	Function	<EXTERNAL>::puts
EXTERNAL:00000116	Function	<EXTERNAL>::glist_free_full
EXTERNAL:00000117	Function	<EXTERNAL>::custom_tick_get
EXTERNAL:00000118	Function	<EXTERNAL>::lv_obj_set_pos
EXTERNAL:00000119	Function	<EXTERNAL>::lv_palette_lighten
EXTERNAL:0000011a	Function	<EXTERNAL>::perror
EXTERNAL:0000011b	Function	<EXTERNAL>::lv_slider_create
EXTERNAL:0000011c	Function	<EXTERNAL>::lv_disp_get_default
EXTERNAL:0000011d	Function	<EXTERNAL>::zip_fopen_encrypted
EXTERNAL:0000011e	Function	<EXTERNAL>::lv_obj_set_style_bg_opa
EXTERNAL:0000011f	Function	<EXTERNAL>::lv_obj_is_valid
EXTERNAL:00000120	Function	<EXTERNAL>::lv_obj_get_child_cnt
EXTERNAL:00000121	Function	<EXTERNAL>::_IO_putc
EXTERNAL:00000122	Function	<EXTERNAL>::popen
EXTERNAL:00000123	Function	<EXTERNAL>::lv_obj_set_style_text_font
EXTERNAL:00000124	Function	<EXTERNAL>::lv_timer_set_repeat_count
EXTERNAL:00000125	Function	<EXTERNAL>::hcfota_url
EXTERNAL:00000126	Function	<EXTERNAL>::zip_fopen
EXTERNAL:00000127	Function	<EXTERNAL>::lv_obj_set_style_img_opa
EXTERNAL:00000128	Function	<EXTERNAL>::lv_obj_set_size
EXTERNAL:00000129	Function	<EXTERNAL>::lv_anim_init
EXTERNAL:0000012a	Function	<EXTERNAL>::lv_obj_align_to
EXTERNAL:0000012b	Function	<EXTERNAL>::lv_obj_remove_event_cb
EXTERNAL:0000012c	Function	<EXTERNAL>::fbdev_set_rotate
EXTERNAL:0000012d	Function	<EXTERNAL>::lv_group_remove_all_objs
EXTERNAL:0000012e	Function	<EXTERNAL>::zip_stat
EXTERNAL:0000012f	Function	<EXTERNAL>::hcplayer_get_cur_video_stream_info
EXTERNAL:00000130	Function	<EXTERNAL>::lv_img_decoder_get_info
EXTERNAL:00000131	Function	<EXTERNAL>::lv_btnmatrix_create
EXTERNAL:00000132	Function	<EXTERNAL>::memset
EXTERNAL:00000133	Function	<EXTERNAL>::putchar
EXTERNAL:00000134	Function	<EXTERNAL>::zip_open
EXTERNAL:00000135	Function	<EXTERNAL>::lv_disp_get_ver_res
EXTERNAL:00000136	Function	<EXTERNAL>::lv_style_set_border_width
EXTERNAL:00000137	Function	<EXTERNAL>::zip_fread
EXTERNAL:00000138	Function	<EXTERNAL>::lv_obj_set_style_outline_opa
EXTERNAL:00000139	Function	<EXTERNAL>::lv_obj_set_style_pad_column
EXTERNAL:0000013a	Function	<EXTERNAL>::lv_indev_drv_register
EXTERNAL:0000013b	Function	<EXTERNAL>::strftime
EXTERNAL:0000013c	Function	<EXTERNAL>::lv_obj_align
EXTERNAL:0000013d	Function	<EXTERNAL>::lv_style_set_pad_column
EXTERNAL:0000013e	Function	<EXTERNAL>::lv_disp_get_layer_top
EXTERNAL:0000013f	Function	<EXTERNAL>::lv_obj_set_layout
EXTERNAL:00000140	Function	<EXTERNAL>::sem_init
EXTERNAL:00000141	Function	<EXTERNAL>::lv_event_get_current_target
EXTERNAL:00000142	Function	<EXTERNAL>::lv_event_get_param
EXTERNAL:00000143	Function	<EXTERNAL>::lv_obj_set_height
EXTERNAL:00000144	Function	<EXTERNAL>::listen
EXTERNAL:00000145	Function	<EXTERNAL>::hudi_flash_open
EXTERNAL:00000146	Function	<EXTERNAL>::snprintf
EXTERNAL:00000147	Function	<EXTERNAL>::lv_obj_set_style_line_opa
EXTERNAL:00000148	Function	<EXTERNAL>::__strdup
EXTERNAL:00000149	Function	<EXTERNAL>::lv_obj_set_style_opa
EXTERNAL:0000014a	Function	<EXTERNAL>::lv_obj_set_style_bg_color
EXTERNAL:0000014b	Function	<EXTERNAL>::close
EXTERNAL:0000014c	Function	<EXTERNAL>::zip_get_num_entries
EXTERNAL:0000014d	Function	<EXTERNAL>::lv_chart_set_next_value
EXTERNAL:0000014e	Function	<EXTERNAL>::lv_palette_darken
EXTERNAL:0000014f	Function	<EXTERNAL>::read
EXTERNAL:00000150	Function	<EXTERNAL>::lv_obj_set_style_radius
EXTERNAL:00000151	Function	<EXTERNAL>::lv_obj_get_width
EXTERNAL:00000152	Function	<EXTERNAL>::shmget
EXTERNAL:00000153	Function	<EXTERNAL>::lv_group_get_focused
EXTERNAL:00000154	Function	<EXTERNAL>::lv_obj_set_style_border_opa
EXTERNAL:00000155	Function	<EXTERNAL>::hudi_flash_otp_read
EXTERNAL:00000156	Function	<EXTERNAL>::hcplayer_create
EXTERNAL:00000157	Function	<EXTERNAL>::lv_chart_add_series
EXTERNAL:00000158	Function	<EXTERNAL>::lv_obj_get_child
EXTERNAL:00000159	Function	<EXTERNAL>::lv_obj_set_style_border_side
EXTERNAL:0000015a	Function	<EXTERNAL>::lv_img_get_angle
EXTERNAL:0000015b	Function	<EXTERNAL>::poll
EXTERNAL:0000015c	Function	<EXTERNAL>::memmove
EXTERNAL:0000015d	Function	<EXTERNAL>::lv_obj_set_grid_dsc_array
EXTERNAL:0000015e	Function	<EXTERNAL>::pthread_attr_init
EXTERNAL:0000015f	Function	<EXTERNAL>::ctime
EXTERNAL:00000160	Function	<EXTERNAL>::lv_style_set_pad_right
EXTERNAL:00000161	Function	<EXTERNAL>::lv_btnmatrix_get_selected_btn
EXTERNAL:00000162	Function	<EXTERNAL>::lv_event_get_target
EXTERNAL:00000163	Function	<EXTERNAL>::lv_group_focus_freeze
EXTERNAL:00000164	Function	<EXTERNAL>::unlink
EXTERNAL:00000165	Function	<EXTERNAL>::lv_arc_get_value
EXTERNAL:00000166	Function	<EXTERNAL>::ioctl
EXTERNAL:00000167	Function	<EXTERNAL>::hcplayer_get_media_info
EXTERNAL:00000168	Function	<EXTERNAL>::lv_style_set_text_align
EXTERNAL:00000169	Function	<EXTERNAL>::lv_obj_set_style_pad_right
EXTERNAL:0000016a	Function	<EXTERNAL>::hcplayer_multi_duration
EXTERNAL:0000016b	Function	<EXTERNAL>::hcplayer_get_filesize
EXTERNAL:0000016c	Function	<EXTERNAL>::glist_index
EXTERNAL:0000016d	Function	<EXTERNAL>::hcplayer_get_subtitle_streams_count
EXTERNAL:0000016e	Function	<EXTERNAL>::system
EXTERNAL:0000016f	Function	<EXTERNAL>::hcplayer_resume
EXTERNAL:00000170	Function	<EXTERNAL>::lv_event_get_draw_part_dsc
EXTERNAL:00000171	Function	<EXTERNAL>::pthread_attr_setdetachstate
EXTERNAL:00000172	Function	<EXTERNAL>::strcpy
EXTERNAL:00000173	Function	<EXTERNAL>::zip_fopen_index
EXTERNAL:00000174	Function	<EXTERNAL>::mmap
EXTERNAL:00000175	Function	<EXTERNAL>::localtime
EXTERNAL:00000176	Function	<EXTERNAL>::lv_style_init
EXTERNAL:00000177	Function	<EXTERNAL>::lv_group_add_obj
EXTERNAL:00000178	Function	<EXTERNAL>::lv_style_set_pad_bottom
EXTERNAL:00000179	Function	<EXTERNAL>::lv_timer_resume
EXTERNAL:0000017a	Function	<EXTERNAL>::sem_post
EXTERNAL:0000017b	Function	<EXTERNAL>::hcplayer_get_cur_subtitle_stream_info
EXTERNAL:0000017c	Function	<EXTERNAL>::hcplayer_multi_seek
EXTERNAL:0000017d	Function	<EXTERNAL>::lv_obj_set_style_bg_grad_color
EXTERNAL:0000017e	Function	<EXTERNAL>::lv_chart_set_div_line_count
EXTERNAL:0000017f	Function	<EXTERNAL>::lv_disp_set_theme
EXTERNAL:00000180	Function	<EXTERNAL>::lv_group_focus_obj
EXTERNAL:00000181	Function	<EXTERNAL>::hcplayer_pause
EXTERNAL:00000182	Function	<EXTERNAL>::msgctl
EXTERNAL:00000183	Function	<EXTERNAL>::lv_msgbox_create
EXTERNAL:00000184	Function	<EXTERNAL>::realloc
EXTERNAL:00000185	Function	<EXTERNAL>::bind
EXTERNAL:00000186	Function	<EXTERNAL>::ftell
EXTERNAL:00000187	Function	<EXTERNAL>::__gmon_start__
00400000	Label	__DT_MIPS_BASE_ADDRESS
00400034	Label	Elf32_Phdr_ARRAY_00400034
00400174	Label	s_/lib/ld.so.1_00400174
00400184	Label	NoteAbiTag_00400184
004001a8	Label	DAT_004001a8
004001c0	Label	Elf32_RegInfo_MIPS_004001c0
004001d8	Label	_DYNAMIC
00400350	Label	__DT_HASH
00400e10	Label	__DT_SYMTAB
00402880	Label	__DT_STRTAB
004045ac	Label	__DT_VERSYM
004048fc	Label	__DT_VERNEED
004049ac	Label	__DT_REL
00404a34	Label	__DT_JMPREL
00405664	Label	__DT_INIT
00405664	Function	_init
00405694	Label	LAB_00405694
0040569c	Label	LAB_0040569c
004056b4	Label	LAB_004056b4
004056d0	Function	_ftext
00405938	Label	LAB_00405938
00405940	Label	LAB_00405940
0040595c	Label	LAB_0040595c
00405960	Label	LAB_00405960
0040599c	Label	LAB_0040599c
004059e0	Label	LAB_004059e0
004059e4	Label	LAB_004059e4
00405a00	Label	LAB_00405a00
00405a28	Label	LAB_00405a28
00405a30	Label	LAB_00405a30
00405a48	Label	LAB_00405a48
00405ac4	Label	LAB_00405ac4
00405adc	Label	LAB_00405adc
00405af8	Label	LAB_00405af8
00405b04	Label	LAB_00405b04
00405b14	Label	LAB_00405b14
00405b24	Label	LAB_00405b24
00405b34	Label	LAB_00405b34
00405b44	Label	LAB_00405b44
00405b54	Label	LAB_00405b54
00405b60	Label	LAB_00405b60
00405b6c	Label	LAB_00405b6c
00405bb8	Label	LAB_00405bb8
00405bd0	Label	LAB_00405bd0
00405bf4	Label	switchD_00405bf4::switchD
00405bfc	Label	switchD_00405bf4::caseD_405bfc
00405c0c	Label	LAB_00405c0c
00405c40	Label	switchD_00405bf4::caseD_405c40
00405c48	Label	switchD_00405bf4::caseD_405c48
00405c64	Label	switchD_00405bf4::caseD_405c64
00405c74	Label	LAB_00405c74
00405c88	Label	LAB_00405c88
00405c90	Label	switchD_00405bf4::caseD_405c90
00405cd4	Label	LAB_00405cd4
00405cdc	Label	LAB_00405cdc
00405cf4	Label	switchD_00405bf4::caseD_405cf4
00405d04	Label	LAB_00405d04
00405d20	Label	switchD_00405bf4::caseD_405d20
00405d30	Label	LAB_00405d30
00405d88	Label	LAB_00405d88
00405da0	Label	LAB_00405da0
00405dc4	Label	LAB_00405dc4
00405ddc	Label	LAB_00405ddc
00405e04	Label	LAB_00405e04
00405e28	Label	LAB_00405e28
00405e3c	Label	LAB_00405e3c
00405e64	Label	LAB_00405e64
00405e84	Label	LAB_00405e84
00405e98	Label	LAB_00405e98
00405ecc	Label	LAB_00405ecc
00405ee0	Label	LAB_00405ee0
00405f18	Label	LAB_00405f18
00405f38	Label	LAB_00405f38
00405f4c	Label	LAB_00405f4c
00405f5c	Label	LAB_00405f5c
00405f6c	Label	LAB_00405f6c
00405f88	Label	LAB_00405f88
00405f98	Label	LAB_00405f98
00405fa8	Label	LAB_00405fa8
00405fb8	Label	LAB_00405fb8
00405fc8	Label	LAB_00405fc8
00405fd8	Label	LAB_00405fd8
00405fe8	Label	LAB_00405fe8
00405ff8	Label	LAB_00405ff8
00406008	Label	LAB_00406008
00406018	Label	LAB_00406018
0040603c	Label	LAB_0040603c
00406060	Label	LAB_00406060
00406084	Label	LAB_00406084
00406098	Label	LAB_00406098
004060ac	Label	LAB_004060ac
004060bc	Label	LAB_004060bc
004060cc	Label	LAB_004060cc
004060e4	Label	LAB_004060e4
004060f8	Label	LAB_004060f8
00406260	Function	entry
004062a8	Label	LAB_004062a8
004062b0	Function	FUN_004062b0
004062e4	Label	LAB_004062e4
004062ec	Function	FUN_004062ec
0040632c	Label	LAB_0040632c
00406334	Function	FUN_00406334
00406390	Label	LAB_00406390
004063b8	Label	LAB_004063b8
004063c8	Label	LAB_004063c8
004063e4	Function	FUN_004063e4
004063f8	Label	LAB_004063f8
00406400	Label	LAB_00406400
00406430	Label	LAB_00406430
00406478	Function	FUN_00406478
004064c0	Label	LAB_004064c0
004064cc	Label	LAB_004064cc
004064e4	Label	LAB_004064e4
004064fc	Label	LAB_004064fc
0040650c	Label	LAB_0040650c
00406510	Label	LAB_00406510
00406540	Label	LAB_00406540
0040654c	Label	LAB_0040654c
00406578	Label	LAB_00406578
00406584	Label	LAB_00406584
004065a0	Label	LAB_004065a0
004065a8	Label	LAB_004065a8
004065b0	Label	LAB_004065b0
004065bc	Label	LAB_004065bc
004065d0	Label	LAB_004065d0
004065e4	Label	LAB_004065e4
004065f4	Label	LAB_004065f4
00406604	Label	LAB_00406604
00406614	Label	LAB_00406614
00406674	Label	LAB_00406674
00406680	Label	LAB_00406680
00406694	Label	LAB_00406694
0040669c	Label	LAB_0040669c
004066a8	Label	LAB_004066a8
004066b4	Label	LAB_004066b4
004066b8	Label	LAB_004066b8
004066d4	Label	LAB_004066d4
004066f0	Label	LAB_004066f0
0040672c	Label	LAB_0040672c
00406754	Label	LAB_00406754
00406770	Function	FUN_00406770
0040677c	Function	FUN_0040677c
004067ac	Function	FUN_004067ac
004067d8	Label	LAB_004067d8
00406810	Label	LAB_00406810
00406818	Function	FUN_00406818
0040687c	Function	FUN_0040687c
004068c8	Label	LAB_004068c8
004068f4	Function	FUN_004068f4
00406938	Label	LAB_00406938
00406948	Function	FUN_00406948
004069a8	Label	LAB_004069a8
004069ac	Label	LAB_004069ac
004069b0	Label	LAB_004069b0
004069b8	Label	LAB_004069b8
004069c8	Label	LAB_004069c8
004069f0	Label	LAB_004069f0
00406a64	Label	LAB_00406a64
00406aa8	Label	LAB_00406aa8
00406ab4	Label	LAB_00406ab4
00406acc	Label	LAB_00406acc
00406adc	Label	LAB_00406adc
00406aec	Label	LAB_00406aec
00406afc	Function	FUN_00406afc
00406b48	Label	LAB_00406b48
00406b58	Label	LAB_00406b58
00406b78	Label	LAB_00406b78
00406b8c	Label	LAB_00406b8c
00406bac	Label	LAB_00406bac
00406bc0	Function	FUN_00406bc0
00406ca0	Label	LAB_00406ca0
00406cc8	Label	LAB_00406cc8
00406cf8	Label	LAB_00406cf8
00406d30	Function	FUN_00406d30
00406da0	Label	LAB_00406da0
00406db8	Label	LAB_00406db8
00406de8	Label	LAB_00406de8
00406e50	Label	LAB_00406e50
00406e74	Label	LAB_00406e74
00406e98	Label	LAB_00406e98
00406ee0	Label	LAB_00406ee0
00406ee8	Function	FUN_00406ee8
00406f28	Label	LAB_00406f28
00406f2c	Label	LAB_00406f2c
00406f40	Label	LAB_00406f40
00406f6c	Label	LAB_00406f6c
00406f7c	Label	LAB_00406f7c
00406f94	Label	LAB_00406f94
00406fe4	Label	LAB_00406fe4
00407000	Label	LAB_00407000
00407030	Label	LAB_00407030
00407058	Label	LAB_00407058
00407074	Label	LAB_00407074
00407094	Label	LAB_00407094
004070b4	Label	LAB_004070b4
004070c8	Label	LAB_004070c8
004070d0	Label	LAB_004070d0
004070d8	Label	LAB_004070d8
004070e8	Label	LAB_004070e8
004070f8	Label	LAB_004070f8
00407100	Label	LAB_00407100
0040711c	Label	LAB_0040711c
00407148	Label	LAB_00407148
00407150	Label	LAB_00407150
00407178	Function	FUN_00407178
004071b0	Label	LAB_004071b0
004071cc	Function	FUN_004071cc
0040751c	Label	LAB_0040751c
00407710	Function	FUN_00407710
00407774	Label	LAB_00407774
00407780	Label	LAB_00407780
004077b0	Label	LAB_004077b0
004077d8	Label	LAB_004077d8
004077dc	Label	LAB_004077dc
004077e4	Label	LAB_004077e4
00407840	Label	LAB_00407840
0040785c	Label	LAB_0040785c
00407888	Label	LAB_00407888
004078c8	Function	FUN_004078c8
00407954	Label	LAB_00407954
004079c0	Label	LAB_004079c0
004079c4	Label	LAB_004079c4
00407a04	Label	LAB_00407a04
00407a2c	Label	LAB_00407a2c
00407af8	Label	LAB_00407af8
00407b68	Label	LAB_00407b68
00407b7c	Label	LAB_00407b7c
00407b80	Label	LAB_00407b80
00407b90	Label	LAB_00407b90
00407ba0	Label	LAB_00407ba0
00407bb4	Label	LAB_00407bb4
00407bcc	Label	LAB_00407bcc
00407be4	Label	LAB_00407be4
00407bf8	Label	LAB_00407bf8
00407c28	Label	LAB_00407c28
00407c2c	Label	LAB_00407c2c
00407c40	Label	LAB_00407c40
00407c5c	Label	LAB_00407c5c
00407d14	Label	LAB_00407d14
00407d44	Label	LAB_00407d44
00407db0	Label	LAB_00407db0
00407dc4	Label	LAB_00407dc4
00407ddc	Label	LAB_00407ddc
00407e90	Function	FUN_00407e90
00407ea8	Function	FUN_00407ea8
00407f08	Label	LAB_00407f08
00407f20	Label	LAB_00407f20
00407f28	Label	LAB_00407f28
00407f40	Function	FUN_00407f40
00408004	Label	LAB_00408004
00408024	Label	LAB_00408024
0040803c	Label	LAB_0040803c
00408054	Function	FUN_00408054
004080d4	Label	LAB_004080d4
004080ec	Label	LAB_004080ec
0040810c	Label	LAB_0040810c
00408114	Function	FUN_00408114
00408180	Label	LAB_00408180
00408194	Label	LAB_00408194
004081b4	Label	LAB_004081b4
004081d4	Label	LAB_004081d4
004082f0	Label	LAB_004082f0
00408330	Label	LAB_00408330
0040835c	Label	LAB_0040835c
00408368	Label	LAB_00408368
00408380	Label	LAB_00408380
00408398	Label	LAB_00408398
004083b8	Label	LAB_004083b8
004083c8	Label	LAB_004083c8
004083e8	Label	LAB_004083e8
004083fc	Label	LAB_004083fc
00408414	Label	LAB_00408414
00408428	Label	LAB_00408428
00408448	Label	LAB_00408448
00408520	Function	FUN_00408520
0040855c	Label	LAB_0040855c
00408570	Function	FUN_00408570
00408594	Label	LAB_00408594
004085c0	Label	LAB_004085c0
004085f8	Label	LAB_004085f8
0040860c	Label	LAB_0040860c
0040861c	Label	LAB_0040861c
00408620	Label	LAB_00408620
00408634	Label	LAB_00408634
00408674	Label	LAB_00408674
00408684	Label	LAB_00408684
004086a4	Label	LAB_004086a4
004086b8	Label	LAB_004086b8
004086e0	Label	LAB_004086e0
004086f0	Label	LAB_004086f0
00408708	Label	LAB_00408708
00408744	Label	LAB_00408744
00408758	Label	LAB_00408758
00408774	Label	LAB_00408774
0040877c	Label	LAB_0040877c
00408808	Function	FUN_00408808
00408924	Label	LAB_00408924
00408940	Function	FUN_00408940
00408970	Label	LAB_00408970
00408980	Label	LAB_00408980
0040899c	Label	LAB_0040899c
004089bc	Label	LAB_004089bc
004089d0	Label	LAB_004089d0
00408a00	Label	LAB_00408a00
00408a30	Label	LAB_00408a30
00408b1c	Function	FUN_00408b1c
00408be0	Label	LAB_00408be0
00408bf0	Label	LAB_00408bf0
00408c1c	Function	FUN_00408c1c
00408c68	Label	LAB_00408c68
00408c6c	Label	LAB_00408c6c
00408c84	Label	LAB_00408c84
00408ca8	Label	LAB_00408ca8
00408d00	Label	LAB_00408d00
00408d28	Label	LAB_00408d28
00408d3c	Label	LAB_00408d3c
00408d50	Label	LAB_00408d50
00408d60	Label	LAB_00408d60
00408d70	Label	LAB_00408d70
00408d90	Label	LAB_00408d90
00408da4	Label	LAB_00408da4
00408db0	Label	LAB_00408db0
00408e04	Label	LAB_00408e04
00408e1c	Label	LAB_00408e1c
00408e44	Label	LAB_00408e44
00408e58	Label	LAB_00408e58
00408e9c	Label	LAB_00408e9c
00408eb8	Label	LAB_00408eb8
00408ed0	Label	LAB_00408ed0
00408f10	Label	LAB_00408f10
00408f98	Label	LAB_00408f98
00408fc8	Function	FUN_00408fc8
00409660	Function	FUN_00409660
00409680	Function	FUN_00409680
0040980c	Function	FUN_0040980c
00409828	Function	FUN_00409828
00409844	Function	FUN_00409844
00409860	Function	FUN_00409860
0040988c	Function	FUN_0040988c
004098a8	Function	FUN_004098a8
004098c4	Function	FUN_004098c4
00409930	Function	FUN_00409930
0040999c	Function	FUN_0040999c
004099f0	Label	LAB_004099f0
00409a10	Function	FUN_00409a10
00409a88	Function	FUN_00409a88
00409ab4	Label	LAB_00409ab4
00409afc	Function	FUN_00409afc
00409b34	Function	FUN_00409b34
00409b94	Label	LAB_00409b94
00409bd4	Label	LAB_00409bd4
00409be0	Label	LAB_00409be0
00409be4	Label	LAB_00409be4
00409c18	Label	LAB_00409c18
00409c68	Function	FUN_00409c68
00409cac	Label	LAB_00409cac
00409cb0	Label	LAB_00409cb0
00409cbc	Label	LAB_00409cbc
00409cec	Label	LAB_00409cec
00409cf0	Label	LAB_00409cf0
00409d48	Label	LAB_00409d48
00409d74	Label	LAB_00409d74
00409d88	Label	LAB_00409d88
00409dbc	Label	LAB_00409dbc
00409de0	Function	FUN_00409de0
00409e38	Label	LAB_00409e38
00409e90	Label	LAB_00409e90
00409ea0	Label	LAB_00409ea0
00409eb4	Label	LAB_00409eb4
00409ed4	Label	LAB_00409ed4
00409f18	Label	LAB_00409f18
00409f28	Label	LAB_00409f28
00409f48	Label	LAB_00409f48
00409f90	Label	LAB_00409f90
00409fa4	Label	LAB_00409fa4
00409fac	Label	LAB_00409fac
00409ff4	Label	LAB_00409ff4
0040a014	Label	LAB_0040a014
0040a074	Label	LAB_0040a074
0040a07c	Label	LAB_0040a07c
0040a080	Label	LAB_0040a080
0040a100	Label	LAB_0040a100
0040a11c	Label	LAB_0040a11c
0040a120	Label	LAB_0040a120
0040a134	Label	LAB_0040a134
0040a13c	Label	LAB_0040a13c
0040a200	Function	FUN_0040a200
0040a240	Label	LAB_0040a240
0040a248	Label	LAB_0040a248
0040a250	Label	LAB_0040a250
0040a27c	Label	LAB_0040a27c
0040a2a0	Label	LAB_0040a2a0
0040a2c0	Function	FUN_0040a2c0
0040a2fc	Label	LAB_0040a2fc
0040a304	Label	LAB_0040a304
0040a30c	Label	LAB_0040a30c
0040a33c	Label	LAB_0040a33c
0040a364	Function	FUN_0040a364
0040a3b4	Label	LAB_0040a3b4
0040a3e4	Label	LAB_0040a3e4
0040a434	Label	LAB_0040a434
0040a440	Label	LAB_0040a440
0040a494	Label	LAB_0040a494
0040a498	Label	LAB_0040a498
0040a4bc	Label	LAB_0040a4bc
0040a4c4	Label	LAB_0040a4c4
0040a4cc	Label	LAB_0040a4cc
0040a4f4	Label	LAB_0040a4f4
0040a4f8	Label	LAB_0040a4f8
0040a53c	Label	LAB_0040a53c
0040a544	Function	FUN_0040a544
0040a598	Label	LAB_0040a598
0040a5a0	Label	LAB_0040a5a0
0040a5a8	Label	LAB_0040a5a8
0040a5d4	Label	LAB_0040a5d4
0040a5d8	Label	LAB_0040a5d8
0040a604	Function	FUN_0040a604
0040a660	Label	LAB_0040a660
0040a6ec	Function	FUN_0040a6ec
0040a6f8	Function	FUN_0040a6f8
0040a790	Label	LAB_0040a790
0040a7a0	Label	LAB_0040a7a0
0040a7a8	Function	FUN_0040a7a8
0040a890	Label	LAB_0040a890
0040a894	Label	LAB_0040a894
0040a8ac	Label	LAB_0040a8ac
0040a8f0	Label	LAB_0040a8f0
0040a92c	Label	LAB_0040a92c
0040a930	Label	LAB_0040a930
0040a94c	Label	LAB_0040a94c
0040a9a0	Label	LAB_0040a9a0
0040a9a4	Label	LAB_0040a9a4
0040a9c0	Label	LAB_0040a9c0
0040a9c8	Label	LAB_0040a9c8
0040aa18	Label	LAB_0040aa18
0040aa64	Label	LAB_0040aa64
0040aaa4	Label	LAB_0040aaa4
0040aae0	Label	LAB_0040aae0
0040aaec	Label	LAB_0040aaec
0040aaf0	Label	LAB_0040aaf0
0040aafc	Label	LAB_0040aafc
0040ab14	Label	LAB_0040ab14
0040ab44	Label	LAB_0040ab44
0040ab48	Label	LAB_0040ab48
0040ab5c	Label	LAB_0040ab5c
0040ab60	Label	LAB_0040ab60
0040ab88	Label	LAB_0040ab88
0040abac	Label	LAB_0040abac
0040abe8	Label	LAB_0040abe8
0040abec	Label	LAB_0040abec
0040ac08	Label	LAB_0040ac08
0040ac5c	Label	LAB_0040ac5c
0040ac60	Label	LAB_0040ac60
0040ac6c	Label	LAB_0040ac6c
0040ac74	Label	LAB_0040ac74
0040ac84	Label	LAB_0040ac84
0040ac88	Label	LAB_0040ac88
0040accc	Label	LAB_0040accc
0040ad0c	Label	LAB_0040ad0c
0040ad40	Label	LAB_0040ad40
0040ad68	Label	LAB_0040ad68
0040ad6c	Label	LAB_0040ad6c
0040ad94	Label	LAB_0040ad94
0040ad9c	Label	LAB_0040ad9c
0040ada0	Label	LAB_0040ada0
0040add4	Label	LAB_0040add4
0040ae20	Label	LAB_0040ae20
0040ae68	Label	LAB_0040ae68
0040aeec	Label	LAB_0040aeec
0040af18	Label	LAB_0040af18
0040af28	Label	LAB_0040af28
0040af68	Function	FUN_0040af68
0040afd0	Label	LAB_0040afd0
0040b41c	Function	FUN_0040b41c
0040b450	Function	FUN_0040b450
0040b488	Label	LAB_0040b488
0040b4a4	Label	LAB_0040b4a4
0040b4c0	Label	LAB_0040b4c0
0040b4dc	Label	LAB_0040b4dc
0040b598	Function	FUN_0040b598
0040b634	Function	FUN_0040b634
0040b6a4	Function	FUN_0040b6a4
0040b6d0	Label	LAB_0040b6d0
0040b6dc	Label	LAB_0040b6dc
0040b748	Label	LAB_0040b748
0040b750	Label	LAB_0040b750
0040b76c	Label	LAB_0040b76c
0040b77c	Label	LAB_0040b77c
0040b7a8	Label	LAB_0040b7a8
0040b7d0	Label	LAB_0040b7d0
0040b7dc	Label	LAB_0040b7dc
0040b8b0	Function	FUN_0040b8b0
0040b90c	Label	LAB_0040b90c
0040b920	Label	LAB_0040b920
0040b93c	Label	LAB_0040b93c
0040b940	Label	LAB_0040b940
0040b948	Label	LAB_0040b948
0040b9b0	Label	LAB_0040b9b0
0040b9cc	Label	LAB_0040b9cc
0040b9d4	Label	LAB_0040b9d4
0040b9d8	Label	LAB_0040b9d8
0040b9e4	Label	LAB_0040b9e4
0040b9e8	Label	LAB_0040b9e8
0040b9ec	Label	LAB_0040b9ec
0040ba40	Label	LAB_0040ba40
0040ba68	Label	LAB_0040ba68
0040ba6c	Label	LAB_0040ba6c
0040ba90	Label	LAB_0040ba90
0040bab8	Label	LAB_0040bab8
0040badc	Label	LAB_0040badc
0040baec	Label	LAB_0040baec
0040bb18	Label	LAB_0040bb18
0040bb34	Label	LAB_0040bb34
0040bb60	Label	LAB_0040bb60
0040bb7c	Label	LAB_0040bb7c
0040bb84	Label	LAB_0040bb84
0040bbc0	Label	LAB_0040bbc0
0040bd28	Function	FUN_0040bd28
0040bea4	Label	LAB_0040bea4
0040bea8	Label	LAB_0040bea8
0040beac	Label	LAB_0040beac
0040beb4	Label	LAB_0040beb4
0040bedc	Label	LAB_0040bedc
0040bf04	Label	LAB_0040bf04
0040bf1c	Label	LAB_0040bf1c
0040bf3c	Label	LAB_0040bf3c
0040bf4c	Label	LAB_0040bf4c
0040bfb0	Label	LAB_0040bfb0
0040bfc4	Label	LAB_0040bfc4
0040bfd4	Label	LAB_0040bfd4
0040bff8	Label	LAB_0040bff8
0040c030	Label	LAB_0040c030
0040c058	Label	LAB_0040c058
0040c064	Label	LAB_0040c064
0040c07c	Label	LAB_0040c07c
0040c090	Label	LAB_0040c090
0040c0a0	Label	LAB_0040c0a0
0040c0c8	Label	LAB_0040c0c8
0040c0dc	Label	LAB_0040c0dc
0040c108	Label	LAB_0040c108
0040c140	Label	LAB_0040c140
0040c15c	Label	LAB_0040c15c
0040c160	Label	LAB_0040c160
0040c188	Label	LAB_0040c188
0040c19c	Function	FUN_0040c19c
0040c214	Label	LAB_0040c214
0040c218	Label	LAB_0040c218
0040c23c	Label	LAB_0040c23c
0040c284	Label	LAB_0040c284
0040c2f0	Label	LAB_0040c2f0
0040c308	Label	LAB_0040c308
0040c310	Label	LAB_0040c310
0040c32c	Label	LAB_0040c32c
0040c34c	Function	FUN_0040c34c
0040c3e4	Label	LAB_0040c3e4
0040c3f4	Label	LAB_0040c3f4
0040c410	Label	LAB_0040c410
0040c428	Label	LAB_0040c428
0040c438	Label	LAB_0040c438
0040c450	Label	LAB_0040c450
0040c454	Label	LAB_0040c454
0040c480	Label	LAB_0040c480
0040c514	Label	LAB_0040c514
0040c52c	Label	LAB_0040c52c
0040c568	Label	LAB_0040c568
0040c5a0	Label	LAB_0040c5a0
0040c5a4	Label	LAB_0040c5a4
0040c5f0	Label	LAB_0040c5f0
0040c610	Label	LAB_0040c610
0040c614	Label	LAB_0040c614
0040c690	Label	LAB_0040c690
0040c6a8	Label	LAB_0040c6a8
0040c6d0	Label	LAB_0040c6d0
0040c6e0	Label	LAB_0040c6e0
0040c714	Label	LAB_0040c714
0040c748	Label	LAB_0040c748
0040c7b4	Label	LAB_0040c7b4
0040c7cc	Label	LAB_0040c7cc
0040c7f4	Label	LAB_0040c7f4
0040c814	Label	LAB_0040c814
0040c824	Label	LAB_0040c824
0040c848	Label	LAB_0040c848
0040c854	Label	LAB_0040c854
0040c858	Label	LAB_0040c858
0040c874	Label	LAB_0040c874
0040c878	Label	LAB_0040c878
0040c888	Label	LAB_0040c888
0040c8b8	Label	LAB_0040c8b8
0040c8e0	Label	LAB_0040c8e0
0040c8fc	Label	LAB_0040c8fc
0040c914	Label	LAB_0040c914
0040c928	Label	LAB_0040c928
0040c938	Label	LAB_0040c938
0040c960	Label	LAB_0040c960
0040c978	Label	LAB_0040c978
0040c994	Label	LAB_0040c994
0040ca14	Label	LAB_0040ca14
0040ca24	Label	LAB_0040ca24
0040ca3c	Label	LAB_0040ca3c
0040ca58	Label	LAB_0040ca58
0040ca6c	Label	LAB_0040ca6c
0040ca74	Label	LAB_0040ca74
0040caa4	Label	LAB_0040caa4
0040cab0	Function	FUN_0040cab0
0040cb28	Label	LAB_0040cb28
0040cb48	Label	LAB_0040cb48
0040cb64	Label	LAB_0040cb64
0040cb90	Label	LAB_0040cb90
0040cba4	Label	LAB_0040cba4
0040cbd0	Label	LAB_0040cbd0
0040cc50	Label	LAB_0040cc50
0040ccc8	Label	LAB_0040ccc8
0040ccf4	Label	LAB_0040ccf4
0040cd44	Label	LAB_0040cd44
0040cd5c	Label	LAB_0040cd5c
0040cd88	Label	LAB_0040cd88
0040cda4	Label	LAB_0040cda4
0040cdd0	Label	LAB_0040cdd0
0040cdd4	Label	LAB_0040cdd4
0040cde8	Label	LAB_0040cde8
0040cdec	Label	LAB_0040cdec
0040ce00	Label	LAB_0040ce00
0040ce3c	Label	LAB_0040ce3c
0040ce50	Label	LAB_0040ce50
0040ce80	Label	LAB_0040ce80
0040ce9c	Label	LAB_0040ce9c
0040cf38	Label	LAB_0040cf38
0040cf54	Label	LAB_0040cf54
0040cf78	Label	LAB_0040cf78
0040cf84	Label	LAB_0040cf84
0040cfb0	Label	LAB_0040cfb0
0040cfb4	Label	LAB_0040cfb4
0040cfc8	Label	LAB_0040cfc8
0040cfcc	Label	LAB_0040cfcc
0040cfe0	Label	LAB_0040cfe0
0040d034	Label	LAB_0040d034
0040d070	Label	LAB_0040d070
0040d0c4	Label	LAB_0040d0c4
0040d0d8	Label	LAB_0040d0d8
0040d0e8	Label	LAB_0040d0e8
0040d0ec	Label	LAB_0040d0ec
0040d104	Label	LAB_0040d104
0040d118	Label	LAB_0040d118
0040d11c	Label	LAB_0040d11c
0040d120	Label	LAB_0040d120
0040d130	Label	LAB_0040d130
0040d188	Label	LAB_0040d188
0040d194	Label	LAB_0040d194
0040d1a4	Label	LAB_0040d1a4
0040d1bc	Label	LAB_0040d1bc
0040d1d4	Label	LAB_0040d1d4
0040d1f4	Label	LAB_0040d1f4
0040d204	Label	LAB_0040d204
0040d258	Label	LAB_0040d258
0040d264	Label	LAB_0040d264
0040d27c	Label	LAB_0040d27c
0040d2a4	Label	LAB_0040d2a4
0040d2b4	Label	LAB_0040d2b4
0040d2cc	Label	LAB_0040d2cc
0040d2e4	Label	LAB_0040d2e4
0040d354	Label	LAB_0040d354
0040d390	Label	LAB_0040d390
0040d3e4	Label	LAB_0040d3e4
0040d3f0	Label	LAB_0040d3f0
0040d3fc	Label	LAB_0040d3fc
0040d400	Label	LAB_0040d400
0040d404	Label	LAB_0040d404
0040d414	Label	LAB_0040d414
0040d434	Label	LAB_0040d434
0040d440	Label	LAB_0040d440
0040d444	Label	LAB_0040d444
0040d4b4	Label	LAB_0040d4b4
0040d4ec	Label	LAB_0040d4ec
0040d538	Label	LAB_0040d538
0040d558	Label	LAB_0040d558
0040d5d0	Label	LAB_0040d5d0
0040d620	Label	LAB_0040d620
0040d624	Label	LAB_0040d624
0040d628	Label	LAB_0040d628
0040d630	Label	LAB_0040d630
0040d658	Label	LAB_0040d658
0040d65c	Label	LAB_0040d65c
0040d68c	Label	LAB_0040d68c
0040d6a4	Label	LAB_0040d6a4
0040d6d4	Label	LAB_0040d6d4
0040d6e4	Label	LAB_0040d6e4
0040d718	Label	LAB_0040d718
0040d74c	Label	LAB_0040d74c
0040d780	Label	LAB_0040d780
0040d790	Label	LAB_0040d790
0040d7ac	Label	LAB_0040d7ac
0040d7d4	Label	LAB_0040d7d4
0040d7d8	Label	LAB_0040d7d8
0040d7f4	Label	LAB_0040d7f4
0040d7fc	Label	LAB_0040d7fc
0040d844	Label	LAB_0040d844
0040d880	Label	LAB_0040d880
0040d884	Label	LAB_0040d884
0040d8b4	Label	LAB_0040d8b4
0040d8d0	Label	LAB_0040d8d0
0040d8e0	Label	LAB_0040d8e0
0040d904	Label	LAB_0040d904
0040d910	Label	LAB_0040d910
0040d934	Label	LAB_0040d934
0040d948	Label	LAB_0040d948
0040d968	Label	LAB_0040d968
0040d988	Label	LAB_0040d988
0040d9a0	Label	LAB_0040d9a0
0040d9bc	Label	LAB_0040d9bc
0040d9c8	Label	LAB_0040d9c8
0040d9dc	Label	LAB_0040d9dc
0040da00	Label	LAB_0040da00
0040da24	Label	LAB_0040da24
0040da3c	Label	LAB_0040da3c
0040da4c	Label	LAB_0040da4c
0040da98	Label	LAB_0040da98
0040dac0	Label	LAB_0040dac0
0040dac4	Label	LAB_0040dac4
0040dae0	Label	LAB_0040dae0
0040db18	Label	LAB_0040db18
0040db58	Label	LAB_0040db58
0040db68	Label	LAB_0040db68
0040db8c	Label	LAB_0040db8c
0040dbac	Label	LAB_0040dbac
0040dc14	Label	LAB_0040dc14
0040dc18	Label	LAB_0040dc18
0040dc54	Label	LAB_0040dc54
0040dc80	Label	LAB_0040dc80
0040dc90	Label	LAB_0040dc90
0040dc9c	Label	LAB_0040dc9c
0040dcc4	Label	LAB_0040dcc4
0040dd28	Label	LAB_0040dd28
0040dd38	Label	LAB_0040dd38
0040dd4c	Label	LAB_0040dd4c
0040dd68	Label	LAB_0040dd68
0040dd78	Label	LAB_0040dd78
0040dda0	Label	LAB_0040dda0
0040ddb0	Label	LAB_0040ddb0
0040dddc	Label	LAB_0040dddc
0040de14	Label	LAB_0040de14
0040de5c	Label	LAB_0040de5c
0040de70	Label	LAB_0040de70
0040de80	Label	LAB_0040de80
0040dea4	Label	LAB_0040dea4
0040dee4	Label	LAB_0040dee4
0040df24	Label	LAB_0040df24
0040df50	Label	LAB_0040df50
0040df80	Label	LAB_0040df80
0040df90	Label	LAB_0040df90
0040dfa4	Label	LAB_0040dfa4
0040dfc4	Label	LAB_0040dfc4
0040dfe4	Label	LAB_0040dfe4
0040e008	Label	LAB_0040e008
0040e014	Label	LAB_0040e014
0040e020	Label	LAB_0040e020
0040e044	Label	LAB_0040e044
0040e04c	Label	LAB_0040e04c
0040e074	Label	LAB_0040e074
0040e088	Label	LAB_0040e088
0040e0b0	Label	LAB_0040e0b0
0040e0c8	Label	LAB_0040e0c8
0040e0e0	Label	LAB_0040e0e0
0040e0e8	Label	LAB_0040e0e8
0040e13c	Label	LAB_0040e13c
0040e140	Label	LAB_0040e140
0040e154	Label	LAB_0040e154
0040e1ac	Label	LAB_0040e1ac
0040e1b0	Label	LAB_0040e1b0
0040e1d0	Label	LAB_0040e1d0
0040e1e0	Label	LAB_0040e1e0
0040e268	Label	LAB_0040e268
0040e278	Label	LAB_0040e278
0040e28c	Label	LAB_0040e28c
0040e2b4	Label	LAB_0040e2b4
0040e2e8	Label	LAB_0040e2e8
0040e450	Function	FUN_0040e450
0040e490	Label	LAB_0040e490
0040e4cc	Label	LAB_0040e4cc
0040e4ec	Label	LAB_0040e4ec
0040e514	Label	LAB_0040e514
0040e528	Label	LAB_0040e528
0040e540	Label	LAB_0040e540
0040e594	Label	LAB_0040e594
0040e5ac	Label	LAB_0040e5ac
0040e5c0	Function	FUN_0040e5c0
0040e5f0	Label	LAB_0040e5f0
0040e614	Function	FUN_0040e614
0040e684	Label	LAB_0040e684
0040e6b4	Label	LAB_0040e6b4
0040e6d8	Function	FUN_0040e6d8
0040e8dc	Function	FUN_0040e8dc
0040e9bc	Label	LAB_0040e9bc
0040e9c8	Label	LAB_0040e9c8
0040e9ec	Label	LAB_0040e9ec
0040ea30	Function	FUN_0040ea30
0040ea44	Function	FUN_0040ea44
0040ea80	Label	LAB_0040ea80
0040eaa4	Label	LAB_0040eaa4
0040eac8	Function	FUN_0040eac8
0040ec40	Label	LAB_0040ec40
0040ec74	Function	FUN_0040ec74
0040ecb0	Function	FUN_0040ecb0
0040ed30	Label	LAB_0040ed30
0040ed54	Label	LAB_0040ed54
0040ed58	Label	LAB_0040ed58
0040ed6c	Label	LAB_0040ed6c
0040ed90	Label	LAB_0040ed90
0040edcc	Label	LAB_0040edcc
0040ee68	Label	LAB_0040ee68
0040eeb4	Label	LAB_0040eeb4
0040eebc	Label	LAB_0040eebc
0040eecc	Label	LAB_0040eecc
0040eee4	Label	LAB_0040eee4
0040eef8	Label	LAB_0040eef8
0040ef08	Label	LAB_0040ef08
0040ef20	Function	FUN_0040ef20
0040f060	Function	FUN_0040f060
0040f090	Label	LAB_0040f090
0040f0a0	Label	LAB_0040f0a0
0040f0b8	Function	FUN_0040f0b8
0040f108	Function	FUN_0040f108
0040f114	Function	FUN_0040f114
0040f1a8	Function	FUN_0040f1a8
0040f1d4	Label	LAB_0040f1d4
0040f1e4	Label	LAB_0040f1e4
0040f200	Function	FUN_0040f200
0040f264	Label	LAB_0040f264
0040f294	Label	LAB_0040f294
0040f2ac	Label	LAB_0040f2ac
0040f3ac	Function	FUN_0040f3ac
0040f42c	Label	LAB_0040f42c
0040f478	Label	LAB_0040f478
0040f488	Label	LAB_0040f488
0040f4a0	Label	LAB_0040f4a0
0040f4b0	Function	FUN_0040f4b0
0040f534	Label	LAB_0040f534
0040f580	Label	LAB_0040f580
0040f590	Label	LAB_0040f590
0040f5f4	Label	LAB_0040f5f4
0040f604	Function	FUN_0040f604
0040f62c	Label	LAB_0040f62c
0040f63c	Function	FUN_0040f63c
0040f670	Label	LAB_0040f670
0040f698	Function	FUN_0040f698
0040f6e0	Label	LAB_0040f6e0
0040f700	Label	LAB_0040f700
0040f714	Label	LAB_0040f714
0040f74c	Label	LAB_0040f74c
0040f764	Label	LAB_0040f764
0040f78c	Label	LAB_0040f78c
0040f7a4	Label	LAB_0040f7a4
0040f7b8	Label	LAB_0040f7b8
0040f7e0	Label	LAB_0040f7e0
0040f860	Label	LAB_0040f860
0040f874	Label	LAB_0040f874
0040f884	Label	LAB_0040f884
0040f894	Label	LAB_0040f894
0040f8c4	Label	LAB_0040f8c4
0040f8d8	Label	LAB_0040f8d8
0040f8fc	Label	LAB_0040f8fc
0040f90c	Label	LAB_0040f90c
0040f948	Label	LAB_0040f948
0040f95c	Label	LAB_0040f95c
0040f978	Label	LAB_0040f978
0040f9bc	Label	LAB_0040f9bc
0040f9c0	Label	LAB_0040f9c0
0040f9f8	Label	LAB_0040f9f8
0040fa08	Label	LAB_0040fa08
0040fa10	Label	LAB_0040fa10
0040fa38	Label	LAB_0040fa38
0040faa8	Label	LAB_0040faa8
0040fb18	Label	LAB_0040fb18
0040fb40	Label	LAB_0040fb40
0040fb8c	Function	FUN_0040fb8c
0040fbd8	Label	LAB_0040fbd8
0040fbe4	Label	LAB_0040fbe4
0040fbec	Label	LAB_0040fbec
0040fbf4	Label	LAB_0040fbf4
0040fc40	Label	LAB_0040fc40
0040fc5c	Label	LAB_0040fc5c
0040fc90	Function	FUN_0040fc90
0040fcb4	Label	LAB_0040fcb4
0040fcbc	Label	LAB_0040fcbc
0040fcf4	Label	LAB_0040fcf4
0040fd10	Function	FUN_0040fd10
0040fd34	Label	LAB_0040fd34
0040fd3c	Label	LAB_0040fd3c
0040fd74	Label	LAB_0040fd74
0040fd90	Label	LAB_0040fd90
0040fda0	Label	LAB_0040fda0
0040fda8	Function	FUN_0040fda8
0040fddc	Function	FUN_0040fddc
0040fe08	Label	LAB_0040fe08
0040fe0c	Label	LAB_0040fe0c
0040fe20	Label	LAB_0040fe20
0040feb4	Function	FUN_0040feb4
0040fee0	Label	LAB_0040fee0
0040ff10	Label	LAB_0040ff10
0040ff1c	Label	LAB_0040ff1c
0040ff24	Label	LAB_0040ff24
0040ff40	Function	FUN_0040ff40
0040ffb0	Label	LAB_0040ffb0
0040fff4	Label	LAB_0040fff4
00410048	Label	LAB_00410048
004100b0	Label	LAB_004100b0
00410100	Label	LAB_00410100
00410118	Label	LAB_00410118
00410120	Label	LAB_00410120
00410128	Label	LAB_00410128
00410160	Label	LAB_00410160
004101bc	Label	LAB_004101bc
004101d4	Label	LAB_004101d4
00410234	Label	LAB_00410234
00410240	Label	LAB_00410240
00410264	Label	LAB_00410264
004102c0	Label	LAB_004102c0
00410314	Label	LAB_00410314
0041031c	Label	LAB_0041031c
00410328	Label	LAB_00410328
0041032c	Label	LAB_0041032c
00410338	Label	LAB_00410338
00410374	Label	LAB_00410374
004103a4	Label	LAB_004103a4
00410420	Label	LAB_00410420
00410430	Label	LAB_00410430
0041043c	Label	LAB_0041043c
0041045c	Label	LAB_0041045c
00410464	Label	LAB_00410464
00410474	Label	LAB_00410474
00410554	Label	LAB_00410554
004105cc	Function	FUN_004105cc
00410630	Label	LAB_00410630
00410664	Label	LAB_00410664
00410680	Label	LAB_00410680
004106b4	Label	LAB_004106b4
00410700	Label	LAB_00410700
00410718	Label	LAB_00410718
00410720	Label	LAB_00410720
00410728	Label	LAB_00410728
00410760	Label	LAB_00410760
004107d0	Label	LAB_004107d0
00410850	Label	LAB_00410850
00410858	Label	LAB_00410858
0041086c	Label	LAB_0041086c
00410894	Label	LAB_00410894
004108b4	Label	LAB_004108b4
004108bc	Label	LAB_004108bc
00410934	Function	FUN_00410934
00410998	Label	LAB_00410998
004109e0	Function	FUN_004109e0
00410a0c	Label	LAB_00410a0c
00410a1c	Function	FUN_00410a1c
00410a60	Label	LAB_00410a60
00410a6c	Label	LAB_00410a6c
00410a78	Label	LAB_00410a78
00410a90	Label	LAB_00410a90
00410a94	Label	LAB_00410a94
00410b30	Function	FUN_00410b30
00410b68	Label	LAB_00410b68
00410b78	Function	FUN_00410b78
00410b88	Label	LAB_00410b88
00410bc0	Label	LAB_00410bc0
00410bd0	Function	FUN_00410bd0
00410bdc	Function	FUN_00410bdc
00410c28	Label	LAB_00410c28
00410c2c	Label	LAB_00410c2c
00410c44	Label	LAB_00410c44
00410c54	Label	LAB_00410c54
00410c84	Label	LAB_00410c84
00410cac	Label	LAB_00410cac
00410ccc	Label	LAB_00410ccc
00410ce8	Function	FUN_00410ce8
00410d08	Function	FUN_00410d08
00410d60	Label	LAB_00410d60
00410d68	Label	LAB_00410d68
00410d7c	Function	FUN_00410d7c
00410d9c	Function	FUN_00410d9c
00410df4	Label	LAB_00410df4
00410dfc	Label	LAB_00410dfc
00410e10	Function	FUN_00410e10
00410e2c	Label	LAB_00410e2c
00410e34	Function	FUN_00410e34
00410e50	Label	LAB_00410e50
00410e58	Function	FUN_00410e58
00410ebc	Label	LAB_00410ebc
00410eec	Function	FUN_00410eec
00410f18	Label	LAB_00410f18
00410f38	Label	LAB_00410f38
00410f68	Function	FUN_00410f68
00410fb0	Label	LAB_00410fb0
00411010	Label	LAB_00411010
00411024	Label	LAB_00411024
00411050	Label	LAB_00411050
0041107c	Function	FUN_0041107c
004110ac	Label	LAB_004110ac
0041110c	Label	LAB_0041110c
0041111c	Label	LAB_0041111c
00411148	Label	LAB_00411148
00411178	Function	FUN_00411178
004111a0	Label	LAB_004111a0
004111b4	Function	FUN_004111b4
00411300	Function	FUN_00411300
00411334	Label	LAB_00411334
00411344	Label	LAB_00411344
00411384	Label	switchD_00411384::switchD
0041138c	Label	switchD_00411384::caseD_1b
004113a0	Label	LAB_004113a0
004113c4	Label	LAB_004113c4
004113d4	Label	switchD_00411384::caseD_b
004113d4	Label	switchD_00411384::caseD_c
004113d4	Label	switchD_00411384::caseD_d
004113d4	Label	switchD_00411384::caseD_e
004113d4	Label	switchD_00411384::caseD_f
004113d4	Label	switchD_00411384::caseD_10
004113d4	Label	switchD_00411384::caseD_15
004113d4	Label	switchD_00411384::caseD_16
004113d4	Label	switchD_00411384::caseD_17
004113d4	Label	switchD_00411384::caseD_18
004113d4	Label	switchD_00411384::caseD_19
004113d4	Label	switchD_00411384::caseD_1a
004113d8	Label	LAB_004113d8
0041141c	Label	LAB_0041141c
00411464	Label	switchD_00411384::caseD_14
0041149c	Label	switchD_00411384::caseD_13
004114d4	Label	switchD_00411384::caseD_11
004114f4	Label	switchD_00411384::caseD_12
00411514	Label	switchD_00411384::caseD_a
0041154c	Label	LAB_0041154c
00411570	Label	LAB_00411570
004115b8	Label	LAB_004115b8
004115c8	Label	LAB_004115c8
00411608	Label	LAB_00411608
00411618	Label	LAB_00411618
00411650	Label	LAB_00411650
00411688	Label	LAB_00411688
004116c0	Label	LAB_004116c0
004116f8	Label	LAB_004116f8
00411730	Label	LAB_00411730
00411740	Label	LAB_00411740
00411750	Label	LAB_00411750
00411760	Label	LAB_00411760
00411780	Label	LAB_00411780
004117ac	Label	LAB_004117ac
004117d4	Label	LAB_004117d4
004117fc	Label	LAB_004117fc
00411824	Label	LAB_00411824
0041184c	Label	LAB_0041184c
00411874	Label	LAB_00411874
00411890	Label	LAB_00411890
004118a0	Label	LAB_004118a0
004118b8	Function	FUN_004118b8
00411904	Label	LAB_00411904
0041191c	Label	LAB_0041191c
00411920	Label	LAB_00411920
00411940	Label	LAB_00411940
00411964	Label	LAB_00411964
00411974	Label	LAB_00411974
00411988	Label	LAB_00411988
00411994	Label	LAB_00411994
004119b8	Label	LAB_004119b8
004119c8	Function	FUN_004119c8
00411a3c	Label	LAB_00411a3c
00411a5c	Function	FUN_00411a5c
00411a70	Function	FUN_00411a70
00411a80	Label	LAB_00411a80
00411ad0	Function	FUN_00411ad0
00411af4	Function	FUN_00411af4
00411b60	Label	LAB_00411b60
00411b90	Label	LAB_00411b90
00411bbc	Function	FUN_00411bbc
00411c60	Label	LAB_00411c60
00411c64	Label	LAB_00411c64
00411d08	Label	LAB_00411d08
00411d5c	Label	LAB_00411d5c
00411d6c	Label	LAB_00411d6c
00411d70	Label	LAB_00411d70
00411d8c	Label	LAB_00411d8c
00411db4	Label	LAB_00411db4
00411dd8	Label	LAB_00411dd8
00411e00	Label	LAB_00411e00
00411e68	Label	LAB_00411e68
00411e90	Label	LAB_00411e90
00411f4c	Function	FUN_00411f4c
00411f78	Function	FUN_00411f78
00411ffc	Label	LAB_00411ffc
00412030	Label	LAB_00412030
0041209c	Label	LAB_0041209c
004120c0	Label	LAB_004120c0
004120f8	Label	LAB_004120f8
00412104	Label	LAB_00412104
00412124	Label	LAB_00412124
00412140	Label	LAB_00412140
00412160	Label	LAB_00412160
00412174	Label	LAB_00412174
004121cc	Label	LAB_004121cc
004121d0	Label	LAB_004121d0
00412220	Label	LAB_00412220
00412228	Label	LAB_00412228
0041223c	Label	LAB_0041223c
00412254	Label	LAB_00412254
00412278	Function	FUN_00412278
004122c8	Label	LAB_004122c8
004122dc	Function	FUN_004122dc
00412334	Label	LAB_00412334
00412368	Label	LAB_00412368
0041238c	Function	FUN_0041238c
004123d4	Label	LAB_004123d4
004123f4	Label	LAB_004123f4
00412430	Label	LAB_00412430
00412450	Label	LAB_00412450
00412458	Label	LAB_00412458
004124b8	Label	LAB_004124b8
004124c8	Label	LAB_004124c8
004124e4	Label	LAB_004124e4
00412640	Function	FUN_00412640
00412670	Label	switchD_004126a8::caseD_0
00412670	Label	switchD_004126a8::caseD_2
00412670	Label	switchD_004126a8::caseD_4
00412670	Label	switchD_004126a8::caseD_8
00412670	Label	switchD_004126a8::caseD_b
00412670	Label	switchD_004126a8::caseD_e
00412670	Label	switchD_004126a8::caseD_11
00412670	Label	switchD_004126a8::caseD_12
00412670	Label	switchD_004126a8::caseD_13
00412670	Label	switchD_004126a8::caseD_14
00412674	Label	LAB_00412674
0041268c	Label	LAB_0041268c
004126a8	Label	switchD_004126a8::switchD
004126b0	Label	switchD_004126a8::caseD_10
004126dc	Label	LAB_004126dc
004126f0	Label	switchD_004126a8::caseD_1
00412718	Label	switchD_004126a8::caseD_3
00412774	Label	LAB_00412774
0041278c	Label	LAB_0041278c
004127a4	Label	LAB_004127a4
004127bc	Label	LAB_004127bc
004127d4	Label	switchD_004126a8::caseD_5
004127f8	Label	LAB_004127f8
00412840	Label	LAB_00412840
00412848	Label	LAB_00412848
00412858	Label	switchD_004126a8::caseD_6
00412868	Label	switchD_004126a8::caseD_7
00412898	Label	LAB_00412898
0041289c	Label	LAB_0041289c
004128b4	Label	switchD_004126a8::caseD_9
004128b4	Label	switchD_004126a8::caseD_a
004128b4	Label	switchD_004126a8::caseD_15
004128f4	Label	LAB_004128f4
00412914	Label	switchD_004126a8::caseD_c
00412950	Label	switchD_004126a8::caseD_d
00412984	Label	switchD_004126a8::caseD_f
004129b0	Label	LAB_004129b0
004129c4	Label	LAB_004129c4
004129d8	Label	LAB_004129d8
004129f8	Label	LAB_004129f8
00412a00	Label	LAB_00412a00
00412a18	Label	LAB_00412a18
00412a1c	Label	switchD_00412a9c::default
00412a34	Label	LAB_00412a34
00412a3c	Label	LAB_00412a3c
00412a9c	Label	switchD_00412a9c::switchD
00412aa4	Label	switchD_00412a9c::caseD_3
00412ac4	Label	switchD_00412a9c::caseD_2
00412ad0	Label	LAB_00412ad0
00412ae8	Label	switchD_00412a9c::caseD_1
00412af8	Label	switchD_00412a9c::caseD_0
00412b1c	Label	switchD_00412a9c::caseD_ffffffff
00412b30	Label	switchD_00412a9c::caseD_4
00412b50	Label	LAB_00412b50
00412b60	Label	LAB_00412b60
00412b80	Label	LAB_00412b80
00412ba0	Label	LAB_00412ba0
00412bc0	Function	FUN_00412bc0
00412be8	Label	LAB_00412be8
00412bec	Label	LAB_00412bec
00412bf4	Label	LAB_00412bf4
00412c00	Label	LAB_00412c00
00412c64	Label	LAB_00412c64
00412c90	Label	LAB_00412c90
00412cb4	Label	LAB_00412cb4
00412cdc	Label	LAB_00412cdc
00412d30	Label	LAB_00412d30
00412d34	Label	LAB_00412d34
00412d44	Label	LAB_00412d44
00412dfc	Label	LAB_00412dfc
00412e14	Label	LAB_00412e14
00412e1c	Label	LAB_00412e1c
00412e28	Label	LAB_00412e28
00412e38	Label	LAB_00412e38
00412e58	Label	LAB_00412e58
00412e78	Label	LAB_00412e78
00412e98	Label	LAB_00412e98
00412ee4	Function	FUN_00412ee4
00412f10	Label	LAB_00412f10
00412f50	Function	FUN_00412f50
00412f90	Label	switchD_00412f90::switchD
00412f98	Label	switchD_00412f90::caseD_4
00412fa0	Label	LAB_00412fa0
00412fb8	Label	switchD_00412f90::caseD_0
00412fb8	Label	switchD_00412f90::caseD_5
00412fdc	Label	LAB_00412fdc
00413010	Label	LAB_00413010
0041301c	Label	LAB_0041301c
00413034	Label	LAB_00413034
00413044	Label	switchD_00412f90::caseD_1
00413050	Label	switchD_00412f90::caseD_2
0041305c	Label	switchD_00412f90::caseD_3
00413068	Label	LAB_00413068
00413074	Label	LAB_00413074
004130a0	Label	switchD_00412f90::caseD_6
004130ac	Label	LAB_004130ac
004130b8	Label	LAB_004130b8
004130c4	Label	LAB_004130c4
004130d0	Function	FUN_004130d0
004130f0	Label	switchD_004130f0::switchD
004130f8	Label	switchD_004130f0::caseD_7
00413104	Label	switchD_004130f0::caseD_6
0041310c	Label	switchD_004130f0::caseD_5
0041312c	Label	switchD_004130f0::caseD_0
00413140	Label	switchD_004130f0::caseD_1
00413164	Label	switchD_004130f0::caseD_2
00413188	Label	switchD_004130f0::caseD_3
004131ac	Label	switchD_004130f0::caseD_4
004131cc	Function	FUN_004131cc
004131e0	Label	switchD_0041321c::default
004131ec	Label	LAB_004131ec
0041321c	Label	switchD_0041321c::switchD
00413224	Label	LAB_00413224
0041322c	Label	switchD_0041321c::caseD_1
0041323c	Label	LAB_0041323c
00413254	Label	switchD_0041321c::caseD_4
00413278	Label	switchD_0041321c::caseD_3
0041328c	Label	switchD_0041321c::caseD_2
004132a0	Label	switchD_0041321c::caseD_0
004132b4	Label	switchD_0041321c::caseD_5
004132d0	Function	FUN_004132d0
004132dc	Function	FUN_004132dc
0041331c	Label	LAB_0041331c
00413340	Label	LAB_00413340
00413374	Label	LAB_00413374
0041337c	Label	LAB_0041337c
00413390	Label	LAB_00413390
004133a4	Label	LAB_004133a4
004133d8	Label	LAB_004133d8
00413410	Function	FUN_00413410
0041342c	Label	LAB_0041342c
00413440	Label	LAB_00413440
00413470	Function	FUN_00413470
00413528	Label	LAB_00413528
0041352c	Label	LAB_0041352c
00413570	Label	LAB_00413570
00413574	Label	LAB_00413574
004135a8	Label	LAB_004135a8
004135d8	Label	LAB_004135d8
00413698	Label	LAB_00413698
004136c4	Label	LAB_004136c4
004136f8	Label	LAB_004136f8
0041374c	Label	LAB_0041374c
00413750	Label	LAB_00413750
004137d8	Label	LAB_004137d8
00413808	Label	LAB_00413808
00413828	Label	LAB_00413828
00413848	Label	LAB_00413848
00413884	Label	LAB_00413884
004138a4	Label	LAB_004138a4
004138ac	Label	LAB_004138ac
004138b8	Label	LAB_004138b8
004138d0	Label	LAB_004138d0
004138e4	Label	LAB_004138e4
004138fc	Label	LAB_004138fc
00413910	Label	LAB_00413910
00413928	Label	LAB_00413928
0041393c	Label	LAB_0041393c
00413974	Label	LAB_00413974
00413998	Label	LAB_00413998
004139e8	Label	LAB_004139e8
00413a30	Label	LAB_00413a30
00413a44	Label	LAB_00413a44
00413a5c	Label	LAB_00413a5c
00413a7c	Label	LAB_00413a7c
00413a94	Label	LAB_00413a94
00413aa8	Label	LAB_00413aa8
00413ac0	Label	LAB_00413ac0
00413af8	Label	LAB_00413af8
00413b24	Label	LAB_00413b24
00413b5c	Label	LAB_00413b5c
00413b74	Label	LAB_00413b74
00413b8c	Label	LAB_00413b8c
00413ba4	Label	LAB_00413ba4
00413bbc	Label	LAB_00413bbc
00413bd4	Function	FUN_00413bd4
00413c40	Label	LAB_00413c40
00413c60	Function	FUN_00413c60
00413c6c	Function	FUN_00413c6c
00413cd0	Label	LAB_00413cd0
00413cf4	Label	LAB_00413cf4
00413d04	Label	LAB_00413d04
00413d24	Label	LAB_00413d24
00413d68	Label	LAB_00413d68
00413d7c	Label	LAB_00413d7c
00413dac	Label	LAB_00413dac
00413db0	Label	LAB_00413db0
00413dd0	Label	LAB_00413dd0
00413dec	Label	LAB_00413dec
00413df8	Label	LAB_00413df8
00413e08	Label	LAB_00413e08
00413e54	Label	LAB_00413e54
00413f24	Label	LAB_00413f24
00413f3c	Label	LAB_00413f3c
00413f80	Function	FUN_00413f80
00413ff0	Function	FUN_00413ff0
00414070	Label	LAB_00414070
00414074	Label	LAB_00414074
0041409c	Label	LAB_0041409c
004140b0	Label	LAB_004140b0
0041412c	Label	LAB_0041412c
00414150	Label	LAB_00414150
00414160	Label	LAB_00414160
00414188	Label	LAB_00414188
004141a4	Label	LAB_004141a4
004141c4	Label	LAB_004141c4
004141c8	Label	LAB_004141c8
004141ec	Label	LAB_004141ec
00414208	Label	LAB_00414208
00414230	Label	LAB_00414230
00414240	Label	LAB_00414240
00414268	Label	LAB_00414268
00414280	Label	LAB_00414280
00414298	Label	LAB_00414298
004142a4	Label	LAB_004142a4
004142b0	Label	LAB_004142b0
004142c0	Label	LAB_004142c0
004142cc	Label	LAB_004142cc
004142e0	Label	LAB_004142e0
004142f0	Label	LAB_004142f0
00414308	Label	LAB_00414308
00414320	Label	LAB_00414320
00414330	Label	LAB_00414330
0041433c	Label	LAB_0041433c
004143a8	Label	LAB_004143a8
004143dc	Label	LAB_004143dc
00414450	Label	LAB_00414450
00414484	Label	LAB_00414484
0041449c	Label	LAB_0041449c
004144b0	Label	LAB_004144b0
004144b4	Label	LAB_004144b4
004144d8	Label	LAB_004144d8
004144ec	Label	LAB_004144ec
00414508	Label	LAB_00414508
00414520	Label	LAB_00414520
00414540	Label	LAB_00414540
00414558	Label	LAB_00414558
00414574	Label	LAB_00414574
004145ac	Label	LAB_004145ac
004145fc	Label	LAB_004145fc
00414948	Function	FUN_00414948
004149c0	Label	LAB_004149c0
004149d4	Label	LAB_004149d4
00414a0c	Label	LAB_00414a0c
00414ab4	Label	LAB_00414ab4
00414b64	Label	LAB_00414b64
00414b74	Function	FUN_00414b74
00414cb0	Label	LAB_00414cb0
00414cf4	Label	LAB_00414cf4
00414d0c	Label	LAB_00414d0c
00414d7c	Label	LAB_00414d7c
00414e24	Label	LAB_00414e24
00414ed4	Label	LAB_00414ed4
00414ee4	Function	FUN_00414ee4
00414f58	Label	LAB_00414f58
00414f70	Label	LAB_00414f70
00414f74	Label	LAB_00414f74
00414ff4	Function	FUN_00414ff4
0041501c	Label	LAB_0041501c
00415038	Function	FUN_00415038
004150a0	Label	LAB_004150a0
004150c0	Function	FUN_004150c0
004150d0	Function	FUN_004150d0
00415104	Function	FUN_00415104
00415110	Function	FUN_00415110
00415120	Function	FUN_00415120
00415150	Label	switchD_004151b0::caseD_b
00415150	Label	switchD_004151b0::caseD_c
00415150	Label	switchD_004151b0::caseD_d
00415150	Label	switchD_004151b0::caseD_e
00415150	Label	switchD_004151b0::caseD_f
00415150	Label	switchD_004151b0::caseD_10
00415150	Label	switchD_004151b0::caseD_15
00415150	Label	switchD_004151b0::caseD_16
00415150	Label	switchD_004151b0::caseD_17
00415150	Label	switchD_004151b0::caseD_18
00415150	Label	switchD_004151b0::caseD_19
00415150	Label	switchD_004151b0::caseD_1a
00415154	Label	LAB_00415154
00415164	Label	LAB_00415164
004151b0	Label	switchD_004151b0::switchD
004151b8	Label	switchD_004151b0::caseD_11
004151b8	Label	switchD_004151b0::caseD_13
004151d4	Label	switchD_004151b0::caseD_12
004151d4	Label	switchD_004151b0::caseD_14
004151f0	Label	switchD_004151b0::caseD_1b
00415208	Label	switchD_004151b0::caseD_a
0041523c	Label	LAB_0041523c
00415240	Label	LAB_00415240
00415244	Label	LAB_00415244
0041524c	Label	LAB_0041524c
00415270	Label	LAB_00415270
0041527c	Label	LAB_0041527c
00415300	Label	LAB_00415300
004153b0	Label	LAB_004153b0
004153b4	Label	LAB_004153b4
004153c0	Label	LAB_004153c0
004153d8	Label	LAB_004153d8
004153e8	Label	LAB_004153e8
00415444	Label	LAB_00415444
00415474	Label	LAB_00415474
004154a8	Function	FUN_004154a8
00415510	Label	LAB_00415510
00415578	Label	LAB_00415578
0041559c	Function	FUN_0041559c
004155dc	Function	FUN_004155dc
004155e8	Function	FUN_004155e8
00415600	Label	LAB_00415600
00415638	Label	LAB_00415638
0041564c	Label	LAB_0041564c
00415650	Label	LAB_00415650
00415658	Function	FUN_00415658
00415700	Label	LAB_00415700
0041570c	Label	LAB_0041570c
0041571c	Label	LAB_0041571c
0041577c	Label	LAB_0041577c
0041578c	Label	LAB_0041578c
0041579c	Function	FUN_0041579c
004157e0	Function	FUN_004157e0
0041585c	Label	LAB_0041585c
00415878	Label	LAB_00415878
004158b0	Label	LAB_004158b0
004158d0	Function	FUN_004158d0
0041594c	Label	LAB_0041594c
00415968	Label	LAB_00415968
004159a0	Label	LAB_004159a0
004159c0	Function	FUN_004159c0
00415a40	Label	LAB_00415a40
00415a98	Function	FUN_00415a98
00415b20	Label	LAB_00415b20
00415b58	Label	LAB_00415b58
00415b78	Label	LAB_00415b78
00415b7c	Label	LAB_00415b7c
00415b84	Label	LAB_00415b84
00415b8c	Label	LAB_00415b8c
00415bbc	Label	LAB_00415bbc
00415bc8	Function	FUN_00415bc8
00415c50	Label	LAB_00415c50
00415c88	Label	LAB_00415c88
00415ca8	Label	LAB_00415ca8
00415cac	Label	LAB_00415cac
00415cb4	Label	LAB_00415cb4
00415cbc	Label	LAB_00415cbc
00415cec	Label	LAB_00415cec
00415cf8	Function	FUN_00415cf8
00415d24	Label	LAB_00415d24
00415d64	Label	LAB_00415d64
00415d84	Label	LAB_00415d84
00415db4	Function	FUN_00415db4
00415dd8	Function	FUN_00415dd8
00415df8	Label	LAB_00415df8
00415e14	Label	LAB_00415e14
00415e24	Label	LAB_00415e24
00415e34	Function	FUN_00415e34
00415e68	Label	LAB_00415e68
00415e70	Function	FUN_00415e70
00415eac	Function	FUN_00415eac
00415eb8	Function	FUN_00415eb8
00416230	Function	FUN_00416230
004162bc	Label	LAB_004162bc
004162c4	Label	LAB_004162c4
004162f4	Label	LAB_004162f4
00416334	Label	LAB_00416334
0041636c	Label	LAB_0041636c
00416380	Label	LAB_00416380
00416384	Label	LAB_00416384
0041638c	Label	LAB_0041638c
004163e4	Label	LAB_004163e4
004163fc	Label	LAB_004163fc
00416400	Label	LAB_00416400
00416454	Label	LAB_00416454
004164e8	Label	LAB_004164e8
00416504	Label	LAB_00416504
0041655c	Function	FUN_0041655c
004165a8	Label	LAB_004165a8
004165bc	Function	FUN_004165bc
00416670	Label	LAB_00416670
004166e8	Label	LAB_004166e8
00416710	Label	LAB_00416710
0041673c	Label	LAB_0041673c
00416760	Function	FUN_00416760
00416778	Function	FUN_00416778
00416798	Label	LAB_00416798
0041679c	Label	LAB_0041679c
004167b4	Label	LAB_004167b4
00416808	Label	LAB_00416808
00416cb4	Function	FUN_00416cb4
00416ce0	Label	LAB_00416ce0
00416cf8	Label	LAB_00416cf8
00416d0c	Label	LAB_00416d0c
00416d18	Label	LAB_00416d18
00416d20	Label	LAB_00416d20
00416d4c	Label	LAB_00416d4c
00416d54	Label	LAB_00416d54
00416d68	Function	FUN_00416d68
00416d94	Label	LAB_00416d94
00416d9c	Label	LAB_00416d9c
00416da8	Function	FUN_00416da8
00416dd4	Label	LAB_00416dd4
00416de0	Label	LAB_00416de0
00416dec	Function	FUN_00416dec
00416e18	Label	LAB_00416e18
00416e24	Label	LAB_00416e24
00416e30	Function	FUN_00416e30
00416ea0	Function	FUN_00416ea0
00416f0c	Function	FUN_00416f0c
00416f78	Function	FUN_00416f78
0041701c	Function	FUN_0041701c
004171fc	Label	LAB_004171fc
00417200	Label	LAB_00417200
0041720c	Label	LAB_0041720c
00417224	Label	LAB_00417224
00417234	Label	LAB_00417234
00417290	Label	LAB_00417290
004172b0	Label	LAB_004172b0
004172b4	Label	LAB_004172b4
004172e4	Function	FUN_004172e4
004173e4	Label	LAB_004173e4
00417774	Function	FUN_00417774
00417798	Function	FUN_00417798
00417880	Label	LAB_00417880
004178f4	Label	LAB_004178f4
00417b14	Label	LAB_00417b14
00417d28	Label	LAB_00417d28
00417d5c	Function	FUN_00417d5c
00417ec4	Label	LAB_00417ec4
00417f00	Label	LAB_00417f00
00417f40	Label	LAB_00417f40
00417f60	Label	LAB_00417f60
00417f90	Label	LAB_00417f90
00417fc0	Label	LAB_00417fc0
00417ff0	Function	FUN_00417ff0
00418014	Function	FUN_00418014
00418200	Function	FUN_00418200
004182a4	Label	LAB_004182a4
00418440	Label	LAB_00418440
00418454	Label	LAB_00418454
00418468	Label	LAB_00418468
004184dc	Function	FUN_004184dc
004186a4	Function	FUN_004186a4
00418968	Label	LAB_00418968
00418ff0	Function	FUN_00418ff0
00419014	Function	FUN_00419014
004191a8	Label	LAB_004191a8
004191e0	Function	FUN_004191e0
00419218	Label	switchD_00419218::switchD
00419220	Label	switchD_00419218::caseD_5
00419244	Label	switchD_00419218::caseD_6
00419268	Label	switchD_00419218::caseD_0
0041928c	Label	switchD_00419218::caseD_1
004192b0	Label	switchD_00419218::caseD_2
004192d4	Label	switchD_00419218::caseD_3
004192f8	Label	switchD_00419218::caseD_4
0041931c	Label	switchD_00419218::default
0041932c	Function	FUN_0041932c
00419660	Function	FUN_00419660
0041979c	Label	LAB_0041979c
004197c0	Function	FUN_004197c0
004197e4	Label	LAB_004197e4
004197f8	Function	FUN_004197f8
00419a24	Label	LAB_00419a24
00419a48	Function	FUN_00419a48
00419a60	Function	FUN_00419a60
00419ae8	Function	FUN_00419ae8
00419b64	Label	LAB_00419b64
00419be4	Label	LAB_00419be4
00419bfc	Label	LAB_00419bfc
00419c14	Label	LAB_00419c14
00419c38	Label	LAB_00419c38
00419c4c	Label	LAB_00419c4c
00419c60	Function	FUN_00419c60
00419c84	Label	LAB_00419c84
00419cf0	Label	LAB_00419cf0
00419cfc	Label	LAB_00419cfc
00419d14	Label	LAB_00419d14
00419d1c	Label	LAB_00419d1c
00419d24	Label	LAB_00419d24
00419d2c	Label	LAB_00419d2c
00419d38	Label	LAB_00419d38
00419d60	Function	FUN_00419d60
00419e10	Label	LAB_00419e10
00419e24	Label	LAB_00419e24
00419e48	Label	LAB_00419e48
00419e6c	Label	LAB_00419e6c
00419e80	Label	LAB_00419e80
00419ee8	Label	LAB_00419ee8
00419ef0	Label	LAB_00419ef0
00419f04	Label	LAB_00419f04
00419f2c	Label	LAB_00419f2c
00419f5c	Label	LAB_00419f5c
00419f64	Label	LAB_00419f64
00419f98	Label	LAB_00419f98
00419fb8	Label	LAB_00419fb8
00419ffc	Label	LAB_00419ffc
0041a004	Label	LAB_0041a004
0041a00c	Label	LAB_0041a00c
0041a070	Label	LAB_0041a070
0041a078	Label	LAB_0041a078
0041a0b4	Label	LAB_0041a0b4
0041a0d8	Label	LAB_0041a0d8
0041a0e0	Label	LAB_0041a0e0
0041a114	Label	LAB_0041a114
0041a134	Label	LAB_0041a134
0041a154	Label	LAB_0041a154
0041a15c	Label	LAB_0041a15c
0041a164	Label	LAB_0041a164
0041a1a4	Function	FUN_0041a1a4
0041a1f0	Label	LAB_0041a1f0
0041a20c	Label	LAB_0041a20c
0041a228	Label	LAB_0041a228
0041a238	Label	LAB_0041a238
0041a248	Function	FUN_0041a248
0041a2c8	Label	LAB_0041a2c8
0041a2f8	Label	LAB_0041a2f8
0041a314	Label	LAB_0041a314
0041a34c	Label	LAB_0041a34c
0041a350	Label	LAB_0041a350
0041a3bc	Label	LAB_0041a3bc
0041a4b8	Label	LAB_0041a4b8
0041a4c0	Label	LAB_0041a4c0
0041a500	Label	LAB_0041a500
0041a544	Label	LAB_0041a544
0041a59c	Function	FUN_0041a59c
0041a5b4	Label	LAB_0041a5b4
0041a5d8	Label	LAB_0041a5d8
0041a614	Label	LAB_0041a614
0041a62c	Function	FUN_0041a62c
0041a668	Label	LAB_0041a668
0041a6a4	Label	LAB_0041a6a4
0041a6a8	Label	LAB_0041a6a8
0041a6bc	Label	LAB_0041a6bc
0041a708	Label	LAB_0041a708
0041a710	Label	LAB_0041a710
0041a77c	Function	FUN_0041a77c
0041a7a0	Label	LAB_0041a7a0
0041a7bc	Label	LAB_0041a7bc
0041a7d8	Label	LAB_0041a7d8
0041a7f0	Label	LAB_0041a7f0
0041a858	Label	LAB_0041a858
0041a880	Label	LAB_0041a880
0041a8c8	Function	FUN_0041a8c8
0041a924	Label	LAB_0041a924
0041a928	Label	LAB_0041a928
0041a940	Label	LAB_0041a940
0041a9d0	Label	LAB_0041a9d0
0041aa28	Label	LAB_0041aa28
0041aa4c	Label	LAB_0041aa4c
0041aa88	Label	LAB_0041aa88
0041aae4	Label	LAB_0041aae4
0041ab08	Label	LAB_0041ab08
0041ab40	Function	FUN_0041ab40
0041ab4c	Function	FUN_0041ab4c
0041ad10	Function	FUN_0041ad10
0041ad58	Label	LAB_0041ad58
0041ad80	Label	LAB_0041ad80
0041ae48	Function	FUN_0041ae48
0041aebc	Label	LAB_0041aebc
0041aedc	Label	LAB_0041aedc
0041aef0	Label	LAB_0041aef0
0041af1c	Label	LAB_0041af1c
0041af24	Label	LAB_0041af24
0041af48	Label	LAB_0041af48
0041af70	Label	LAB_0041af70
0041af88	Label	LAB_0041af88
0041af8c	Label	LAB_0041af8c
0041afbc	Label	LAB_0041afbc
0041afc0	Label	LAB_0041afc0
0041afc8	Label	LAB_0041afc8
0041afd0	Label	LAB_0041afd0
0041afd8	Label	LAB_0041afd8
0041b000	Label	LAB_0041b000
0041b028	Label	LAB_0041b028
0041b038	Label	LAB_0041b038
0041b3c0	Label	LAB_0041b3c0
0041b3d4	Function	FUN_0041b3d4
0041b450	Function	FUN_0041b450
0041b4dc	Label	LAB_0041b4dc
0041b504	Function	FUN_0041b504
0041b55c	Label	LAB_0041b55c
0041b630	Label	LAB_0041b630
0041b658	Label	LAB_0041b658
0041b674	Label	LAB_0041b674
0041b688	Function	FUN_0041b688
0041b808	Function	FUN_0041b808
0041b850	Label	LAB_0041b850
0041b8a0	Label	LAB_0041b8a0
0041b8b8	Function	FUN_0041b8b8
0041b980	Label	LAB_0041b980
0041b9bc	Label	LAB_0041b9bc
0041ba04	Function	FUN_0041ba04
0041baf0	Label	LAB_0041baf0
0041bb8c	Label	LAB_0041bb8c
0041bbb0	Label	LAB_0041bbb0
0041bc74	Label	LAB_0041bc74
0041be10	Label	LAB_0041be10
0041becc	Label	LAB_0041becc
0041bf64	Label	LAB_0041bf64
0041c004	Label	LAB_0041c004
0041c08c	Label	LAB_0041c08c
0041c0c0	Label	LAB_0041c0c0
0041c0d0	Label	LAB_0041c0d0
0041c15c	Label	LAB_0041c15c
0041c290	Label	LAB_0041c290
0041c2ac	Label	LAB_0041c2ac
0041c2d8	Label	LAB_0041c2d8
0041c308	Label	LAB_0041c308
0041c328	Label	LAB_0041c328
0041c340	Label	LAB_0041c340
0041cf30	Label	LAB_0041cf30
0041cf64	Label	switchD_0041cfac::caseD_b
0041cf64	Label	switchD_0041cfac::caseD_c
0041cf64	Label	switchD_0041cfac::caseD_d
0041cf64	Label	switchD_0041cfac::caseD_e
0041cf64	Label	switchD_0041cfac::caseD_f
0041cf64	Label	switchD_0041cfac::caseD_10
0041cf64	Label	switchD_0041cfac::caseD_15
0041cf64	Label	switchD_0041cfac::caseD_16
0041cf64	Label	switchD_0041cfac::caseD_17
0041cf64	Label	switchD_0041cfac::caseD_18
0041cf64	Label	switchD_0041cfac::caseD_19
0041cf64	Label	switchD_0041cfac::caseD_1a
0041cf7c	Label	LAB_0041cf7c
0041cfac	Label	switchD_0041cfac::switchD
0041cfb4	Label	switchD_0041cfac::caseD_11
0041cfb4	Label	switchD_0041cfac::caseD_13
0041cfd8	Label	switchD_0041cfac::caseD_12
0041cfd8	Label	switchD_0041cfac::caseD_14
0041cffc	Label	switchD_0041cfac::caseD_1b
0041d000	Label	LAB_0041d000
0041d00c	Label	LAB_0041d00c
0041d024	Label	switchD_0041cfac::caseD_a
0041d078	Label	LAB_0041d078
0041d088	Label	LAB_0041d088
0041d0cc	Function	FUN_0041d0cc
0041d124	Function	FUN_0041d124
0041d160	Function	FUN_0041d160
0041d16c	Function	FUN_0041d16c
0041d178	Function	FUN_0041d178
0041d184	Function	FUN_0041d184
0041d190	Function	FUN_0041d190
0041d294	Label	LAB_0041d294
0041d2a4	Label	LAB_0041d2a4
0041d2b4	Label	LAB_0041d2b4
0041d2e8	Label	LAB_0041d2e8
0041d304	Label	LAB_0041d304
0041d30c	Label	LAB_0041d30c
0041d324	Label	LAB_0041d324
0041d32c	Function	FUN_0041d32c
0041d338	Function	FUN_0041d338
0041d358	Function	FUN_0041d358
0041d3f8	Label	LAB_0041d3f8
0041d400	Label	LAB_0041d400
0041d408	Label	LAB_0041d408
0041d440	Label	LAB_0041d440
0041d444	Label	LAB_0041d444
0041d4a8	Label	LAB_0041d4a8
0041d4ac	Label	LAB_0041d4ac
0041d510	Label	LAB_0041d510
0041d528	Label	LAB_0041d528
0041d560	Label	LAB_0041d560
0041d57c	Label	LAB_0041d57c
0041d5bc	Label	LAB_0041d5bc
0041d5d0	Label	LAB_0041d5d0
0041d5e0	Label	LAB_0041d5e0
0041d634	Label	LAB_0041d634
0041d660	Label	LAB_0041d660
0041d698	Label	LAB_0041d698
0041d69c	Label	LAB_0041d69c
0041d6b0	Label	LAB_0041d6b0
0041d6b4	Label	LAB_0041d6b4
0041d6c8	Label	LAB_0041d6c8
0041d6dc	Label	LAB_0041d6dc
0041d6e4	Label	LAB_0041d6e4
0041d718	Label	LAB_0041d718
0041d760	Label	LAB_0041d760
0041d770	Label	LAB_0041d770
0041d7b8	Label	LAB_0041d7b8
0041d83c	Label	LAB_0041d83c
0041d87c	Label	LAB_0041d87c
0041d88c	Label	LAB_0041d88c
0041d8bc	Label	LAB_0041d8bc
0041d8e0	Label	LAB_0041d8e0
0041d8ec	Label	LAB_0041d8ec
0041d8fc	Label	LAB_0041d8fc
0041d904	Label	LAB_0041d904
0041d928	Label	LAB_0041d928
0041d950	Label	LAB_0041d950
0041d968	Label	LAB_0041d968
0041d970	Label	LAB_0041d970
0041d97c	Label	LAB_0041d97c
0041d9a8	Label	LAB_0041d9a8
0041d9b8	Label	LAB_0041d9b8
0041d9d8	Label	LAB_0041d9d8
0041d9f0	Label	LAB_0041d9f0
0041d9f8	Label	LAB_0041d9f8
0041da08	Label	LAB_0041da08
0041da2c	Function	FUN_0041da2c
0041da80	Label	LAB_0041da80
0041da8c	Label	LAB_0041da8c
0041da98	Label	LAB_0041da98
0041daa4	Label	LAB_0041daa4
0041dad4	Label	LAB_0041dad4
0041dad8	Label	LAB_0041dad8
0041daec	Label	LAB_0041daec
0041db14	Label	LAB_0041db14
0041db3c	Label	LAB_0041db3c
0041db64	Label	LAB_0041db64
0041db7c	Label	LAB_0041db7c
0041db84	Function	FUN_0041db84
0041db98	Label	LAB_0041db98
0041dbe8	Label	LAB_0041dbe8
0041dc18	Label	LAB_0041dc18
0041dc3c	Label	LAB_0041dc3c
0041dc60	Label	LAB_0041dc60
0041dc8c	Label	LAB_0041dc8c
0041dcb8	Label	LAB_0041dcb8
0041dce4	Function	FUN_0041dce4
0041ddd0	Function	FUN_0041ddd0
0041de18	Label	LAB_0041de18
0041de48	Label	LAB_0041de48
0041dea4	Function	FUN_0041dea4
0041df2c	Label	LAB_0041df2c
0041df30	Label	LAB_0041df30
0041df60	Label	LAB_0041df60
0041df84	Label	LAB_0041df84
0041df88	Label	LAB_0041df88
0041dfa0	Label	LAB_0041dfa0
0041dfe4	Label	LAB_0041dfe4
0041e004	Label	LAB_0041e004
0041e008	Label	LAB_0041e008
0041e010	Label	LAB_0041e010
0041e040	Label	LAB_0041e040
0041e060	Label	LAB_0041e060
0041e090	Label	LAB_0041e090
0041e0bc	Label	LAB_0041e0bc
0041e0f8	Label	LAB_0041e0f8
0041e120	Label	LAB_0041e120
0041e134	Label	LAB_0041e134
0041e168	Label	LAB_0041e168
0041e194	Label	LAB_0041e194
0041e1a8	Label	LAB_0041e1a8
0041e1bc	Label	LAB_0041e1bc
0041e1d0	Label	LAB_0041e1d0
0041e1e4	Function	FUN_0041e1e4
0041e2e0	Label	LAB_0041e2e0
0041e380	Label	LAB_0041e380
0041e3a0	Label	LAB_0041e3a0
0041e3b4	Label	LAB_0041e3b4
0041e3c0	Label	LAB_0041e3c0
0041e440	Label	LAB_0041e440
0041e47c	Label	LAB_0041e47c
0041e4ac	Label	LAB_0041e4ac
0041e500	Label	LAB_0041e500
0041e508	Label	LAB_0041e508
0041e55c	Label	LAB_0041e55c
0041e5f0	Label	switchD_0041e5f0::switchD
0041e5f8	Label	switchD_0041e5f0::caseD_5
0041e620	Label	switchD_0041e5f0::caseD_0
0041e648	Label	LAB_0041e648
0041e660	Label	LAB_0041e660
0041e664	Label	LAB_0041e664
0041e670	Label	LAB_0041e670
0041e6dc	Label	LAB_0041e6dc
0041e75c	Label	LAB_0041e75c
0041e76c	Label	LAB_0041e76c
0041e77c	Label	LAB_0041e77c
0041e78c	Label	LAB_0041e78c
0041e7c4	Label	LAB_0041e7c4
0041e7dc	Label	LAB_0041e7dc
0041e7e8	Label	LAB_0041e7e8
0041e840	Label	LAB_0041e840
0041e890	Label	LAB_0041e890
0041e89c	Label	LAB_0041e89c
0041e8fc	Label	LAB_0041e8fc
0041e920	Label	LAB_0041e920
0041e974	Label	LAB_0041e974
0041e9e8	Label	LAB_0041e9e8
0041ea20	Label	LAB_0041ea20
0041ea70	Label	LAB_0041ea70
0041ea90	Label	LAB_0041ea90
0041eab0	Label	LAB_0041eab0
0041eac8	Label	LAB_0041eac8
0041eb10	Label	LAB_0041eb10
0041eb2c	Label	switchD_0041e5f0::caseD_4
0041eb50	Label	switchD_0041e5f0::caseD_1
0041eb7c	Label	switchD_0041e5f0::caseD_2
0041eba8	Label	switchD_0041e5f0::caseD_3
0041ebd4	Label	LAB_0041ebd4
0041ebf8	Label	LAB_0041ebf8
0041ec04	Label	LAB_0041ec04
0041ec38	Label	LAB_0041ec38
0041ec60	Label	LAB_0041ec60
0041ec88	Label	LAB_0041ec88
0041ec90	Label	LAB_0041ec90
0041ecb4	Label	LAB_0041ecb4
0041ecc0	Label	LAB_0041ecc0
0041ece4	Label	LAB_0041ece4
0041ecec	Label	LAB_0041ecec
0041ed40	Label	LAB_0041ed40
0041ed50	Label	LAB_0041ed50
0041ed90	Label	LAB_0041ed90
0041eda0	Label	LAB_0041eda0
0041ede8	Label	LAB_0041ede8
0041edec	Label	LAB_0041edec
0041ee04	Label	LAB_0041ee04
0041ee0c	Label	LAB_0041ee0c
0041ee14	Label	LAB_0041ee14
0041ee24	Label	LAB_0041ee24
0041ee28	Label	LAB_0041ee28
0041ee58	Label	LAB_0041ee58
0041ee94	Label	LAB_0041ee94
0041eea4	Label	LAB_0041eea4
0041ef30	Label	LAB_0041ef30
0041ef44	Label	LAB_0041ef44
0041ef50	Label	LAB_0041ef50
0041ef6c	Label	LAB_0041ef6c
0041ef70	Label	LAB_0041ef70
0041efc0	Label	LAB_0041efc0
0041efc4	Label	LAB_0041efc4
0041f010	Label	LAB_0041f010
0041f034	Label	LAB_0041f034
0041f044	Label	LAB_0041f044
0041f054	Label	LAB_0041f054
0041f080	Label	LAB_0041f080
0041f094	Label	LAB_0041f094
0041f0a8	Label	LAB_0041f0a8
0041f0d8	Label	LAB_0041f0d8
0041f140	Label	LAB_0041f140
0041f154	Label	LAB_0041f154
0041f15c	Label	LAB_0041f15c
0041f174	Label	LAB_0041f174
0041f198	Label	LAB_0041f198
0041f1b0	Label	LAB_0041f1b0
0041f1c0	Label	LAB_0041f1c0
0041f1fc	Label	LAB_0041f1fc
0041f200	Label	LAB_0041f200
0041f210	Label	LAB_0041f210
0041f288	Label	LAB_0041f288
0041f29c	Label	LAB_0041f29c
0041f2b4	Label	LAB_0041f2b4
0041f2e0	Label	LAB_0041f2e0
0041f30c	Label	LAB_0041f30c
0041f354	Label	LAB_0041f354
0041f368	Label	LAB_0041f368
0041f39c	Label	LAB_0041f39c
0041f3b0	Label	LAB_0041f3b0
0041f3c4	Label	LAB_0041f3c4
0041f3f4	Label	LAB_0041f3f4
0041f408	Label	LAB_0041f408
0041f47c	Label	LAB_0041f47c
0041f498	Label	LAB_0041f498
0041f4d4	Label	LAB_0041f4d4
0041f53c	Label	LAB_0041f53c
0041f704	Label	LAB_0041f704
0041fc0c	Label	LAB_0041fc0c
0041fc18	Label	LAB_0041fc18
0041fc20	Label	LAB_0041fc20
0041fc4c	Label	LAB_0041fc4c
0041fc64	Label	LAB_0041fc64
0041fc78	Label	LAB_0041fc78
0041fcc8	Label	LAB_0041fcc8
0041fce4	Label	LAB_0041fce4
0041fcf8	Label	LAB_0041fcf8
0041fd34	Label	LAB_0041fd34
0041fdbc	Label	LAB_0041fdbc
0041fe14	Label	LAB_0041fe14
0041fe18	Label	LAB_0041fe18
0041fe28	Label	LAB_0041fe28
0041fe5c	Function	FUN_0041fe5c
0041fe98	Label	LAB_0041fe98
0041fe9c	Label	LAB_0041fe9c
0041feac	Label	LAB_0041feac
0041fef8	Label	LAB_0041fef8
0041fefc	Label	LAB_0041fefc
0041ff18	Function	FUN_0041ff18
0041ff60	Function	FUN_0041ff60
0041ff84	Function	FUN_0041ff84
0041ffb0	Label	LAB_0041ffb0
0041ffc0	Function	FUN_0041ffc0
00420000	Label	LAB_00420000
00420008	Label	LAB_00420008
0042001c	Label	LAB_0042001c
00420038	Label	LAB_00420038
0042004c	Function	FUN_0042004c
00420094	Label	LAB_00420094
004200a0	Label	LAB_004200a0
004200e8	Label	LAB_004200e8
004200ec	Label	LAB_004200ec
0042010c	Function	FUN_0042010c
0042012c	Function	FUN_0042012c
00420174	Function	FUN_00420174
004201b8	Label	LAB_004201b8
004201dc	Label	LAB_004201dc
004201e8	Label	LAB_004201e8
00420218	Label	LAB_00420218
00420294	Label	LAB_00420294
004202b4	Label	LAB_004202b4
004202c0	Label	LAB_004202c0
004202f4	Label	LAB_004202f4
00420328	Label	LAB_00420328
0042032c	Label	LAB_0042032c
0042036c	Function	FUN_0042036c
004203a8	Label	LAB_004203a8
004203c0	Label	LAB_004203c0
004203cc	Label	LAB_004203cc
004203e0	Label	LAB_004203e0
0042041c	Label	LAB_0042041c
00420420	Label	LAB_00420420
00420428	Label	LAB_00420428
00420444	Label	LAB_00420444
00420450	Label	LAB_00420450
00420468	Label	LAB_00420468
00420470	Label	LAB_00420470
004205a0	Label	LAB_004205a0
004205a4	Label	LAB_004205a4
004205ac	Label	LAB_004205ac
004205c0	Label	LAB_004205c0
004205d4	Label	LAB_004205d4
004205f4	Label	LAB_004205f4
0042060c	Label	LAB_0042060c
00420628	Label	LAB_00420628
00420648	Label	LAB_00420648
004206d8	Label	LAB_004206d8
00420700	Label	LAB_00420700
0042070c	Label	LAB_0042070c
00420720	Label	LAB_00420720
00420764	Label	LAB_00420764
00420780	Label	LAB_00420780
00420794	Label	LAB_00420794
004207a4	Label	LAB_004207a4
004207d8	Label	LAB_004207d8
004207f8	Label	LAB_004207f8
00420818	Label	LAB_00420818
00420838	Label	LAB_00420838
0042084c	Function	FUN_0042084c
00420858	Function	FUN_00420858
00420884	Label	LAB_00420884
004208b0	Function	FUN_004208b0
004208dc	Label	LAB_004208dc
0042091c	Label	LAB_0042091c
00420950	Label	LAB_00420950
00420980	Label	LAB_00420980
004209a8	Label	LAB_004209a8
004209bc	Function	FUN_004209bc
004209e8	Label	LAB_004209e8
00420a1c	Function	FUN_00420a1c
00420a48	Label	LAB_00420a48
00420a68	Label	LAB_00420a68
00420a88	Label	LAB_00420a88
00420ab8	Label	LAB_00420ab8
00420ac8	Label	LAB_00420ac8
00420ad8	Function	FUN_00420ad8
00420afc	Label	LAB_00420afc
00420b18	Label	LAB_00420b18
00420b28	Label	LAB_00420b28
00420b40	Function	FUN_00420b40
00420b58	Label	LAB_00420b58
00420b60	Function	FUN_00420b60
00420b8c	Label	LAB_00420b8c
00420bac	Label	LAB_00420bac
00420bcc	Label	LAB_00420bcc
00420bec	Label	LAB_00420bec
00420c08	Function	FUN_00420c08
00420c14	Function	FUN_00420c14
00420c34	Label	LAB_00420c34
00420c44	Function	FUN_00420c44
00420c78	Label	LAB_00420c78
00420c90	Label	LAB_00420c90
00420d00	Label	LAB_00420d00
00420d10	Label	LAB_00420d10
00420d70	Label	LAB_00420d70
00420d80	Label	LAB_00420d80
00420d90	Function	FUN_00420d90
00420dd8	Function	FUN_00420dd8
00420e78	Label	LAB_00420e78
00420eac	Function	FUN_00420eac
00420f4c	Label	LAB_00420f4c
00420f80	Function	FUN_00420f80
00420ff8	Label	LAB_00420ff8
00421044	Function	FUN_00421044
00421098	Label	LAB_00421098
004210ec	Label	LAB_004210ec
00421120	Label	LAB_00421120
00421144	Label	LAB_00421144
00421148	Label	LAB_00421148
00421150	Label	LAB_00421150
00421158	Label	LAB_00421158
00421188	Label	LAB_00421188
00421194	Function	FUN_00421194
004211e8	Label	LAB_004211e8
00421234	Label	LAB_00421234
0042126c	Label	LAB_0042126c
00421290	Label	LAB_00421290
00421294	Label	LAB_00421294
0042129c	Label	LAB_0042129c
004212a4	Label	LAB_004212a4
004212d4	Label	LAB_004212d4
004212e0	Function	FUN_004212e0
0042130c	Label	LAB_0042130c
0042134c	Label	LAB_0042134c
0042136c	Label	LAB_0042136c
004213a0	Function	FUN_004213a0
004213c8	Label	LAB_004213c8
004213e4	Label	LAB_004213e4
00421404	Label	LAB_00421404
00421414	Function	FUN_00421414
0042143c	Label	LAB_0042143c
00421464	Function	FUN_00421464
00421484	Label	LAB_00421484
0042148c	Function	FUN_0042148c
004214b4	Label	LAB_004214b4
004214c4	Function	FUN_004214c4
004214f8	Function	FUN_004214f8
00421528	Label	LAB_00421528
0042153c	Label	LAB_0042153c
00421568	Label	LAB_00421568
00421580	Label	LAB_00421580
004215ac	Label	LAB_004215ac
004215cc	Label	LAB_004215cc
004215ec	Label	LAB_004215ec
0042160c	Label	LAB_0042160c
00421628	Label	LAB_00421628
00421658	Label	LAB_00421658
00421668	Function	FUN_00421668
00421bd8	Label	LAB_00421bd8
00421c00	Function	FUN_00421c00
00421c44	Label	LAB_00421c44
00421ca0	Label	LAB_00421ca0
00421cc0	Function	FUN_00421cc0
00421d00	Label	LAB_00421d00
00421d10	Label	LAB_00421d10
00421d2c	Label	LAB_00421d2c
00421d4c	Label	LAB_00421d4c
00421d54	Function	FUN_00421d54
00421dfc	Label	LAB_00421dfc
00421e10	Label	LAB_00421e10
00421e20	Label	LAB_00421e20
00421e54	Label	LAB_00421e54
00421e68	Label	LAB_00421e68
00421e78	Label	LAB_00421e78
00421e84	Label	LAB_00421e84
00421e94	Label	LAB_00421e94
00421ed8	Label	LAB_00421ed8
00421ef8	Label	LAB_00421ef8
00421f00	Label	LAB_00421f00
00421f18	Label	LAB_00421f18
00421f34	Label	LAB_00421f34
00421f4c	Label	LAB_00421f4c
00421f58	Function	FUN_00421f58
00421fa4	Label	LAB_00421fa4
00422040	Label	LAB_00422040
00422070	Label	LAB_00422070
004220cc	Label	LAB_004220cc
004220f0	Label	LAB_004220f0
00422118	Function	FUN_00422118
00422174	Label	LAB_00422174
00422194	Label	LAB_00422194
0042219c	Function	FUN_0042219c
0042221c	Label	LAB_0042221c
0042222c	Label	LAB_0042222c
00422258	Label	LAB_00422258
00422274	Label	LAB_00422274
00422294	Label	LAB_00422294
0042229c	Function	FUN_0042229c
004222ec	Label	LAB_004222ec
00422370	Function	FUN_00422370
004223c8	Label	switchD_00422434::caseD_0
004223c8	Label	switchD_00422434::caseD_11
004223c8	Label	switchD_00422434::caseD_12
004223c8	Label	switchD_00422434::caseD_13
004223c8	Label	switchD_00422434::caseD_14
004223dc	Label	LAB_004223dc
00422434	Label	switchD_00422434::switchD
0042243c	Label	LAB_0042243c
00422440	Label	LAB_00422440
00422478	Label	switchD_00422434::caseD_10
00422484	Label	switchD_00422434::caseD_9
00422484	Label	switchD_00422434::caseD_a
00422484	Label	switchD_00422434::caseD_15
004224a0	Label	switchD_00422434::caseD_b
004224c4	Label	LAB_004224c4
004224c8	Label	LAB_004224c8
004224dc	Label	switchD_00422434::caseD_c
00422544	Label	LAB_00422544
00422554	Label	LAB_00422554
0042256c	Label	switchD_00422434::caseD_d
00422580	Label	switchD_00422434::caseD_e
004225d0	Label	LAB_004225d0
004225d4	Label	LAB_004225d4
004225e8	Label	switchD_00422434::caseD_f
0042262c	Label	LAB_0042262c
0042263c	Label	switchD_00422434::caseD_1
00422650	Label	switchD_00422434::caseD_2
00422664	Label	switchD_00422434::caseD_3
00422678	Label	switchD_00422434::caseD_4
00422690	Label	switchD_00422434::caseD_5
004226a8	Label	switchD_00422434::caseD_6
004226c0	Label	switchD_00422434::caseD_7
004226d4	Label	switchD_00422434::caseD_8
004226e8	Label	LAB_004226e8
004226f0	Label	LAB_004226f0
004226f8	Label	LAB_004226f8
0042271c	Label	LAB_0042271c
0042272c	Label	LAB_0042272c
00422744	Label	LAB_00422744
0042274c	Label	LAB_0042274c
00422758	Label	LAB_00422758
00422764	Label	LAB_00422764
00422770	Function	FUN_00422770
004227c8	Label	LAB_004227c8
004227dc	Label	LAB_004227dc
004227e4	Function	FUN_004227e4
00422828	Label	LAB_00422828
00422894	Label	LAB_00422894
004228a4	Label	LAB_004228a4
004228d0	Label	LAB_004228d0
004228f4	Label	LAB_004228f4
00422914	Label	LAB_00422914
0042291c	Function	FUN_0042291c
00422930	Function	FUN_00422930
00422958	Label	LAB_00422958
00422974	Function	FUN_00422974
00422980	Function	FUN_00422980
004229c8	Label	LAB_004229c8
004229dc	Label	LAB_004229dc
00422a34	Label	LAB_00422a34
00422aa4	Label	LAB_00422aa4
00422aa8	Label	LAB_00422aa8
00422aac	Label	LAB_00422aac
00422acc	Label	LAB_00422acc
00422b04	Label	LAB_00422b04
00422b2c	Label	LAB_00422b2c
00422b4c	Label	LAB_00422b4c
00422b58	Label	LAB_00422b58
00422ba8	Function	FUN_00422ba8
00422bf0	Label	LAB_00422bf0
00422d08	Label	LAB_00422d08
00422fac	Function	FUN_00422fac
00422fd0	Label	LAB_00422fd0
00422ff0	Label	LAB_00422ff0
00422ff8	Label	LAB_00422ff8
00423010	Label	LAB_00423010
00423024	Function	FUN_00423024
0042306c	Label	LAB_0042306c
004230b4	Label	LAB_004230b4
004230d0	Label	LAB_004230d0
004230dc	Label	LAB_004230dc
004230e0	Label	LAB_004230e0
004230ec	Label	LAB_004230ec
00423118	Label	LAB_00423118
004231b8	Function	FUN_004231b8
00423220	Label	LAB_00423220
00423288	Label	LAB_00423288
004232d8	Label	LAB_004232d8
004232dc	Label	LAB_004232dc
0042333c	Label	LAB_0042333c
004233cc	Function	FUN_004233cc
00423414	Label	LAB_00423414
0042342c	Label	LAB_0042342c
0042343c	Label	LAB_0042343c
00423444	Label	LAB_00423444
00423454	Label	LAB_00423454
00423458	Label	LAB_00423458
0042347c	Label	LAB_0042347c
00423524	Label	LAB_00423524
00423534	Label	LAB_00423534
00423544	Label	LAB_00423544
004235c0	Label	LAB_004235c0
00423610	Label	LAB_00423610
0042363c	Label	LAB_0042363c
00423650	Label	LAB_00423650
00423658	Label	LAB_00423658
00423670	Label	LAB_00423670
00423678	Label	LAB_00423678
00423690	Label	LAB_00423690
004236a4	Label	LAB_004236a4
004236bc	Label	LAB_004236bc
004236e8	Label	LAB_004236e8
004236f0	Label	LAB_004236f0
00423758	Label	LAB_00423758
0042375c	Label	LAB_0042375c
004237d0	Label	LAB_004237d0
004237e0	Label	LAB_004237e0
004237e4	Label	LAB_004237e4
00423840	Label	LAB_00423840
00423880	Label	LAB_00423880
00423888	Label	LAB_00423888
004238b0	Label	LAB_004238b0
004238cc	Label	LAB_004238cc
004238dc	Label	LAB_004238dc
004238f0	Label	LAB_004238f0
00423900	Label	LAB_00423900
00423908	Label	LAB_00423908
00423910	Label	LAB_00423910
00423920	Label	LAB_00423920
00423960	Label	LAB_00423960
00423964	Label	LAB_00423964
004239a8	Label	LAB_004239a8
004239c4	Label	LAB_004239c4
004239d4	Function	FUN_004239d4
00423a04	Label	LAB_00423a04
00423a14	Label	LAB_00423a14
00423a34	Label	LAB_00423a34
00423b88	Function	FUN_00423b88
00423bb8	Function	FUN_00423bb8
00423bdc	Function	FUN_00423bdc
00423be8	Label	LAB_00423be8
00423bf0	Label	LAB_00423bf0
00423c98	Label	LAB_00423c98
00423c9c	Label	LAB_00423c9c
00423cb8	Label	LAB_00423cb8
00423d18	Label	LAB_00423d18
00423d30	Label	LAB_00423d30
00423d8c	Label	switchD_00423e10::caseD_0
00423d8c	Label	switchD_00423e10::caseD_11
00423d8c	Label	switchD_00423e10::caseD_12
00423d8c	Label	switchD_00423e10::caseD_13
00423d8c	Label	switchD_00423e10::caseD_14
00423d8c	Label	switchD_00423e10::caseD_16
00423d8c	Label	switchD_00423e10::caseD_17
00423d8c	Label	switchD_00423e10::caseD_18
00423d94	Label	LAB_00423d94
00423da8	Label	LAB_00423da8
00423e10	Label	switchD_00423e10::switchD
00423e18	Label	LAB_00423e18
00423e1c	Label	LAB_00423e1c
00423e58	Label	switchD_00423e10::caseD_d
00423e70	Label	LAB_00423e70
00423e74	Label	LAB_00423e74
00423e88	Label	switchD_00423e10::caseD_19
00423e98	Label	switchD_00423e10::caseD_10
00423ea0	Label	LAB_00423ea0
00423eb8	Label	switchD_00423e10::caseD_1
00423ec4	Label	switchD_00423e10::caseD_2
00423ed8	Label	switchD_00423e10::caseD_3
00423ee4	Label	switchD_00423e10::caseD_4
00423f18	Label	switchD_00423e10::caseD_5
00423f20	Label	LAB_00423f20
00423f40	Label	switchD_00423e10::caseD_6
00423f4c	Label	switchD_00423e10::caseD_7
00423f58	Label	switchD_00423e10::caseD_8
00423f6c	Label	switchD_00423e10::caseD_9
00423f6c	Label	switchD_00423e10::caseD_a
00423f6c	Label	switchD_00423e10::caseD_15
00423f8c	Label	switchD_00423e10::caseD_c
00423fc8	Label	LAB_00423fc8
00423fe8	Label	LAB_00423fe8
00424004	Label	switchD_00423e10::caseD_f
00424044	Label	LAB_00424044
00424060	Label	switchD_00423e10::caseD_b
00424080	Label	LAB_00424080
00424084	Label	LAB_00424084
00424098	Label	switchD_00423e10::caseD_e
004240e4	Label	LAB_004240e4
004240e8	Label	LAB_004240e8
004240fc	Label	LAB_004240fc
00424120	Label	LAB_00424120
00424150	Label	LAB_00424150
00424158	Label	LAB_00424158
00424160	Label	LAB_00424160
00424168	Label	LAB_00424168
0042418c	Label	LAB_0042418c
004241c4	Label	LAB_004241c4
004241d0	Label	LAB_004241d0
004241dc	Label	LAB_004241dc
004241e8	Function	FUN_004241e8
0042422c	Function	FUN_0042422c
00424270	Label	LAB_00424270
0042428c	Label	LAB_0042428c
00424290	Label	LAB_00424290
004242b0	Label	LAB_004242b0
00424308	Function	FUN_00424308
00424348	Label	LAB_00424348
0042434c	Label	LAB_0042434c
00424374	Label	LAB_00424374
00424384	Label	LAB_00424384
004243a0	Label	LAB_004243a0
004243b0	Label	LAB_004243b0
004243d0	Label	LAB_004243d0
004243e0	Label	LAB_004243e0
00424400	Label	LAB_00424400
00424408	Function	FUN_00424408
004244e4	Label	LAB_004244e4
004244e8	Label	LAB_004244e8
0042457c	Label	LAB_0042457c
004245e4	Label	LAB_004245e4
00424604	Label	LAB_00424604
0042460c	Label	LAB_0042460c
00424640	Label	LAB_00424640
00424680	Label	LAB_00424680
0042469c	Label	LAB_0042469c
004246a8	Label	LAB_004246a8
004246f4	Label	LAB_004246f4
00424714	Label	LAB_00424714
00424718	Label	LAB_00424718
00424760	Label	LAB_00424760
00424764	Label	LAB_00424764
00424770	Label	LAB_00424770
00424798	Label	LAB_00424798
004247b0	Label	LAB_004247b0
004247bc	Function	FUN_004247bc
00424804	Label	LAB_00424804
00424830	Label	LAB_00424830
00424840	Label	LAB_00424840
00424860	Label	LAB_00424860
00424868	Label	LAB_00424868
00424888	Function	FUN_00424888
004248d0	Label	LAB_004248d0
004248fc	Label	LAB_004248fc
0042490c	Label	LAB_0042490c
0042492c	Label	LAB_0042492c
00424934	Label	LAB_00424934
00424954	Function	FUN_00424954
004249a8	Label	LAB_004249a8
004249d4	Label	LAB_004249d4
004249e4	Label	LAB_004249e4
00424a04	Label	LAB_00424a04
00424a0c	Label	LAB_00424a0c
00424a30	Function	FUN_00424a30
00424aa0	Label	LAB_00424aa0
00424ad8	Label	LAB_00424ad8
00424ae0	Label	LAB_00424ae0
00424b20	Label	LAB_00424b20
00424b44	Label	LAB_00424b44
00424b74	Label	LAB_00424b74
00424b9c	Label	LAB_00424b9c
00424bbc	Label	LAB_00424bbc
00424bc4	Label	LAB_00424bc4
00424c10	Label	LAB_00424c10
00424c40	Function	FUN_00424c40
00424cbc	Label	LAB_00424cbc
00424cec	Label	LAB_00424cec
00424d70	Label	LAB_00424d70
00424d90	Label	LAB_00424d90
00424d98	Label	LAB_00424d98
00424dc4	Function	FUN_00424dc4
00424e48	Label	LAB_00424e48
00424e78	Label	LAB_00424e78
00424ef4	Label	LAB_00424ef4
00424f14	Label	LAB_00424f14
00424f1c	Label	LAB_00424f1c
00424f48	Function	FUN_00424f48
00424fc4	Label	LAB_00424fc4
00424ff4	Label	LAB_00424ff4
0042506c	Label	LAB_0042506c
0042508c	Label	LAB_0042508c
00425094	Label	LAB_00425094
004250c0	Function	FUN_004250c0
0042510c	Label	LAB_0042510c
00425140	Label	LAB_00425140
00425150	Label	LAB_00425150
00425170	Label	LAB_00425170
00425190	Label	LAB_00425190
00425198	Label	LAB_00425198
004251bc	Function	FUN_004251bc
00425210	Label	LAB_00425210
00425220	Label	LAB_00425220
00425244	Label	LAB_00425244
00425254	Label	LAB_00425254
00425274	Label	LAB_00425274
0042527c	Function	FUN_0042527c
004252c4	Label	LAB_004252c4
004252e4	Label	LAB_004252e4
004252ec	Function	FUN_004252ec
004252fc	Function	FUN_004252fc
00425324	Label	LAB_00425324
0042533c	Function	FUN_0042533c
00425364	Label	LAB_00425364
0042536c	Function	FUN_0042536c
0042542c	Label	LAB_0042542c
00425450	Label	LAB_00425450
00425470	Label	LAB_00425470
00425478	Function	FUN_00425478
004254c0	Label	LAB_004254c0
004254d8	Label	LAB_004254d8
00425500	Function	FUN_00425500
00425560	Label	LAB_00425560
00425584	Label	LAB_00425584
004255a8	Label	LAB_004255a8
004255c8	Label	LAB_004255c8
004256c8	Function	FUN_004256c8
004256e8	Label	LAB_004256e8
00425720	Function	FUN_00425720
00425778	Label	LAB_00425778
00425798	Label	LAB_00425798
004257fc	Function	FUN_004257fc
0042581c	Label	LAB_0042581c
004259dc	Function	FUN_004259dc
004259e8	Function	FUN_004259e8
004259fc	Function	FUN_004259fc
00425a48	Label	LAB_00425a48
00425a68	Label	LAB_00425a68
00425a74	Label	LAB_00425a74
00425aa8	Label	LAB_00425aa8
00425ad4	Label	LAB_00425ad4
00425aec	Label	LAB_00425aec
00425af4	Label	LAB_00425af4
00425b10	Label	LAB_00425b10
00425b20	Label	LAB_00425b20
00425b34	Label	LAB_00425b34
00425b3c	Label	LAB_00425b3c
00425b4c	Label	LAB_00425b4c
00425b70	Label	LAB_00425b70
00425b78	Label	LAB_00425b78
00425b88	Function	FUN_00425b88
00425bc0	Label	LAB_00425bc0
00425c04	Label	LAB_00425c04
00425c18	Function	FUN_00425c18
00425c58	Label	LAB_00425c58
00425c80	Function	FUN_00425c80
00425cf4	Label	LAB_00425cf4
00425d00	Label	LAB_00425d00
00425d20	Label	LAB_00425d20
00425d3c	Label	LAB_00425d3c
00425d58	Label	LAB_00425d58
00425d68	Label	LAB_00425d68
00425d6c	Label	LAB_00425d6c
00425d84	Label	LAB_00425d84
00425d88	Label	LAB_00425d88
00425db4	Label	LAB_00425db4
00425de8	Label	LAB_00425de8
00425e0c	Label	LAB_00425e0c
00425e2c	Label	LAB_00425e2c
00425e34	Label	LAB_00425e34
0042612c	Function	FUN_0042612c
00426144	Function	FUN_00426144
0042616c	Label	LAB_0042616c
00426174	Function	FUN_00426174
00426184	Label	LAB_00426184
004261ac	Label	LAB_004261ac
004261c4	Function	FUN_004261c4
004261ec	Label	LAB_004261ec
00426380	Function	FUN_00426380
004263e4	Label	LAB_004263e4
00426454	Label	LAB_00426454
00426458	Label	LAB_00426458
0042648c	Label	LAB_0042648c
00426490	Label	LAB_00426490
004264bc	Label	LAB_004264bc
00426520	Label	LAB_00426520
00426540	Label	LAB_00426540
00426548	Label	LAB_00426548
004265a4	Label	LAB_004265a4
004265d0	Label	LAB_004265d0
004265e0	Label	LAB_004265e0
0042661c	Label	LAB_0042661c
00426638	Label	LAB_00426638
00426668	Label	LAB_00426668
00426680	Label	LAB_00426680
0042668c	Function	FUN_0042668c
004266f8	Label	LAB_004266f8
00426718	Label	LAB_00426718
004267a0	Label	LAB_004267a0
004267b8	Label	LAB_004267b8
004267e8	Label	LAB_004267e8
00426800	Label	LAB_00426800
0042682c	Label	LAB_0042682c
0042683c	Label	LAB_0042683c
0042684c	Label	LAB_0042684c
00426858	Label	LAB_00426858
00426864	Label	LAB_00426864
00426884	Label	LAB_00426884
0042688c	Label	LAB_0042688c
004268b0	Label	LAB_004268b0
004268e0	Function	FUN_004268e0
004268ec	Function	FUN_004268ec
00426904	Function	FUN_00426904
0042697c	Label	LAB_0042697c
00426990	Label	LAB_00426990
004269a0	Label	LAB_004269a0
00426ae0	Label	LAB_00426ae0
00426ae8	Label	LAB_00426ae8
00426b10	Label	LAB_00426b10
00426b88	Label	LAB_00426b88
00426b94	Label	LAB_00426b94
00426bb0	Label	LAB_00426bb0
00426be8	Label	LAB_00426be8
00426c00	Label	LAB_00426c00
00426c10	Function	FUN_00426c10
00426c1c	Function	FUN_00426c1c
00426c54	Label	LAB_00426c54
00426c84	Label	LAB_00426c84
00426c9c	Label	LAB_00426c9c
00426cc4	Label	LAB_00426cc4
00426cd0	Label	LAB_00426cd0
00426ce0	Label	LAB_00426ce0
00426cfc	Label	LAB_00426cfc
00426d18	Label	LAB_00426d18
00426dd0	Label	LAB_00426dd0
00426e1c	Label	LAB_00426e1c
00426e44	Label	LAB_00426e44
00426e54	Function	FUN_00426e54
00426e80	Label	LAB_00426e80
00426e94	Label	LAB_00426e94
00426ec8	Label	LAB_00426ec8
00426f2c	Label	LAB_00426f2c
00426f58	Label	LAB_00426f58
00426f64	Label	LAB_00426f64
00426f80	Label	LAB_00426f80
00426f90	Label	LAB_00426f90
00426fb4	Label	LAB_00426fb4
00426fd0	Label	LAB_00426fd0
00426fe8	Label	LAB_00426fe8
00427000	Label	LAB_00427000
00427010	Label	LAB_00427010
004270c4	Function	FUN_004270c4
00427104	Label	LAB_00427104
00427270	Function	FUN_00427270
004272b0	Label	LAB_004272b0
004272d8	Label	LAB_004272d8
004272f0	Label	LAB_004272f0
00427374	Label	LAB_00427374
004273b8	Label	LAB_004273b8
004273d8	Label	LAB_004273d8
004273f8	Label	LAB_004273f8
00427414	Label	LAB_00427414
00427474	Label	LAB_00427474
004274e4	Label	LAB_004274e4
004274f4	Label	LAB_004274f4
0042750c	Label	LAB_0042750c
00427530	Label	LAB_00427530
00427548	Function	FUN_00427548
004275c0	Label	LAB_004275c0
004275d4	Label	LAB_004275d4
004275e8	Label	LAB_004275e8
004275f8	Function	FUN_004275f8
00427634	Label	LAB_00427634
00427654	Label	LAB_00427654
004276ac	Label	LAB_004276ac
004276e8	Label	LAB_004276e8
00427708	Label	LAB_00427708
00427724	Function	FUN_00427724
00427748	Label	LAB_00427748
00427790	Label	LAB_00427790
00427810	Label	LAB_00427810
00427b7c	Function	FUN_00427b7c
00427be0	Label	LAB_00427be0
00427c0c	Label	LAB_00427c0c
00427c2c	Label	LAB_00427c2c
00427c6c	Label	LAB_00427c6c
00427ca0	Label	LAB_00427ca0
00427ce4	Label	LAB_00427ce4
00427d04	Label	LAB_00427d04
00427d2c	Label	LAB_00427d2c
00427d44	Label	LAB_00427d44
00427d64	Label	LAB_00427d64
00427d80	Function	FUN_00427d80
00427e04	Label	LAB_00427e04
00427e08	Label	LAB_00427e08
00427e18	Label	LAB_00427e18
00427ea4	Label	LAB_00427ea4
00427ef4	Label	LAB_00427ef4
00427f14	Label	LAB_00427f14
00427f68	Label	LAB_00427f68
00427fb4	Label	LAB_00427fb4
00428008	Label	LAB_00428008
00428020	Label	LAB_00428020
0042803c	Label	LAB_0042803c
00428060	Label	LAB_00428060
00428080	Function	FUN_00428080
00428100	Label	LAB_00428100
00428118	Label	LAB_00428118
00428138	Label	LAB_00428138
00428154	Label	LAB_00428154
00428198	Label	LAB_00428198
004281cc	Label	LAB_004281cc
00428210	Label	LAB_00428210
00428230	Label	LAB_00428230
00428278	Label	LAB_00428278
004282d0	Label	LAB_004282d0
00428328	Label	LAB_00428328
00428360	Label	LAB_00428360
00428380	Label	LAB_00428380
004283a0	Label	LAB_004283a0
004283b8	Label	LAB_004283b8
004283c8	Label	LAB_004283c8
004283e4	Label	LAB_004283e4
00428400	Function	FUN_00428400
0042840c	Function	FUN_0042840c
00428454	Function	FUN_00428454
00428474	Label	switchD_00428474::switchD
0042847c	Label	switchD_00428474::caseD_41
00428488	Label	switchD_00428474::caseD_40
00428494	Label	switchD_00428474::caseD_3f
004284a0	Label	switchD_00428474::caseD_3e
004284ac	Label	switchD_00428474::caseD_3d
004284b8	Label	switchD_00428474::caseD_3c
004284c4	Label	switchD_00428474::caseD_3b
004284d0	Label	switchD_00428474::caseD_3a
004284dc	Label	switchD_00428474::caseD_39
004284e8	Label	switchD_00428474::caseD_38
004284f4	Label	switchD_00428474::caseD_30
00428500	Label	switchD_00428474::caseD_2f
0042850c	Label	switchD_00428474::caseD_2c
00428518	Label	switchD_00428474::caseD_2b
00428524	Label	switchD_00428474::caseD_2a
00428530	Label	switchD_00428474::caseD_29
0042853c	Label	switchD_00428474::caseD_28
0042855c	Label	switchD_00428474::caseD_27
00428568	Label	switchD_00428474::caseD_26
00428574	Label	switchD_00428474::caseD_24
00428580	Label	switchD_00428474::caseD_23
0042858c	Label	switchD_00428474::caseD_22
00428598	Label	switchD_00428474::caseD_21
004285a4	Label	switchD_00428474::caseD_20
004285b0	Label	switchD_00428474::caseD_1f
004285bc	Label	switchD_00428474::caseD_1e
004285c8	Label	switchD_00428474::caseD_1c
004285d4	Label	switchD_00428474::caseD_1b
004285e0	Label	switchD_00428474::caseD_19
004285ec	Label	switchD_00428474::caseD_16
004285f8	Label	switchD_00428474::caseD_15
00428604	Label	switchD_00428474::caseD_14
00428610	Label	switchD_00428474::caseD_13
0042861c	Label	switchD_00428474::caseD_12
00428628	Label	switchD_00428474::caseD_11
00428634	Label	switchD_00428474::caseD_10
00428640	Label	switchD_00428474::caseD_f
0042864c	Label	switchD_00428474::caseD_c
00428658	Label	switchD_00428474::caseD_b
00428664	Label	switchD_00428474::caseD_a
00428670	Label	switchD_00428474::caseD_9
0042867c	Label	switchD_00428474::caseD_8
00428688	Label	switchD_00428474::caseD_7
00428694	Label	switchD_00428474::caseD_6
004286a0	Label	switchD_00428474::caseD_5
004286ac	Label	switchD_00428474::caseD_4
004286b8	Label	switchD_00428474::caseD_3
004286c4	Label	switchD_00428474::caseD_2
004286d0	Label	switchD_00428474::caseD_1
004286dc	Label	switchD_00428474::caseD_0
004286e8	Label	switchD_00428474::caseD_d
004286e8	Label	switchD_00428474::caseD_e
004286e8	Label	switchD_00428474::caseD_17
004286e8	Label	switchD_00428474::caseD_18
004286e8	Label	switchD_00428474::caseD_1a
004286e8	Label	switchD_00428474::caseD_1d
004286e8	Label	switchD_00428474::caseD_25
004286e8	Label	switchD_00428474::caseD_2d
004286e8	Label	switchD_00428474::caseD_2e
004286e8	Label	switchD_00428474::caseD_31
004286e8	Label	switchD_00428474::caseD_32
004286e8	Label	switchD_00428474::caseD_33
004286e8	Label	switchD_00428474::caseD_34
004286e8	Label	switchD_00428474::caseD_35
004286e8	Label	switchD_00428474::caseD_36
004286e8	Label	switchD_00428474::caseD_37
004286f0	Label	LAB_004286f0
004286f8	Function	FUN_004286f8
00428718	Label	switchD_00428718::switchD
00428720	Label	switchD_00428718::caseD_41
00428728	Label	switchD_00428718::caseD_d
00428728	Label	switchD_00428718::caseD_e
00428728	Label	switchD_00428718::caseD_17
00428728	Label	switchD_00428718::caseD_18
00428728	Label	switchD_00428718::caseD_1a
00428728	Label	switchD_00428718::caseD_1d
00428728	Label	switchD_00428718::caseD_1e
00428728	Label	switchD_00428718::caseD_1f
00428728	Label	switchD_00428718::caseD_2b
00428728	Label	switchD_00428718::caseD_2d
00428728	Label	switchD_00428718::caseD_2e
00428728	Label	switchD_00428718::caseD_2f
00428728	Label	switchD_00428718::caseD_30
00428728	Label	switchD_00428718::caseD_31
00428728	Label	switchD_00428718::caseD_32
00428728	Label	switchD_00428718::caseD_33
00428728	Label	switchD_00428718::caseD_34
00428728	Label	switchD_00428718::caseD_35
00428728	Label	switchD_00428718::caseD_36
00428728	Label	switchD_00428718::caseD_37
00428728	Label	switchD_00428718::caseD_3e
00428730	Label	switchD_00428718::caseD_40
0042873c	Label	switchD_00428718::caseD_3f
00428748	Label	switchD_00428718::caseD_3d
00428754	Label	switchD_00428718::caseD_3c
00428760	Label	switchD_00428718::caseD_3b
0042876c	Label	switchD_00428718::caseD_3a
00428778	Label	switchD_00428718::caseD_39
00428784	Label	switchD_00428718::caseD_38
00428790	Label	switchD_00428718::caseD_2c
0042879c	Label	switchD_00428718::caseD_2a
004287a8	Label	switchD_00428718::caseD_29
004287b4	Label	switchD_00428718::caseD_28
004287cc	Label	switchD_00428718::caseD_27
004287d8	Label	switchD_00428718::caseD_11
004287e4	Label	switchD_00428718::caseD_10
004287f0	Label	switchD_00428718::caseD_f
004287fc	Label	switchD_00428718::caseD_c
00428808	Label	switchD_00428718::caseD_b
00428814	Label	switchD_00428718::caseD_a
00428820	Label	switchD_00428718::caseD_9
0042882c	Label	switchD_00428718::caseD_8
00428838	Label	switchD_00428718::caseD_7
00428844	Label	switchD_00428718::caseD_6
00428850	Label	switchD_00428718::caseD_5
0042885c	Label	switchD_00428718::caseD_4
00428868	Label	switchD_00428718::caseD_3
00428874	Label	switchD_00428718::caseD_2
00428880	Label	switchD_00428718::caseD_1
0042888c	Label	switchD_00428718::caseD_0
00428898	Label	switchD_00428718::caseD_1c
004288a4	Label	switchD_00428718::caseD_1b
004288b0	Label	switchD_00428718::caseD_19
004288bc	Label	switchD_00428718::caseD_16
004288c8	Label	switchD_00428718::caseD_15
004288d4	Label	switchD_00428718::caseD_14
004288e0	Label	switchD_00428718::caseD_13
004288ec	Label	switchD_00428718::caseD_12
004288f8	Label	switchD_00428718::caseD_23
00428904	Label	switchD_00428718::caseD_22
00428910	Label	switchD_00428718::caseD_21
0042891c	Label	switchD_00428718::caseD_20
00428928	Label	switchD_00428718::caseD_25
00428944	Label	switchD_00428718::caseD_24
00428950	Label	switchD_00428718::caseD_26
00428960	Label	LAB_00428960
00428968	Function	FUN_00428968
004289dc	Label	LAB_004289dc
004289e4	Function	FUN_004289e4
00428a1c	Label	LAB_00428a1c
00428a24	Function	FUN_00428a24
00428a60	Label	LAB_00428a60
00428a7c	Function	FUN_00428a7c
00428b08	Label	LAB_00428b08
00428b1c	Label	LAB_00428b1c
00428b80	Label	LAB_00428b80
00428b94	Label	LAB_00428b94
00428bc8	Label	LAB_00428bc8
00428be0	Label	LAB_00428be0
00428be8	Label	LAB_00428be8
00428bf0	Label	LAB_00428bf0
00428bf8	Label	LAB_00428bf8
00428bfc	Label	LAB_00428bfc
00428c10	Label	LAB_00428c10
00428c18	Label	LAB_00428c18
00428c20	Label	LAB_00428c20
00428c28	Function	FUN_00428c28
00428c54	Label	LAB_00428c54
00428c5c	Label	LAB_00428c5c
00428c68	Label	LAB_00428c68
00428c70	Function	FUN_00428c70
00428d84	Label	LAB_00428d84
00428d94	Label	LAB_00428d94
00428dec	Label	LAB_00428dec
00428e00	Label	LAB_00428e00
00428e08	Label	LAB_00428e08
00428e68	Label	LAB_00428e68
00428ee0	Label	LAB_00428ee0
00428ee4	Label	LAB_00428ee4
00428f10	Label	LAB_00428f10
00428f24	Label	LAB_00428f24
00428f2c	Label	LAB_00428f2c
00428f34	Function	FUN_00428f34
00428f94	Label	LAB_00428f94
00428fb8	Label	LAB_00428fb8
00428ff0	Label	LAB_00428ff0
00429014	Label	LAB_00429014
0042904c	Label	LAB_0042904c
00429070	Label	LAB_00429070
004290bc	Label	LAB_004290bc
00429110	Label	LAB_00429110
00429150	Label	LAB_00429150
00429178	Label	LAB_00429178
004291a0	Label	LAB_004291a0
004291c8	Label	LAB_004291c8
004291f0	Label	LAB_004291f0
00429210	Label	LAB_00429210
0042922c	Function	FUN_0042922c
004292b8	Label	LAB_004292b8
00429318	Function	FUN_00429318
00429368	Label	LAB_00429368
0042938c	Label	LAB_0042938c
004293a0	Label	LAB_004293a0
004293bc	Function	FUN_004293bc
00429420	Label	LAB_00429420
00429430	Label	LAB_00429430
00429450	Function	FUN_00429450
00429460	Function	FUN_00429460
004294cc	Label	LAB_004294cc
004294d8	Label	LAB_004294d8
00429560	Label	LAB_00429560
004295fc	Label	LAB_004295fc
0042964c	Label	LAB_0042964c
00429650	Label	LAB_00429650
0042967c	Label	LAB_0042967c
00429680	Label	LAB_00429680
00429690	Label	LAB_00429690
004296fc	Label	LAB_004296fc
00429718	Label	LAB_00429718
00429788	Label	LAB_00429788
00429790	Label	LAB_00429790
004297a0	Label	LAB_004297a0
0042984c	Label	LAB_0042984c
0042985c	Label	LAB_0042985c
0042986c	Label	LAB_0042986c
00429888	Label	LAB_00429888
00429898	Label	LAB_00429898
004298b8	Label	LAB_004298b8
004298c0	Label	LAB_004298c0
004298f4	Label	LAB_004298f4
0042993c	Label	LAB_0042993c
00429988	Label	LAB_00429988
00429990	Label	LAB_00429990
00429cd8	Function	FUN_00429cd8
00429ce4	Label	LAB_00429ce4
00429cec	Label	LAB_00429cec
00429d64	Label	LAB_00429d64
00429dc4	Label	LAB_00429dc4
00429e10	Label	LAB_00429e10
00429e50	Label	LAB_00429e50
00429e7c	Label	LAB_00429e7c
00429ea8	Label	LAB_00429ea8
00429ed4	Label	LAB_00429ed4
00429ef4	Label	LAB_00429ef4
00429f04	Label	LAB_00429f04
00429f0c	Label	LAB_00429f0c
00429f14	Label	LAB_00429f14
00429f1c	Label	LAB_00429f1c
00429f24	Label	LAB_00429f24
00429f2c	Label	LAB_00429f2c
00429f34	Label	LAB_00429f34
00429f3c	Label	LAB_00429f3c
00429f44	Label	LAB_00429f44
00429f4c	Label	LAB_00429f4c
00429f54	Label	LAB_00429f54
00429f5c	Label	LAB_00429f5c
00429f64	Label	LAB_00429f64
00429f6c	Label	LAB_00429f6c
00429f74	Label	LAB_00429f74
00429f7c	Label	LAB_00429f7c
00429f84	Label	LAB_00429f84
00429f8c	Label	LAB_00429f8c
00429f94	Label	LAB_00429f94
00429f9c	Label	LAB_00429f9c
00429fa4	Label	LAB_00429fa4
00429fac	Label	LAB_00429fac
00429fb4	Label	LAB_00429fb4
00429fbc	Label	LAB_00429fbc
0042a0e8	Function	FUN_0042a0e8
0042a1d8	Function	FUN_0042a1d8
0042a240	Label	LAB_0042a240
0042a25c	Function	FUN_0042a25c
0042a278	Label	LAB_0042a278
0042a2c8	Function	FUN_0042a2c8
0042a3a4	Label	LAB_0042a3a4
0042a440	Function	FUN_0042a440
0042a4e0	Label	LAB_0042a4e0
0042a510	Label	LAB_0042a510
0042a518	Label	LAB_0042a518
0042a530	Label	LAB_0042a530
0042a538	Function	FUN_0042a538
0042a56c	Label	LAB_0042a56c
0042a588	Label	LAB_0042a588
0042a59c	Label	LAB_0042a59c
0042a5d8	Function	FUN_0042a5d8
0042a604	Label	LAB_0042a604
0042a614	Label	LAB_0042a614
0042a628	Function	FUN_0042a628
0042a67c	Label	LAB_0042a67c
0042a690	Label	LAB_0042a690
0042a6a4	Label	LAB_0042a6a4
0042a720	Function	FUN_0042a720
0042a76c	Label	LAB_0042a76c
0042a7c0	Label	LAB_0042a7c0
0042a800	Label	LAB_0042a800
0042a808	Function	FUN_0042a808
0042a834	Label	LAB_0042a834
0042a844	Label	LAB_0042a844
0042a860	Label	LAB_0042a860
0042a8b4	Function	FUN_0042a8b4
0042a8e4	Label	switchD_0042a8e4::switchD
0042a8ec	Label	switchD_0042a8e4::caseD_8
0042a8f4	Label	switchD_0042a8e4::caseD_4
0042a8f4	Label	switchD_0042a8e4::caseD_5
0042a8f4	Label	switchD_0042a8e4::caseD_6
0042a90c	Label	LAB_0042a90c
0042a91c	Label	LAB_0042a91c
0042a92c	Label	LAB_0042a92c
0042a94c	Label	switchD_0042a8e4::caseD_a
0042a958	Label	switchD_0042a8e4::caseD_0
0042a964	Label	switchD_0042a8e4::caseD_1
0042a970	Label	switchD_0042a8e4::caseD_2
0042a97c	Label	switchD_0042a8e4::caseD_3
0042a988	Label	switchD_0042a8e4::caseD_7
0042a994	Label	switchD_0042a8e4::caseD_9
0042a9a0	Label	LAB_0042a9a0
0042aaa4	Label	LAB_0042aaa4
0042aaa8	Label	LAB_0042aaa8
0042aae0	Label	LAB_0042aae0
0042ab5c	Label	LAB_0042ab5c
0042ab60	Label	LAB_0042ab60
0042ab7c	Label	LAB_0042ab7c
0042ab8c	Label	LAB_0042ab8c
0042ab90	Label	LAB_0042ab90
0042ab98	Label	LAB_0042ab98
0042ac3c	Label	LAB_0042ac3c
0042ac4c	Label	LAB_0042ac4c
0042acb4	Label	LAB_0042acb4
0042acec	Label	LAB_0042acec
0042ad14	Label	LAB_0042ad14
0042ad24	Label	LAB_0042ad24
0042ad34	Label	LAB_0042ad34
0042ad54	Label	LAB_0042ad54
0042ad74	Label	LAB_0042ad74
0042adc4	Label	LAB_0042adc4
0042adcc	Label	LAB_0042adcc
0042ade8	Label	LAB_0042ade8
0042ae08	Label	LAB_0042ae08
0042ae5c	Label	LAB_0042ae5c
0042ae6c	Label	LAB_0042ae6c
0042aec0	Label	LAB_0042aec0
0042af14	Label	LAB_0042af14
0042af20	Label	LAB_0042af20
0042af60	Label	LAB_0042af60
0042af8c	Label	LAB_0042af8c
0042afe8	Label	LAB_0042afe8
0042aff8	Label	LAB_0042aff8
0042b008	Label	LAB_0042b008
0042b044	Label	LAB_0042b044
0042b048	Label	LAB_0042b048
0042b084	Label	LAB_0042b084
0042b0a4	Label	LAB_0042b0a4
0042b0f0	Label	LAB_0042b0f0
0042b118	Label	LAB_0042b118
0042b164	Label	LAB_0042b164
0042b16c	Label	LAB_0042b16c
0042b190	Label	LAB_0042b190
0042b198	Label	LAB_0042b198
0042b1d0	Label	LAB_0042b1d0
0042b21c	Label	LAB_0042b21c
0042b234	Label	LAB_0042b234
0042b274	Label	LAB_0042b274
0042b2a0	Label	LAB_0042b2a0
0042b2bc	Label	LAB_0042b2bc
0042b2e4	Function	FUN_0042b2e4
0042b2f0	Function	FUN_0042b2f0
0042b338	Label	LAB_0042b338
0042b34c	Function	FUN_0042b34c
0042b3a8	Label	LAB_0042b3a8
0042b3ac	Label	LAB_0042b3ac
0042b3b0	Label	LAB_0042b3b0
0042b3d8	Label	LAB_0042b3d8
0042b3e4	Label	LAB_0042b3e4
0042b3f8	Label	LAB_0042b3f8
0042b400	Label	LAB_0042b400
0042b418	Label	LAB_0042b418
0042b450	Label	LAB_0042b450
0042b460	Label	LAB_0042b460
0042b474	Label	LAB_0042b474
0042b47c	Label	LAB_0042b47c
0042b49c	Label	LAB_0042b49c
0042b4b4	Function	FUN_0042b4b4
0042b4c0	Function	FUN_0042b4c0
0042b524	Label	LAB_0042b524
0042b550	Label	LAB_0042b550
0042b5a0	Label	LAB_0042b5a0
0042b5f0	Label	LAB_0042b5f0
0042b600	Label	LAB_0042b600
0042b650	Label	LAB_0042b650
0042b660	Label	LAB_0042b660
0042b6b0	Label	LAB_0042b6b0
0042b6cc	Label	LAB_0042b6cc
0042b6d4	Label	LAB_0042b6d4
0042b6e4	Label	LAB_0042b6e4
0042b6f4	Label	LAB_0042b6f4
0042b704	Label	LAB_0042b704
0042b714	Label	LAB_0042b714
0042b724	Label	LAB_0042b724
0042b734	Function	FUN_0042b734
0042b758	Label	LAB_0042b758
0042b764	Label	LAB_0042b764
0042b768	Label	LAB_0042b768
0042b780	Label	LAB_0042b780
0042b794	Label	LAB_0042b794
0042b840	Label	LAB_0042b840
0042b854	Label	LAB_0042b854
0042b868	Label	LAB_0042b868
0042b888	Function	FUN_0042b888
0042b894	Function	FUN_0042b894
0042b8a0	Function	FUN_0042b8a0
0042b8c8	Label	LAB_0042b8c8
0042b8e8	Function	FUN_0042b8e8
0042bb4c	Label	LAB_0042bb4c
0042bb64	Label	LAB_0042bb64
0042bb6c	Label	LAB_0042bb6c
0042bb70	Label	LAB_0042bb70
0042bb84	Label	LAB_0042bb84
0042bba4	Label	LAB_0042bba4
0042bc08	Label	LAB_0042bc08
0042bc2c	Label	LAB_0042bc2c
0042bc44	Label	LAB_0042bc44
0042bc58	Label	LAB_0042bc58
0042bc6c	Label	LAB_0042bc6c
0042bc80	Label	LAB_0042bc80
0042bc94	Label	LAB_0042bc94
0042bcc8	Function	FUN_0042bcc8
0042bd04	Label	LAB_0042bd04
0042bd10	Label	LAB_0042bd10
0042bd14	Label	LAB_0042bd14
0042bd64	Label	LAB_0042bd64
0042bd68	Label	LAB_0042bd68
0042bd70	Label	LAB_0042bd70
0042bd9c	Label	LAB_0042bd9c
0042bdc4	Label	LAB_0042bdc4
0042bdcc	Label	LAB_0042bdcc
0042bdec	Label	LAB_0042bdec
0042be20	Label	LAB_0042be20
0042be2c	Label	LAB_0042be2c
0042be40	Label	LAB_0042be40
0042bef0	Label	LAB_0042bef0
0042bef8	Label	LAB_0042bef8
0042bf00	Label	LAB_0042bf00
0042bf08	Label	LAB_0042bf08
0042bf1c	Label	LAB_0042bf1c
0042bf30	Label	LAB_0042bf30
0042c048	Function	FUN_0042c048
0042c074	Label	LAB_0042c074
0042c088	Function	FUN_0042c088
0042c0b4	Label	LAB_0042c0b4
0042c0b8	Label	LAB_0042c0b8
0042c0cc	Label	LAB_0042c0cc
0042c130	Label	LAB_0042c130
0042c144	Function	FUN_0042c144
0042c174	Label	LAB_0042c174
0042c1a0	Label	LAB_0042c1a0
0042c1ac	Label	LAB_0042c1ac
0042c1b0	Label	LAB_0042c1b0
0042c200	Label	LAB_0042c200
0042c204	Label	LAB_0042c204
0042c20c	Label	LAB_0042c20c
0042c238	Label	LAB_0042c238
0042c254	Label	LAB_0042c254
0042c27c	Label	LAB_0042c27c
0042c284	Label	LAB_0042c284
0042c2a4	Label	LAB_0042c2a4
0042c2d0	Label	LAB_0042c2d0
0042c2e4	Label	LAB_0042c2e4
0042c2f0	Label	LAB_0042c2f0
0042c2fc	Label	LAB_0042c2fc
0042c310	Label	LAB_0042c310
0042c3c0	Label	LAB_0042c3c0
0042c3cc	Label	LAB_0042c3cc
0042c3d4	Label	LAB_0042c3d4
0042c3e0	Label	LAB_0042c3e0
0042c3f4	Label	LAB_0042c3f4
0042c408	Label	LAB_0042c408
0042c41c	Label	LAB_0042c41c
0042c430	Function	FUN_0042c430
0042c45c	Label	LAB_0042c45c
0042c470	Function	FUN_0042c470
0042c490	Function	FUN_0042c490
0042c4b0	Function	FUN_0042c4b0
0042c500	Label	LAB_0042c500
0042c510	Label	LAB_0042c510
0042c530	Function	FUN_0042c530
0042c598	Label	LAB_0042c598
0042c5ac	Label	LAB_0042c5ac
0042c5b4	Function	FUN_0042c5b4
0042c5e0	Label	LAB_0042c5e0
0042c600	Label	LAB_0042c600
0042c630	Function	FUN_0042c630
0042c658	Label	LAB_0042c658
0042c660	Function	FUN_0042c660
0042c68c	Label	LAB_0042c68c
0042c6b0	Label	LAB_0042c6b0
0042c6e4	Function	FUN_0042c6e4
0042c6fc	Label	LAB_0042c6fc
0042c728	Label	LAB_0042c728
0042c748	Function	FUN_0042c748
0042c774	Label	LAB_0042c774
0042c780	Label	LAB_0042c780
0042c794	Label	LAB_0042c794
0042c7cc	Function	FUN_0042c7cc
0042c810	Label	LAB_0042c810
0042c814	Label	LAB_0042c814
0042c828	Label	LAB_0042c828
0042c87c	Function	FUN_0042c87c
0042c8a8	Label	LAB_0042c8a8
0042c8b8	Function	FUN_0042c8b8
0042c8dc	Function	FUN_0042c8dc
0042c90c	Label	LAB_0042c90c
0042c930	Function	FUN_0042c930
0042ca20	Function	FUN_0042ca20
0042ca84	Label	LAB_0042ca84
0042ca9c	Label	LAB_0042ca9c
0042cab4	Label	LAB_0042cab4
0042cad0	Label	LAB_0042cad0
0042caf8	Function	FUN_0042caf8
0042cb28	Label	LAB_0042cb28
0042cb34	Label	LAB_0042cb34
0042cb48	Label	LAB_0042cb48
0042cbfc	Function	FUN_0042cbfc
0042cc54	Label	LAB_0042cc54
0042cc6c	Function	FUN_0042cc6c
0042cc9c	Label	LAB_0042cc9c
0042ccbc	Label	LAB_0042ccbc
0042cd48	Function	FUN_0042cd48
0042cd74	Label	LAB_0042cd74
0042cd8c	Label	LAB_0042cd8c
0042cda8	Function	FUN_0042cda8
0042cdfc	Label	LAB_0042cdfc
0042ce18	Function	FUN_0042ce18
0042ce5c	Label	LAB_0042ce5c
0042ce64	Label	LAB_0042ce64
0042ce6c	Label	LAB_0042ce6c
0042cef8	Function	FUN_0042cef8
0042cf38	Label	LAB_0042cf38
0042cf4c	Label	LAB_0042cf4c
0042cf54	Label	LAB_0042cf54
0042cfa0	Label	LAB_0042cfa0
0042cfc0	Function	FUN_0042cfc0
0042cfd8	Label	LAB_0042cfd8
0042cfe4	Label	LAB_0042cfe4
0042cffc	Label	LAB_0042cffc
0042d004	Function	FUN_0042d004
0042d02c	Label	LAB_0042d02c
0042d03c	Label	LAB_0042d03c
0042d048	Label	LAB_0042d048
0042d050	Label	LAB_0042d050
0042d058	Function	FUN_0042d058
0042d0e8	Label	LAB_0042d0e8
0042d0fc	Label	LAB_0042d0fc
0042d10c	Label	LAB_0042d10c
0042d15c	Label	LAB_0042d15c
0042d184	Label	LAB_0042d184
0042d18c	Label	LAB_0042d18c
0042d19c	Label	LAB_0042d19c
0042d1b8	Label	LAB_0042d1b8
0042d1e0	Label	LAB_0042d1e0
0042d248	Function	FUN_0042d248
0042d2b0	Label	LAB_0042d2b0
0042d2c0	Label	LAB_0042d2c0
0042d324	Label	LAB_0042d324
0042d340	Label	LAB_0042d340
0042d35c	Label	LAB_0042d35c
0042d36c	Label	LAB_0042d36c
0042d3c4	Function	FUN_0042d3c4
0042d430	Function	FUN_0042d430
0042d51c	Label	LAB_0042d51c
0042d520	Label	LAB_0042d520
0042d540	Function	FUN_0042d540
0042d5a4	Label	LAB_0042d5a4
0042d5a8	Label	LAB_0042d5a8
0042d5c4	Label	LAB_0042d5c4
0042d5d8	Label	LAB_0042d5d8
0042d614	Label	LAB_0042d614
0042d62c	Label	LAB_0042d62c
0042d640	Function	FUN_0042d640
0042d68c	Label	LAB_0042d68c
0042d69c	Label	LAB_0042d69c
0042d72c	Function	FUN_0042d72c
0042d734	Function	FUN_0042d734
0042d7b8	Label	LAB_0042d7b8
0042d7d8	Function	FUN_0042d7d8
0042d874	Label	LAB_0042d874
0042d878	Label	LAB_0042d878
0042d884	Label	LAB_0042d884
0042d890	Label	LAB_0042d890
0042d8d0	Label	LAB_0042d8d0
0042d95c	Label	LAB_0042d95c
0042d9a4	Label	LAB_0042d9a4
0042d9c4	Label	LAB_0042d9c4
0042d9d4	Function	FUN_0042d9d4
0042db10	Label	LAB_0042db10
0042db48	Label	LAB_0042db48
0042db6c	Label	LAB_0042db6c
0042db78	Function	FUN_0042db78
0042dc00	Label	LAB_0042dc00
0042dc0c	Function	FUN_0042dc0c
0042dca8	Label	LAB_0042dca8
0042dcc0	Label	LAB_0042dcc0
0042dcf4	Function	FUN_0042dcf4
0042dd48	Label	LAB_0042dd48
0042dd5c	Label	LAB_0042dd5c
0042dd64	Function	FUN_0042dd64
0042ddb8	Label	LAB_0042ddb8
0042ddcc	Label	LAB_0042ddcc
0042ddd4	Function	FUN_0042ddd4
0042de5c	Label	LAB_0042de5c
0042de6c	Label	LAB_0042de6c
0042de74	Function	FUN_0042de74
0042de8c	Label	LAB_0042de8c
0042de94	Function	FUN_0042de94
0042dea0	Function	FUN_0042dea0
0042df04	Label	LAB_0042df04
0042df18	Label	LAB_0042df18
0042df24	Label	LAB_0042df24
0042df6c	Label	LAB_0042df6c
0042df70	Label	LAB_0042df70
0042dfa0	Label	LAB_0042dfa0
0042dfd4	Label	LAB_0042dfd4
0042dff8	Function	FUN_0042dff8
0042e040	Label	LAB_0042e040
0042e048	Label	LAB_0042e048
0042e04c	Label	LAB_0042e04c
0042e054	Label	LAB_0042e054
0042e058	Label	LAB_0042e058
0042e064	Label	LAB_0042e064
0042e070	Label	LAB_0042e070
0042e084	Label	LAB_0042e084
0042e08c	Label	LAB_0042e08c
0042e09c	Label	LAB_0042e09c
0042e0bc	Label	LAB_0042e0bc
0042e0e0	Label	LAB_0042e0e0
0042e0ec	Label	LAB_0042e0ec
0042e0f8	Label	LAB_0042e0f8
0042e104	Label	LAB_0042e104
0042e110	Function	FUN_0042e110
0042e164	Function	FUN_0042e164
0042e1a8	Label	LAB_0042e1a8
0042e1b4	Label	LAB_0042e1b4
0042e1c8	Label	LAB_0042e1c8
0042e1dc	Label	LAB_0042e1dc
0042e1f0	Function	FUN_0042e1f0
0042e234	Label	LAB_0042e234
0042e248	Function	FUN_0042e248
0042e294	Label	LAB_0042e294
0042e2b4	Label	LAB_0042e2b4
0042e2b8	Label	LAB_0042e2b8
0042e2d0	Label	LAB_0042e2d0
0042e2d8	Label	LAB_0042e2d8
0042e2dc	Label	LAB_0042e2dc
0042e330	Label	LAB_0042e330
0042e348	Label	LAB_0042e348
0042e35c	Function	FUN_0042e35c
0042e390	Label	LAB_0042e390
0042e3a4	Function	FUN_0042e3a4
0042e3d4	Label	LAB_0042e3d4
0042e3dc	Function	FUN_0042e3dc
0042e420	Label	LAB_0042e420
0042e434	Label	LAB_0042e434
0042e458	Label	LAB_0042e458
0042e470	Label	LAB_0042e470
0042e4ac	Function	FUN_0042e4ac
0042e4b4	Function	FUN_0042e4b4
0042e514	Label	LAB_0042e514
0042e51c	Label	LAB_0042e51c
0042e530	Function	FUN_0042e530
0042e538	Function	<EXTERNAL>::custom_tick_get
0042e540	Function	FUN_0042e540
0042e5a0	Label	LAB_0042e5a0
0042e5b0	Label	LAB_0042e5b0
0042e5b8	Function	FUN_0042e5b8
0042e604	Label	LAB_0042e604
0042e614	Label	LAB_0042e614
0042e61c	Function	FUN_0042e61c
0042e628	Function	FUN_0042e628
0042e65c	Label	LAB_0042e65c
0042e66c	Label	LAB_0042e66c
0042e68c	Label	LAB_0042e68c
0042e690	Label	LAB_0042e690
0042e734	Function	FUN_0042e734
0042e774	Label	LAB_0042e774
0042e7a8	Label	LAB_0042e7a8
0042e7b8	Label	LAB_0042e7b8
0042e7c8	Label	LAB_0042e7c8
0042e7dc	Label	LAB_0042e7dc
0042e7e0	Label	LAB_0042e7e0
0042e7e8	Label	LAB_0042e7e8
0042e818	Label	LAB_0042e818
0042e840	Label	LAB_0042e840
0042e848	Label	LAB_0042e848
0042e878	Label	LAB_0042e878
0042e8a0	Label	LAB_0042e8a0
0042e8a8	Label	LAB_0042e8a8
0042e8d8	Label	LAB_0042e8d8
0042e8fc	Label	LAB_0042e8fc
0042e928	Label	LAB_0042e928
0042e948	Label	LAB_0042e948
0042e974	Label	LAB_0042e974
0042e994	Label	LAB_0042e994
0042e9c0	Label	LAB_0042e9c0
0042e9e0	Label	LAB_0042e9e0
0042ea0c	Label	LAB_0042ea0c
0042ea2c	Label	LAB_0042ea2c
0042ea30	Label	LAB_0042ea30
0042ea34	Label	LAB_0042ea34
0042ea5c	Label	LAB_0042ea5c
0042ea6c	Label	LAB_0042ea6c
0042ea9c	Label	LAB_0042ea9c
0042eaac	Label	LAB_0042eaac
0042eabc	Label	LAB_0042eabc
0042eac4	Label	LAB_0042eac4
0042eacc	Label	LAB_0042eacc
0042eae0	Function	FUN_0042eae0
0042eaec	Function	FUN_0042eaec
0042eb30	Label	LAB_0042eb30
0042eb48	Label	LAB_0042eb48
0042eb6c	Label	LAB_0042eb6c
0042eb7c	Label	LAB_0042eb7c
0042eb98	Label	LAB_0042eb98
0042ebb8	Function	FUN_0042ebb8
0042ec0c	Function	FUN_0042ec0c
0042ec60	Function	FUN_0042ec60
0042ecc0	Label	LAB_0042ecc0
0042ecf4	Function	FUN_0042ecf4
0042ed24	Label	LAB_0042ed24
0042ed48	Label	LAB_0042ed48
0042edd8	Function	FUN_0042edd8
0042ee20	Function	FUN_0042ee20
0042ee6c	Function	FUN_0042ee6c
0042ee7c	Function	FUN_0042ee7c
0042ee88	Label	LAB_0042ee88
0042eec0	Label	LAB_0042eec0
0042eec8	Function	FUN_0042eec8
0042eee8	Function	FUN_0042eee8
0042eef4	Function	FUN_0042eef4
0042ef00	Function	FUN_0042ef00
0042ef34	Label	LAB_0042ef34
0042ef44	Label	LAB_0042ef44
0042ef54	Label	LAB_0042ef54
0042ef78	Function	FUN_0042ef78
0042efbc	Label	LAB_0042efbc
0042efcc	Label	LAB_0042efcc
0042efdc	Label	LAB_0042efdc
0042f000	Function	FUN_0042f000
0042f058	Label	LAB_0042f058
0042f0c4	Label	LAB_0042f0c4
0042f0d8	Label	LAB_0042f0d8
0042f0f0	Label	LAB_0042f0f0
0042f10c	Label	LAB_0042f10c
0042f134	Function	FUN_0042f134
0042f1e0	Label	LAB_0042f1e0
0042f220	Label	LAB_0042f220
0042f230	Label	LAB_0042f230
0042f254	Function	FUN_0042f254
0042f278	Label	LAB_0042f278
0042f27c	Label	LAB_0042f27c
0042f294	Label	LAB_0042f294
0042f338	Label	LAB_0042f338
0042f34c	Label	LAB_0042f34c
0042f360	Label	LAB_0042f360
0042f374	Function	FUN_0042f374
0042f398	Label	LAB_0042f398
0042f39c	Label	LAB_0042f39c
0042f3b0	Label	LAB_0042f3b0
0042f45c	Label	LAB_0042f45c
0042f470	Label	LAB_0042f470
0042f484	Label	LAB_0042f484
0042f4a0	Function	FUN_0042f4a0
0042f56c	Label	LAB_0042f56c
0042f570	Label	LAB_0042f570
0042f588	Label	LAB_0042f588
0042f5b4	Label	LAB_0042f5b4
0042f5d4	Function	FUN_0042f5d4
0042f5f8	Label	LAB_0042f5f8
0042f610	Label	LAB_0042f610
0042f680	Label	LAB_0042f680
0042f6a0	Label	LAB_0042f6a0
0042f6c0	Function	FUN_0042f6c0
0042f700	Label	LAB_0042f700
0042f710	Label	LAB_0042f710
0042f72c	Label	LAB_0042f72c
0042f7c4	Label	LAB_0042f7c4
0042f7e0	Label	LAB_0042f7e0
0042f7fc	Function	FUN_0042f7fc
0042f8a8	Label	LAB_0042f8a8
0042f93c	Label	LAB_0042f93c
0042f984	Label	LAB_0042f984
0042f994	Label	LAB_0042f994
0042f998	Label	LAB_0042f998
0042f9c0	Label	LAB_0042f9c0
0042f9d8	Label	LAB_0042f9d8
0042fa14	Label	LAB_0042fa14
0042fa30	Label	LAB_0042fa30
0042fa4c	Label	LAB_0042fa4c
0042fa64	Label	LAB_0042fa64
0042fa7c	Label	LAB_0042fa7c
0042fa98	Label	LAB_0042fa98
0042faa8	Label	LAB_0042faa8
0042fac8	Label	LAB_0042fac8
0042fae8	Label	LAB_0042fae8
0042faf0	Label	LAB_0042faf0
0042fb4c	Function	FUN_0042fb4c
0042fb68	Function	FUN_0042fb68
00430000	Label	DAT_00430000
00430004	Function	FUN_00430004
004300e4	Label	LAB_004300e4
0043012c	Label	LAB_0043012c
004301e8	Label	LAB_004301e8
004301f8	Label	LAB_004301f8
0043023c	Label	LAB_0043023c
00430264	Label	LAB_00430264
00430278	Label	LAB_00430278
0043028c	Label	LAB_0043028c
00430560	Label	LAB_00430560
00430568	Function	FUN_00430568
004305a8	Label	LAB_004305a8
004305d0	Label	LAB_004305d0
004305fc	Function	FUN_004305fc
00430640	Label	LAB_00430640
00430658	Label	LAB_00430658
0043067c	Label	LAB_0043067c
00430694	Label	LAB_00430694
00430698	Label	LAB_00430698
004306b4	Label	LAB_004306b4
004306cc	Label	LAB_004306cc
004306f4	Label	LAB_004306f4
00430f78	Function	FUN_00430f78
00430fec	Label	LAB_00430fec
00430ff8	Label	LAB_00430ff8
0043101c	Label	LAB_0043101c
00431038	Label	LAB_00431038
00431080	Label	LAB_00431080
00431084	Label	LAB_00431084
004310ac	Label	LAB_004310ac
004310d4	Label	LAB_004310d4
004310e0	Label	LAB_004310e0
00431100	Label	LAB_00431100
0043111c	Label	LAB_0043111c
00431164	Label	LAB_00431164
00431168	Label	LAB_00431168
00431190	Label	LAB_00431190
004311c4	Label	LAB_004311c4
004311cc	Label	LAB_004311cc
004311d4	Label	LAB_004311d4
0043123c	Label	LAB_0043123c
00431278	Label	LAB_00431278
0043127c	Label	LAB_0043127c
004312c4	Label	LAB_004312c4
004312d0	Label	LAB_004312d0
004312dc	Label	LAB_004312dc
004312ec	Label	LAB_004312ec
00431318	Label	LAB_00431318
0043132c	Label	LAB_0043132c
00431358	Label	LAB_00431358
00431384	Label	LAB_00431384
004313c0	Label	LAB_004313c0
004313cc	Function	FUN_004313cc
00431410	Label	LAB_00431410
0043141c	Label	LAB_0043141c
0043144c	Label	LAB_0043144c
00431470	Label	LAB_00431470
00431488	Label	LAB_00431488
004314a4	Label	LAB_004314a4
004314b0	Label	LAB_004314b0
004314e0	Label	LAB_004314e0
00431504	Label	LAB_00431504
0043151c	Label	LAB_0043151c
0043153c	Label	LAB_0043153c
00431540	Label	LAB_00431540
00431570	Label	LAB_00431570
00431594	Label	LAB_00431594
004315a8	Label	LAB_004315a8
004315c8	Label	LAB_004315c8
004315cc	Label	LAB_004315cc
00431600	Label	LAB_00431600
00431614	Label	LAB_00431614
00431624	Label	LAB_00431624
00431638	Label	LAB_00431638
00431658	Label	LAB_00431658
0043165c	Label	LAB_0043165c
00431690	Label	LAB_00431690
004316a4	Label	LAB_004316a4
004316b4	Label	LAB_004316b4
004316c8	Label	LAB_004316c8
004316e8	Label	LAB_004316e8
004316ec	Label	LAB_004316ec
00431720	Label	LAB_00431720
00431734	Label	LAB_00431734
00431744	Label	LAB_00431744
00431758	Label	LAB_00431758
00431778	Label	LAB_00431778
0043177c	Label	LAB_0043177c
004317ac	Label	LAB_004317ac
004317c8	Label	LAB_004317c8
004317d0	Label	LAB_004317d0
004317e4	Label	LAB_004317e4
00431804	Label	LAB_00431804
00431808	Label	LAB_00431808
00431838	Label	LAB_00431838
00431854	Label	LAB_00431854
0043185c	Label	LAB_0043185c
00431870	Label	LAB_00431870
0043188c	Label	LAB_0043188c
00431890	Label	LAB_00431890
004318c0	Label	LAB_004318c0
004318dc	Label	LAB_004318dc
004318e4	Label	LAB_004318e4
004318f8	Label	LAB_004318f8
00431918	Label	LAB_00431918
00431924	Label	LAB_00431924
00431930	Label	LAB_00431930
0043193c	Label	LAB_0043193c
00431948	Label	LAB_00431948
00431954	Label	LAB_00431954
00431960	Label	LAB_00431960
0043196c	Label	LAB_0043196c
0043197c	Label	LAB_0043197c
0043198c	Label	LAB_0043198c
004319c0	Label	LAB_004319c0
004319c8	Label	LAB_004319c8
004319d0	Label	LAB_004319d0
004319d8	Label	LAB_004319d8
004319e0	Label	LAB_004319e0
004319e8	Label	LAB_004319e8
004319f0	Label	LAB_004319f0
004319f8	Label	LAB_004319f8
00431a00	Label	LAB_00431a00
00431a08	Function	FUN_00431a08
00431a54	Label	LAB_00431a54
00431a90	Label	LAB_00431a90
00431aa4	Label	LAB_00431aa4
00431aa8	Label	LAB_00431aa8
00431ab8	Label	LAB_00431ab8
00431abc	Label	LAB_00431abc
00431acc	Label	LAB_00431acc
00431ad0	Label	LAB_00431ad0
00431ad4	Label	LAB_00431ad4
00431b04	Label	LAB_00431b04
00431b20	Label	LAB_00431b20
00431b28	Label	LAB_00431b28
00431b3c	Label	LAB_00431b3c
00431b5c	Label	LAB_00431b5c
00431b68	Label	LAB_00431b68
00431b8c	Label	LAB_00431b8c
00431b94	Label	LAB_00431b94
00431b9c	Label	LAB_00431b9c
00431bac	Label	LAB_00431bac
00431bb8	Label	LAB_00431bb8
00431bcc	Label	LAB_00431bcc
00433634	Function	FUN_00433634
00433668	Label	LAB_00433668
00433688	Label	LAB_00433688
0043369c	Function	FUN_0043369c
004336fc	Label	LAB_004336fc
00433734	Label	LAB_00433734
00433750	Label	LAB_00433750
00433754	Label	LAB_00433754
00433768	Label	LAB_00433768
00433778	Label	LAB_00433778
0043377c	Label	LAB_0043377c
00433780	Label	LAB_00433780
004337b0	Label	LAB_004337b0
004337cc	Label	LAB_004337cc
004337d4	Label	LAB_004337d4
004337e8	Label	LAB_004337e8
00433808	Label	LAB_00433808
00433814	Label	LAB_00433814
00433840	Label	LAB_00433840
00433848	Label	LAB_00433848
0043385c	Label	LAB_0043385c
00433860	Label	LAB_00433860
00433870	Label	LAB_00433870
00433878	Label	LAB_00433878
00433880	Label	LAB_00433880
00433888	Label	LAB_00433888
00433898	Label	LAB_00433898
004338ac	Label	LAB_004338ac
004338c8	Label	LAB_004338c8
00433a54	Function	FUN_00433a54
00433a9c	Label	LAB_00433a9c
00433ac0	Label	LAB_00433ac0
00433ad4	Label	LAB_00433ad4
00433af0	Label	LAB_00433af0
00433b9c	Label	LAB_00433b9c
00433ba0	Label	LAB_00433ba0
00433bb0	Label	LAB_00433bb0
00433bb4	Label	LAB_00433bb4
00433bc4	Label	LAB_00433bc4
00433bc8	Label	LAB_00433bc8
00433bcc	Label	LAB_00433bcc
00433bfc	Label	LAB_00433bfc
00433c18	Label	LAB_00433c18
00433c20	Label	LAB_00433c20
00433c34	Label	LAB_00433c34
00433c54	Label	LAB_00433c54
00433c60	Label	LAB_00433c60
00433c74	Label	LAB_00433c74
00433c7c	Label	LAB_00433c7c
00433c8c	Label	LAB_00433c8c
00433c9c	Label	LAB_00433c9c
00433cac	Label	LAB_00433cac
00433cd0	Function	FUN_00433cd0
00433d10	Label	LAB_00433d10
00433d28	Function	FUN_00433d28
00433da8	Label	LAB_00433da8
00433e24	Label	LAB_00433e24
00433e38	Label	LAB_00433e38
00433e78	Label	LAB_00433e78
00433e84	Label	LAB_00433e84
00433e94	Label	LAB_00433e94
00433ea4	Label	LAB_00433ea4
00433eec	Function	FUN_00433eec
00433f6c	Label	LAB_00433f6c
00433f88	Label	LAB_00433f88
00433fd8	Label	LAB_00433fd8
0043404c	Label	LAB_0043404c
00434108	Function	FUN_00434108
00434130	Label	LAB_00434130
00434140	Function	FUN_00434140
004341b0	Label	LAB_004341b0
0043425c	Label	LAB_0043425c
00434298	Label	LAB_00434298
00434334	Label	LAB_00434334
004343d0	Label	LAB_004343d0
0043446c	Label	LAB_0043446c
004344c8	Label	LAB_004344c8
004344e8	Label	LAB_004344e8
00434510	Label	LAB_00434510
00434530	Label	LAB_00434530
00434544	Label	LAB_00434544
00434558	Label	LAB_00434558
00434580	Function	FUN_00434580
004345d4	Label	LAB_004345d4
004345e4	Label	LAB_004345e4
004345f0	Label	LAB_004345f0
00434620	Label	LAB_00434620
0043465c	Label	LAB_0043465c
00434680	Label	LAB_00434680
004346a8	Label	LAB_004346a8
004346ac	Label	LAB_004346ac
004346f0	Label	LAB_004346f0
00434714	Label	LAB_00434714
00434738	Label	LAB_00434738
00434744	Label	LAB_00434744
0043476c	Label	LAB_0043476c
00434790	Label	LAB_00434790
004347e8	Label	LAB_004347e8
004347f4	Label	LAB_004347f4
004347fc	Label	LAB_004347fc
00434820	Label	LAB_00434820
00434844	Function	FUN_00434844
00434864	Label	LAB_00434864
00434870	Label	LAB_00434870
004348c8	Label	LAB_004348c8
004348ec	Label	LAB_004348ec
004348f8	Label	LAB_004348f8
00434900	Label	LAB_00434900
00434908	Label	LAB_00434908
00434910	Label	LAB_00434910
00434e6c	Function	FUN_00434e6c
00434eb0	Label	LAB_00434eb0
00434ebc	Label	LAB_00434ebc
00434ecc	Label	LAB_00434ecc
00434ed4	Label	LAB_00434ed4
00434ef0	Label	LAB_00434ef0
00434ef8	Label	LAB_00434ef8
00435038	Function	FUN_00435038
00435094	Label	LAB_00435094
004350c0	Label	LAB_004350c0
004350f0	Label	LAB_004350f0
00435108	Label	LAB_00435108
0043510c	Label	LAB_0043510c
00435140	Label	LAB_00435140
00435158	Label	LAB_00435158
00435168	Label	LAB_00435168
00435174	Label	LAB_00435174
004351a0	Label	LAB_004351a0
004351a4	Label	LAB_004351a4
004351b8	Label	LAB_004351b8
004351c0	Label	LAB_004351c0
004351c4	Label	LAB_004351c4
004351cc	Label	LAB_004351cc
00435200	Label	LAB_00435200
00435204	Label	LAB_00435204
00435228	Label	LAB_00435228
0043522c	Label	LAB_0043522c
0043523c	Label	LAB_0043523c
00435244	Label	LAB_00435244
00435248	Label	LAB_00435248
00435254	Label	LAB_00435254
00435280	Label	LAB_00435280
00435290	Label	LAB_00435290
004352a0	Label	LAB_004352a0
004352b0	Label	LAB_004352b0
004352c0	Label	LAB_004352c0
004352d0	Label	LAB_004352d0
004352e0	Label	LAB_004352e0
004352e8	Label	LAB_004352e8
004352f0	Label	LAB_004352f0
004352fc	Label	LAB_004352fc
00435328	Label	LAB_00435328
00435330	Label	LAB_00435330
0043533c	Label	LAB_0043533c
00435368	Label	LAB_00435368
00435374	Label	LAB_00435374
004356a0	Function	FUN_004356a0
004356cc	Label	LAB_004356cc
004356d8	Label	LAB_004356d8
00435744	Label	LAB_00435744
0043574c	Label	LAB_0043574c
00435768	Label	LAB_00435768
00435778	Label	LAB_00435778
004357a4	Label	LAB_004357a4
004357cc	Label	LAB_004357cc
004357d8	Label	LAB_004357d8
00435804	Label	LAB_00435804
00435848	Label	LAB_00435848
0043586c	Label	LAB_0043586c
00435888	Label	LAB_00435888
004358a4	Label	LAB_004358a4
004358b4	Label	LAB_004358b4
004358f4	Label	LAB_004358f4
00435914	Label	LAB_00435914
0043591c	Function	FUN_0043591c
00435998	Label	LAB_00435998
004359b8	Function	FUN_004359b8
00435a18	Function	FUN_00435a18
00435a84	Label	LAB_00435a84
00435ac8	Function	FUN_00435ac8
00435af0	Label	LAB_00435af0
00435b28	Label	LAB_00435b28
00435d2c	Function	FUN_00435d2c
00435d50	Label	LAB_00435d50
004360dc	Label	LAB_004360dc
004360e4	Label	LAB_004360e4
004360f0	Label	LAB_004360f0
00436140	Label	LAB_00436140
00436164	Label	LAB_00436164
00436174	Label	LAB_00436174
004361a0	Label	LAB_004361a0
004361c4	Label	LAB_004361c4
004361c8	Label	LAB_004361c8
0043620c	Label	LAB_0043620c
00436218	Label	LAB_00436218
00436230	Label	LAB_00436230
00436238	Label	LAB_00436238
00436240	Label	LAB_00436240
0043624c	Label	LAB_0043624c
00436258	Label	LAB_00436258
0043626c	Label	LAB_0043626c
00436284	Label	LAB_00436284
0043629c	Label	LAB_0043629c
004362c0	Label	LAB_004362c0
004362cc	Label	LAB_004362cc
004362d8	Label	LAB_004362d8
00436324	Label	LAB_00436324
00436334	Label	LAB_00436334
00436350	Label	LAB_00436350
0043636c	Label	LAB_0043636c
00436378	Label	LAB_00436378
004363bc	Label	LAB_004363bc
004363d8	Label	LAB_004363d8
004363e4	Label	LAB_004363e4
00436408	Label	LAB_00436408
00436418	Label	LAB_00436418
00436430	Label	LAB_00436430
00436438	Label	LAB_00436438
00436448	Label	LAB_00436448
00436454	Label	LAB_00436454
0043645c	Function	FUN_0043645c
00436488	Label	LAB_00436488
0043648c	Label	LAB_0043648c
004364dc	Label	LAB_004364dc
00436500	Label	LAB_00436500
00436524	Label	LAB_00436524
0043653c	Label	LAB_0043653c
00436560	Label	LAB_00436560
00436564	Label	LAB_00436564
004365a8	Label	LAB_004365a8
004365c0	Label	LAB_004365c0
004365c4	Label	LAB_004365c4
004365d8	Label	LAB_004365d8
004365e0	Label	LAB_004365e0
004365f0	Label	LAB_004365f0
00436614	Label	LAB_00436614
00436630	Label	LAB_00436630
00436644	Label	LAB_00436644
0043665c	Label	LAB_0043665c
00436668	Label	LAB_00436668
004366b4	Label	LAB_004366b4
004366c4	Label	LAB_004366c4
004366e0	Label	LAB_004366e0
004366fc	Label	LAB_004366fc
00436708	Label	LAB_00436708
0043674c	Label	LAB_0043674c
00436768	Label	LAB_00436768
00436774	Label	LAB_00436774
00436798	Label	LAB_00436798
004367a8	Label	LAB_004367a8
004367c0	Label	LAB_004367c0
004367c8	Label	LAB_004367c8
004367d8	Label	LAB_004367d8
004367e4	Label	LAB_004367e4
004367ec	Label	LAB_004367ec
00436840	Label	LAB_00436840
0043685c	Label	LAB_0043685c
00436908	Label	LAB_00436908
00436ab0	Label	LAB_00436ab0
00436ae4	Label	LAB_00436ae4
00436b04	Function	FUN_00436b04
00436b1c	Function	FUN_00436b1c
00436b60	Label	LAB_00436b60
00436b80	Label	LAB_00436b80
00436bac	Label	LAB_00436bac
00436be4	Function	FUN_00436be4
00436c24	Label	LAB_00436c24
00436c40	Label	LAB_00436c40
00436c88	Function	FUN_00436c88
00436ce4	Label	LAB_00436ce4
00436e88	Label	LAB_00436e88
00436ea4	Label	LAB_00436ea4
00436f24	Label	LAB_00436f24
00436f34	Label	LAB_00436f34
00436f58	Label	LAB_00436f58
00436f64	Label	LAB_00436f64
00436f84	Function	FUN_00436f84
00436fc8	Label	LAB_00436fc8
00436fe8	Label	LAB_00436fe8
00437014	Label	LAB_00437014
0043704c	Function	FUN_0043704c
00437078	Label	LAB_00437078
00437090	Label	LAB_00437090
004371b0	Label	LAB_004371b0
0043733c	Function	FUN_0043733c
00437388	Function	FUN_00437388
004373d8	Function	FUN_004373d8
00437474	Label	LAB_00437474
00437478	Label	LAB_00437478
00437498	Label	LAB_00437498
0043749c	Label	LAB_0043749c
004374a0	Label	LAB_004374a0
004374a8	Label	LAB_004374a8
004374ac	Label	LAB_004374ac
004374d0	Label	LAB_004374d0
004374f0	Label	LAB_004374f0
00437508	Label	LAB_00437508
00437518	Label	LAB_00437518
00437528	Label	LAB_00437528
00437580	Label	LAB_00437580
004375c0	Label	LAB_004375c0
004375e0	Label	LAB_004375e0
004375fc	Label	LAB_004375fc
0043760c	Label	LAB_0043760c
00437664	Label	LAB_00437664
004376a8	Label	LAB_004376a8
004376d8	Label	LAB_004376d8
004376e0	Label	LAB_004376e0
004376f0	Label	LAB_004376f0
00437728	Label	LAB_00437728
00437740	Label	LAB_00437740
00437748	Label	LAB_00437748
00437760	Label	LAB_00437760
00437770	Label	LAB_00437770
00437780	Label	LAB_00437780
004377d8	Label	LAB_004377d8
0043781c	Label	LAB_0043781c
0043783c	Function	FUN_0043783c
00437878	Function	FUN_00437878
00437890	Function	FUN_00437890
004378dc	Function	FUN_004378dc
00437908	Label	LAB_00437908
00437938	Label	LAB_00437938
00437958	Label	LAB_00437958
00437984	Label	LAB_00437984
004379bc	Function	FUN_004379bc
004379fc	Label	LAB_004379fc
00437a10	Function	FUN_00437a10
00437a48	Label	LAB_00437a48
00437a7c	Label	LAB_00437a7c
00437acc	Function	FUN_00437acc
00437b2c	Label	LAB_00437b2c
00437b50	Function	FUN_00437b50
00437b74	Label	switchD_00437b74::switchD
00437b7c	Label	switchD_00437b74::caseD_0
00437b7c	Label	switchD_00437b74::caseD_5
00437b7c	Label	switchD_00437b74::caseD_6
00437b88	Label	LAB_00437b88
00437bb0	Label	switchD_00437b74::caseD_e
00437bb0	Label	switchD_00437b74::caseD_f
00437bc0	Label	switchD_00437b74::caseD_1
00437bc0	Label	switchD_00437b74::caseD_2
00437bd0	Label	switchD_00437b74::caseD_3
00437bd0	Label	switchD_00437b74::caseD_4
00437bdc	Label	switchD_00437b74::caseD_8
00437bdc	Label	switchD_00437b74::caseD_b
00437bec	Label	switchD_00437b74::caseD_7
00437bec	Label	switchD_00437b74::caseD_a
00437bfc	Label	switchD_00437b74::caseD_d
00437c0c	Label	switchD_00437b74::caseD_c
00437c1c	Label	switchD_00437b74::caseD_9
00437c2c	Function	FUN_00437c2c
00437c38	Function	FUN_00437c38
00437c60	Label	LAB_00437c60
00437c68	Function	FUN_00437c68
00437ca8	Label	LAB_00437ca8
00437cec	Label	LAB_00437cec
00437cfc	Label	LAB_00437cfc
00437db4	Label	LAB_00437db4
00437dcc	Label	LAB_00437dcc
00437e78	Label	LAB_00437e78
00437e84	Label	LAB_00437e84
00437ea4	Label	LAB_00437ea4
00437ec4	Label	LAB_00437ec4
00437ee0	Label	LAB_00437ee0
00437f04	Label	LAB_00437f04
00437f0c	Label	LAB_00437f0c
00437f54	Label	LAB_00437f54
00437f78	Label	LAB_00437f78
00437f88	Label	LAB_00437f88
00437f9c	Label	LAB_00437f9c
00437fb4	Label	LAB_00437fb4
00438630	Function	FUN_00438630
00438658	Label	LAB_00438658
0043865c	Label	LAB_0043865c
004386b8	Label	LAB_004386b8
004386c0	Label	LAB_004386c0
004386cc	Function	FUN_004386cc
00438704	Label	LAB_00438704
00438714	Label	LAB_00438714
0043871c	Label	LAB_0043871c
00438784	Label	LAB_00438784
0043878c	Label	LAB_0043878c
004387a0	Label	LAB_004387a0
004387a8	Function	FUN_004387a8
004387e8	Label	LAB_004387e8
004387fc	Function	FUN_004387fc
00438964	Function	FUN_00438964
0043898c	Label	LAB_0043898c
004389a8	Label	LAB_004389a8
004389d8	Label	LAB_004389d8
00438a08	Label	LAB_00438a08
00438a20	Label	LAB_00438a20
00438a40	Label	LAB_00438a40
00438a5c	Label	LAB_00438a5c
00438a80	Label	LAB_00438a80
00438acc	Label	LAB_00438acc
00438adc	Label	LAB_00438adc
00438b2c	Label	LAB_00438b2c
00438b88	Label	LAB_00438b88
00438bb8	Function	FUN_00438bb8
00438d84	Function	FUN_00438d84
00438dbc	Label	LAB_00438dbc
00438de4	Label	LAB_00438de4
00438e3c	Label	LAB_00438e3c
00438e54	Label	LAB_00438e54
00438eb4	Label	LAB_00438eb4
00438ec0	Label	LAB_00438ec0
00438efc	Label	LAB_00438efc
00438f18	Label	LAB_00438f18
00438f58	Label	LAB_00438f58
00438f78	Label	LAB_00438f78
00438f9c	Label	LAB_00438f9c
00439014	Label	LAB_00439014
00439018	Label	LAB_00439018
00439044	Label	LAB_00439044
0043905c	Label	LAB_0043905c
004390a8	Label	LAB_004390a8
004390ac	Label	LAB_004390ac
004390f0	Label	LAB_004390f0
00439140	Label	LAB_00439140
00439170	Label	LAB_00439170
004391b0	Label	LAB_004391b0
004391ec	Label	LAB_004391ec
00439224	Label	LAB_00439224
00439268	Label	LAB_00439268
0043929c	Label	LAB_0043929c
004392a4	Label	LAB_004392a4
004392cc	Label	LAB_004392cc
004392d4	Label	LAB_004392d4
004392f4	Label	LAB_004392f4
00439324	Label	LAB_00439324
00439340	Label	LAB_00439340
00439350	Label	LAB_00439350
0043936c	Label	LAB_0043936c
0043939c	Label	LAB_0043939c
004393d0	Label	LAB_004393d0
00439428	Label	LAB_00439428
00439454	Label	LAB_00439454
00439458	Label	LAB_00439458
00439474	Label	LAB_00439474
004394f4	Label	LAB_004394f4
004394fc	Label	LAB_004394fc
00439508	Label	LAB_00439508
00439538	Label	LAB_00439538
00439570	Label	LAB_00439570
004395a8	Label	LAB_004395a8
004395c8	Label	LAB_004395c8
0043960c	Label	LAB_0043960c
0043962c	Label	LAB_0043962c
0043964c	Label	LAB_0043964c
00439698	Function	FUN_00439698
004396d8	Label	LAB_004396d8
004396ec	Label	LAB_004396ec
0043973c	Label	LAB_0043973c
0043976c	Label	LAB_0043976c
0043978c	Function	FUN_0043978c
00439804	Label	LAB_00439804
00439808	Label	LAB_00439808
0043980c	Label	LAB_0043980c
00439830	Label	LAB_00439830
00439844	Label	LAB_00439844
00439864	Label	LAB_00439864
004398c8	Label	LAB_004398c8
00439910	Label	LAB_00439910
00439950	Label	LAB_00439950
00439984	Label	LAB_00439984
00439994	Label	LAB_00439994
004399c0	Label	LAB_004399c0
004399c8	Label	LAB_004399c8
00439a28	Label	LAB_00439a28
00439a5c	Label	LAB_00439a5c
00439a6c	Label	LAB_00439a6c
00439aa0	Label	LAB_00439aa0
00439aec	Label	LAB_00439aec
00439b00	Label	LAB_00439b00
00439b14	Label	LAB_00439b14
00439b1c	Label	LAB_00439b1c
00439b24	Label	LAB_00439b24
00439b38	Label	LAB_00439b38
00439b40	Label	LAB_00439b40
00439b54	Label	LAB_00439b54
00439b68	Label	LAB_00439b68
00439bc4	Label	LAB_00439bc4
00439be4	Label	LAB_00439be4
00439c00	Label	LAB_00439c00
00439c2c	Label	LAB_00439c2c
00439c48	Label	LAB_00439c48
00439c80	Label	LAB_00439c80
00439c90	Label	LAB_00439c90
00439c98	Label	LAB_00439c98
00439cb8	Label	LAB_00439cb8
00439ce0	Label	LAB_00439ce0
00439d00	Label	LAB_00439d00
00439d28	Label	LAB_00439d28
00439d5c	Label	LAB_00439d5c
00439da8	Label	LAB_00439da8
00439dc0	Label	LAB_00439dc0
00439e24	Label	LAB_00439e24
00439e40	Label	LAB_00439e40
00439e58	Label	LAB_00439e58
00439e70	Label	LAB_00439e70
00439e78	Label	LAB_00439e78
00439e90	Label	LAB_00439e90
00439f00	Label	LAB_00439f00
00439f04	Label	LAB_00439f04
00439f30	Label	LAB_00439f30
00439f48	Label	LAB_00439f48
00439f94	Label	LAB_00439f94
00439f98	Label	LAB_00439f98
00439fdc	Label	LAB_00439fdc
0043a01c	Label	LAB_0043a01c
0043a080	Label	LAB_0043a080
0043a0b8	Label	LAB_0043a0b8
0043a0fc	Label	LAB_0043a0fc
0043a104	Label	LAB_0043a104
0043a12c	Label	LAB_0043a12c
0043a134	Label	LAB_0043a134
0043a154	Label	LAB_0043a154
0043a184	Label	LAB_0043a184
0043a1ac	Label	LAB_0043a1ac
0043a1bc	Label	LAB_0043a1bc
0043a1d8	Label	LAB_0043a1d8
0043a208	Label	LAB_0043a208
0043a23c	Label	LAB_0043a23c
0043a294	Label	LAB_0043a294
0043a2c0	Label	LAB_0043a2c0
0043a2c4	Label	LAB_0043a2c4
0043a2e0	Label	LAB_0043a2e0
0043a360	Label	LAB_0043a360
0043a368	Label	LAB_0043a368
0043a374	Label	LAB_0043a374
0043a3a4	Label	LAB_0043a3a4
0043a3e0	Label	LAB_0043a3e0
0043a418	Label	LAB_0043a418
0043a46c	Label	LAB_0043a46c
0043a4b0	Label	LAB_0043a4b0
0043a4d0	Label	LAB_0043a4d0
0043a4f0	Label	LAB_0043a4f0
0043a53c	Function	FUN_0043a53c
0043a5ac	Label	LAB_0043a5ac
0043a5b0	Label	LAB_0043a5b0
0043a5dc	Label	LAB_0043a5dc
0043a5f4	Label	LAB_0043a5f4
0043a640	Label	LAB_0043a640
0043a644	Label	LAB_0043a644
0043a688	Label	LAB_0043a688
0043a6c8	Label	LAB_0043a6c8
0043a704	Label	LAB_0043a704
0043a73c	Label	LAB_0043a73c
0043a780	Label	LAB_0043a780
0043a788	Label	LAB_0043a788
0043a7b0	Label	LAB_0043a7b0
0043a7b8	Label	LAB_0043a7b8
0043a7d8	Label	LAB_0043a7d8
0043a808	Label	LAB_0043a808
0043a824	Label	LAB_0043a824
0043a834	Label	LAB_0043a834
0043a850	Label	LAB_0043a850
0043a880	Label	LAB_0043a880
0043a8b4	Label	LAB_0043a8b4
0043a90c	Label	LAB_0043a90c
0043a938	Label	LAB_0043a938
0043a93c	Label	LAB_0043a93c
0043a958	Label	LAB_0043a958
0043a9d8	Label	LAB_0043a9d8
0043a9e0	Label	LAB_0043a9e0
0043a9ec	Label	LAB_0043a9ec
0043aa1c	Label	LAB_0043aa1c
0043aa54	Label	LAB_0043aa54
0043aa8c	Label	LAB_0043aa8c
0043aaa0	Label	LAB_0043aaa0
0043aae4	Label	LAB_0043aae4
0043ab04	Label	LAB_0043ab04
0043ab24	Label	LAB_0043ab24
0043ab70	Function	FUN_0043ab70
0043abe0	Label	LAB_0043abe0
0043abe4	Label	LAB_0043abe4
0043ac10	Label	LAB_0043ac10
0043ac28	Label	LAB_0043ac28
0043ac74	Label	LAB_0043ac74
0043ac78	Label	LAB_0043ac78
0043acbc	Label	LAB_0043acbc
0043acfc	Label	LAB_0043acfc
0043ad38	Label	LAB_0043ad38
0043ad70	Label	LAB_0043ad70
0043adb4	Label	LAB_0043adb4
0043adbc	Label	LAB_0043adbc
0043ade4	Label	LAB_0043ade4
0043adec	Label	LAB_0043adec
0043ae0c	Label	LAB_0043ae0c
0043ae3c	Label	LAB_0043ae3c
0043ae58	Label	LAB_0043ae58
0043ae68	Label	LAB_0043ae68
0043ae84	Label	LAB_0043ae84
0043aeb4	Label	LAB_0043aeb4
0043aee8	Label	LAB_0043aee8
0043af40	Label	LAB_0043af40
0043af6c	Label	LAB_0043af6c
0043af70	Label	LAB_0043af70
0043af8c	Label	LAB_0043af8c
0043b00c	Label	LAB_0043b00c
0043b014	Label	LAB_0043b014
0043b020	Label	LAB_0043b020
0043b050	Label	LAB_0043b050
0043b088	Label	LAB_0043b088
0043b0c0	Label	LAB_0043b0c0
0043b0e0	Label	LAB_0043b0e0
0043b124	Label	LAB_0043b124
0043b144	Label	LAB_0043b144
0043b164	Label	LAB_0043b164
0043b1b0	Function	FUN_0043b1b0
0043b220	Label	LAB_0043b220
0043b224	Label	LAB_0043b224
0043b250	Label	LAB_0043b250
0043b268	Label	LAB_0043b268
0043b2b4	Label	LAB_0043b2b4
0043b2b8	Label	LAB_0043b2b8
0043b2fc	Label	LAB_0043b2fc
0043b33c	Label	LAB_0043b33c
0043b378	Label	LAB_0043b378
0043b3b0	Label	LAB_0043b3b0
0043b3f4	Label	LAB_0043b3f4
0043b3fc	Label	LAB_0043b3fc
0043b424	Label	LAB_0043b424
0043b42c	Label	LAB_0043b42c
0043b44c	Label	LAB_0043b44c
0043b47c	Label	LAB_0043b47c
0043b498	Label	LAB_0043b498
0043b4a8	Label	LAB_0043b4a8
0043b4c4	Label	LAB_0043b4c4
0043b4f4	Label	LAB_0043b4f4
0043b528	Label	LAB_0043b528
0043b580	Label	LAB_0043b580
0043b5ac	Label	LAB_0043b5ac
0043b5b0	Label	LAB_0043b5b0
0043b5cc	Label	LAB_0043b5cc
0043b64c	Label	LAB_0043b64c
0043b654	Label	LAB_0043b654
0043b660	Label	LAB_0043b660
0043b690	Label	LAB_0043b690
0043b6c8	Label	LAB_0043b6c8
0043b700	Label	LAB_0043b700
0043b710	Label	LAB_0043b710
0043b754	Label	LAB_0043b754
0043b774	Label	LAB_0043b774
0043b794	Label	LAB_0043b794
0043b7e0	Function	FUN_0043b7e0
0043b850	Label	LAB_0043b850
0043b854	Label	LAB_0043b854
0043b880	Label	LAB_0043b880
0043b898	Label	LAB_0043b898
0043b8e4	Label	LAB_0043b8e4
0043b8e8	Label	LAB_0043b8e8
0043b92c	Label	LAB_0043b92c
0043b96c	Label	LAB_0043b96c
0043b9a8	Label	LAB_0043b9a8
0043b9e0	Label	LAB_0043b9e0
0043ba24	Label	LAB_0043ba24
0043ba2c	Label	LAB_0043ba2c
0043ba54	Label	LAB_0043ba54
0043ba5c	Label	LAB_0043ba5c
0043ba7c	Label	LAB_0043ba7c
0043baac	Label	LAB_0043baac
0043bac8	Label	LAB_0043bac8
0043bad8	Label	LAB_0043bad8
0043baf4	Label	LAB_0043baf4
0043bb24	Label	LAB_0043bb24
0043bb58	Label	LAB_0043bb58
0043bbb0	Label	LAB_0043bbb0
0043bbdc	Label	LAB_0043bbdc
0043bbe0	Label	LAB_0043bbe0
0043bbfc	Label	LAB_0043bbfc
0043bc7c	Label	LAB_0043bc7c
0043bc84	Label	LAB_0043bc84
0043bc90	Label	LAB_0043bc90
0043bcc0	Label	LAB_0043bcc0
0043bcf8	Label	LAB_0043bcf8
0043bd30	Label	LAB_0043bd30
0043bd50	Label	LAB_0043bd50
0043bd94	Label	LAB_0043bd94
0043bdb4	Label	LAB_0043bdb4
0043bdd4	Label	LAB_0043bdd4
0043be20	Function	FUN_0043be20
0043be90	Label	LAB_0043be90
0043be94	Label	LAB_0043be94
0043bec0	Label	LAB_0043bec0
0043bed8	Label	LAB_0043bed8
0043bf24	Label	LAB_0043bf24
0043bf28	Label	LAB_0043bf28
0043bf6c	Label	LAB_0043bf6c
0043bfac	Label	LAB_0043bfac
0043bfe8	Label	LAB_0043bfe8
0043c020	Label	LAB_0043c020
0043c064	Label	LAB_0043c064
0043c06c	Label	LAB_0043c06c
0043c094	Label	LAB_0043c094
0043c09c	Label	LAB_0043c09c
0043c0bc	Label	LAB_0043c0bc
0043c0ec	Label	LAB_0043c0ec
0043c108	Label	LAB_0043c108
0043c118	Label	LAB_0043c118
0043c134	Label	LAB_0043c134
0043c164	Label	LAB_0043c164
0043c198	Label	LAB_0043c198
0043c1f0	Label	LAB_0043c1f0
0043c21c	Label	LAB_0043c21c
0043c220	Label	LAB_0043c220
0043c23c	Label	LAB_0043c23c
0043c2bc	Label	LAB_0043c2bc
0043c2c4	Label	LAB_0043c2c4
0043c2d0	Label	LAB_0043c2d0
0043c300	Label	LAB_0043c300
0043c338	Label	LAB_0043c338
0043c370	Label	LAB_0043c370
0043c390	Label	LAB_0043c390
0043c3d0	Label	LAB_0043c3d0
0043c3f0	Label	LAB_0043c3f0
0043c410	Label	LAB_0043c410
0043c45c	Function	FUN_0043c45c
0043c4cc	Label	LAB_0043c4cc
0043c4d0	Label	LAB_0043c4d0
0043c4fc	Label	LAB_0043c4fc
0043c514	Label	LAB_0043c514
0043c560	Label	LAB_0043c560
0043c564	Label	LAB_0043c564
0043c5a8	Label	LAB_0043c5a8
0043c5e8	Label	LAB_0043c5e8
0043c624	Label	LAB_0043c624
0043c65c	Label	LAB_0043c65c
0043c6a0	Label	LAB_0043c6a0
0043c6a8	Label	LAB_0043c6a8
0043c6d0	Label	LAB_0043c6d0
0043c6d8	Label	LAB_0043c6d8
0043c6f8	Label	LAB_0043c6f8
0043c728	Label	LAB_0043c728
0043c744	Label	LAB_0043c744
0043c754	Label	LAB_0043c754
0043c770	Label	LAB_0043c770
0043c7a0	Label	LAB_0043c7a0
0043c7d4	Label	LAB_0043c7d4
0043c82c	Label	LAB_0043c82c
0043c858	Label	LAB_0043c858
0043c85c	Label	LAB_0043c85c
0043c878	Label	LAB_0043c878
0043c8f8	Label	LAB_0043c8f8
0043c900	Label	LAB_0043c900
0043c90c	Label	LAB_0043c90c
0043c93c	Label	LAB_0043c93c
0043c974	Label	LAB_0043c974
0043c9ac	Label	LAB_0043c9ac
0043c9cc	Label	LAB_0043c9cc
0043ca10	Label	LAB_0043ca10
0043ca30	Label	LAB_0043ca30
0043ca50	Label	LAB_0043ca50
0043ca9c	Function	FUN_0043ca9c
0043cb0c	Label	LAB_0043cb0c
0043cb10	Label	LAB_0043cb10
0043cb3c	Label	LAB_0043cb3c
0043cb54	Label	LAB_0043cb54
0043cba0	Label	LAB_0043cba0
0043cba4	Label	LAB_0043cba4
0043cbe8	Label	LAB_0043cbe8
0043cc28	Label	LAB_0043cc28
0043cc64	Label	LAB_0043cc64
0043cc9c	Label	LAB_0043cc9c
0043cce0	Label	LAB_0043cce0
0043cce8	Label	LAB_0043cce8
0043cd10	Label	LAB_0043cd10
0043cd18	Label	LAB_0043cd18
0043cd38	Label	LAB_0043cd38
0043cd68	Label	LAB_0043cd68
0043cd84	Label	LAB_0043cd84
0043cd94	Label	LAB_0043cd94
0043cdb0	Label	LAB_0043cdb0
0043cde0	Label	LAB_0043cde0
0043ce14	Label	LAB_0043ce14
0043ce6c	Label	LAB_0043ce6c
0043ce98	Label	LAB_0043ce98
0043ce9c	Label	LAB_0043ce9c
0043ceb8	Label	LAB_0043ceb8
0043cf38	Label	LAB_0043cf38
0043cf40	Label	LAB_0043cf40
0043cf4c	Label	LAB_0043cf4c
0043cf7c	Label	LAB_0043cf7c
0043cfb4	Label	LAB_0043cfb4
0043cfec	Label	LAB_0043cfec
0043d00c	Label	LAB_0043d00c
0043d050	Label	LAB_0043d050
0043d070	Label	LAB_0043d070
0043d090	Label	LAB_0043d090
0043d0dc	Function	FUN_0043d0dc
0043d14c	Label	LAB_0043d14c
0043d150	Label	LAB_0043d150
0043d17c	Label	LAB_0043d17c
0043d194	Label	LAB_0043d194
0043d1e0	Label	LAB_0043d1e0
0043d1e4	Label	LAB_0043d1e4
0043d228	Label	LAB_0043d228
0043d268	Label	LAB_0043d268
0043d2a4	Label	LAB_0043d2a4
0043d2dc	Label	LAB_0043d2dc
0043d320	Label	LAB_0043d320
0043d328	Label	LAB_0043d328
0043d350	Label	LAB_0043d350
0043d358	Label	LAB_0043d358
0043d378	Label	LAB_0043d378
0043d3a8	Label	LAB_0043d3a8
0043d3c4	Label	LAB_0043d3c4
0043d3d4	Label	LAB_0043d3d4
0043d3f0	Label	LAB_0043d3f0
0043d420	Label	LAB_0043d420
0043d454	Label	LAB_0043d454
0043d4ac	Label	LAB_0043d4ac
0043d4d8	Label	LAB_0043d4d8
0043d4dc	Label	LAB_0043d4dc
0043d4f8	Label	LAB_0043d4f8
0043d578	Label	LAB_0043d578
0043d580	Label	LAB_0043d580
0043d58c	Label	LAB_0043d58c
0043d5bc	Label	LAB_0043d5bc
0043d5f4	Label	LAB_0043d5f4
0043d62c	Label	LAB_0043d62c
0043d64c	Label	LAB_0043d64c
0043d690	Label	LAB_0043d690
0043d6b0	Label	LAB_0043d6b0
0043d6d0	Label	LAB_0043d6d0
0043d71c	Function	FUN_0043d71c
0043d78c	Label	LAB_0043d78c
0043d790	Label	LAB_0043d790
0043d7bc	Label	LAB_0043d7bc
0043d7d4	Label	LAB_0043d7d4
0043d820	Label	LAB_0043d820
0043d824	Label	LAB_0043d824
0043d868	Label	LAB_0043d868
0043d8a8	Label	LAB_0043d8a8
0043d8e4	Label	LAB_0043d8e4
0043d91c	Label	LAB_0043d91c
0043d960	Label	LAB_0043d960
0043d968	Label	LAB_0043d968
0043d990	Label	LAB_0043d990
0043d998	Label	LAB_0043d998
0043d9b8	Label	LAB_0043d9b8
0043d9e8	Label	LAB_0043d9e8
0043da04	Label	LAB_0043da04
0043da14	Label	LAB_0043da14
0043da30	Label	LAB_0043da30
0043da60	Label	LAB_0043da60
0043da94	Label	LAB_0043da94
0043daec	Label	LAB_0043daec
0043db18	Label	LAB_0043db18
0043db1c	Label	LAB_0043db1c
0043db38	Label	LAB_0043db38
0043dbb8	Label	LAB_0043dbb8
0043dbc0	Label	LAB_0043dbc0
0043dbcc	Label	LAB_0043dbcc
0043dbfc	Label	LAB_0043dbfc
0043dc34	Label	LAB_0043dc34
0043dc6c	Label	LAB_0043dc6c
0043dc8c	Label	LAB_0043dc8c
0043dcd0	Label	LAB_0043dcd0
0043dcf0	Label	LAB_0043dcf0
0043dd10	Label	LAB_0043dd10
0043dd5c	Function	FUN_0043dd5c
0043ddcc	Label	LAB_0043ddcc
0043ddd0	Label	LAB_0043ddd0
0043ddfc	Label	LAB_0043ddfc
0043de14	Label	LAB_0043de14
0043de60	Label	LAB_0043de60
0043de64	Label	LAB_0043de64
0043dea8	Label	LAB_0043dea8
0043dee8	Label	LAB_0043dee8
0043df24	Label	LAB_0043df24
0043df5c	Label	LAB_0043df5c
0043dfa0	Label	LAB_0043dfa0
0043dfa8	Label	LAB_0043dfa8
0043dfd0	Label	LAB_0043dfd0
0043dfd8	Label	LAB_0043dfd8
0043dff8	Label	LAB_0043dff8
0043e028	Label	LAB_0043e028
0043e044	Label	LAB_0043e044
0043e054	Label	LAB_0043e054
0043e070	Label	LAB_0043e070
0043e0a0	Label	LAB_0043e0a0
0043e0d4	Label	LAB_0043e0d4
0043e12c	Label	LAB_0043e12c
0043e158	Label	LAB_0043e158
0043e15c	Label	LAB_0043e15c
0043e178	Label	LAB_0043e178
0043e1f8	Label	LAB_0043e1f8
0043e200	Label	LAB_0043e200
0043e20c	Label	LAB_0043e20c
0043e23c	Label	LAB_0043e23c
0043e274	Label	LAB_0043e274
0043e2ac	Label	LAB_0043e2ac
0043e2cc	Label	LAB_0043e2cc
0043e310	Label	LAB_0043e310
0043e330	Label	LAB_0043e330
0043e350	Label	LAB_0043e350
0043e39c	Function	FUN_0043e39c
0043e40c	Label	LAB_0043e40c
0043e410	Label	LAB_0043e410
0043e43c	Label	LAB_0043e43c
0043e454	Label	LAB_0043e454
0043e4a0	Label	LAB_0043e4a0
0043e4a4	Label	LAB_0043e4a4
0043e4e8	Label	LAB_0043e4e8
0043e528	Label	LAB_0043e528
0043e564	Label	LAB_0043e564
0043e59c	Label	LAB_0043e59c
0043e5e0	Label	LAB_0043e5e0
0043e5e8	Label	LAB_0043e5e8
0043e610	Label	LAB_0043e610
0043e618	Label	LAB_0043e618
0043e638	Label	LAB_0043e638
0043e668	Label	LAB_0043e668
0043e684	Label	LAB_0043e684
0043e694	Label	LAB_0043e694
0043e6b0	Label	LAB_0043e6b0
0043e6e0	Label	LAB_0043e6e0
0043e714	Label	LAB_0043e714
0043e76c	Label	LAB_0043e76c
0043e798	Label	LAB_0043e798
0043e79c	Label	LAB_0043e79c
0043e7b8	Label	LAB_0043e7b8
0043e838	Label	LAB_0043e838
0043e840	Label	LAB_0043e840
0043e84c	Label	LAB_0043e84c
0043e87c	Label	LAB_0043e87c
0043e8b4	Label	LAB_0043e8b4
0043e8ec	Label	LAB_0043e8ec
0043e90c	Label	LAB_0043e90c
0043e950	Label	LAB_0043e950
0043e970	Label	LAB_0043e970
0043e990	Label	LAB_0043e990
0043e9dc	Function	FUN_0043e9dc
0043ea4c	Label	LAB_0043ea4c
0043ea50	Label	LAB_0043ea50
0043ea7c	Label	LAB_0043ea7c
0043ea94	Label	LAB_0043ea94
0043eae0	Label	LAB_0043eae0
0043eae4	Label	LAB_0043eae4
0043eb28	Label	LAB_0043eb28
0043eb68	Label	LAB_0043eb68
0043ebcc	Label	LAB_0043ebcc
0043ec04	Label	LAB_0043ec04
0043ec48	Label	LAB_0043ec48
0043ec50	Label	LAB_0043ec50
0043ec78	Label	LAB_0043ec78
0043ec80	Label	LAB_0043ec80
0043eca0	Label	LAB_0043eca0
0043ecd0	Label	LAB_0043ecd0
0043ed08	Label	LAB_0043ed08
0043ed18	Label	LAB_0043ed18
0043ed34	Label	LAB_0043ed34
0043ed64	Label	LAB_0043ed64
0043ed98	Label	LAB_0043ed98
0043edf0	Label	LAB_0043edf0
0043ee1c	Label	LAB_0043ee1c
0043ee20	Label	LAB_0043ee20
0043ee3c	Label	LAB_0043ee3c
0043eebc	Label	LAB_0043eebc
0043eec4	Label	LAB_0043eec4
0043eed0	Label	LAB_0043eed0
0043ef00	Label	LAB_0043ef00
0043ef3c	Label	LAB_0043ef3c
0043ef74	Label	LAB_0043ef74
0043efb8	Label	LAB_0043efb8
0043efd8	Label	LAB_0043efd8
0043eff8	Label	LAB_0043eff8
0043f044	Label	LAB_0043f044
0043f098	Label	LAB_0043f098
0043f108	Label	LAB_0043f108
0043f10c	Label	LAB_0043f10c
0043f138	Label	LAB_0043f138
0043f150	Label	LAB_0043f150
0043f19c	Label	LAB_0043f19c
0043f1a0	Label	LAB_0043f1a0
0043f1e4	Label	LAB_0043f1e4
0043f224	Label	LAB_0043f224
0043f288	Label	LAB_0043f288
0043f2c0	Label	LAB_0043f2c0
0043f304	Label	LAB_0043f304
0043f30c	Label	LAB_0043f30c
0043f334	Label	LAB_0043f334
0043f33c	Label	LAB_0043f33c
0043f35c	Label	LAB_0043f35c
0043f38c	Label	LAB_0043f38c
0043f3c4	Label	LAB_0043f3c4
0043f3d4	Label	LAB_0043f3d4
0043f3f0	Label	LAB_0043f3f0
0043f420	Label	LAB_0043f420
0043f454	Label	LAB_0043f454
0043f4ac	Label	LAB_0043f4ac
0043f4d8	Label	LAB_0043f4d8
0043f4dc	Label	LAB_0043f4dc
0043f4f8	Label	LAB_0043f4f8
0043f578	Label	LAB_0043f578
0043f580	Label	LAB_0043f580
0043f58c	Label	LAB_0043f58c
0043f5bc	Label	LAB_0043f5bc
0043f5f8	Label	LAB_0043f5f8
0043f630	Label	LAB_0043f630
0043f674	Label	LAB_0043f674
0043f694	Label	LAB_0043f694
0043f6b4	Label	LAB_0043f6b4
0043f700	Label	LAB_0043f700
0043f754	Label	LAB_0043f754
0043f7c8	Label	LAB_0043f7c8
0043f814	Label	LAB_0043f814
0043f82c	Label	LAB_0043f82c
0043f830	Label	LAB_0043f830
0043f854	Label	LAB_0043f854
0043f880	Label	LAB_0043f880
0043f8a0	Label	LAB_0043f8a0
0043f8b0	Label	LAB_0043f8b0
0043f8c8	Label	LAB_0043f8c8
0043f8e0	Label	LAB_0043f8e0
0043f8e8	Label	LAB_0043f8e8
0043f900	Label	LAB_0043f900
0043f930	Label	LAB_0043f930
0043f968	Label	LAB_0043f968
0043fa48	Label	LAB_0043fa48
0043fa68	Label	LAB_0043fa68
0043fa70	Label	LAB_0043fa70
0043fab0	Label	LAB_0043fab0
0043facc	Label	LAB_0043facc
0043fad0	Label	LAB_0043fad0
0043fae8	Label	LAB_0043fae8
0043faf8	Label	LAB_0043faf8
0043fb30	Label	LAB_0043fb30
0043fbec	Label	LAB_0043fbec
0043fca4	Label	LAB_0043fca4
0043fcbc	Label	LAB_0043fcbc
0043fcc8	Label	LAB_0043fcc8
0043fd74	Label	LAB_0043fd74
0043fe20	Label	LAB_0043fe20
0043fe70	Label	LAB_0043fe70
0043ff20	Function	FUN_0043ff20
0043ff6c	Label	LAB_0043ff6c
0043ffb0	Label	LAB_0043ffb0
0043ffc4	Function	FUN_0043ffc4
0044000c	Label	LAB_0044000c
00440014	Label	LAB_00440014
0044010c	Label	LAB_0044010c
00440120	Label	LAB_00440120
00440134	Function	FUN_00440134
004401e4	Label	LAB_004401e4
004401ec	Label	LAB_004401ec
00440268	Label	LAB_00440268
0044027c	Label	LAB_0044027c
00440290	Function	FUN_00440290
004402fc	Label	LAB_004402fc
00440360	Label	LAB_00440360
00440394	Label	LAB_00440394
0044039c	Label	LAB_0044039c
00440488	Label	LAB_00440488
0044049c	Label	LAB_0044049c
004404b0	Label	LAB_004404b0
004404b8	Function	FUN_004404b8
00440504	Label	LAB_00440504
0044050c	Label	LAB_0044050c
004405e0	Label	LAB_004405e0
004405f4	Label	LAB_004405f4
00440608	Function	FUN_00440608
00440634	Label	LAB_00440634
00440644	Label	LAB_00440644
00440664	Label	LAB_00440664
00440694	Function	FUN_00440694
004406a0	Function	FUN_004406a0
0044072c	Label	LAB_0044072c
00440768	Label	LAB_00440768
00440788	Function	FUN_00440788
00440880	Label	LAB_00440880
004408f8	Label	LAB_004408f8
00440990	Label	LAB_00440990
004409c4	Label	LAB_004409c4
004409f0	Label	LAB_004409f0
00440a0c	Label	LAB_00440a0c
00440d54	Function	FUN_00440d54
00441054	Label	LAB_00441054
00441084	Function	FUN_00441084
00441534	Label	LAB_00441534
00441578	Label	LAB_00441578
00441640	Function	FUN_00441640
004419f0	Label	LAB_004419f0
00441a04	Label	LAB_00441a04
00441b60	Label	LAB_00441b60
00441ba8	Label	LAB_00441ba8
00441bb8	Label	LAB_00441bb8
00441bc8	Label	LAB_00441bc8
00441bd8	Label	LAB_00441bd8
00441be8	Label	LAB_00441be8
00441bf8	Label	LAB_00441bf8
00441c08	Label	LAB_00441c08
00441c18	Label	LAB_00441c18
00441c28	Label	LAB_00441c28
00441c38	Label	LAB_00441c38
00441c48	Label	LAB_00441c48
00441c58	Label	LAB_00441c58
00441c68	Label	LAB_00441c68
00441c6c	Label	LAB_00441c6c
00442140	Label	LAB_00442140
004422dc	Label	LAB_004422dc
00442300	Label	LAB_00442300
00442338	Label	LAB_00442338
00442344	Label	LAB_00442344
00442368	Label	LAB_00442368
0044238c	Label	LAB_0044238c
004423b0	Label	LAB_004423b0
004423d4	Label	LAB_004423d4
004423f8	Label	LAB_004423f8
0044241c	Label	LAB_0044241c
00442438	Label	LAB_00442438
0044245c	Label	LAB_0044245c
00442480	Label	LAB_00442480
004424a4	Label	LAB_004424a4
004424c8	Label	LAB_004424c8
004424ec	Label	LAB_004424ec
00442510	Label	LAB_00442510
00442534	Label	LAB_00442534
00442558	Label	LAB_00442558
0044257c	Label	LAB_0044257c
004425a0	Label	LAB_004425a0
004425c4	Label	LAB_004425c4
004425e8	Label	LAB_004425e8
0044260c	Label	LAB_0044260c
00442630	Function	FUN_00442630
004426c4	Label	LAB_004426c4
00442778	Label	LAB_00442778
00442788	Function	FUN_00442788
004427c8	Label	LAB_004427c8
004428c4	Label	LAB_004428c4
00442adc	Label	LAB_00442adc
00442b40	Label	LAB_00442b40
00442b48	Label	LAB_00442b48
00442b5c	Function	FUN_00442b5c
00442ba0	Label	LAB_00442ba0
00442ba8	Label	LAB_00442ba8
00442cc8	Label	LAB_00442cc8
00442cdc	Label	LAB_00442cdc
00442cf0	Function	FUN_00442cf0
00442d38	Label	LAB_00442d38
00442d40	Label	LAB_00442d40
00442e7c	Label	LAB_00442e7c
00442e90	Label	LAB_00442e90
00442ea4	Function	FUN_00442ea4
00442f58	Label	LAB_00442f58
00442f64	Label	LAB_00442f64
00442fd8	Label	LAB_00442fd8
0044303c	Function	FUN_0044303c
004430ac	Label	LAB_004430ac
004430b0	Label	LAB_004430b0
004430dc	Label	LAB_004430dc
004430f4	Label	LAB_004430f4
00443140	Label	LAB_00443140
00443144	Label	LAB_00443144
00443188	Label	LAB_00443188
004431c8	Label	LAB_004431c8
00443204	Label	LAB_00443204
0044323c	Label	LAB_0044323c
00443280	Label	LAB_00443280
00443288	Label	LAB_00443288
004432b0	Label	LAB_004432b0
004432b8	Label	LAB_004432b8
004432d8	Label	LAB_004432d8
00443308	Label	LAB_00443308
00443324	Label	LAB_00443324
00443334	Label	LAB_00443334
00443350	Label	LAB_00443350
00443380	Label	LAB_00443380
004433b4	Label	LAB_004433b4
0044340c	Label	LAB_0044340c
00443438	Label	LAB_00443438
0044343c	Label	LAB_0044343c
00443458	Label	LAB_00443458
004434d8	Label	LAB_004434d8
004434e0	Label	LAB_004434e0
004434ec	Label	LAB_004434ec
0044351c	Label	LAB_0044351c
00443554	Label	LAB_00443554
0044358c	Label	LAB_0044358c
004435ac	Label	LAB_004435ac
004435f0	Label	LAB_004435f0
00443610	Label	LAB_00443610
00443630	Label	LAB_00443630
0044367c	Function	FUN_0044367c
004436c4	Label	LAB_004436c4
004436cc	Label	LAB_004436cc
00443800	Label	LAB_00443800
00443814	Label	LAB_00443814
00443828	Function	FUN_00443828
004438ec	Label	LAB_004438ec
004438f8	Label	LAB_004438f8
00443968	Label	LAB_00443968
0044396c	Label	LAB_0044396c
004439b4	Function	FUN_004439b4
004439e4	Label	LAB_004439e4
00443a0c	Label	LAB_00443a0c
00443a40	Label	LAB_00443a40
00443a5c	Function	FUN_00443a5c
00443ac0	Label	LAB_00443ac0
00443ae4	Label	LAB_00443ae4
00443b00	Label	LAB_00443b00
00443b2c	Label	LAB_00443b2c
00443b30	Label	LAB_00443b30
00443b4c	Label	LAB_00443b4c
00443b6c	Label	LAB_00443b6c
00443b8c	Label	LAB_00443b8c
00443bac	Label	LAB_00443bac
00443bb0	Label	LAB_00443bb0
00443bec	Label	LAB_00443bec
00443c04	Label	LAB_00443c04
00443c28	Label	LAB_00443c28
00443c38	Label	LAB_00443c38
00443c70	Label	LAB_00443c70
00443cb8	Label	LAB_00443cb8
00443ccc	Label	LAB_00443ccc
00443cf4	Label	LAB_00443cf4
00443d68	Label	LAB_00443d68
00443d84	Label	LAB_00443d84
00443d98	Label	LAB_00443d98
00443db8	Label	LAB_00443db8
00443e30	Function	FUN_00443e30
00443e5c	Label	LAB_00443e5c
00443e84	Function	FUN_00443e84
00443ea4	Label	LAB_00443ea4
00443ec8	Function	FUN_00443ec8
00443eec	Function	FUN_00443eec
00443f2c	Label	LAB_00443f2c
00443f40	Label	LAB_00443f40
004440b0	Function	FUN_004440b0
0044418c	Label	LAB_0044418c
00444194	Label	LAB_00444194
004441a4	Label	LAB_004441a4
004442c0	Label	LAB_004442c0
004442dc	Label	LAB_004442dc
00444430	Function	FUN_00444430
004444b4	Label	LAB_004444b4
004444bc	Label	LAB_004444bc
00444508	Label	LAB_00444508
0044451c	Label	LAB_0044451c
004446c0	Function	FUN_004446c0
0044470c	Label	LAB_0044470c
00444854	Label	LAB_00444854
00444868	Function	FUN_00444868
004448b4	Label	LAB_004448b4
004449cc	Label	LAB_004449cc
004449e0	Function	FUN_004449e0
00444a28	Label	switchD_00444a28::switchD
00444a30	Label	switchD_00444a28::caseD_2
00444a30	Label	switchD_00444a28::caseD_4
00444a30	Label	switchD_00444a28::caseD_5
00444a38	Label	LAB_00444a38
00444a48	Label	LAB_00444a48
00444a7c	Label	switchD_00444a28::caseD_0
00444a7c	Label	switchD_00444a28::caseD_6
00444a7c	Label	switchD_00444a28::caseD_7
00444a7c	Label	switchD_00444a28::caseD_8
00444a7c	Label	switchD_00444a28::caseD_9
00444a7c	Label	switchD_00444a28::caseD_a
00444a7c	Label	switchD_00444a28::caseD_b
00444a7c	Label	switchD_00444a28::caseD_c
00444a7c	Label	switchD_00444a28::caseD_d
00444a7c	Label	switchD_00444a28::caseD_e
00444a7c	Label	switchD_00444a28::caseD_f
00444a7c	Label	switchD_00444a28::caseD_10
00444a7c	Label	switchD_00444a28::caseD_11
00444a7c	Label	switchD_00444a28::caseD_12
00444a7c	Label	switchD_00444a28::caseD_13
00444a7c	Label	switchD_00444a28::caseD_14
00444a7c	Label	switchD_00444a28::caseD_15
00444a7c	Label	switchD_00444a28::caseD_16
00444a7c	Label	switchD_00444a28::caseD_17
00444a7c	Label	switchD_00444a28::caseD_18
00444a7c	Label	switchD_00444a28::caseD_19
00444a7c	Label	switchD_00444a28::caseD_1a
00444a7c	Label	switchD_00444a28::caseD_1b
00444a7c	Label	switchD_00444a28::caseD_1c
00444a7c	Label	switchD_00444a28::caseD_1d
00444a7c	Label	switchD_00444a28::caseD_1e
00444a7c	Label	switchD_00444a28::caseD_1f
00444a7c	Label	switchD_00444a28::caseD_20
00444a7c	Label	switchD_00444a28::caseD_21
00444a7c	Label	switchD_00444a28::caseD_22
00444a7c	Label	switchD_00444a28::caseD_23
00444a7c	Label	switchD_00444a28::caseD_24
00444a7c	Label	switchD_00444a28::caseD_25
00444a7c	Label	switchD_00444a28::caseD_26
00444a7c	Label	switchD_00444a28::caseD_27
00444a7c	Label	switchD_00444a28::caseD_28
00444a7c	Label	switchD_00444a28::caseD_29
00444a7c	Label	switchD_00444a28::caseD_2a
00444a7c	Label	switchD_00444a28::caseD_2b
00444a7c	Label	switchD_00444a28::caseD_2c
00444a7c	Label	switchD_00444a28::caseD_2d
00444a7c	Label	switchD_00444a28::caseD_2e
00444a7c	Label	switchD_00444a28::caseD_2f
00444a7c	Label	switchD_00444a28::caseD_30
00444a7c	Label	switchD_00444a28::caseD_31
00444a7c	Label	switchD_00444a28::caseD_32
00444a7c	Label	switchD_00444a28::caseD_33
00444a7c	Label	switchD_00444a28::caseD_34
00444a7c	Label	switchD_00444a28::caseD_35
00444a7c	Label	switchD_00444a28::caseD_36
00444a7c	Label	switchD_00444a28::caseD_37
00444a7c	Label	switchD_00444a28::caseD_38
00444a90	Label	switchD_00444a28::caseD_3
00444aac	Label	switchD_00444a28::caseD_1
00444ab8	Label	switchD_00444a28::caseD_39
00444ad4	Label	LAB_00444ad4
00444b44	Label	LAB_00444b44
00444b48	Label	LAB_00444b48
00444b74	Label	LAB_00444b74
00444b8c	Label	LAB_00444b8c
00444bd8	Label	LAB_00444bd8
00444bdc	Label	LAB_00444bdc
00444c20	Label	LAB_00444c20
00444c60	Label	LAB_00444c60
00444c9c	Label	LAB_00444c9c
00444cd4	Label	LAB_00444cd4
00444d18	Label	LAB_00444d18
00444d20	Label	LAB_00444d20
00444d48	Label	LAB_00444d48
00444d50	Label	LAB_00444d50
00444d70	Label	LAB_00444d70
00444da0	Label	LAB_00444da0
00444dbc	Label	LAB_00444dbc
00444dcc	Label	LAB_00444dcc
00444de8	Label	LAB_00444de8
00444e18	Label	LAB_00444e18
00444e4c	Label	LAB_00444e4c
00444ea4	Label	LAB_00444ea4
00444ed0	Label	LAB_00444ed0
00444ed4	Label	LAB_00444ed4
00444ef0	Label	LAB_00444ef0
00444f70	Label	LAB_00444f70
00444f78	Label	LAB_00444f78
00444f84	Label	LAB_00444f84
00444fb4	Label	LAB_00444fb4
00444fec	Label	LAB_00444fec
00445024	Label	LAB_00445024
00445034	Label	LAB_00445034
00445078	Label	LAB_00445078
00445098	Label	LAB_00445098
004450b8	Label	LAB_004450b8
00445104	Function	FUN_00445104
00445174	Label	LAB_00445174
00445178	Label	LAB_00445178
004451a4	Label	LAB_004451a4
004451bc	Label	LAB_004451bc
00445208	Label	LAB_00445208
0044520c	Label	LAB_0044520c
00445250	Label	LAB_00445250
00445290	Label	LAB_00445290
004452cc	Label	LAB_004452cc
00445304	Label	LAB_00445304
00445348	Label	LAB_00445348
00445350	Label	LAB_00445350
00445378	Label	LAB_00445378
00445380	Label	LAB_00445380
004453a0	Label	LAB_004453a0
004453d0	Label	LAB_004453d0
004453ec	Label	LAB_004453ec
004453fc	Label	LAB_004453fc
00445418	Label	LAB_00445418
00445448	Label	LAB_00445448
0044547c	Label	LAB_0044547c
004454d4	Label	LAB_004454d4
00445500	Label	LAB_00445500
00445504	Label	LAB_00445504
00445520	Label	LAB_00445520
004455a0	Label	LAB_004455a0
004455a8	Label	LAB_004455a8
004455b4	Label	LAB_004455b4
004455e4	Label	LAB_004455e4
0044561c	Label	LAB_0044561c
00445654	Label	LAB_00445654
00445664	Label	LAB_00445664
004456a8	Label	LAB_004456a8
004456c8	Label	LAB_004456c8
004456e8	Label	LAB_004456e8
00445734	Function	FUN_00445734
004457a4	Label	LAB_004457a4
004457a8	Label	LAB_004457a8
004457d4	Label	LAB_004457d4
004457ec	Label	LAB_004457ec
00445838	Label	LAB_00445838
0044583c	Label	LAB_0044583c
00445880	Label	LAB_00445880
004458c0	Label	LAB_004458c0
004458fc	Label	LAB_004458fc
00445934	Label	LAB_00445934
00445978	Label	LAB_00445978
00445980	Label	LAB_00445980
004459a8	Label	LAB_004459a8
004459b0	Label	LAB_004459b0
004459d0	Label	LAB_004459d0
00445a00	Label	LAB_00445a00
00445a1c	Label	LAB_00445a1c
00445a2c	Label	LAB_00445a2c
00445a48	Label	LAB_00445a48
00445a78	Label	LAB_00445a78
00445aac	Label	LAB_00445aac
00445b04	Label	LAB_00445b04
00445b30	Label	LAB_00445b30
00445b34	Label	LAB_00445b34
00445b50	Label	LAB_00445b50
00445bd0	Label	LAB_00445bd0
00445bd8	Label	LAB_00445bd8
00445be4	Label	LAB_00445be4
00445c14	Label	LAB_00445c14
00445c4c	Label	LAB_00445c4c
00445c84	Label	LAB_00445c84
00445c94	Label	LAB_00445c94
00445cd8	Label	LAB_00445cd8
00445cf8	Label	LAB_00445cf8
00445d18	Label	LAB_00445d18
00445d64	Function	FUN_00445d64
00445dd4	Label	LAB_00445dd4
00445dd8	Label	LAB_00445dd8
00445e04	Label	LAB_00445e04
00445e1c	Label	LAB_00445e1c
00445e68	Label	LAB_00445e68
00445e6c	Label	LAB_00445e6c
00445eb0	Label	LAB_00445eb0
00445ef0	Label	LAB_00445ef0
00445f2c	Label	LAB_00445f2c
00445f64	Label	LAB_00445f64
00445fa8	Label	LAB_00445fa8
00445fb0	Label	LAB_00445fb0
00445fd8	Label	LAB_00445fd8
00445fe0	Label	LAB_00445fe0
00446000	Label	LAB_00446000
00446030	Label	LAB_00446030
0044604c	Label	LAB_0044604c
0044605c	Label	LAB_0044605c
00446078	Label	LAB_00446078
004460a8	Label	LAB_004460a8
004460dc	Label	LAB_004460dc
00446134	Label	LAB_00446134
00446160	Label	LAB_00446160
00446164	Label	LAB_00446164
00446180	Label	LAB_00446180
00446200	Label	LAB_00446200
00446208	Label	LAB_00446208
00446214	Label	LAB_00446214
00446244	Label	LAB_00446244
0044627c	Label	LAB_0044627c
004462b4	Label	LAB_004462b4
004462c4	Label	LAB_004462c4
00446308	Label	LAB_00446308
00446328	Label	LAB_00446328
00446348	Label	LAB_00446348
00446394	Function	FUN_00446394
004463a0	Label	LAB_004463a0
004463ac	Function	FUN_004463ac
004463c8	Label	LAB_004463c8
004463f8	Label	LAB_004463f8
0044640c	Label	LAB_0044640c
0044644c	Label	LAB_0044644c
00446460	Label	LAB_00446460
00446490	Function	FUN_00446490
00446580	Function	FUN_00446580
004465d8	Label	LAB_004465d8
00446604	Label	LAB_00446604
00446618	Label	LAB_00446618
0044661c	Label	LAB_0044661c
00446634	Label	LAB_00446634
0044663c	Label	LAB_0044663c
00446648	Label	LAB_00446648
00446650	Label	LAB_00446650
004466a4	Label	LAB_004466a4
004466e0	Label	LAB_004466e0
004466ec	Label	LAB_004466ec
00446730	Function	FUN_00446730
0044675c	Label	LAB_0044675c
00446760	Label	LAB_00446760
00446764	Label	LAB_00446764
0044676c	Label	LAB_0044676c
0044679c	Label	LAB_0044679c
004467c8	Function	FUN_004467c8
0044682c	Label	LAB_0044682c
00446874	Label	LAB_00446874
004468b8	Label	LAB_004468b8
004468fc	Label	LAB_004468fc
0044693c	Label	LAB_0044693c
0044697c	Label	LAB_0044697c
004469ac	Label	LAB_004469ac
004469b8	Label	LAB_004469b8
004469d0	Label	LAB_004469d0
004469d4	Label	LAB_004469d4
004469e8	Label	LAB_004469e8
004469ec	Label	LAB_004469ec
00446a10	Label	LAB_00446a10
00446a18	Label	LAB_00446a18
00446a34	Label	LAB_00446a34
00446a3c	Label	LAB_00446a3c
00446a58	Label	LAB_00446a58
00446a64	Label	LAB_00446a64
00446a80	Label	LAB_00446a80
00446aac	Label	LAB_00446aac
00446acc	Label	LAB_00446acc
00446ad0	Label	LAB_00446ad0
00446aec	Label	LAB_00446aec
00446b40	Label	LAB_00446b40
00446b70	Label	LAB_00446b70
00446b7c	Label	LAB_00446b7c
00446b94	Label	LAB_00446b94
00446b9c	Label	LAB_00446b9c
00446bbc	Label	LAB_00446bbc
00446bc0	Label	LAB_00446bc0
00446bdc	Label	LAB_00446bdc
00446c24	Label	LAB_00446c24
00446c34	Label	LAB_00446c34
00446c54	Label	LAB_00446c54
00446c7c	Label	LAB_00446c7c
00446ccc	Label	LAB_00446ccc
00446cfc	Label	LAB_00446cfc
00446d14	Label	LAB_00446d14
00446d1c	Label	LAB_00446d1c
00446d20	Label	LAB_00446d20
00446d38	Label	LAB_00446d38
00446d80	Label	LAB_00446d80
00446d90	Label	LAB_00446d90
00446db0	Label	LAB_00446db0
00446db4	Label	LAB_00446db4
00446dd0	Label	LAB_00446dd0
00446e24	Label	LAB_00446e24
00446e54	Label	LAB_00446e54
00446e60	Label	LAB_00446e60
00446e78	Label	LAB_00446e78
00446e80	Label	LAB_00446e80
00446ea0	Label	LAB_00446ea0
00446ea4	Label	LAB_00446ea4
00446ec0	Label	LAB_00446ec0
00446f08	Label	LAB_00446f08
00446f18	Label	LAB_00446f18
00446f38	Label	LAB_00446f38
00446f74	Label	LAB_00446f74
00446f78	Label	LAB_00446f78
00446fac	Label	LAB_00446fac
00447154	Function	FUN_00447154
004471a8	Label	LAB_004471a8
004471bc	Label	LAB_004471bc
00447208	Label	LAB_00447208
0044720c	Label	LAB_0044720c
0044723c	Label	LAB_0044723c
0044724c	Label	LAB_0044724c
00447280	Label	LAB_00447280
00447298	Function	FUN_00447298
00447328	Label	LAB_00447328
00447334	Label	LAB_00447334
00447338	Label	LAB_00447338
00447378	Label	LAB_00447378
004473c0	Label	LAB_004473c0
004473d0	Label	LAB_004473d0
004473e0	Function	FUN_004473e0
0044743c	Label	LAB_0044743c
00447470	Label	LAB_00447470
0044747c	Label	LAB_0044747c
00447494	Label	LAB_00447494
004474cc	Label	LAB_004474cc
00447500	Label	LAB_00447500
0044750c	Label	LAB_0044750c
00447524	Label	LAB_00447524
0044755c	Label	LAB_0044755c
00447590	Label	LAB_00447590
0044759c	Label	LAB_0044759c
004475b4	Label	LAB_004475b4
004475ec	Label	LAB_004475ec
00447620	Label	LAB_00447620
0044762c	Label	LAB_0044762c
00447644	Label	LAB_00447644
0044767c	Label	LAB_0044767c
004476b0	Label	LAB_004476b0
004476bc	Label	LAB_004476bc
004476d4	Label	LAB_004476d4
004476f8	Label	LAB_004476f8
00447718	Label	LAB_00447718
00447738	Label	LAB_00447738
00447758	Label	LAB_00447758
00447778	Label	LAB_00447778
00447798	Label	LAB_00447798
004477fc	Label	LAB_004477fc
0044781c	Label	LAB_0044781c
00447834	Label	LAB_00447834
00447870	Label	LAB_00447870
00447874	Label	LAB_00447874
004478a8	Label	LAB_004478a8
004478f8	Label	LAB_004478f8
00447954	Label	LAB_00447954
00447974	Label	LAB_00447974
00447994	Label	LAB_00447994
004479b4	Label	LAB_004479b4
004479d0	Label	LAB_004479d0
00447a00	Label	LAB_00447a00
00447a04	Label	LAB_00447a04
00447b08	Label	LAB_00447b08
00447b38	Label	LAB_00447b38
00447b44	Label	LAB_00447b44
00447b50	Label	LAB_00447b50
00447ba8	Label	LAB_00447ba8
00447bc0	Label	LAB_00447bc0
00447c34	Label	LAB_00447c34
00447ca0	Label	LAB_00447ca0
00447ce4	Label	LAB_00447ce4
00447d38	Function	FUN_00447d38
00447ef8	Label	LAB_00447ef8
004480f0	Function	FUN_004480f0
004480f8	Function	FUN_004480f8
00448100	Function	FUN_00448100
00448108	Function	FUN_00448108
00448110	Function	FUN_00448110
00448118	Function	FUN_00448118
00448144	Function	FUN_00448144
00448170	Function	FUN_00448170
004481a4	Function	FUN_004481a4
00448214	Label	LAB_00448214
0044822c	Label	LAB_0044822c
00448238	Label	LAB_00448238
0044823c	Label	LAB_0044823c
0044828c	Label	LAB_0044828c
004482ac	Label	LAB_004482ac
004482dc	Label	LAB_004482dc
004482f8	Label	LAB_004482f8
00448310	Function	FUN_00448310
00448398	Label	LAB_00448398
004483d0	Label	LAB_004483d0
004483f0	Label	LAB_004483f0
00448400	Label	LAB_00448400
0044846c	Label	LAB_0044846c
00448484	Label	LAB_00448484
0044849c	Label	LAB_0044849c
004484bc	Label	LAB_004484bc
004484cc	Label	LAB_004484cc
004484e4	Label	LAB_004484e4
004484f8	Label	LAB_004484f8
00448510	Label	LAB_00448510
00448520	Label	LAB_00448520
00448528	Label	LAB_00448528
00448578	Label	LAB_00448578
0044857c	Label	LAB_0044857c
00448590	Label	LAB_00448590
004485b0	Label	LAB_004485b0
004485e0	Label	LAB_004485e0
004485f8	Label	LAB_004485f8
00448690	Label	LAB_00448690
004486b0	Label	LAB_004486b0
004486b8	Label	LAB_004486b8
004486e4	Label	LAB_004486e4
004486f4	Label	LAB_004486f4
00448714	Label	LAB_00448714
00448754	Label	LAB_00448754
00448770	Label	LAB_00448770
00448780	Label	LAB_00448780
0044878c	Label	LAB_0044878c
0044879c	Label	LAB_0044879c
004487d8	Label	LAB_004487d8
00448824	Label	LAB_00448824
00448838	Label	LAB_00448838
00448850	Label	LAB_00448850
00448950	Function	FUN_00448950
00448958	Function	FUN_00448958
00448cdc	Label	LAB_00448cdc
00448ce0	Label	LAB_00448ce0
00448cfc	Label	LAB_00448cfc
00448d3c	Label	LAB_00448d3c
00448d7c	Label	LAB_00448d7c
00448da0	Label	LAB_00448da0
00448dc0	Label	LAB_00448dc0
00448dcc	Label	LAB_00448dcc
00448dd8	Label	LAB_00448dd8
00448de4	Function	FUN_00448de4
00448e08	Function	FUN_00448e08
00448e38	Label	LAB_00448e38
00448e3c	Label	LAB_00448e3c
00448e4c	Label	LAB_00448e4c
00448e8c	Function	FUN_00448e8c
00448ee8	Label	LAB_00448ee8
00448eec	Label	LAB_00448eec
00448efc	Label	LAB_00448efc
00448f34	Label	LAB_00448f34
00448f50	Function	FUN_00448f50
00448fb0	Label	LAB_00448fb0
00448ff4	Label	LAB_00448ff4
00449004	Label	LAB_00449004
00449034	Label	LAB_00449034
00449054	Label	LAB_00449054
00449074	Label	LAB_00449074
004490a8	Label	LAB_004490a8
004490d0	Label	LAB_004490d0
004490ec	Label	LAB_004490ec
004490f4	Label	LAB_004490f4
00449100	Label	LAB_00449100
00449180	Label	LAB_00449180
00449190	Label	LAB_00449190
004491c0	Label	LAB_004491c0
004491f0	Label	LAB_004491f0
004491f4	Label	LAB_004491f4
00449240	Label	LAB_00449240
00449250	Label	LAB_00449250
00449268	Label	LAB_00449268
00449278	Label	LAB_00449278
00449290	Label	LAB_00449290
004492a8	Label	LAB_004492a8
004492bc	Label	LAB_004492bc
004492d4	Label	LAB_004492d4
004492ec	Label	LAB_004492ec
00449304	Label	LAB_00449304
00449364	Label	LAB_00449364
00449380	Label	LAB_00449380
00449398	Label	LAB_00449398
004493e8	Label	LAB_004493e8
004493ec	Label	LAB_004493ec
00449420	Label	LAB_00449420
00449428	Label	LAB_00449428
00449470	Label	LAB_00449470
00449494	Label	LAB_00449494
004494b8	Label	LAB_004494b8
004494d0	Label	LAB_004494d0
004494f8	Label	LAB_004494f8
00449534	Label	LAB_00449534
0044954c	Label	LAB_0044954c
00449564	Label	LAB_00449564
00449594	Label	LAB_00449594
004495ac	Label	LAB_004495ac
004495bc	Label	LAB_004495bc
004495d4	Label	LAB_004495d4
004495ec	Label	LAB_004495ec
0044961c	Label	LAB_0044961c
0044963c	Label	LAB_0044963c
00449668	Label	LAB_00449668
004496a0	Label	LAB_004496a0
004496cc	Label	LAB_004496cc
00449704	Label	LAB_00449704
0044971c	Label	LAB_0044971c
0044979c	Label	LAB_0044979c
004497a0	Label	LAB_004497a0
004497c0	Label	LAB_004497c0
004497d8	Label	LAB_004497d8
00449820	Label	LAB_00449820
00449824	Label	LAB_00449824
00449860	Label	LAB_00449860
00449874	Label	LAB_00449874
00449898	Label	LAB_00449898
00449908	Label	LAB_00449908
004499a4	Label	LAB_004499a4
004499d8	Label	LAB_004499d8
004499fc	Label	LAB_004499fc
00449a14	Label	LAB_00449a14
00449a5c	Label	LAB_00449a5c
00449a7c	Label	LAB_00449a7c
00449a94	Label	LAB_00449a94
00449af0	Label	LAB_00449af0
00449b40	Label	LAB_00449b40
00449b44	Label	LAB_00449b44
00449b70	Label	LAB_00449b70
00449c20	Label	LAB_00449c20
00449c68	Label	LAB_00449c68
00449c9c	Label	LAB_00449c9c
00449ccc	Label	LAB_00449ccc
00449ce4	Label	LAB_00449ce4
00449d54	Label	LAB_00449d54
00449e44	Label	LAB_00449e44
00449ec8	Label	LAB_00449ec8
00449ef0	Label	LAB_00449ef0
00449f10	Label	LAB_00449f10
00449f20	Label	LAB_00449f20
00449f64	Label	LAB_00449f64
00449f68	Label	LAB_00449f68
00449f78	Label	LAB_00449f78
00449f88	Label	LAB_00449f88
00449fbc	Label	LAB_00449fbc
00449fcc	Label	LAB_00449fcc
00449fdc	Label	LAB_00449fdc
00449ff4	Label	LAB_00449ff4
0044a05c	Label	LAB_0044a05c
0044a068	Label	LAB_0044a068
0044a074	Label	LAB_0044a074
0044a084	Label	LAB_0044a084
0044a0a0	Label	LAB_0044a0a0
0044a0b0	Label	LAB_0044a0b0
0044a120	Label	LAB_0044a120
0044a138	Label	LAB_0044a138
0044a150	Label	LAB_0044a150
0044a168	Label	LAB_0044a168
0044a180	Function	FUN_0044a180
0044a210	Label	LAB_0044a210
0044a248	Function	FUN_0044a248
0044a2b8	Function	FUN_0044a2b8
0044a328	Function	FUN_0044a328
0044a334	Function	FUN_0044a334
0044a3a8	Label	LAB_0044a3a8
0044a3ac	Label	LAB_0044a3ac
0044a3dc	Label	LAB_0044a3dc
0044a3f8	Label	LAB_0044a3f8
0044a418	Label	LAB_0044a418
0044a430	Label	LAB_0044a430
0044a448	Function	FUN_0044a448
0044a4bc	Label	LAB_0044a4bc
0044a4d0	Label	LAB_0044a4d0
0044a614	Function	FUN_0044a614
0044a6f0	Label	LAB_0044a6f0
0044a710	Label	LAB_0044a710
0044a744	Label	LAB_0044a744
0044a760	Label	LAB_0044a760
0044a77c	Label	LAB_0044a77c
0044a7a0	Label	LAB_0044a7a0
0044a7b8	Label	LAB_0044a7b8
0044a7d0	Function	FUN_0044a7d0
0044aa04	Label	LAB_0044aa04
0044abf8	Label	LAB_0044abf8
0044ad7c	Label	LAB_0044ad7c
0044adbc	Label	LAB_0044adbc
0044b01c	Label	LAB_0044b01c
0044b060	Function	FUN_0044b060
0044b084	Function	FUN_0044b084
0044b110	Label	LAB_0044b110
0044b11c	Label	LAB_0044b11c
0044b150	Label	LAB_0044b150
0044b168	Label	LAB_0044b168
0044b180	Label	LAB_0044b180
0044b19c	Label	LAB_0044b19c
0044b1b0	Function	FUN_0044b1b0
0044b21c	Label	LAB_0044b21c
0044b228	Label	LAB_0044b228
0044b248	Label	LAB_0044b248
0044b268	Label	LAB_0044b268
0044b27c	Label	LAB_0044b27c
0044b290	Label	LAB_0044b290
0044b2a4	Label	LAB_0044b2a4
0044b2d0	Label	LAB_0044b2d0
0044b334	Label	LAB_0044b334
0044b34c	Label	LAB_0044b34c
0044b364	Label	LAB_0044b364
0044b380	Label	LAB_0044b380
0044b398	Label	LAB_0044b398
0044b3d8	Function	FUN_0044b3d8
0044b428	Label	LAB_0044b428
0044b440	Label	LAB_0044b440
0044b458	Label	LAB_0044b458
0044b460	Label	LAB_0044b460
0044b474	Label	LAB_0044b474
0044b598	Label	LAB_0044b598
0044b608	Label	LAB_0044b608
0044b628	Function	FUN_0044b628
0044b698	Function	FUN_0044b698
0044b6d4	Label	LAB_0044b6d4
0044b6ec	Label	LAB_0044b6ec
0044b708	Label	LAB_0044b708
0044b718	Label	LAB_0044b718
0044b720	Function	FUN_0044b720
0044b750	Label	LAB_0044b750
0044b760	Label	LAB_0044b760
0044b788	Label	LAB_0044b788
0044b7a4	Function	FUN_0044b7a4
0044b828	Label	LAB_0044b828
0044b8ac	Label	LAB_0044b8ac
0044b8d0	Label	LAB_0044b8d0
0044b8f4	Label	LAB_0044b8f4
0044b928	Label	switchD_0044b928::switchD
0044b930	Label	switchD_0044b928::caseD_fffffff0
0044b944	Label	switchD_0044b928::caseD_fffffff4
0044b944	Label	switchD_0044b928::caseD_fffffff5
0044b980	Label	switchD_0044b928::caseD_fffffff6
0044b998	Label	switchD_0044b928::caseD_fffffff3
0044b9b0	Label	switchD_0044b928::caseD_fffffff2
0044b9c8	Label	switchD_0044b928::caseD_fffffff1
0044b9e0	Label	LAB_0044b9e0
0044b9f0	Label	LAB_0044b9f0
0044ba00	Label	LAB_0044ba00
0044ba18	Label	LAB_0044ba18
0044ba50	Label	LAB_0044ba50
0044ba5c	Label	LAB_0044ba5c
0044ba80	Label	LAB_0044ba80
0044baac	Label	LAB_0044baac
0044babc	Label	LAB_0044babc
0044bad4	Function	FUN_0044bad4
0044bb04	Label	LAB_0044bb04
0044bba8	Label	LAB_0044bba8
0044be14	Label	LAB_0044be14
0044be58	Label	LAB_0044be58
0044be74	Label	LAB_0044be74
0044be88	Label	LAB_0044be88
0044bf08	Label	LAB_0044bf08
0044bf2c	Label	switchD_0044bf2c::switchD
0044bf34	Label	switchD_0044bf2c::caseD_8
0044bf34	Label	switchD_0044bf2c::caseD_a
0044bf38	Label	LAB_0044bf38
0044bf50	Label	switchD_0044bf2c::caseD_4
0044bf50	Label	switchD_0044bf2c::caseD_6
0044bf54	Label	LAB_0044bf54
0044bf98	Label	switchD_0044bf2c::caseD_7
0044bfa0	Label	switchD_0044bf2c::caseD_9
0044bfa8	Label	switchD_0044bf2c::caseD_3
0044bfb0	Label	switchD_0044bf2c::caseD_5
0044bff0	Label	LAB_0044bff0
0044c000	Function	FUN_0044c000
0044c064	Label	LAB_0044c064
0044c0b0	Label	LAB_0044c0b0
0044c0cc	Label	LAB_0044c0cc
0044c0d0	Label	LAB_0044c0d0
0044c0d4	Label	LAB_0044c0d4
0044c0f8	Label	LAB_0044c0f8
0044c164	Label	LAB_0044c164
0044c190	Label	LAB_0044c190
0044c1a8	Label	LAB_0044c1a8
0044c1e0	Label	LAB_0044c1e0
0044c204	Label	LAB_0044c204
0044c214	Label	LAB_0044c214
0044c2a4	Label	LAB_0044c2a4
0044c2c8	Label	LAB_0044c2c8
0044c2ec	Label	LAB_0044c2ec
0044c330	Label	LAB_0044c330
0044c338	Label	LAB_0044c338
0044c3c8	Label	LAB_0044c3c8
0044c3e8	Label	LAB_0044c3e8
0044c43c	Label	LAB_0044c43c
0044c44c	Label	LAB_0044c44c
0044c45c	Label	LAB_0044c45c
0044c474	Function	FUN_0044c474
0044c5bc	Label	LAB_0044c5bc
0044c644	Label	LAB_0044c644
0044c68c	Label	LAB_0044c68c
0044c698	Label	LAB_0044c698
0044c6a8	Label	LAB_0044c6a8
0044c6bc	Label	LAB_0044c6bc
0044c6cc	Label	LAB_0044c6cc
0044c6dc	Label	LAB_0044c6dc
0044c70c	Label	LAB_0044c70c
0044c71c	Label	LAB_0044c71c
0044c7c0	Label	LAB_0044c7c0
0044c7cc	Function	FUN_0044c7cc
0044c834	Label	LAB_0044c834
0044c870	Label	LAB_0044c870
0044c888	Label	LAB_0044c888
0044c8a8	Function	FUN_0044c8a8
0044c92c	Label	switchD_0044c92c::switchD
0044c934	Label	LAB_0044c934
0044c960	Label	LAB_0044c960
0044c974	Label	LAB_0044c974
0044c9a0	Label	switchD_0044c92c::caseD_5
0044c9b4	Label	LAB_0044c9b4
0044c9e4	Label	switchD_0044c92c::caseD_4
0044c9fc	Label	switchD_0044c92c::caseD_3
0044ca14	Label	switchD_0044c92c::caseD_2
0044ca2c	Label	switchD_0044c92c::caseD_1
0044ca44	Label	LAB_0044ca44
0044cab0	Label	LAB_0044cab0
0044cad4	Label	LAB_0044cad4
0044cae4	Label	LAB_0044cae4
0044cafc	Label	switchD_0044c92c::caseD_0
0044cb04	Function	FUN_0044cb04
0044cbb0	Label	LAB_0044cbb0
0044cbe0	Label	LAB_0044cbe0
0044cc14	Label	LAB_0044cc14
0044cc1c	Label	LAB_0044cc1c
0044cc48	Label	LAB_0044cc48
0044cc5c	Label	LAB_0044cc5c
0044cc68	Label	LAB_0044cc68
0044cc84	Label	LAB_0044cc84
0044cccc	Label	LAB_0044cccc
0044cd00	Label	LAB_0044cd00
0044cd10	Label	LAB_0044cd10
0044cd30	Label	LAB_0044cd30
0044cd40	Label	LAB_0044cd40
0044cd90	Label	LAB_0044cd90
0044cda8	Label	LAB_0044cda8
0044cdc4	Label	LAB_0044cdc4
0044cdf0	Function	FUN_0044cdf0
0044ce2c	Label	LAB_0044ce2c
0044ce48	Label	LAB_0044ce48
0044ce64	Label	LAB_0044ce64
0044ce6c	Label	LAB_0044ce6c
0044ce94	Label	LAB_0044ce94
0044ce98	Label	LAB_0044ce98
0044ceb8	Label	LAB_0044ceb8
0044ced8	Label	LAB_0044ced8
0044cf18	Label	LAB_0044cf18
0044cf2c	Label	LAB_0044cf2c
0044cfc4	Label	LAB_0044cfc4
0044cfd8	Label	LAB_0044cfd8
0044cfe8	Label	LAB_0044cfe8
0044d048	Label	LAB_0044d048
0044d110	Label	LAB_0044d110
0044d224	Label	LAB_0044d224
0044d240	Function	FUN_0044d240
0044d2a0	Label	LAB_0044d2a0
0044d2bc	Label	LAB_0044d2bc
0044d2e8	Label	LAB_0044d2e8
0044d32c	Label	LAB_0044d32c
0044d354	Function	FUN_0044d354
0044d390	Function	FUN_0044d390
0044d400	Label	LAB_0044d400
0044d448	Label	LAB_0044d448
0044d474	Label	LAB_0044d474
0044d478	Label	LAB_0044d478
0044d47c	Label	LAB_0044d47c
0044d480	Label	LAB_0044d480
0044d4c0	Label	LAB_0044d4c0
0044d4f0	Label	LAB_0044d4f0
0044d510	Label	LAB_0044d510
0044d538	Label	LAB_0044d538
0044d548	Label	LAB_0044d548
0044d554	Label	LAB_0044d554
0044d5a0	Label	LAB_0044d5a0
0044d5b0	Label	LAB_0044d5b0
0044d5d0	Label	LAB_0044d5d0
0044d63c	Label	LAB_0044d63c
0044d654	Label	LAB_0044d654
0044d668	Label	LAB_0044d668
0044d67c	Label	LAB_0044d67c
0044d690	Function	FUN_0044d690
0044d6e4	Label	LAB_0044d6e4
0044d700	Function	FUN_0044d700
0044d748	Label	LAB_0044d748
0044d764	Label	LAB_0044d764
0044d78c	Function	FUN_0044d78c
0044d7c8	Label	LAB_0044d7c8
0044d7e4	Label	LAB_0044d7e4
0044d800	Label	LAB_0044d800
0044d808	Label	LAB_0044d808
0044d82c	Label	LAB_0044d82c
0044d84c	Label	LAB_0044d84c
0044d88c	Label	LAB_0044d88c
0044d8a0	Label	LAB_0044d8a0
0044d8a4	Label	LAB_0044d8a4
0044d8c0	Label	LAB_0044d8c0
0044d8d4	Label	LAB_0044d8d4
0044d8e4	Label	LAB_0044d8e4
0044d9ac	Label	LAB_0044d9ac
0044dab8	Label	LAB_0044dab8
0044db18	Label	LAB_0044db18
0044db30	Function	FUN_0044db30
0044dbdc	Label	LAB_0044dbdc
0044dc24	Function	FUN_0044dc24
0044dc8c	Label	LAB_0044dc8c
0044dca0	Function	FUN_0044dca0
0044dcc0	Label	LAB_0044dcc0
0044dcc4	Label	LAB_0044dcc4
0044dcd8	Label	LAB_0044dcd8
0044dd54	Label	LAB_0044dd54
0044dd5c	Label	LAB_0044dd5c
0044df60	Function	FUN_0044df60
0044df8c	Label	LAB_0044df8c
0044dfa0	Function	FUN_0044dfa0
0044dfe4	Label	LAB_0044dfe4
0044e000	Label	LAB_0044e000
0044e004	Label	LAB_0044e004
0044e01c	Label	LAB_0044e01c
0044e048	Label	LAB_0044e048
0044e070	Label	LAB_0044e070
0044e07c	Label	LAB_0044e07c
0044e0b4	Label	LAB_0044e0b4
0044e0cc	Label	LAB_0044e0cc
0044e128	Label	LAB_0044e128
0044e154	Label	LAB_0044e154
0044e16c	Label	LAB_0044e16c
0044e178	Label	LAB_0044e178
0044e188	Label	LAB_0044e188
0044e19c	Label	LAB_0044e19c
0044e254	Label	LAB_0044e254
0044e268	Label	LAB_0044e268
0044e274	Label	LAB_0044e274
0044e27c	Label	LAB_0044e27c
0044e288	Label	LAB_0044e288
0044e2b0	Label	LAB_0044e2b0
0044e2c8	Label	LAB_0044e2c8
0044e38c	Function	FUN_0044e38c
0044e42c	Label	LAB_0044e42c
0044e44c	Function	FUN_0044e44c
0044e478	Label	LAB_0044e478
0044e4b8	Label	LAB_0044e4b8
0044e4c8	Function	FUN_0044e4c8
0044e4f8	Label	LAB_0044e4f8
0044e510	Label	LAB_0044e510
0044e670	Label	LAB_0044e670
0044e688	Label	LAB_0044e688
0044e6b0	Function	FUN_0044e6b0
0044e6dc	Label	LAB_0044e6dc
0044e704	Label	LAB_0044e704
0044e718	Label	LAB_0044e718
0044e728	Label	LAB_0044e728
0044e768	Label	LAB_0044e768
0044e7a4	Label	LAB_0044e7a4
0044e7cc	Label	LAB_0044e7cc
0044e808	Function	FUN_0044e808
0044e848	Label	LAB_0044e848
0044e858	Label	LAB_0044e858
0044e85c	Label	LAB_0044e85c
0044e860	Label	LAB_0044e860
0044e884	Label	LAB_0044e884
0044e8a4	Label	LAB_0044e8a4
0044e8c8	Function	FUN_0044e8c8
0044e8d0	Function	FUN_0044e8d0
0044e8dc	Label	LAB_0044e8dc
0044e8e4	Label	LAB_0044e8e4
0044e91c	Label	LAB_0044e91c
0044e97c	Label	LAB_0044e97c
0044e9d8	Label	LAB_0044e9d8
0044e9dc	Label	LAB_0044e9dc
0044e9ec	Label	LAB_0044e9ec
0044e9f4	Label	LAB_0044e9f4
0044ea08	Label	LAB_0044ea08
0044ea10	Label	LAB_0044ea10
0044ea28	Label	LAB_0044ea28
0044ea48	Label	LAB_0044ea48
0044ea64	Label	LAB_0044ea64
0044ea7c	Label	LAB_0044ea7c
0044eacc	Label	LAB_0044eacc
0044ead0	Label	LAB_0044ead0
0044eb28	Label	LAB_0044eb28
0044eb34	Label	LAB_0044eb34
0044eb4c	Label	LAB_0044eb4c
0044eb64	Label	LAB_0044eb64
0044ebe4	Label	LAB_0044ebe4
0044ec40	Label	LAB_0044ec40
0044ec50	Label	LAB_0044ec50
0044ecd8	Label	LAB_0044ecd8
0044ed38	Label	LAB_0044ed38
0044ed3c	Label	LAB_0044ed3c
0044ed60	Label	LAB_0044ed60
0044ed68	Label	LAB_0044ed68
0044ed70	Label	LAB_0044ed70
0044ed80	Label	LAB_0044ed80
0044ed8c	Label	LAB_0044ed8c
0044ed94	Label	LAB_0044ed94
0044eda4	Label	LAB_0044eda4
0044edac	Label	LAB_0044edac
0044edb4	Label	LAB_0044edb4
0044edbc	Label	LAB_0044edbc
0044edc4	Label	LAB_0044edc4
0044edcc	Label	LAB_0044edcc
0044ede0	Label	LAB_0044ede0
0044ee40	Label	LAB_0044ee40
0044ee60	Label	LAB_0044ee60
0044ee84	Label	LAB_0044ee84
0044ee90	Function	FUN_0044ee90
0044eebc	Label	LAB_0044eebc
0044eedc	Label	LAB_0044eedc
0044eef0	Label	__DT_FINI
0044eef0	Function	_fini
0044ef10	Label	LAB_0044ef10
0044ef40	Label	_IO_stdin_used
0044ef44	Label	s_>>Channel_key_0044ef44
0044ef54	Label	s_>>Setup_key_0044ef54
0044ef60	Label	s_act_key_%d_0044ef60
0044ef6c	Label	s_>>!%s_,%d_0044ef6c
0044ef78	Label	s_/dev/fb0_0044ef78
0044ef84	Label	s_Error_reading_variable_informati_0044ef84
0044efa8	Label	s_screen_resolution:%dx%d_0044efa8
0044efc4	Label	s_Error_writing_fixed_information_0044efc4
0044efe4	Label	s_*********_Welcome_to_Hichip_worl_0044efe4
0044f018	Label	s_/dev/input/event0_0044f018
0044f02c	Label	s_/dev/input/event1_0044f02c
0044f040	Label	s_MSG_TYPE_STANDBY_SLEEP_0044f040
0044f058	Label	s_MSG_TYPE_WAKE_UP_0044f058
0044f06c	Label	s_MSG_TYPE_POWER_SCREEN_UNLOCK_0044f06c
0044f090	Label	switchD_00405bf4::switchdataD_0044f090
0044f0a8	Label	PTR_caseD_405c48_0044f0a8
0044f0b0	Label	s_stroage_hotplug_handle_0044f0b0
0044f0d0	Label	s_close_lcd/backlight/_etc._0044f0d0
0044f0ec	Label	s_/dev/lvds_0044f0ec
0044f0f8	Label	s_/dev/mipi_0044f0f8
0044f104	Label	s_/dev/lcddev_0044f104
0044f110	Label	s_/dev/standby_0044f110
0044f120	Label	s_Open_/dev/standby_failed!_0044f120
0044f13c	Label	s_enter_standby!_0044f13c
0044f14c	Label	s_h_is:_%d,_v_is:_%d_0044f14c
0044f160	Label	s_hdmi_rx_connect_0044f160
0044f170	Label	DAT_0044f170
0044f178	Label	DAT_0044f178
0044f17c	Label	s_hdmi_rx_disconnect_0044f17c
0044f190	Label	s_%s:%d:_unkown_message_type(%d)_0044f190
0044f1b0	Label	s_HDMI_RX_SET_AUDIO_DATA_PATH_fail_0044f1b0
0044f1d4	Label	s_HDMI_RX_SET_VIDEO_STOP_MODE_fail_0044f1d4
0044f1f8	Label	s_individual_0044f1f8
0044f204	Label	s_%s_devpath:%s_0044f204
0044f214	Label	s_Error:_Open_%s_failed_0044f214
0044f22c	Label	s_%s/hdmirxkey.bin_0044f22c
0044f240	Label	s_open_hdmi_key_file:_%s_fail!_0044f240
0044f260	Label	s_read_*.bin_fail_0044f260
0044f270	Label	s_read_udisk_0044f270
0044f27c	Label	s_******%s*******_0044f27c
0044f290	Label	s_%02x_0044f290
0044f298	Label	s_Error:_open_%s_failed_0044f298
0044f2b0	Label	s_mtd.erasesize=%d_0044f2b0
0044f2c4	Label	s_Error:_erase_%s_failed_0044f2c4
0044f2e0	Label	s_Error:_write_%s_failed_0044f2e0
0044f2fc	Label	s_Write_key_to_flash/individual_su_0044f2fc
0044f324	Label	s_No_usb_disk,_can_not_read_hdmi_k_0044f324
0044f350	Label	s_No_hdcp_rx_key_0044f350
0044f360	Label	s_Error:_HDMI_RX_SET_HDCP_KEY_fail_0044f360
0044f384	Label	s_HDMI_RX_SET_HDCP_KEY_Success!_0044f384
0044f3a4	Label	s_HDMI_RX_START_failed_0044f3a4
0044f3bc	Label	s_Error:_load_hdcpkey_fail_0044f3bc
0044f3d8	Label	s_%s-ed_%d_0044f3d8
0044f3e4	Label	s_hrx_closed_0044f3e4
0044f3f0	Label	s_/dev/hdmi_rx_0044f3f0
0044f400	Label	s_open_/dev/hdmi_rx_failed,_ret=%d_0044f400
0044f424	Label	s_pthread_create_receive_hdmi_rx_e_0044f424
0044f454	Label	s_%s:%d:err:_epoll_create1_failed_0044f454
0044f478	Label	s_%s:%d:err:_KUMSGQ_FD_ACCESS_fail_0044f478
0044f49c	Label	s_%s:%d:err:_EPOLL_CTL_ADD_failed_0044f49c
0044f4c0	Label	s_KUMSGQ_NOTIFIER_SETUP_HDMI_RX_NO_0044f4c0
0044f4f4	Label	s_KUMSGQ_NOTIFIER_SETUP_HDMI_RX_NO_0044f4f4
0044f52c	Label	s_thread_is_not_exit..._0044f52c
0044f544	Label	s_%s:%d:_really_0044f544
0044f5b8	Label	s_projector_hdcpkey_load_0044f5b8
0044f5d0	Label	s_hdmirx_start_0044f5d0
0044f5e0	Label	s_notifier_hdmi_in_plugout_0044f5e0
0044f5fc	Label	s_notifier_hdmi_in_plugin_0044f5fc
0044f614	Label	s_receive_hdmi_rx_event_func_0044f614
0044f630	Label	s_hdmi_hotplug_rx_enable_0044f630
0044f648	Label	s_hdmi_rx_enter_0044f648
0044f658	Label	s_hdmi_rx_leave_0044f658
0044f668	Label	s_hdmirx_resume_0044f668
0044f678	Label	s_hdmirx_pause_0044f678
0044f6d4	Label	PTR_LAB_0044f6d4
0044f6f0	Label	s_%s%d%s_0044f6f0
0044f6f8	Label	s_Not_enough_memory._0044f6f8
0044f70c	Label	s_file_mgr_get_file_node()_fail!_0044f70c
0044f72c	Label	s_del_node_from_file_list_t_0044f72c
0044f748	Label	s_each_node.name:%s_0044f748
0044f75c	Label	DAT_0044f75c
0044f760	Label	s_%s,%d,open_%s_file_failed_0044f760
0044f77c	Label	s_stat_failed_0044f77c
0044f788	Label	s_read_file_fail_0044f788
0044f798	Label	s_%ld_/_%ld_0044f798
0044f7a4	Label	s_str_mul_malloc_faild_0044f7a4
0044f7bc	Label	s_get_buff_mul_malloc_faild_0044f7bc
0044f7d8	Label	DAT_0044f7d8
0044f7dc	Label	s_str_mul_realloc_faild_0044f7dc
0044f7f4	Label	s_get_buff_mul_realloc_faild_0044f7f4
0044f810	Label	s_%s(),_line:_%d._ebook_read_file__0044f810
0044f840	Label	s_ebook_read_file_task_0044f840
0044f858	Label	s_ebook_read_file_0044f858
0044f868	Label	s_preview_read_ebook_0044f868
0044f888	Label	DAT_0044f888
0044f88c	Label	PTR_DAT_0044f88c
0044f898	Label	DAT_0044f898
0044f8a4	Label	DAT_0044f8a4
0044f8b0	Label	s_/dev/dis_0044f8b0
0044f910	Label	s_can_not_find_the_file_node_via_t_0044f910
0044f940	Label	s_/data/home/lucien.chen/cube8y/bu_0044f940
0044f9e0	Label	s_file_list_0044f9e0
0044f9ec	Label	s_assertion(%s)_failed:_file_"%s",_0044f9ec
0044fa18	Label	s_%s_start_0044fa18
0044fa24	Label	s_/media_0044fa24
0044fa2c	Label	PTR_DAT_0044fa2c
0044fa30	Label	PTR_DAT_0044fa30
0044fa34	Label	PTR_DAT_0044fa34
0044fa38	Label	PTR_DAT_0044fa38
0044fa3c	Label	PTR_DAT_0044fa3c
0044fa40	Label	PTR_DAT_0044fa40
0044fa44	Label	DAT_0044fa44
0044fa4c	Label	PTR_DAT_0044fa4c
0044fa50	Label	DAT_0044fa50
0044fa58	Label	PTR_DAT_0044fa58
0044fa5c	Label	PTR_DAT_0044fa5c
0044fa60	Label	PTR_DAT_0044fa60
0044fa64	Label	PTR_DAT_0044fa64
0044fa68	Label	s_%s_end_0044fa68
0044fa70	Label	s_current_dir:_%s,_file:_%d,_dir:_%_0044fa70
0044fa94	Label	s_>>!_%s,_add_in_subtutle_list_0044fa94
0044fab4	Label	s_free_media_list_struct_memory_0044fab4
0044faf0	Label	s_file_mgr_create_list_without_dir_0044faf0
0044fb14	Label	s_file_mgr_create_list_0044fb14
0044fb2c	Label	PTR_PTR_0044fb2c
0044fb30	Label	DAT_0044fb30
0044fb34	Label	DAT_0044fb34
0044fb60	Label	s_zoom_ratio:_1_:_1_0044fb60
0044fb74	Label	s_zoom_ratio:_1_:_1.5_0044fb74
0044fb88	Label	s_zoom_ratio:_1_:_2_0044fb88
0044fb9c	Label	s_zoom_ratio:_1_:_3_0044fb9c
0044fbb0	Label	switchD_00411384::switchdataD_0044fbb0
0044fbf8	Label	switchD_004126a8::switchdataD_0044fbf8
0044fc50	Label	switchD_00412a9c::switchdataD_0044fc50
0044fc68	Label	switchD_00412f90::switchdataD_0044fc68
0044fc84	Label	switchD_004130f0::switchdataD_0044fc84
0044fca4	Label	switchD_0041321c::switchdataD_0044fca4
0044fcac	Label	PTR_caseD_2_0044fcac
0044fcbc	Label	s_media_msg_handle_0044fcbc
0044fcd0	Label	PTR_DAT_0044fcd0
0044fce0	Label	DAT_0044fce0
0044fce4	Label	DAT_0044fce4
0044fce8	Label	DAT_0044fce8
0044fcec	Label	s_%02lu:%02lu:%02lu_0044fcec
0044fd00	Label	s_%02lu:%02lu_0044fd00
0044fd0c	Label	s_backlight:%d_0044fd0c
0044fd1c	Label	s_msg_error!_%s,%d_0044fd1c
0044fd30	Label	s_unknown_0044fd30
0044fd38	Label	s_singer:%s,title:%s_0044fd38
0044fd4c	Label	s_<<_1/2_0044fd4c
0044fd54	Label	s_<<_1/4_0044fd54
0044fd5c	Label	s_<<_1/8_0044fd5c
0044fd64	Label	s_<<_1/16_0044fd64
0044fd6c	Label	s_<<_1/24_0044fd6c
0044fd74	Label	s_>>_1/2_0044fd74
0044fd7c	Label	s_>>_1/4_0044fd7c
0044fd84	Label	s_>>_1/8_0044fd84
0044fd8c	Label	s_>>_1/16_0044fd8c
0044fd94	Label	s_>>_1/24_0044fd94
0044fd9c	Label	s_<<_x2_0044fd9c
0044fda4	Label	DAT_0044fda4
0044fda8	Label	DAT_0044fda8
0044fdac	Label	s_<<_x8_0044fdac
0044fdb4	Label	s_<<_x16_0044fdb4
0044fdbc	Label	s_<<_x24_0044fdbc
0044fdc4	Label	s_<<_x32_0044fdc4
0044fdcc	Label	s_>>_x2_0044fdcc
0044fdd4	Label	s_>>_x4_0044fdd4
0044fddc	Label	s_>>_x8_0044fddc
0044fde4	Label	s_>>_x16_0044fde4
0044fdec	Label	s_>>_x24_0044fdec
0044fdf4	Label	s_>>_x32_0044fdf4
0044fe2c	Label	s_zoom_transfer_dst_rect_for_scree_0044fe2c
0044fe54	Label	PTR_DAT_0044fe54
0044fe5c	Label	PTR_DAT_0044fe5c
0044fe60	Label	s_%s_rotate:%d,h_flip:%d_0044fe60
0044fe78	Label	DAT_0044fe78
0044fe7c	Label	DAT_0044fe7c
0044fe80	Label	DAT_0044fe80
0044fe84	Label	DAT_0044fe84
0044fe88	Label	DAT_0044fe88
0044fe8c	Label	DAT_0044fe8c
0044fe90	Label	DAT_0044fe90
0044fea0	Label	switchD_004151b0::switchdataD_0044fea0
0044fef0	Label	DAT_0044fef0
0044fef4	Label	DAT_0044fef4
0044fef8	Label	PTR_DAT_0044fef8
0044fefc	Label	PTR_DAT_0044fefc
0044ff00	Label	PTR_DAT_0044ff00
0044ff04	Label	s_get_video_time_error_0044ff04
0044ff1c	Label	DAT_0044ff1c
0044ff24	Label	DAT_0044ff24
0044ff2c	Label	DAT_0044ff2c
0044ff40	Label	PTR_DAT_0044ff40
0044ff50	Label	DAT_0044ff50
0044ff58	Label	DAT_0044ff58
0044ff5c	Label	DAT_0044ff5c
0044ff60	Label	s_change_memory_play:%s_0044ff60
0044ff78	Label	s_%s(),_%d._access_%s_fail!_0044ff78
0044ff94	Label	s_%s()._mem_play:%s,_time:%d_0044ff94
0044ffb0	Label	s_auto_playing_from_disk_0044ffb0
0044ffd0	Label	DAT_0044ffd0
0044ffe4	Label	DAT_0044ffe4
0044ffe8	Label	DAT_0044ffe8
0044fff0	Label	s__0044fff0
0044fff8	Label	s_can't_find_bgm_path_0044fff8
00450000	Label	s_nd_bgm_path_00450000
0045000c	Label	s_bgm_list_is_null_0045000c
00450020	Label	switchD_00419218::switchdataD_00450020
00450040	Label	s_/dev/auddec_00450040
0045004c	Label	s_open_auddec_err_0045004c
0045005c	Label	s_break_cube_play_thread_0045005c
00450074	Label	s_cube_wav_task_exit_00450074
00450088	Label	s_Error_allocating_memory_00450088
004500a0	Label	s_/mnt/sdcard/cubegm/_004500a0
004500a4	Label	s_/sdcard/cubegm/_004500a4
004500a8	Label	s_ard/cubegm/_004500a8
004500ac	Label	s_cubegm/_004500ac
004500b0	Label	s_gm/_004500b0
004500b4	Label	s_fopen_file_"%s"_fail,_please_che_004500b4
004500e4	Label	s_Error_reading_file_004500e4
004500f8	Label	s_cube_bg_music_play_task_start_004500f8
00450118	Label	s_audio_fd_=_%d_00450118
00450128	Label	s_audio_fd_<0,return_00450128
0045013c	Label	s_cube_wav_pthread_create_failed_0045013c
00450168	Label	s_PageBack_media.wav_00450168
0045017c	Label	s_PressYesNo_media.wav_0045017c
00450194	Label	s_MoveYesNo_media.wav_00450194
004501a8	Label	s_FlyIn_V_media.wav_004501a8
004501bc	Label	s_SelectGame_media.wav_004501bc
004501e4	Label	PTR_s_PageBack_media.wav_004501e4
00450200	Label	s_%s,%d_00450200
00450210	Label	s_close_digital_num_00450210
00450224	Label	s_key_num_timer_handler_00450224
0045023c	Label	s_key_num_keyinput_event_cb_0045023c
00450260	Label	s_%dx%d_00450260
00450268	Label	s_<_%d/%d_>_00450268
00450274	Label	DAT_00450274
00450278	Label	DAT_00450278
0045027c	Label	DAT_0045027c
00450280	Label	s_%.2fMB_00450280
00450288	Label	DAT_00450288
0045028c	Label	PTR_DAT_0045028c
00450290	Label	s_%.2fKB_00450290
00450298	Label	s_%Y-%m-%d_00450298
004502a4	Label	s_%H:%M:%S_004502a4
004502d0	Label	DAT_004502d0
004502d4	Label	DAT_004502d4
004502d8	Label	DAT_004502d8
004502e0	Label	DAT_004502e0
004502e8	Label	DAT_004502e8
004502f0	Label	switchD_0041cfac::switchdataD_004502f0
00450340	Label	s_%d:_<%s>_00450340
0045034c	Label	s_%d:_%s_0045034c
00450350	Label	s_%s_00450350
00450354	Label	DAT_00450354
00450358	Label	PTR_DAT_00450358
0045035c	Label	DAT_0045035c
00450360	Label	DAT_00450360
00450364	Label	DAT_00450364
00450368	Label	DAT_00450368
0045036c	Label	DAT_0045036c
00450370	Label	DAT_00450370
00450374	Label	DAT_00450374
00450378	Label	DAT_00450378
0045037c	Label	DAT_0045037c
00450380	Label	DAT_00450380
00450384	Label	DAT_00450384
00450388	Label	DAT_00450388
0045038c	Label	s_/media/mmc_0045038c
00450398	Label	s_Movie_00450398
004503a0	Label	s_Music_004503a0
004503a8	Label	s_Photo_004503a8
004503b0	Label	s_Ebook_004503b0
004503d8	Label	switchD_0041e5f0::switchdataD_004503d8
004503dc	Label	PTR_caseD_1_004503dc
004503f0	Label	s_media_list_msg_handle_004503f0
00450420	Label	s_%s(),_line:%d._index:_%d,_revers_00450420
00450448	Label	s_%s(),_line:%d._prev_file:_%s,_in_00450448
00450470	Label	s_%s(),_line:%d._found_prev_file:_%_00450470
00450494	Label	s_%s(),_line:%d._not_fond_pre_file_00450494
004504b8	Label	s_%s(),_file:%s,_index:%d_004504b8
004504e0	Label	s_win_media_get_pre_file_004504e0
00450500	Label	s_/dev/sndC0i2so_00450500
00450510	Label	s_error:_can_not_open_i2so_dev_00450510
0045052c	Label	s__0045052c
00450530	Label	s_i2so_rec_exit_00450530
00450540	Label	s_ret0_%d_00450540
0045054c	Label	s_/dev/kshmdev_0045054c
0045055c	Label	s_ret2_%d_0045055c
00450568	Label	s_set_i2so_rec_failed_%d_00450568
00450580	Label	s_i2so_rec_start_00450580
00450590	Label	s_no_memory_00450590
0045059c	Label	DAT_0045059c
004505a4	Label	DAT_004505a4
004505a8	Label	s_create_i2so_spectrum_thread_fail_004505a8
004505d0	Label	s_music_spectrum_start_004505d0
004505e8	Label	s_music_spectrum_stop_004505e8
00450600	Label	s_Screen_locked!_00450600
00450610	Label	s_Screen_unlocked_successfully!_00450610
00450630	Label	s_get_music_time_error_00450630
00450648	Label	s_X1.25>>_00450648
00450650	Label	s_X1.5>>_00450650
00450658	Label	s_X1.75>>_00450658
00450660	Label	s_X2.0>>_00450660
00450670	Label	PTR_DAT_00450670
00450690	Label	DAT_00450690
00450694	Label	DAT_00450694
00450698	Label	s_/data/home/lucien.chen/cube8y/bu_00450698
00450740	Label	s_media_hld_00450740
0045074c	Label	s_media_hld_&&_media_src_0045074c
00450764	Label	s_%s(),_line:%d._play:_%s._00450764
00450780	Label	s_hcplayer_create()_fail!_00450780
00450798	Label	s_fullname:%s_00450798
004507a8	Label	s_unknow_004507a8
004507b0	Label	DAT_004507b0
004507b8	Label	PTR_DAT_004507b8
004507bc	Label	s_adpcm_004507bc
004507c4	Label	PTR_DAT_004507c4
004507c8	Label	DAT_004507c8
004507d0	Label	PTR_DAT_004507d0
004507d4	Label	s_exit_media_monitor_task()_004507d4
004507f0	Label	s_%s(),_msg->type:%d_004507f0
00450804	Label	s_>>_from_player_2,_app_get_eos,_n_00450804
00450834	Label	s_>>_from_player_2,app_get_trick_e_00450834
0045086c	Label	s_>>from_player_2,_app_get_trick_b_0045086c
004508ac	Label	s_>>from_player_2,_buffering_%d_004508ac
004508cc	Label	s_>>from_player_2,_player_playing_004508cc
004508ec	Label	s_>>from_player_2,_player_paused_004508ec
0045090c	Label	s_>>from_player_2,_player_ready_0045090c
0045092c	Label	s_>>from_player_2,_player_read_tim_0045092c
00450954	Label	s_Audio_Track_Unsupport_00450954
0045096c	Label	s_Video_Track_Unsupport_0045096c
00450984	Label	s_from_player_2,Unsupport_Video_Ty_00450984
004509ac	Label	s_from_player_2,Unsupport_Audio_Ty_004509ac
004509d4	Label	s_audio_dec_err,_audio_idx_%d_004509d4
004509f4	Label	s_video_dec_err,_video_idx_%d_004509f4
00450a20	Label	switchD_00422434::switchdataD_00450a20
00450a78	Label	s_backstage_player_play_00450a78
00450a90	Label	s_media_msg_proc_00450a90
00450aa0	Label	s_no_any_partition_device_00450aa0
00450ab8	Label	s_bgm_path_string_is_too_long_!_00450ab8
00450ad8	Label	s_malloc_failed,bgm_path_is_NULL_00450ad8
00450af8	Label	s_%s/BGM_00450af8
00450b00	Label	s_bgm_path_isn't_exist_00450b00
00450b18	Label	s_not_find_tf_card!_00450b18
00450b2c	Label	s_update:_node_start:%d_00450b2c
00450ba0	Label	s_>>_app_get_eos,_normal_play_end!_00450ba0
00450bc4	Label	s_>>_app_get_trick_eos,_fast_play_t_00450bc4
00450bec	Label	s_>>_app_get_trick_bos,_fast_back_p_00450bec
00450c20	Label	s_>>_open_file_fail_00450c20
00450c34	Label	s_>>_buffering_%d_00450c34
00450c48	Label	s_>>_player_playing_00450c48
00450c5c	Label	s_>>_player_paused_00450c5c
00450c70	Label	s_>>_player_ready_00450c70
00450c80	Label	s_>>_player_read_timeout_00450c80
00450c98	Label	s_>>Audio_Track_Unsupport_00450c98
00450cb0	Label	s_>>Video_Track_Unsupport_00450cb0
00450cc8	Label	s_>>Unsupport_Video_Type:%s_00450cc8
00450ce4	Label	s_>>Unsupport_Audio_Type:%s_00450ce4
00450d00	Label	s_>>audio_dec_err,_audio_idx_%d_00450d00
00450d20	Label	s_/data/home/lucien.chen/cube8y/bu_00450d20
00450dc4	Label	s_%s(),_line:%d._speed:_%f_00450dc4
00450de0	Label	s_%s(),_line:%d._speed:_%d_00450de0
00450dfc	Label	s_media_hld_&&_media_urls_00450dfc
00450e80	Label	switchD_00423e10::switchdataD_00450e80
00450ee8	Label	s_media_photo_replay_00450ee8
00450f18	Label	s_media_slowbackward_00450f18
00450f2c	Label	s_media_slowforward_00450f2c
00450f40	Label	s_media_fastbackward_00450f40
00450f54	Label	s_media_fastforward_00450f54
00450f68	Label	s_media_play_00450f68
00450f74	Label	DAT_00450f74
00450f8c	Label	DAT_00450f8c
00450fa4	Label	DAT_00450fa4
00450fc0	Label	DAT_00450fc0
00450fd0	Label	DAT_00450fd0
00450ff0	Label	DAT_00450ff0
00450ff8	Label	DAT_00450ff8
00451000	Label	DAT_00451000
00451008	Label	DAT_00451008
0045100c	Label	DAT_0045100c
00451010	Label	s_/dev/persistentmem_00451010
00451024	Label	s_Open_/dev/persistentmem_failed_(_00451024
0045104c	Label	s_get_avparam_node_fail_0045104c
004510b8	Label	s_%s(),_line:_%d._ugrade_fail:%d_004510b8
004510fc	Label	s_sys_upg_fail_proc_004510fc
00451130	Label	s_UNMUTE!_00451130
00451138	Label	s_MUTE!_00451138
00451140	Label	s_%s(),_line:%d._m_mute_state:%d(%_00451140
00451170	Label	s_win_mute_on_off_00451170
00451180	Label	s_[app]%s(),_open_show:_%d_00451180
0045119c	Label	s_%s()!_0045119c
004511b0	Label	s_show_play_bar_004511b0
004511c0	Label	s_win_volume_open_004511c0
004511f0	Label	s_%s(),_line:%d._malloc_memory_fai_004511f0
00451214	Label	s_%s(),_line:%d._Open_%s_fail!_00451214
00451234	Label	s_%s(),_line:%d._put_app_data_fail_00451234
00451258	Label	s_open_/dev/persistentmem_failed_00451258
00451278	Label	DAT_00451278
0045127c	Label	DAT_0045127c
00451280	Label	DAT_00451280
00451284	Label	s_%s(),_line:%d._00451284
00451294	Label	s_%s(),_line:%d._delete_app_data_f_00451294
004512bc	Label	s_create_sys_data_failed_004512bc
004512d4	Label	s_get_sys_data_failed_004512d4
004512e8	Label	s_%s-%u_004512e8
004512f0	Label	s_%s(),_line:%d._creat_sem_fail_004512f0
00451310	Label	DAT_00451310
00451314	Label	DAT_00451314
00451318	Label	DAT_00451318
0045131c	Label	DAT_0045131c
00451320	Label	DAT_00451320
00451324	Label	DAT_00451324
00451328	Label	DAT_00451328
0045132c	Label	DAT_0045132c
00451330	Label	DAT_00451330
00451334	Label	DAT_00451334
00451428	Label	switchD_00428474::switchdataD_00451428
00451530	Label	switchD_00428718::switchdataD_00451530
00451638	Label	s_projector_memory_save_task_00451638
00451654	Label	s_projector_memory_save_init_00451654
00451670	Label	s_projector_factory_reset_00451670
00451688	Label	s_projector_memory_save_00451688
004516a0	Label	s_/dev/input/event%d_004516a0
004516b4	Label	s_%s(),_input_device_num:_%d._004516b4
004516d4	Label	s_%s(),_line:%d._No_Input_device!!_004516d4
004516f8	Label	s_cnt_=_%d,_err(%d):%s_004516f8
0045175c	Label	s__key_task_0045175c
00451770	Label	DAT_00451770
00451774	Label	s_Error_creating_file_00451774
00451788	Label	DAT_00451788
00451790	Label	s_msgget_failed_00451790
004517a0	Label	s_create_msg_id:_%d_004517a0
004517b4	Label	s_msgget_failed_again_004517b4
004517c8	Label	s_msg_delete_failed_004517c8
004517dc	Label	s_Message_size_too_large!_004517dc
004517f4	Label	s_msgsnd_failed_004517f4
00451804	Label	s_%s()_error!_00451804
00451820	Label	s_api_message_get_count_00451820
00451840	Label	s_%s(),_signo:_%d,_error:_%s_00451840
0045185c	Label	s_%s(),_line:_%d._hdmi_tx_connect_0045185c
00451880	Label	s_%s(),_line:_%d._hdmi_tx_disconne_00451880
004518a4	Label	s_%s(),_best_tvsys:_%d_004518a4
004518bc	Label	s_%s(),_line:_%d._get_hotplug_conn_004518bc
004518e4	Label	s_epoll_ctl:_EPOLL_CTL_ADD_004518e4
00451900	Label	s_%s(),_line:_%d._get_hotplug_msg._00451900
00451924	Label	s_ACTION=_00451924
0045192c	Label	s_ACTION=wifi_0045192c
00451938	Label	s_ACTION=mount_00451938
00451948	Label	s_ACTION=mount_INFO=%s_00451948
00451960	Label	s_U-disk_is_plug_in:_%s_00451960
00451978	Label	s_ACTION=umount_00451978
00451988	Label	s_ACTION=umount_INFO=%s_00451988
004519a0	Label	s_U-disk_is_plug_out:_%s_004519a0
004519b8	Label	s_Connection_closed_by_peer_004519b8
004519d0	Label	s_r_004519d0
004519d4	Label	s_read_error_004519d4
004519e0	Label	s_read_hotplug_msg_fail:_%s_004519e0
004519fc	Label	s_epoll_ctl:_EPOLL_CTL_DEL_004519fc
00451a18	Label	s_%s(),_line:_%d._open_dir:%s_erro_00451a18
00451a3c	Label	s_%s/%s_00451a3c
00451a44	Label	s_%s(),_line:_%d._found_USB_device_00451a44
00451a6c	Label	s_%s(),_line:_%d._No_USB_device!_00451a6c
00451a8c	Label	s_%s(),_line:_%d._Error:_cannot_op_00451a8c
00451a9c	Label	s_Error:_cannot_open_framebuffer_d_00451a9c
00451ac4	Label	s_%s(),_line:_%d._Error:_FBIOBLANK_00451ac4
00451ae8	Label	s_/proc/device-tree/hcrtos/rotate/_00451ae8
00451b10	Label	DAT_00451b10
00451b18	Label	s_/proc/device-tree/hcrtos/rotate/_00451b18
00451b40	Label	s_fd:%d_,dts_value:_%x_00451b40
00451b58	Label	s_/proc/device-tree/hcrtos/rotate/_00451b58
00451b80	Label	s_/proc/device-tree/hcrtos/rotate/_00451b80
00451ba8	Label	s_->>>_init_rotate_=_%u_h_flip_%u_v_00451ba8
00451bd8	Label	s_/tmp/cubegame_status_00451bd8
00451bf0	Label	s_shmget_00451bf0
00451bf8	Label	s_shmat_00451bf8
00451c00	Label	s_%s_%d_%d_00451c00
00451c0c	Label	s_mkdir_"%s"_success_00451c0c
00451c20	Label	s_/etc/wifiprobe.sh_&_00451c20
00451c34	Label	s_pthread_create_receive_event_fun_00451c34
00451c5c	Label	s_socket_error_00451c5c
00451c6c	Label	s_socket_success_00451c6c
00451c7c	Label	DAT_00451c7c
00451c80	Label	DAT_00451c80
00451c84	Label	DAT_00451c84
00451c88	Label	DAT_00451c88
00451c8c	Label	PTR_DAT_00451c8c
00451c90	Label	s_bind_error_00451c90
00451c9c	Label	s_bind_success_00451c9c
00451cac	Label	s_listen_error_00451cac
00451cbc	Label	s_listen_success_00451cbc
00451ccc	Label	s_EPOLL_CTL_ADD_hotplug_fail_00451ccc
00451ce8	Label	s_EPOLL_CTL_ADD_hotplug_success_00451ce8
00451d08	Label	s_/dev/hdmi_00451d08
00451d14	Label	s_%s(),_line:%d._open_device:_%s_e_00451d14
00451d3c	Label	s_EPOLL_CTL_ADD_fail_00451d3c
00451d50	Label	s_KUMSGQ_NOTIFIER_SETUP_0x%08x_fai_00451d50
00451d74	Label	s_h1:_%d,_v1:_%d_00451d74
00451d80	Label	s_%d_00451d80
00451d84	Label	s_h2:_%d,_v2:_%d,_x:_%d,_y:_%d_00451d84
00451da4	Label	s_com_logo_show()_fail!_00451da4
00451dbc	Label	s_Show_logo:_%s_ok!_00451dbc
00451dd0	Label	s_/hcdemo_files/HCCAST_1920x1080.2_00451dd0
00451df4	Label	s_%s(),_line:%d,_open_dis_error!_00451df4
00451e14	Label	s_/tmp/cube_process_msg_00451e14
00451e2c	Label	s_%d.%d.%d.%d_00451e2c
00451e7c	Label	s_/dev/mem_00451e7c
00451e88	Label	s_%s(),_addr_align=0x%x,_addr_offs_00451e88
00451eb4	Label	s_%s(),_return_map_addr=0x%x!_00451eb4
00451ed4	Label	s_%s(),_No_mmap!_00451ed4
00451ee4	Label	s_%s():_reboot_now!!_00451ee4
00451ef8	Label	s_%s(),_line:%d._open_standby_devi_00451ef8
00451f24	Label	s_open_snd_fd_i2so_fail_00451f24
00451f3c	Label	s_mute_is_%d,_vol:_%d_00451f3c
00451f54	Label	s_%s_volume_is_%d_00451f54
00451f68	Label	s_/proc/device-tree/hcrtos/sfspi/s_00451f68
00451fac	Label	s_%s(),_line:%d._cannot_find_mtd_d_00451fac
00451fd8	Label	s_/proc/device-tree/hcrtos/sfspi/s_00451fd8
00452020	Label	DAT_00452020
00452028	Label	DAT_00452028
0045202c	Label	s_%s(),_line:%d._devpath:%s_0045202c
00452048	Label	s_ratio:_%d,_dis_mode:_%d_00452048
00452064	Label	s_%s:%d:_err:_DIS_SET_ASPECT_MODE_f_00452064
0045208c	Label	s_/dev/vidsink_0045208c
0045209c	Label	s_open_vidsink_failed_0045209c
004520b0	Label	s_/dev/backlight_004520b0
004520c0	Label	s_open_backlight_failed_004520c0
004520d8	Label	s_/mnt/sdcard/cubegm/icube_start.s_004520d8
004520fc	Label	s_/tmp/process_msg_004520fc
00452110	Label	s_msg:%d_00452110
00452118	Label	s_%s_%d_00452118
00452120	Label	s_open_/dev/dis_failed_00452120
00452138	Label	s_scale.h_div_=_%d_00452138
0045214c	Label	s_scale.v_div_=_%d_0045214c
00452160	Label	s_scale.h_mul_=_%d_00452160
00452174	Label	s_scale.v_mul_=_%d_00452174
00452190	Label	switchD_0042a8e4::switchdataD_00452190
004521bc	Label	s_cube_shmget_hdmi_tx_in_init_004521bc
004521d8	Label	s_find_icube_enter_multi_os_004521d8
004521f4	Label	s_api_storage_devinfo_check_004521f4
00452210	Label	s_dev_ready_check_00452210
00452220	Label	s_api_usb_dev_path_get_00452220
00452238	Label	s_api_set_display_aspect_00452238
00452250	Label	s_api_get_mtdblock_devpath_00452250
0045226c	Label	s_api_set_volume_0045226c
0045227c	Label	s_api_system_standby_0045227c
00452290	Label	s_api_system_reboot_00452290
004522a4	Label	s_api_hw_watchdog_reboot_004522a4
004522bc	Label	s_api_hw_watchdog_mmap_open_004522bc
004522d8	Label	s_api_osd_show_onoff_004522d8
004522ec	Label	s_api_dis_suspend_004522ec
004522fc	Label	s_do_kumsg_004522fc
00452308	Label	s_hotplug_receive_event_func_00452308
00452324	Label	s_hotplug_init_00452324
00452334	Label	s_exit_console_00452334
00452344	Label	s_signal_normal_00452344
00452360	Label	s_/dev/viddec_00452360
0045236c	Label	s_%s_Open_/dev/viddec_error!_0045236c
00452388	Label	s_%s_Init_viddec_error!_00452388
004523a0	Label	s_[%s]_open_dis_error_004523a0
004523b8	Label	s_dis_free_backup_mp_fail._004523b8
004523d4	Label	s_[%s]_free_backup_logo_dis._004523d4
004523f0	Label	s_dis_backup_mp_fail._004523f0
00452404	Label	s_[%s]_backup_logo_dis._00452404
0045241c	Label	s_[%s]_invalid_file_path_param_0045241c
0045243c	Label	s_[%s]_open_%s_file_fail_0045243c
00452454	Label	s_[%s]_file_len_error:_%d_00452454
00452470	Label	s_[%s]_data_malloc_error._00452470
0045248c	Label	s_[%s]_fread_error._0045248c
004524a0	Label	s_%s_Write_AvPktHd_fail!_004524a0
004524b8	Label	s_%s_Write_video_frame_error_fail!_004524b8
004524e0	Label	PTR_DAT_004524e0
004524e4	Label	DAT_004524e4
004524e8	Label	s_com_logo_h264_video_feed_004524e8
00452504	Label	s_com_logo_h264_video_open_00452504
00452520	Label	s_com_logo_show_00452520
00452530	Label	s_com_logo_dis_backup_00452530
00452544	Label	s_com_logo_dis_backup_free_00452544
00452560	Label	s_get_zip_file_info_failed_00452560
0045257c	Label	s_File_%s_(Size:_%llu)_0045257c
00452594	Label	s_zip_buff_malloc_failed_00452594
004525ac	Label	s_hichip123_004525ac
004525b8	Label	s_Failed_to_open_file_in_ZIP_%s_004525b8
004525d8	Label	s_Failed_to_read_file_in_ZIP:_%s_004525d8
004525f8	Label	s_Read_%lld_bytes:_004525f8
00452624	Label	PTR_DAT_00452624
00452628	Label	s_w:%d,_h:%d_00452628
00452634	Label	s_%3d._%s_00452634
0045263c	Label	DAT_0045263c
00452640	Label	s_%s%s%s_00452640
00452648	Label	DAT_00452648
00452650	Label	s_Commands_available:_00452650
00452668	Label	s_%-20s_%s_00452668
004526c4	Label	s_history_004526c4
004526cc	Label	DAT_004526cc
004526d0	Label	s_Show_available_cmds_004526d0
004526e4	Label	DAT_004526e4
004526ec	Label	s_Exit_from_current_cmd_set_004526ec
00452708	Label	DAT_00452708
00452710	Label	s_Show_history_cmds_00452710
00452724	Label	s_rotate_=_%u_mode_=%d_h_flip_=%d_00452724
00452750	Label	DAT_00452750
0045275c	Label	DAT_0045275c
00452770	Label	s_create_freetype_font_failed_!_00452770
00452790	Label	s_%s/cubegm/Arial_kr.ttf_00452790
004527a8	Label	s_%s/cubegm/Tahoma.ttf_004527a8
004527c0	Label	s_%s/cubegm/Arial_en.ttf_004527c0
004527d8	Label	s_%s/cubegm/font.ttf_004527d8
004527ec	Label	s_mount_path:%s_004527ec
004527fc	Label	s_open_font_file_failed!_004527fc
00452814	Label	s_%s_font_buf_calloc_error_00452814
00452830	Label	s_warning:_freetype_font_mem_is_NU_00452830
00452860	Label	s_create_freetype_font_mem_00452860
00452880	Label	s_%s(),_line:%d._open_export_fail!_00452880
004528ac	Label	s_/sys/class/gpio/gpio%d/direction_004528ac
004528d0	Label	s_%s(),_line:%d._open_%s_fail!_004528d0
004528f0	Label	s_/sys/class/gpio/gpio%d_004528f0
00452908	Label	s_/sys/class/gpio/export_00452908
00452920	Label	s_/sys/class/gpio/gpio%d/value_00452920
0045298c	Label	s_gpio_write_0045298c
00452998	Label	s_gpio_dir_set_00452998
004529a8	Label	s_gpio_open_004529a8
004529c0	Label	s_%s(),_not_support_the_key:%d_004529c0
00452a10	Label	s_obj_mgr_draw_obj_by_key_00452a10
00452a40	Label	s_%d:_top_<_0_00452a40
00452a50	Label	s_%d:_shift_top_>_0_00452a50
00452a64	Label	s_%d:_page_moving=%ld:_top=%d,_poi_00452a64
00452a90	Label	s_%d:_shift_top_==_0_00452a90
00452aa4	Label	s_%d:_point_>=_list_ctrl->count_00452aa4
00452ac4	Label	s_%d:_shift_top_+_list_ctrl->depth_00452ac4
00452afc	Label	s_%d:_Need_move_to_first_page_00452afc
00452b1c	Label	DAT_00452b1c
00452b20	Label	PTR_DAT_00452b20
00452b3c	Label	s_%s,str_too_long,str_size:%d_00452b3c
00452b5c	Label	DAT_00452b5c
00452b64	Label	s_Miracast_00452b64
00452b70	Label	s_Airplay_00452b70
00452b78	Label	DAT_00452b78
00452b80	Label	s_Media_player_00452b80
00452b90	Label	s_Wirecast_00452b90
00452b9c	Label	s_Configuration_00452b9c
00452bac	Label	s_Language_setting_00452bac
00452bc0	Label	s_Wifi_Setting_00452bc0
00452bd0	Label	s_OSD_setting_00452bd0
00452bdc	Label	s_Software_upgrade_00452bdc
00452bf0	Label	s_Factory_Setting_00452bf0
00452c00	Label	s_Software_information_00452c00
00452c18	Label	s_Video_00452c18
00452c70	Label	s_string_fmt_conv_to_utf8_00452c70
00452c90	Label	s_hudi_flash_open_fail_00452c90
00452ca8	Label	s_hudi_flash_open_success_00452ca8
00452cc0	Label	s_%s:%d:_tvtype=%d_00452cc0
00452cd4	Label	s_%s(),_line:%d,_current_true_TV_s_00452cd4
00452d00	Label	s_tv_not_support_tvtype:_tv_type=%_00452d00
00452d34	Label	s_%s(),_line:_%d,_single_output_se_00452d34
00452d64	Label	s_%s(),_line:%d,_HDMI_TX_GET_EDID__00452d64
00452ea0	Label	switchD_00437b74::switchdataD_00452ea0
00452ee0	Label	DAT_00452ee0
00452ffc	Label	s__tv_sys_scale_out_00452ffc
00453010	Label	s__tvsys_to_tvtype_00453010
00453024	Label	s__tv_sys_edid_get_00453024
00453038	Label	s__tv_sys_set_00453038
00453044	Label	s__tv_sys_set_00453044
00453050	Label	DAT_00453050
00453052	Label	DAT_00453052
00453053	Label	DAT_00453053
00453054	Label	DAT_00453054
00453055	Label	DAT_00453055
00453056	Label	DAT_00453056
004545c0	Label	DAT_004545c0
004545c2	Label	DAT_004545c2
004545c3	Label	DAT_004545c3
004545c4	Label	DAT_004545c4
004545c5	Label	DAT_004545c5
004545c6	Label	DAT_004545c6
00455b40	Label	s_<_%d_>_00455b40
00455b4c	Label	DAT_00455b4c
00455b50	Label	s_DEL_TIMER_00455b50
00455b5c	Label	s_return_main_00455b5c
00455b68	Label	s_#ffffff_<#_%d_>_00455b68
00455b7c	Label	s_<_%d_#ffffff_>#_00455b7c
00455b90	Label	s_P_SOUND_EQ:_%d,_P_EQ_MODE:_%d_00455b90
00455bb0	Label	s_id:_%d_00455bb0
00455bb8	Label	s_#ffffff_<#_00455bb8
00455bc4	Label	s_#ffffff_>#_00455bc4
00455bd0	Label	s_/proc/device-tree/hcrtos/spdif-o_00455bd0
00455bfc	Label	s_msgbox_00455bfc
00455c10	Label	switchD_00444a28::switchdataD_00455c10
00455cf8	Label	DAT_00455cf8
00455cfc	Label	DAT_00455cfc
00455d10	Label	s_time:_%d_00455d10
00455d1c	Label	s_btns_choose_id:_%d_00455d1c
00455d34	Label	s_/dev/pq_00455d34
00455d3c	Label	s_pq_start_00455d3c
00455d60	Label	s_standard_00455d60
00455d6c	Label	DAT_00455d6c
00455d74	Label	DAT_00455d74
00455d7c	Label	DAT_00455d7c
00455d80	Label	s_top_width:_%d,_bottom_width:_%d_00455d80
00455da4	Label	DAT_00455da4
00455da8	Label	DAT_00455da8
00455dac	Label	s_ioctl(get_screeninfo)_00455dac
00455dc4	Label	s_%s(),_set_mode_>>_%d_00455dc4
00455ddc	Label	s_twotone_open_snd_fd_%d_failed_00455ddc
00455de4	Label	s_open_snd_fd_%d_failed_00455de4
00455dfc	Label	s_i:_%d,_v:_%d_00455dfc
00455e0c	Label	s_lr_balance_open_snd_fd_%d_failed_00455e0c
00455e30	Label	s_eq_enable_open_snd_fd_%d_failed_00455e30
00455e54	Label	s_%d_Hz_00455e54
00455e5c	Label	s_%dk_Hz_00455e5c
00455e70	Label	s_change_sound_mode_output_00455e70
00455e90	Label	s_set_auto_>>_%d_00455e90
00455ea4	Label	s_Enter_%ld(S)_auto_sleep!_00455ea4
00455ec0	Label	s_%d_seconds_to_shutdown,_press_an_00455ec0
00455ef4	Label	s_put_sysdata_failed_00455ef4
00455f08	Label	s_load_file_err!_00455f08
00455f18	Label	s_header_crc_err!_00455f18
00455f28	Label	s_version_err!_00455f28
00455f38	Label	s_decompress_err!_00455f38
00455f48	Label	s_upgrade_err_00455f48
00455f54	Label	s_set_ota_detect_mode_failed_00455f54
00455f70	Label	s_%s_%d%s_00455f70
00455f78	Label	s_%ld%%_00455f78
00455f80	Label	DAT_00455f80
00455f84	Label	s_HCFOTA.bin_00455f84
00455f90	Label	DAT_00455f90
00455f94	Label	s_%s_fopen:%s_error._00455f94
00455fa8	Label	s_%s_fw_header_len_not_match._00455fa8
00455fc8	Label	s_%s_fw_header_len_error._00455fc8
00455fe4	Label	s_local_product:%s,_fw_product:%s_00455fe4
00456008	Label	s_local_version:%u,_fw_version:%u_00456008
0045602c	Label	s_%s(),_line:_%d._found_upg_file:%_0045602c
00456050	Label	s_update_file:_%s_00456050
00456064	Label	s_/media/_00456064
0045606c	Label	s_upgrade_entry_init_0045606c
00456080	Label	switchD_0044b928::switchdataD_00456080
0045609c	Label	switchD_0044bf2c::switchdataD_0045609c
004560bc	Label	s_version_check_004560bc
004560d0	Label	s_open_/dev/fb0_failed,_ret=%d_004560d0
004560f0	Label	s_%s:%d:_warning:_HCFBIOGET_ENHANC_004560f0
0045611c	Label	s_%s:%d:_warning:_HCFBIOSET_ENHANC_0045611c
00456148	Label	s_open_/dev/dis_failed,_ret=%d_00456148
00456168	Label	s_%s:%d:_warning:_HCFBIOSET_VENHAN_00456168
00456194	Label	DAT_00456194
00456198	Label	DAT_00456198
0045619c	Label	DAT_0045619c
004561a0	Label	DAT_004561a0
004561a4	Label	DAT_004561a4
004561b0	Label	switchD_0044c92c::switchdataD_004561b0
004561c8	Label	s_set_venhance1_004561c8
004561d8	Label	s_set_enhance1_004561d8
004561f0	Label	DAT_004561f0
004561f8	Label	s_/tmp/joy_key_004561f8
00456208	Label	s_mkdir_00456208
00456210	Label	s_cube_shmget_joy_key_init_error_00456210
00456230	Label	s_cube_shmget_joy_key_init_00456230
004562b0	Label	s_set_volume1_004562b0
004562c0	Label	DAT_004562c0
0045dae0	Label	DAT_0045dae0
00465300	Label	DAT_00465300
0046cb20	Label	DAT_0046cb20
00474340	Label	DAT_00474340
00477a60	Label	DAT_00477a60
0047f280	Label	DAT_0047f280
00486aa0	Label	DAT_00486aa0
0048e2c0	Label	DAT_0048e2c0
00495ae0	Label	DAT_00495ae0
0049d300	Label	DAT_0049d300
004a4b20	Label	DAT_004a4b20
004ac340	Label	DAT_004ac340
004b3b60	Label	DAT_004b3b60
004bb380	Label	DAT_004bb380
004c2ba0	Label	DAT_004c2ba0
004ca3c0	Label	DAT_004ca3c0
004d1be0	Label	DAT_004d1be0
004d9400	Label	DAT_004d9400
004e0c20	Label	DAT_004e0c20
004e8440	Label	DAT_004e8440
004efc60	Label	DAT_004efc60
004f3380	Label	DAT_004f3380
004faba0	Label	DAT_004faba0
0050003b	Label	DAT_0050003b
005023c0	Label	DAT_005023c0
00509be0	Label	DAT_00509be0
00511400	Label	DAT_00511400
00518c20	Label	DAT_00518c20
00520440	Label	DAT_00520440
00523b60	Label	DAT_00523b60
00527280	Label	DAT_00527280
0052eaa0	Label	DAT_0052eaa0
005362c0	Label	DAT_005362c0
0053dae0	Label	DAT_0053dae0
00545300	Label	DAT_00545300
0054cb20	Label	DAT_0054cb20
00554340	Label	DAT_00554340
0055bb60	Label	DAT_0055bb60
00563380	Label	DAT_00563380
0056aba0	Label	DAT_0056aba0
005723c0	Label	DAT_005723c0
00579be0	Label	DAT_00579be0
00581400	Label	DAT_00581400
00588c20	Label	DAT_00588c20
00590440	Label	DAT_00590440
00597c60	Label	DAT_00597c60
0059f480	Label	DAT_0059f480
005a6ca0	Label	DAT_005a6ca0
005ae4c0	Label	DAT_005ae4c0
005b20e0	Label	DAT_005b20e0
005b9900	Label	DAT_005b9900
005c1120	Label	DAT_005c1120
005c8940	Label	DAT_005c8940
005d0160	Label	DAT_005d0160
005d7980	Label	DAT_005d7980
005df1a0	Label	DAT_005df1a0
005e69c0	Label	DAT_005e69c0
005ee1e0	Label	DAT_005ee1e0
005f5a00	Label	DAT_005f5a00
005fd220	Label	DAT_005fd220
00604a40	Label	DAT_00604a40
0060c260	Label	DAT_0060c260
00613a80	Label	DAT_00613a80
00617373	Label	DAT_00617373
0061b2a0	Label	DAT_0061b2a0
00622ac0	Label	DAT_00622ac0
00627375	Label	DAT_00627375
00627573	Label	DAT_00627573
0062a2e0	Label	DAT_0062a2e0
00631b00	Label	DAT_00631b00
00636d6d	Label	DAT_00636d6d
0063726c	Label	DAT_0063726c
00639320	Label	DAT_00639320
00640b40	Label	DAT_00640b40
00642520	Label	DAT_00642520
00648360	Label	DAT_00648360
0064fb80	Label	DAT_0064fb80
00657061	Label	DAT_00657061
006573a0	Label	DAT_006573a0
0065ebc0	Label	DAT_0065ebc0
006663e0	Label	DAT_006663e0
0066dc00	Label	DAT_0066dc00
00675420	Label	DAT_00675420
00676e70	Label	DAT_00676e70
0067cc40	Label	DAT_0067cc40
00684460	Label	DAT_00684460
0068bc80	Label	DAT_0068bc80
006934a0	Label	DAT_006934a0
00696d73	Label	DAT_00696d73
0069acc0	Label	DAT_0069acc0
006a24e0	Label	DAT_006a24e0
006a9d00	Label	DAT_006a9d00
006ad420	Label	DAT_006ad420
006b4c40	Label	DAT_006b4c40
006bc460	Label	DAT_006bc460
006c3c80	Label	DAT_006c3c80
006c706d	Label	DAT_006c706d
006cb4a0	Label	DAT_006cb4a0
006d2cc0	Label	DAT_006d2cc0
006d3036	Label	DAT_006d3036
006d6370	Label	DAT_006d6370
006da4e0	Label	DAT_006da4e0
006ddd00	Label	DAT_006ddd00
006e1d00	Label	DAT_006e1d00
006e776f	Label	DAT_006e776f
006e9520	Label	DAT_006e9520
006f0d40	Label	DAT_006f0d40
006f8560	Label	DAT_006f8560
006ffd80	Label	DAT_006ffd80
007075a0	Label	DAT_007075a0
0070edc0	Label	DAT_0070edc0
007165e0	Label	DAT_007165e0
0071de00	Label	DAT_0071de00
00733031	Label	DAT_00733031
00733032	Label	DAT_00733032
00733033	Label	DAT_00733033
00733500	Label	DAT_00733500
00733531	Label	DAT_00733531
00733532	Label	DAT_00733532
00737361	Label	DAT_00737361
00737464	Label	DAT_00737464
0074656b	Label	DAT_0074656b
00747273	Label	DAT_00747273
00747476	Label	DAT_00747476
0074756f	Label	DAT_0074756f
00747874	Label	DAT_00747874
00766f6d	Label	DAT_00766f6d
00768e20	Label	DAT_00768e20
00770640	Label	DAT_00770640
00772220	Label	DAT_00772220
00779a40	Label	DAT_00779a40
00781260	Label	DAT_00781260
00786469	Label	DAT_00786469
00788a80	Label	DAT_00788a80
007902a0	Label	DAT_007902a0
00797ac0	Label	DAT_00797ac0
0079f2e0	Label	DAT_0079f2e0
007a6b00	Label	DAT_007a6b00
007acf20	Label	DAT_007acf20
007b0780	Label	DAT_007b0780
007b19c0	Label	DAT_007b19c0
007b5220	Label	DAT_007b5220
007bb640	Label	DAT_007bb640
007bbb80	Label	DAT_007bbb80
007bffa0	Label	DAT_007bffa0
007c3800	Label	DAT_007c3800
007f0000	Label	DAT_007f0000
00800300	Label	DAT_00800300
00802f00	Label	DAT_00802f00
00803ffc	Label	DAT_00803ffc
0080e820	Label	DAT_0080e820
0080ff0b	Label	DAT_0080ff0b
008254e0	Label	DAT_008254e0
00826720	Label	DAT_00826720
00829f80	Label	DAT_00829f80
00829fef	Label	DAT_00829fef
00874fa0	Label	DAT_00874fa0
00878aef	Label	DAT_00878aef
008bffc0	Label	DAT_008bffc0
008c2600	Label	DAT_008c2600
00901f00	Label	DAT_00901f00
0090f800	Label	DAT_0090f800
00917d40	Label	DAT_00917d40
00919e40	Label	DAT_00919e40
009381ef	Label	DAT_009381ef
009481ef	Label	DAT_009481ef
009980ef	Label	DAT_009980ef
00a00001	Label	DAT_00a00001
00a4cb80	Label	DAT_00a4cb80
00a56af0	Label	DAT_00a56af0
00a9aafa	Label	DAT_00a9aafa
00aaa360	Label	DAT_00aaa360
00aaaaaa	Label	DAT_00aaaaaa
00ab1e00	Label	DAT_00ab1e00
00ab3040	Label	DAT_00ab3040
00ab3560	Label	PTR_lv_font_get_glyph_dsc_fmt_txt_00ab3560
00ab7bd0	Label	PTR_lv_font_get_glyph_dsc_fmt_txt_00ab7bd0
00abe0f0	Label	PTR_lv_font_get_glyph_dsc_fmt_txt_00abe0f0
00acb480	Label	DAT_00acb480
00accda0	Label	DAT_00accda0
00ace6c0	Label	DAT_00ace6c0
00ae00a7	Label	DAT_00ae00a7
00aeaeae	Label	DAT_00aeaeae
00af1e20	Label	DAT_00af1e20
00af3740	Label	DAT_00af3740
00af5060	Label	DAT_00af5060
00af6980	Label	DAT_00af6980
00af82a0	Label	DAT_00af82a0
00af9bc0	Label	DAT_00af9bc0
00afb4e0	Label	DAT_00afb4e0
00afd0a0	Label	DAT_00afd0a0
00afe9c0	Label	DAT_00afe9c0
00b24e80	Label	DAT_00b24e80
00b267a0	Label	DAT_00b267a0
00b280c0	Label	DAT_00b280c0
00b299e0	Label	DAT_00b299e0
00b342e0	Label	DAT_00b342e0
00b35c00	Label	DAT_00b35c00
00b3c020	Label	DAT_00b3c020
00b3d940	Label	DAT_00b3d940
00b63e00	Label	DAT_00b63e00
00b6d5e0	Label	DAT_00b6d5e0
00b72d20	Label	DAT_00b72d20
00b81960	Label	DAT_00b81960
00bb0e00	Label	DAT_00bb0e00
00bbb700	Label	DAT_00bbb700
00bc6320	Label	DAT_00bc6320
00bc7c40	Label	DAT_00bc7c40
00bd0000	Label	DAT_00bd0000
00bd2200	Label	DAT_00bd2200
00bd4520	Label	DAT_00bd4520
00bd5e40	Label	DAT_00bd5e40
00bd8160	Label	DAT_00bd8160
00be0000	Label	DAT_00be0000
00bef007	Label	DAT_00bef007
00bfe620	Label	DAT_00bfe620
00c00100	Label	DAT_00c00100
00c00f00	Label	DAT_00c00f00
00c01f00	Label	DAT_00c01f00
00c02f7f	Label	DAT_00c02f7f
00c04580	Label	DAT_00c04580
00c05d80	Label	DAT_00c05d80
00c06bc0	Label	DAT_00c06bc0
00c09200	Label	DAT_00c09200
00c6b980	Label	DAT_00c6b980
00cd68e0	Label	DAT_00cd68e0
00cf6640	Label	DAT_00cf6640
00d00000	Label	DAT_00d00000
00d00010	Label	DAT_00d00010
00d0ef1f	Label	DAT_00d0ef1f
00d163a0	Label	DAT_00d163a0
00d17ba0	Label	DAT_00d17ba0
00d37900	Label	DAT_00d37900
00d39c00	Label	DAT_00d39c00
00d3b520	Label	DAT_00d3b520
00d475c0	Label	DAT_00d475c0
00d50140	Label	DAT_00d50140
00d8a7c0	Label	DAT_00d8a7c0
00da7420	Label	DAT_00da7420
00e00000	Label	DAT_00e00000
00e0002c	Label	DAT_00e0002c
00e00b00	Label	DAT_00e00b00
00e00ff0	Label	DAT_00e00ff0
00e0a8a4	Label	DAT_00e0a8a4
00e8a8a8	Label	DAT_00e8a8a8
00e9a8a6	Label	DAT_00e9a8a6
00ebebeb	Label	DAT_00ebebeb
00ed3440	Label	DAT_00ed3440
00ee6060	Label	DAT_00ee6060
00ef8c80	Label	DAT_00ef8c80
00f00000	Label	DAT_00f00000
00f00100	Label	DAT_00f00100
00f00140	Label	DAT_00f00140
00f00300	Label	DAT_00f00300
00f003fd	Label	DAT_00f003fd
00f00700	Label	DAT_00f00700
00f0b8a0	Label	DAT_00f0b8a0
00f0bf02	Label	DAT_00f0bf02
00f0f0f0	Label	DAT_00f0f0f0
00f1e4c0	Label	DAT_00f1e4c0
00f30600	Label	DAT_00f30600
00f310e0	Label	DAT_00f310e0
00f40300	Label	DAT_00f40300
00f43d00	Label	DAT_00f43d00
00f4f4f4	Label	DAT_00f4f4f4
00f56920	Label	DAT_00f56920
00f600ba	Label	DAT_00f600ba
00f69540	Label	DAT_00f69540
00f7c160	Label	DAT_00f7c160
00f7f7f7	Label	DAT_00f7f7f7
00f8ed80	Label	DAT_00f8ed80
00f8ff07	Label	DAT_00f8ff07
00f90000	Label	DAT_00f90000
00f90100	Label	DAT_00f90100
00fa19a0	Label	DAT_00fa19a0
00fc0000	Label	DAT_00fc0000
00fc0100	Label	DAT_00fc0100
00fcabaa	Label	DAT_00fcabaa
00fcc12f	Label	DAT_00fcc12f
00ff0000	Label	DAT_00ff0000
00ffffff	Label	DAT_00ffffff
01000000	Label	DAT_01000000
010000f0	Label	DAT_010000f0
010000ff	Label	DAT_010000ff
01000102	Label	DAT_01000102
0100ffff	Label	DAT_0100ffff
010cd9c0	Label	DAT_010cd9c0
010d1220	Label	DAT_010d1220
010e3e40	Label	DAT_010e3e40
010f6a60	Label	DAT_010f6a60
01109680	Label	DAT_01109680
0111c2a0	Label	DAT_0111c2a0
0112eec0	Label	DAT_0112eec0
0113a8a5	Label	DAT_0113a8a5
01141ae0	Label	DAT_01141ae0
01154700	Label	DAT_01154700
01167320	Label	DAT_01167320
01179f40	Label	DAT_01179f40
0118cb60	Label	DAT_0118cb60
0119f780	Label	DAT_0119f780
011b23a0	Label	DAT_011b23a0
011ba8a7	Label	DAT_011ba8a7
011c4fc0	Label	DAT_011c4fc0
011d7be0	Label	eh_frame_hdr_011d7be0
011d7bf4	Label	cie_011d7bf4
011d7c08	Label	fde_011d7c08
011d7c20	Label	LAB_011d7c20
011d7c40	Function	<EXTERNAL>::lv_obj_set_style_transform_zoom
011d7c50	Function	<EXTERNAL>::open
011d7c60	Function	<EXTERNAL>::pthread_mutex_destroy
011d7c70	Function	<EXTERNAL>::lv_obj_add_style
011d7c80	Function	<EXTERNAL>::lv_mem_alloc
011d7c90	Function	<EXTERNAL>::strcat
011d7ca0	Function	lv_font_get_glyph_dsc_fmt_txt
011d7cb0	Function	<EXTERNAL>::zip_fclose
011d7cc0	Function	<EXTERNAL>::lv_obj_get_index
011d7cd0	Function	<EXTERNAL>::fread
011d7ce0	Function	<EXTERNAL>::lv_group_remove_obj
011d7cf0	Function	<EXTERNAL>::lv_disp_get_hor_res
011d7d00	Function	<EXTERNAL>::lv_palette_main
011d7d10	Function	<EXTERNAL>::hcplayer_stop2
011d7d20	Function	<EXTERNAL>::lv_list_create
011d7d30	Function	<EXTERNAL>::__ctype_tolower_loc
011d7d40	Function	<EXTERNAL>::lv_obj_set_flex_align
011d7d50	Function	<EXTERNAL>::socket
011d7d60	Function	<EXTERNAL>::access
011d7d70	Function	<EXTERNAL>::lv_draw_img
011d7d80	Function	<EXTERNAL>::hcplayer_deinit
011d7d90	Function	<EXTERNAL>::lv_btnmatrix_clear_btn_ctrl_all
011d7da0	Function	<EXTERNAL>::lv_tabview_add_tab
011d7db0	Function	<EXTERNAL>::hcplayer_change_video_track
011d7dc0	Function	<EXTERNAL>::mkdir
011d7de0	Function	<EXTERNAL>::lv_obj_has_flag
011d7df0	Function	<EXTERNAL>::glist_nth_prev
011d7e00	Function	<EXTERNAL>::hcplayer_set_display_rect
011d7e10	Function	<EXTERNAL>::strstr
011d7e20	Function	<EXTERNAL>::_lv_ll_get_next
011d7e30	Function	<EXTERNAL>::fopen
011d7e40	Function	<EXTERNAL>::lv_scr_load_anim
011d7e50	Function	<EXTERNAL>::lv_style_set_pad_top
011d7e60	Function	<EXTERNAL>::pthread_attr_destroy
011d7e70	Function	<EXTERNAL>::lv_group_set_default
011d7e90	Function	<EXTERNAL>::lv_label_get_text
011d7ea0	Function	<EXTERNAL>::lv_obj_set_style_bg_grad_dir
011d7eb0	Function	<EXTERNAL>::lv_style_set_text_color
011d7ec0	Function	<EXTERNAL>::lv_style_set_border_side
011d7ee0	Function	<EXTERNAL>::lv_group_create
011d7ef0	Function	<EXTERNAL>::lv_obj_set_style_pad_top
011d7f00	Function	<EXTERNAL>::lv_obj_set_style_outline_color
011d7f10	Function	<EXTERNAL>::lv_style_set_outline_width
011d7f20	Function	<EXTERNAL>::calloc
011d7f30	Function	<EXTERNAL>::lv_obj_set_style_text_color
011d7f40	Function	<EXTERNAL>::lv_obj_clear_flag
011d7f50	Function	<EXTERNAL>::lv_obj_add_event_cb
011d7f60	Function	<EXTERNAL>::lv_chart_create
011d7f70	Function	<EXTERNAL>::lv_style_set_bg_img_src
011d7f80	Function	<EXTERNAL>::lv_tabview_get_tab_act
011d7f90	Function	<EXTERNAL>::lv_img_set_src
011d7fa0	Function	<EXTERNAL>::lv_group_del
011d7fb0	Function	<EXTERNAL>::hcplayer_multi_destroy
011d7fc0	Function	<EXTERNAL>::hcplayer_get_video_streams_count
011d7fd0	Function	<EXTERNAL>::lv_timer_create
011d7fe0	Function	<EXTERNAL>::lv_obj_set_style_shadow_width
011d7ff0	Function	<EXTERNAL>::hcplayer_init
011d8000	Function	<EXTERNAL>::epoll_wait
011d8010	Function	<EXTERNAL>::zip_stat_index
011d8020	Function	<EXTERNAL>::zip_strerror
011d8040	Function	<EXTERNAL>::lv_obj_clean
011d8050	Function	<EXTERNAL>::hcplayer_change_audio_track
011d8060	Function	<EXTERNAL>::fgets
011d8070	Function	<EXTERNAL>::lv_indev_drv_init
011d8080	Function	lv_font_get_bitmap_fmt_txt
011d8090	Function	<EXTERNAL>::memcpy
011d80a0	Function	<EXTERNAL>::hcplayer_get_nth_video_stream_info
011d80b0	Function	<EXTERNAL>::lv_obj_set_style_shadow_opa
011d80c0	Function	<EXTERNAL>::lv_obj_set_scrollbar_mode
011d80d0	Function	<EXTERNAL>::lv_tabview_get_tab_btns
011d80e0	Function	<EXTERNAL>::write
011d80f0	Function	<EXTERNAL>::malloc
011d8100	Function	<EXTERNAL>::lv_btnmatrix_set_one_checked
011d8110	Function	<EXTERNAL>::lv_obj_set_style_outline_pad
011d8120	Function	<EXTERNAL>::lv_indev_set_group
011d8130	Function	<EXTERNAL>::lv_timer_del
011d8140	Function	<EXTERNAL>::lv_freetype_init
011d8150	Function	<EXTERNAL>::strlen
011d8160	Function	<EXTERNAL>::lv_btnmatrix_set_btn_ctrl
011d8170	Function	<EXTERNAL>::munmap
011d8180	Function	<EXTERNAL>::usleep
011d8190	Function	<EXTERNAL>::hcplayer_play
011d81a0	Function	<EXTERNAL>::lv_ft_font_init
011d81b0	Function	<EXTERNAL>::accept
011d81c0	Function	<EXTERNAL>::lv_style_set_pad_row
011d81d0	Function	<EXTERNAL>::lv_obj_set_style_arc_color
011d81e0	Function	<EXTERNAL>::hcplayer_multi_play
011d81f0	Function	<EXTERNAL>::hcplayer_multi_position
011d8210	Function	<EXTERNAL>::lv_anim_start
011d8220	Function	<EXTERNAL>::lv_disp_get_scr_act
011d8230	Function	<EXTERNAL>::lv_obj_set_style_shadow_color
011d8240	Function	<EXTERNAL>::readdir
011d8250	Function	<EXTERNAL>::sprintf
011d8260	Function	<EXTERNAL>::__xstat
011d8270	Function	<EXTERNAL>::lv_obj_set_style_text_opa
011d8280	Function	<EXTERNAL>::pthread_attr_setstacksize
011d8290	Function	<EXTERNAL>::lv_bar_set_value
011d82a0	Function	<EXTERNAL>::snd_spectrum_stop
011d82b0	Function	<EXTERNAL>::lv_label_set_text
011d82c0	Function	<EXTERNAL>::lv_label_set_recolor
011d82d0	Function	<EXTERNAL>::msgsnd
011d82e0	Function	<EXTERNAL>::glist_delete_link
011d82f0	Function	<EXTERNAL>::lv_btnmatrix_get_btn_text
011d8300	Function	<EXTERNAL>::strcmp
011d8320	Function	<EXTERNAL>::lv_obj_set_style_line_color
011d8330	Function	<EXTERNAL>::strcasestr
011d8340	Function	<EXTERNAL>::glist_sort
011d8350	Function	<EXTERNAL>::time
011d8360	Function	<EXTERNAL>::hc_lvgl_init
011d8370	Function	<EXTERNAL>::lv_obj_add_flag
011d8380	Function	<EXTERNAL>::lv_obj_set_flex_grow
011d8390	Function	<EXTERNAL>::fsync
011d83b0	Function	<EXTERNAL>::__errno_location
011d83c0	Function	<EXTERNAL>::fclose
011d83d0	Function	<EXTERNAL>::strncpy
011d83e0	Function	<EXTERNAL>::lv_obj_invalidate
011d83f0	Function	<EXTERNAL>::lv_indev_get_key
011d8400	Function	<EXTERNAL>::memcmp
011d8410	Function	<EXTERNAL>::lv_style_set_radius
011d8420	Function	<EXTERNAL>::glist_append
011d8430	Function	<EXTERNAL>::_lv_ll_get_head
011d8440	Function	lv_group_focus_prev
011d8450	Function	<EXTERNAL>::lv_obj_set_width
011d8460	Function	<EXTERNAL>::lv_obj_remove_style
011d8470	Function	<EXTERNAL>::hcplayer_get_nth_audio_stream_info
011d8480	Function	<EXTERNAL>::glist_prepend
011d8490	Function	<EXTERNAL>::lv_msgbox_close
011d84a0	Function	<EXTERNAL>::lv_group_get_default
011d84b0	Function	<EXTERNAL>::lv_label_set_long_mode
011d84d0	Function	<EXTERNAL>::lv_btnmatrix_clear_btn_ctrl
011d84e0	Function	<EXTERNAL>::lv_tabview_set_act
011d84f0	Function	<EXTERNAL>::lv_obj_clear_state
011d8500	Function	lv_group_focus_next
011d8510	Function	<EXTERNAL>::fseek
011d8520	Function	<EXTERNAL>::lv_indev_get_act
011d8530	Function	<EXTERNAL>::hcplayer_get_cur_audio_stream_info
011d8540	Function	<EXTERNAL>::lv_fb_hotplug_support_set
011d8550	Function	<EXTERNAL>::lv_obj_set_flex_flow
011d8560	Function	<EXTERNAL>::lv_obj_set_style_bg_img_src
011d8570	Function	<EXTERNAL>::hcplayer_change_rotate_type
011d8580	Function	<EXTERNAL>::hcplayer_change_rotate_mirror_type2
011d85a0	Function	<EXTERNAL>::hcplayer_seek
011d85b0	Function	<EXTERNAL>::lv_obj_set_style_text_align
011d85c0	Function	<EXTERNAL>::srand
011d85d0	Function	<EXTERNAL>::msgrcv
011d85f0	Function	<EXTERNAL>::shmat
011d8600	Function	<EXTERNAL>::__libc_start_main
011d8610	Function	<EXTERNAL>::__isoc99_sscanf
011d8620	Function	<EXTERNAL>::lv_obj_create
011d8630	Function	<EXTERNAL>::pthread_mutex_unlock
011d8640	Function	<EXTERNAL>::lv_obj_set_style_outline_width
011d8650	Function	<EXTERNAL>::vsnprintf
011d8660	Function	<EXTERNAL>::ftok
011d8670	Function	<EXTERNAL>::lv_obj_set_style_height
011d8680	Function	<EXTERNAL>::glist_last
011d8690	Function	<EXTERNAL>::zip_file_strerror
011d86a0	Function	<EXTERNAL>::signal
011d86b0	Function	<EXTERNAL>::lv_obj_get_x
011d86c0	Function	<EXTERNAL>::lv_btn_create
011d86d0	Function	<EXTERNAL>::lv_obj_get_y_aligned
011d86e0	Function	<EXTERNAL>::lv_mem_free
011d86f0	Function	<EXTERNAL>::lv_img_create
011d8710	Function	<EXTERNAL>::lv_obj_set_style_line_width
011d8720	Function	<EXTERNAL>::lv_obj_set_style_pad_bottom
011d8730	Function	<EXTERNAL>::gettimeofday
011d8740	Function	<EXTERNAL>::lv_btnmatrix_set_btn_ctrl_all
011d8750	Function	<EXTERNAL>::lv_obj_get_height
011d8770	Function	<EXTERNAL>::pthread_mutex_init
011d8780	Function	<EXTERNAL>::lv_btnmatrix_set_map
011d8790	Function	<EXTERNAL>::lv_msgbox_get_active_btn
011d87b0	Function	<EXTERNAL>::lv_obj_set_y
011d87c0	Function	<EXTERNAL>::rand
011d87d0	Function	<EXTERNAL>::lv_obj_set_style_border_width
011d87e0	Function	<EXTERNAL>::lv_event_get_user_data
011d87f0	Function	<EXTERNAL>::hcplayer_get_position
011d8800	Function	<EXTERNAL>::lv_msgbox_get_btns
011d8820	Function	<EXTERNAL>::lv_obj_set_style_border_color
011d8830	Function	<EXTERNAL>::hcplayer_set_speed_rate
011d8840	Function	<EXTERNAL>::hudi_flash_otp_write
011d8850	Function	<EXTERNAL>::lv_arc_create
011d8860	Function	<EXTERNAL>::pthread_mutex_lock
011d8870	Function	<EXTERNAL>::strtol
011d8890	Function	<EXTERNAL>::lv_msgbox_get_content
011d88a0	Function	<EXTERNAL>::lv_style_set_border_color
011d88b0	Function	<EXTERNAL>::lv_obj_get_style_prop
011d88c0	Function	<EXTERNAL>::hudi_flash_uid_read
011d88d0	Function	<EXTERNAL>::hcplayer_change_rotate_mirror_type
011d88e0	Function	<EXTERNAL>::lv_obj_set_style_pad_row
011d8900	Function	<EXTERNAL>::msgget
011d8910	Function	<EXTERNAL>::hcplayer_get_audio_streams_count
011d8920	Function	<EXTERNAL>::lv_style_set_border_opa
011d8930	Function	<EXTERNAL>::lv_obj_set_style_flex_flow
011d8940	Function	<EXTERNAL>::pthread_create
011d8950	Function	<EXTERNAL>::lv_style_set_pad_left
011d8960	Function	<EXTERNAL>::lv_label_set_text_fmt
011d8970	Function	<EXTERNAL>::glist_nth_data
011d8980	Function	<EXTERNAL>::lv_timer_handler
011d8990	Function	<EXTERNAL>::free
011d89a0	Function	<EXTERNAL>::lv_tabview_create
011d89b0	Function	<EXTERNAL>::lv_obj_has_state
011d89c0	Function	<EXTERNAL>::lv_timer_ready
011d89d0	Function	<EXTERNAL>::lv_timer_reset
011d89e0	Function	<EXTERNAL>::lv_btnmatrix_set_selected_btn
011d89f0	Function	<EXTERNAL>::asprintf
011d8a00	Function	<EXTERNAL>::lv_label_create
011d8a10	Function	<EXTERNAL>::lv_switch_create
011d8a20	Function	<EXTERNAL>::lv_obj_set_align
011d8a30	Function	<EXTERNAL>::hcplayer_get_duration
011d8a40	Function	<EXTERNAL>::lv_list_add_text
011d8a50	Function	<EXTERNAL>::lv_obj_get_y
011d8a70	Function	<EXTERNAL>::epoll_create1
011d8a80	Function	<EXTERNAL>::snd_spectrum_run
011d8a90	Function	<EXTERNAL>::strncmp
011d8aa0	Function	<EXTERNAL>::lv_bar_create
011d8ab0	Function	<EXTERNAL>::lv_bar_get_value
011d8ac0	Function	<EXTERNAL>::hcplayer_multi_pause
011d8ad0	Function	<EXTERNAL>::lv_obj_move_to_index
011d8ae0	Function	<EXTERNAL>::lv_theme_default_init
011d8af0	Function	<EXTERNAL>::lv_obj_set_x
011d8b00	Function	<EXTERNAL>::hudi_flash_close
011d8b20	Function	<EXTERNAL>::lv_timer_pause
011d8b30	Function	<EXTERNAL>::lv_obj_scroll_by
011d8b40	Function	<EXTERNAL>::lv_chart_set_update_mode
011d8b50	Function	<EXTERNAL>::epoll_ctl
011d8b70	Function	<EXTERNAL>::opendir
011d8b80	Function	<EXTERNAL>::lv_event_get_code
011d8b90	Function	<EXTERNAL>::pthread_join
011d8ba0	Function	<EXTERNAL>::lv_textarea_add_text
011d8bb0	Function	<EXTERNAL>::lv_obj_add_state
011d8bc0	Function	<EXTERNAL>::lv_obj_set_grid_cell
011d8bd0	Function	<EXTERNAL>::lv_timer_set_period
011d8be0	Function	<EXTERNAL>::lv_obj_get_parent
011d8bf0	Function	<EXTERNAL>::lv_arc_set_bg_angles
011d8c00	Function	<EXTERNAL>::closedir
011d8c10	Function	<EXTERNAL>::lv_chart_set_type
011d8c20	Function	<EXTERNAL>::sem_wait
011d8c30	Function	<EXTERNAL>::lv_style_set_bg_color
011d8c40	Function	<EXTERNAL>::lv_event_send
011d8c50	Function	<EXTERNAL>::lv_bar_set_range
011d8c60	Function	<EXTERNAL>::exit
011d8c70	Function	<EXTERNAL>::lv_list_add_btn
011d8c80	Function	<EXTERNAL>::lv_draw_img_dsc_init
011d8c90	Function	<EXTERNAL>::printf
011d8ca0	Function	<EXTERNAL>::lv_obj_del
011d8cb0	Function	<EXTERNAL>::lv_arc_set_rotation
011d8cc0	Function	<EXTERNAL>::strerror
011d8cd0	Function	<EXTERNAL>::zip_name_locate
011d8ce0	Function	<EXTERNAL>::lv_img_get_zoom
011d8cf0	Function	<EXTERNAL>::lv_snprintf
011d8d00	Function	<EXTERNAL>::zip_fopen_index_encrypted
011d8d10	Function	<EXTERNAL>::lv_chart_set_value_by_id
011d8d20	Function	<EXTERNAL>::lv_obj_set_style_pad_left
011d8d30	Function	<EXTERNAL>::stpcpy
011d8d50	Function	<EXTERNAL>::glist_nth
011d8d60	Function	<EXTERNAL>::feof
011d8d70	Function	<EXTERNAL>::strtok
011d8d80	Function	<EXTERNAL>::puts
011d8d90	Function	<EXTERNAL>::glist_free_full
011d8da0	Function	<EXTERNAL>::custom_tick_get
011d8db0	Function	<EXTERNAL>::lv_obj_set_pos
011d8dc0	Function	<EXTERNAL>::lv_palette_lighten
011d8dd0	Function	<EXTERNAL>::perror
011d8de0	Function	<EXTERNAL>::lv_slider_create
011d8df0	Function	<EXTERNAL>::lv_disp_get_default
011d8e10	Function	<EXTERNAL>::lv_obj_set_style_bg_opa
011d8e20	Function	<EXTERNAL>::lv_obj_is_valid
011d8e30	Function	<EXTERNAL>::lv_obj_get_child_cnt
011d8e40	Function	<EXTERNAL>::_IO_putc
011d8e60	Function	<EXTERNAL>::lv_obj_set_style_text_font
011d8e70	Function	<EXTERNAL>::lv_timer_set_repeat_count
011d8e80	Function	<EXTERNAL>::hcfota_url
011d8ea0	Function	<EXTERNAL>::lv_obj_set_style_img_opa
011d8eb0	Function	<EXTERNAL>::lv_obj_set_size
011d8ec0	Function	<EXTERNAL>::lv_anim_init
011d8ed0	Function	<EXTERNAL>::lv_obj_align_to
011d8ee0	Function	<EXTERNAL>::lv_obj_remove_event_cb
011d8ef0	Function	<EXTERNAL>::fbdev_set_rotate
011d8f00	Function	<EXTERNAL>::lv_group_remove_all_objs
011d8f20	Function	<EXTERNAL>::hcplayer_get_cur_video_stream_info
011d8f30	Function	<EXTERNAL>::lv_img_decoder_get_info
011d8f40	Function	<EXTERNAL>::lv_btnmatrix_create
011d8f50	Function	<EXTERNAL>::memset
011d8f60	Function	<EXTERNAL>::putchar
011d8f80	Function	<EXTERNAL>::lv_disp_get_ver_res
011d8f90	Function	<EXTERNAL>::lv_style_set_border_width
011d8fa0	Function	<EXTERNAL>::zip_fread
011d8fb0	Function	<EXTERNAL>::lv_obj_set_style_outline_opa
011d8fc0	Function	<EXTERNAL>::lv_obj_set_style_pad_column
011d8fd0	Function	<EXTERNAL>::lv_indev_drv_register
011d8fe0	Function	<EXTERNAL>::strftime
011d8ff0	Function	<EXTERNAL>::lv_obj_align
011d9000	Function	<EXTERNAL>::lv_style_set_pad_column
011d9010	Function	<EXTERNAL>::lv_disp_get_layer_top
011d9020	Function	<EXTERNAL>::lv_obj_set_layout
011d9030	Function	<EXTERNAL>::sem_init
011d9040	Function	<EXTERNAL>::lv_event_get_current_target
011d9050	Function	<EXTERNAL>::lv_event_get_param
011d9060	Function	<EXTERNAL>::lv_obj_set_height
011d9070	Function	<EXTERNAL>::listen
011d9080	Function	<EXTERNAL>::hudi_flash_open
011d9090	Function	<EXTERNAL>::snprintf
011d90a0	Function	<EXTERNAL>::lv_obj_set_style_line_opa
011d90b0	Function	<EXTERNAL>::__strdup
011d90c0	Function	<EXTERNAL>::lv_obj_set_style_opa
011d90d0	Function	<EXTERNAL>::lv_obj_set_style_bg_color
011d90e0	Function	<EXTERNAL>::close
011d9100	Function	<EXTERNAL>::lv_chart_set_next_value
011d9110	Function	<EXTERNAL>::lv_palette_darken
011d9120	Function	<EXTERNAL>::read
011d9130	Function	<EXTERNAL>::lv_obj_set_style_radius
011d9140	Function	<EXTERNAL>::lv_obj_get_width
011d9150	Function	<EXTERNAL>::shmget
011d9160	Function	<EXTERNAL>::lv_group_get_focused
011d9170	Function	<EXTERNAL>::lv_obj_set_style_border_opa
011d9180	Function	<EXTERNAL>::hudi_flash_otp_read
011d9190	Function	<EXTERNAL>::hcplayer_create
011d91a0	Function	<EXTERNAL>::lv_chart_add_series
011d91b0	Function	<EXTERNAL>::lv_obj_get_child
011d91c0	Function	<EXTERNAL>::lv_obj_set_style_border_side
011d91d0	Function	<EXTERNAL>::lv_img_get_angle
011d91e0	Function	<EXTERNAL>::poll
011d9200	Function	<EXTERNAL>::lv_obj_set_grid_dsc_array
011d9210	Function	<EXTERNAL>::pthread_attr_init
011d9230	Function	<EXTERNAL>::lv_style_set_pad_right
011d9240	Function	<EXTERNAL>::lv_btnmatrix_get_selected_btn
011d9250	Function	<EXTERNAL>::lv_event_get_target
011d9260	Function	<EXTERNAL>::lv_group_focus_freeze
011d9270	Function	<EXTERNAL>::unlink
011d9280	Function	<EXTERNAL>::lv_arc_get_value
011d9290	Function	<EXTERNAL>::ioctl
011d92a0	Function	<EXTERNAL>::hcplayer_get_media_info
011d92c0	Function	<EXTERNAL>::lv_obj_set_style_pad_right
011d92d0	Function	<EXTERNAL>::hcplayer_multi_duration
011d92e0	Function	<EXTERNAL>::hcplayer_get_filesize
011d92f0	Function	<EXTERNAL>::glist_index
011d9300	Function	<EXTERNAL>::hcplayer_get_subtitle_streams_count
011d9310	Function	<EXTERNAL>::system
011d9320	Function	<EXTERNAL>::hcplayer_resume
011d9330	Function	<EXTERNAL>::lv_event_get_draw_part_dsc
011d9340	Function	<EXTERNAL>::pthread_attr_setdetachstate
011d9350	Function	<EXTERNAL>::strcpy
011d9360	Function	<EXTERNAL>::zip_fopen_index
011d9370	Function	<EXTERNAL>::mmap
011d9380	Function	<EXTERNAL>::localtime
011d9390	Function	<EXTERNAL>::lv_style_init
011d93a0	Function	<EXTERNAL>::lv_group_add_obj
011d93b0	Function	<EXTERNAL>::lv_style_set_pad_bottom
011d93c0	Function	<EXTERNAL>::lv_timer_resume
011d93d0	Function	<EXTERNAL>::sem_post
011d93e0	Function	<EXTERNAL>::hcplayer_get_cur_subtitle_stream_info
011d93f0	Function	<EXTERNAL>::hcplayer_multi_seek
011d9400	Function	<EXTERNAL>::lv_obj_set_style_bg_grad_color
011d9410	Function	<EXTERNAL>::lv_chart_set_div_line_count
011d9420	Function	<EXTERNAL>::lv_disp_set_theme
011d9430	Function	<EXTERNAL>::lv_group_focus_obj
011d9440	Function	<EXTERNAL>::hcplayer_pause
011d9450	Function	<EXTERNAL>::msgctl
011d9460	Function	<EXTERNAL>::lv_msgbox_create
011d9470	Function	<EXTERNAL>::realloc
011d9480	Function	<EXTERNAL>::bind
011d9490	Function	<EXTERNAL>::ftell
011e9498	Label	DAT_011e9498
011e949c	Label	DAT_011e949c
011e94a0	Label	DAT_011e94a0
011e94a8	Label	DAT_011e94a8
011e94b0	Label	DAT_011e94b0
011e94b4	Label	__DT_MIPS_PLTGOT
011e94b4	Label	_gp_2
011e94bc	Label	PTR_lv_obj_set_style_transform_zoom_011e94bc
011e94c0	Label	PTR_open_011e94c0
011e94c4	Label	PTR_pthread_mutex_destroy_011e94c4
011e94c8	Label	PTR_lv_obj_add_style_011e94c8
011e94cc	Label	PTR_lv_mem_alloc_011e94cc
011e94d0	Label	PTR_strcat_011e94d0
011e94d4	Label	PTR_lv_font_get_glyph_dsc_fmt_txt_011e94d4
011e94d8	Label	PTR_zip_fclose_011e94d8
011e94dc	Label	PTR_lv_obj_get_index_011e94dc
011e94e0	Label	PTR_fread_011e94e0
011e94e4	Label	PTR_lv_group_remove_obj_011e94e4
011e94e8	Label	PTR_lv_disp_get_hor_res_011e94e8
011e94ec	Label	PTR_lv_palette_main_011e94ec
011e94f0	Label	PTR_hcplayer_stop2_011e94f0
011e94f4	Label	PTR_lv_list_create_011e94f4
011e94f8	Label	PTR___ctype_tolower_loc_011e94f8
011e94fc	Label	PTR_lv_obj_set_flex_align_011e94fc
011e9500	Label	PTR_socket_011e9500
011e9504	Label	PTR_access_011e9504
011e9508	Label	PTR_lv_draw_img_011e9508
011e950c	Label	PTR_hcplayer_deinit_011e950c
011e9510	Label	PTR_lv_btnmatrix_clear_btn_ctrl_all_011e9510
011e9514	Label	PTR_lv_tabview_add_tab_011e9514
011e9518	Label	PTR_hcplayer_change_video_track_011e9518
011e951c	Label	PTR_mkdir_011e951c
011e9524	Label	PTR_lv_obj_has_flag_011e9524
011e9528	Label	PTR_glist_nth_prev_011e9528
011e952c	Label	PTR_hcplayer_set_display_rect_011e952c
011e9530	Label	PTR_strstr_011e9530
011e9534	Label	PTR__lv_ll_get_next_011e9534
011e9538	Label	PTR_fopen_011e9538
011e953c	Label	PTR_lv_scr_load_anim_011e953c
011e9540	Label	PTR_lv_style_set_pad_top_011e9540
011e9544	Label	PTR_pthread_attr_destroy_011e9544
011e9548	Label	PTR_lv_group_set_default_011e9548
011e9550	Label	PTR_lv_label_get_text_011e9550
011e9554	Label	PTR_lv_obj_set_style_bg_grad_dir_011e9554
011e9558	Label	PTR_lv_style_set_text_color_011e9558
011e955c	Label	PTR_lv_style_set_border_side_011e955c
011e9564	Label	PTR_lv_group_create_011e9564
011e9568	Label	PTR_lv_obj_set_style_pad_top_011e9568
011e956c	Label	PTR_lv_obj_set_style_outline_color_011e956c
011e9570	Label	PTR_lv_style_set_outline_width_011e9570
011e9574	Label	PTR_calloc_011e9574
011e9578	Label	PTR_lv_obj_set_style_text_color_011e9578
011e957c	Label	PTR_lv_obj_clear_flag_011e957c
011e9580	Label	PTR_lv_obj_add_event_cb_011e9580
011e9584	Label	PTR_lv_chart_create_011e9584
011e9588	Label	PTR_lv_style_set_bg_img_src_011e9588
011e958c	Label	PTR_lv_tabview_get_tab_act_011e958c
011e9590	Label	PTR_lv_img_set_src_011e9590
011e9594	Label	PTR_lv_group_del_011e9594
011e9598	Label	PTR_hcplayer_multi_destroy_011e9598
011e959c	Label	PTR_hcplayer_get_video_streams_count_011e959c
011e95a0	Label	PTR_lv_timer_create_011e95a0
011e95a4	Label	PTR_lv_obj_set_style_shadow_width_011e95a4
011e95a8	Label	PTR_hcplayer_init_011e95a8
011e95ac	Label	PTR_epoll_wait_011e95ac
011e95b0	Label	PTR_zip_stat_index_011e95b0
011e95b4	Label	PTR_zip_strerror_011e95b4
011e95bc	Label	PTR_lv_obj_clean_011e95bc
011e95c0	Label	PTR_hcplayer_change_audio_track_011e95c0
011e95c4	Label	PTR_fgets_011e95c4
011e95c8	Label	PTR_lv_indev_drv_init_011e95c8
011e95cc	Label	PTR_lv_font_get_bitmap_fmt_txt_011e95cc
011e95d0	Label	PTR_memcpy_011e95d0
011e95d4	Label	PTR_hcplayer_get_nth_video_stream_info_011e95d4
011e95d8	Label	PTR_lv_obj_set_style_shadow_opa_011e95d8
011e95dc	Label	PTR_lv_obj_set_scrollbar_mode_011e95dc
011e95e0	Label	PTR_lv_tabview_get_tab_btns_011e95e0
011e95e4	Label	PTR_write_011e95e4
011e95e8	Label	PTR_malloc_011e95e8
011e95ec	Label	PTR_lv_btnmatrix_set_one_checked_011e95ec
011e95f0	Label	PTR_lv_obj_set_style_outline_pad_011e95f0
011e95f4	Label	PTR_lv_indev_set_group_011e95f4
011e95f8	Label	PTR_lv_timer_del_011e95f8
011e95fc	Label	PTR_lv_freetype_init_011e95fc
011e9600	Label	PTR_strlen_011e9600
011e9604	Label	PTR_lv_btnmatrix_set_btn_ctrl_011e9604
011e9608	Label	PTR_munmap_011e9608
011e960c	Label	PTR_usleep_011e960c
011e9610	Label	PTR_hcplayer_play_011e9610
011e9614	Label	PTR_lv_ft_font_init_011e9614
011e9618	Label	PTR_accept_011e9618
011e961c	Label	PTR_lv_style_set_pad_row_011e961c
011e9620	Label	PTR_lv_obj_set_style_arc_color_011e9620
011e9624	Label	PTR_hcplayer_multi_play_011e9624
011e9628	Label	PTR_hcplayer_multi_position_011e9628
011e9630	Label	PTR_lv_anim_start_011e9630
011e9634	Label	PTR_lv_disp_get_scr_act_011e9634
011e9638	Label	PTR_lv_obj_set_style_shadow_color_011e9638
011e963c	Label	PTR_readdir_011e963c
011e9640	Label	PTR_sprintf_011e9640
011e9644	Label	PTR___xstat_011e9644
011e9648	Label	PTR_lv_obj_set_style_text_opa_011e9648
011e964c	Label	PTR_pthread_attr_setstacksize_011e964c
011e9650	Label	PTR_lv_bar_set_value_011e9650
011e9654	Label	PTR_snd_spectrum_stop_011e9654
011e9658	Label	PTR_lv_label_set_text_011e9658
011e965c	Label	PTR_lv_label_set_recolor_011e965c
011e9660	Label	PTR_msgsnd_011e9660
011e9664	Label	PTR_glist_delete_link_011e9664
011e9668	Label	PTR_lv_btnmatrix_get_btn_text_011e9668
011e966c	Label	PTR_strcmp_011e966c
011e9674	Label	PTR_lv_obj_set_style_line_color_011e9674
011e9678	Label	PTR_strcasestr_011e9678
011e967c	Label	PTR_glist_sort_011e967c
011e9680	Label	PTR_time_011e9680
011e9684	Label	PTR_hc_lvgl_init_011e9684
011e9688	Label	PTR_lv_obj_add_flag_011e9688
011e968c	Label	PTR_lv_obj_set_flex_grow_011e968c
011e9690	Label	PTR_fsync_011e9690
011e9698	Label	PTR___errno_location_011e9698
011e969c	Label	PTR_fclose_011e969c
011e96a0	Label	PTR_strncpy_011e96a0
011e96a4	Label	PTR_lv_obj_invalidate_011e96a4
011e96a8	Label	PTR_lv_indev_get_key_011e96a8
011e96ac	Label	PTR_memcmp_011e96ac
011e96b0	Label	PTR_lv_style_set_radius_011e96b0
011e96b4	Label	PTR_glist_append_011e96b4
011e96b8	Label	PTR__lv_ll_get_head_011e96b8
011e96bc	Label	PTR_lv_group_focus_prev_011e96bc
011e96c0	Label	PTR_lv_obj_set_width_011e96c0
011e96c4	Label	PTR_lv_obj_remove_style_011e96c4
011e96c8	Label	PTR_hcplayer_get_nth_audio_stream_info_011e96c8
011e96cc	Label	PTR_glist_prepend_011e96cc
011e96d0	Label	PTR_lv_msgbox_close_011e96d0
011e96d4	Label	PTR_lv_group_get_default_011e96d4
011e96d8	Label	PTR_lv_label_set_long_mode_011e96d8
011e96e0	Label	PTR_lv_btnmatrix_clear_btn_ctrl_011e96e0
011e96e4	Label	PTR_lv_tabview_set_act_011e96e4
011e96e8	Label	PTR_lv_obj_clear_state_011e96e8
011e96ec	Label	PTR_lv_group_focus_next_011e96ec
011e96f0	Label	PTR_fseek_011e96f0
011e96f4	Label	PTR_lv_indev_get_act_011e96f4
011e96f8	Label	PTR_hcplayer_get_cur_audio_stream_info_011e96f8
011e96fc	Label	PTR_lv_fb_hotplug_support_set_011e96fc
011e9700	Label	PTR_lv_obj_set_flex_flow_011e9700
011e9704	Label	PTR_lv_obj_set_style_bg_img_src_011e9704
011e9708	Label	PTR_hcplayer_change_rotate_type_011e9708
011e970c	Label	PTR_hcplayer_change_rotate_mirror_type2_011e970c
011e9714	Label	PTR_hcplayer_seek_011e9714
011e9718	Label	PTR_lv_obj_set_style_text_align_011e9718
011e971c	Label	PTR_srand_011e971c
011e9720	Label	PTR_msgrcv_011e9720
011e9728	Label	PTR_shmat_011e9728
011e972c	Label	PTR___libc_start_main_011e972c
011e9730	Label	PTR___isoc99_sscanf_011e9730
011e9734	Label	PTR_lv_obj_create_011e9734
011e9738	Label	PTR_pthread_mutex_unlock_011e9738
011e973c	Label	PTR_lv_obj_set_style_outline_width_011e973c
011e9740	Label	PTR_vsnprintf_011e9740
011e9744	Label	PTR_ftok_011e9744
011e9748	Label	PTR_lv_obj_set_style_height_011e9748
011e974c	Label	PTR_glist_last_011e974c
011e9750	Label	PTR_zip_file_strerror_011e9750
011e9754	Label	PTR_signal_011e9754
011e9758	Label	PTR_lv_obj_get_x_011e9758
011e975c	Label	PTR_lv_btn_create_011e975c
011e9760	Label	PTR_lv_obj_get_y_aligned_011e9760
011e9764	Label	PTR_lv_mem_free_011e9764
011e9768	Label	PTR_lv_img_create_011e9768
011e9770	Label	PTR_lv_obj_set_style_line_width_011e9770
011e9774	Label	PTR_lv_obj_set_style_pad_bottom_011e9774
011e9778	Label	PTR_gettimeofday_011e9778
011e977c	Label	PTR_lv_btnmatrix_set_btn_ctrl_all_011e977c
011e9780	Label	PTR_lv_obj_get_height_011e9780
011e9788	Label	PTR_pthread_mutex_init_011e9788
011e978c	Label	PTR_lv_btnmatrix_set_map_011e978c
011e9790	Label	PTR_lv_msgbox_get_active_btn_011e9790
011e9798	Label	PTR_lv_obj_set_y_011e9798
011e979c	Label	PTR_rand_011e979c
011e97a0	Label	PTR_lv_obj_set_style_border_width_011e97a0
011e97a4	Label	PTR_lv_event_get_user_data_011e97a4
011e97a8	Label	PTR_hcplayer_get_position_011e97a8
011e97ac	Label	PTR_lv_msgbox_get_btns_011e97ac
011e97b4	Label	PTR_lv_obj_set_style_border_color_011e97b4
011e97b8	Label	PTR_hcplayer_set_speed_rate_011e97b8
011e97bc	Label	PTR_hudi_flash_otp_write_011e97bc
011e97c0	Label	PTR_lv_arc_create_011e97c0
011e97c4	Label	PTR_pthread_mutex_lock_011e97c4
011e97c8	Label	PTR_strtol_011e97c8
011e97d0	Label	PTR_lv_msgbox_get_content_011e97d0
011e97d4	Label	PTR_lv_style_set_border_color_011e97d4
011e97d8	Label	PTR_lv_obj_get_style_prop_011e97d8
011e97dc	Label	PTR_hudi_flash_uid_read_011e97dc
011e97e0	Label	PTR_hcplayer_change_rotate_mirror_type_011e97e0
011e97e4	Label	PTR_lv_obj_set_style_pad_row_011e97e4
011e97ec	Label	PTR_msgget_011e97ec
011e97f0	Label	PTR_hcplayer_get_audio_streams_count_011e97f0
011e97f4	Label	PTR_lv_style_set_border_opa_011e97f4
011e97f8	Label	PTR_lv_obj_set_style_flex_flow_011e97f8
011e97fc	Label	PTR_pthread_create_011e97fc
011e9800	Label	PTR_lv_style_set_pad_left_011e9800
011e9804	Label	PTR_lv_label_set_text_fmt_011e9804
011e9808	Label	PTR_glist_nth_data_011e9808
011e980c	Label	PTR_lv_timer_handler_011e980c
011e9810	Label	PTR_free_011e9810
011e9814	Label	PTR_lv_tabview_create_011e9814
011e9818	Label	PTR_lv_obj_has_state_011e9818
011e981c	Label	PTR_lv_timer_ready_011e981c
011e9820	Label	PTR_lv_timer_reset_011e9820
011e9824	Label	PTR_lv_btnmatrix_set_selected_btn_011e9824
011e9828	Label	PTR_asprintf_011e9828
011e982c	Label	PTR_lv_label_create_011e982c
011e9830	Label	PTR_lv_switch_create_011e9830
011e9834	Label	PTR_lv_obj_set_align_011e9834
011e9838	Label	PTR_hcplayer_get_duration_011e9838
011e983c	Label	PTR_lv_list_add_text_011e983c
011e9840	Label	PTR_lv_obj_get_y_011e9840
011e9848	Label	PTR_epoll_create1_011e9848
011e984c	Label	PTR_snd_spectrum_run_011e984c
011e9850	Label	PTR_strncmp_011e9850
011e9854	Label	PTR_lv_bar_create_011e9854
011e9858	Label	PTR_lv_bar_get_value_011e9858
011e985c	Label	PTR_hcplayer_multi_pause_011e985c
011e9860	Label	PTR_lv_obj_move_to_index_011e9860
011e9864	Label	PTR_lv_theme_default_init_011e9864
011e9868	Label	PTR_lv_obj_set_x_011e9868
011e986c	Label	PTR_hudi_flash_close_011e986c
011e9874	Label	PTR_lv_timer_pause_011e9874
011e9878	Label	PTR_lv_obj_scroll_by_011e9878
011e987c	Label	PTR_lv_chart_set_update_mode_011e987c
011e9880	Label	PTR_epoll_ctl_011e9880
011e9888	Label	PTR_opendir_011e9888
011e988c	Label	PTR_lv_event_get_code_011e988c
011e9890	Label	PTR_pthread_join_011e9890
011e9894	Label	PTR_lv_textarea_add_text_011e9894
011e9898	Label	PTR_lv_obj_add_state_011e9898
011e989c	Label	PTR_lv_obj_set_grid_cell_011e989c
011e98a0	Label	PTR_lv_timer_set_period_011e98a0
011e98a4	Label	PTR_lv_obj_get_parent_011e98a4
011e98a8	Label	PTR_lv_arc_set_bg_angles_011e98a8
011e98ac	Label	PTR_closedir_011e98ac
011e98b0	Label	PTR_lv_chart_set_type_011e98b0
011e98b4	Label	PTR_sem_wait_011e98b4
011e98b8	Label	PTR_lv_style_set_bg_color_011e98b8
011e98bc	Label	PTR_lv_event_send_011e98bc
011e98c0	Label	PTR_lv_bar_set_range_011e98c0
011e98c4	Label	PTR_exit_011e98c4
011e98c8	Label	PTR_lv_list_add_btn_011e98c8
011e98cc	Label	PTR_lv_draw_img_dsc_init_011e98cc
011e98d0	Label	PTR_printf_011e98d0
011e98d4	Label	PTR_lv_obj_del_011e98d4
011e98d8	Label	PTR_lv_arc_set_rotation_011e98d8
011e98dc	Label	PTR_strerror_011e98dc
011e98e0	Label	PTR_zip_name_locate_011e98e0
011e98e4	Label	PTR_lv_img_get_zoom_011e98e4
011e98e8	Label	PTR_lv_snprintf_011e98e8
011e98ec	Label	PTR_zip_fopen_index_encrypted_011e98ec
011e98f0	Label	PTR_lv_chart_set_value_by_id_011e98f0
011e98f4	Label	PTR_lv_obj_set_style_pad_left_011e98f4
011e98f8	Label	PTR_stpcpy_011e98f8
011e9900	Label	PTR_glist_nth_011e9900
011e9904	Label	PTR_feof_011e9904
011e9908	Label	PTR_strtok_011e9908
011e990c	Label	PTR_puts_011e990c
011e9910	Label	PTR_glist_free_full_011e9910
011e9914	Label	PTR_custom_tick_get_011e9914
011e9918	Label	PTR_lv_obj_set_pos_011e9918
011e991c	Label	PTR_lv_palette_lighten_011e991c
011e9920	Label	PTR_perror_011e9920
011e9924	Label	PTR_lv_slider_create_011e9924
011e9928	Label	PTR_lv_disp_get_default_011e9928
011e9930	Label	PTR_lv_obj_set_style_bg_opa_011e9930
011e9934	Label	PTR_lv_obj_is_valid_011e9934
011e9938	Label	PTR_lv_obj_get_child_cnt_011e9938
011e993c	Label	PTR__IO_putc_011e993c
011e9944	Label	PTR_lv_obj_set_style_text_font_011e9944
011e9948	Label	PTR_lv_timer_set_repeat_count_011e9948
011e994c	Label	PTR_hcfota_url_011e994c
011e9954	Label	PTR_lv_obj_set_style_img_opa_011e9954
011e9958	Label	PTR_lv_obj_set_size_011e9958
011e995c	Label	PTR_lv_anim_init_011e995c
011e9960	Label	PTR_lv_obj_align_to_011e9960
011e9964	Label	PTR_lv_obj_remove_event_cb_011e9964
011e9968	Label	PTR_fbdev_set_rotate_011e9968
011e996c	Label	PTR_lv_group_remove_all_objs_011e996c
011e9974	Label	PTR_hcplayer_get_cur_video_stream_info_011e9974
011e9978	Label	PTR_lv_img_decoder_get_info_011e9978
011e997c	Label	PTR_lv_btnmatrix_create_011e997c
011e9980	Label	PTR_memset_011e9980
011e9984	Label	PTR_putchar_011e9984
011e998c	Label	PTR_lv_disp_get_ver_res_011e998c
011e9990	Label	PTR_lv_style_set_border_width_011e9990
011e9994	Label	PTR_zip_fread_011e9994
011e9998	Label	PTR_lv_obj_set_style_outline_opa_011e9998
011e999c	Label	PTR_lv_obj_set_style_pad_column_011e999c
011e99a0	Label	PTR_lv_indev_drv_register_011e99a0
011e99a4	Label	PTR_strftime_011e99a4
011e99a8	Label	PTR_lv_obj_align_011e99a8
011e99ac	Label	PTR_lv_style_set_pad_column_011e99ac
011e99b0	Label	PTR_lv_disp_get_layer_top_011e99b0
011e99b4	Label	PTR_lv_obj_set_layout_011e99b4
011e99b8	Label	PTR_sem_init_011e99b8
011e99bc	Label	PTR_lv_event_get_current_target_011e99bc
011e99c0	Label	PTR_lv_event_get_param_011e99c0
011e99c4	Label	PTR_lv_obj_set_height_011e99c4
011e99c8	Label	PTR_listen_011e99c8
011e99cc	Label	PTR_hudi_flash_open_011e99cc
011e99d0	Label	PTR_snprintf_011e99d0
011e99d4	Label	PTR_lv_obj_set_style_line_opa_011e99d4
011e99d8	Label	PTR___strdup_011e99d8
011e99dc	Label	PTR_lv_obj_set_style_opa_011e99dc
011e99e0	Label	PTR_lv_obj_set_style_bg_color_011e99e0
011e99e4	Label	PTR_close_011e99e4
011e99ec	Label	PTR_lv_chart_set_next_value_011e99ec
011e99f0	Label	PTR_lv_palette_darken_011e99f0
011e99f4	Label	PTR_read_011e99f4
011e99f8	Label	PTR_lv_obj_set_style_radius_011e99f8
011e99fc	Label	PTR_lv_obj_get_width_011e99fc
011e9a00	Label	PTR_shmget_011e9a00
011e9a04	Label	PTR_lv_group_get_focused_011e9a04
011e9a08	Label	PTR_lv_obj_set_style_border_opa_011e9a08
011e9a0c	Label	PTR_hudi_flash_otp_read_011e9a0c
011e9a10	Label	PTR_hcplayer_create_011e9a10
011e9a14	Label	PTR_lv_chart_add_series_011e9a14
011e9a18	Label	PTR_lv_obj_get_child_011e9a18
011e9a1c	Label	PTR_lv_obj_set_style_border_side_011e9a1c
011e9a20	Label	PTR_lv_img_get_angle_011e9a20
011e9a24	Label	PTR_poll_011e9a24
011e9a2c	Label	PTR_lv_obj_set_grid_dsc_array_011e9a2c
011e9a30	Label	PTR_pthread_attr_init_011e9a30
011e9a38	Label	PTR_lv_style_set_pad_right_011e9a38
011e9a3c	Label	PTR_lv_btnmatrix_get_selected_btn_011e9a3c
011e9a40	Label	PTR_lv_event_get_target_011e9a40
011e9a44	Label	PTR_lv_group_focus_freeze_011e9a44
011e9a48	Label	PTR_unlink_011e9a48
011e9a4c	Label	PTR_lv_arc_get_value_011e9a4c
011e9a50	Label	PTR_ioctl_011e9a50
011e9a54	Label	PTR_hcplayer_get_media_info_011e9a54
011e9a5c	Label	PTR_lv_obj_set_style_pad_right_011e9a5c
011e9a60	Label	PTR_hcplayer_multi_duration_011e9a60
011e9a64	Label	PTR_hcplayer_get_filesize_011e9a64
011e9a68	Label	PTR_glist_index_011e9a68
011e9a6c	Label	PTR_hcplayer_get_subtitle_streams_count_011e9a6c
011e9a70	Label	PTR_system_011e9a70
011e9a74	Label	PTR_hcplayer_resume_011e9a74
011e9a78	Label	PTR_lv_event_get_draw_part_dsc_011e9a78
011e9a7c	Label	PTR_pthread_attr_setdetachstate_011e9a7c
011e9a80	Label	PTR_strcpy_011e9a80
011e9a84	Label	PTR_zip_fopen_index_011e9a84
011e9a88	Label	PTR_mmap_011e9a88
011e9a8c	Label	PTR_localtime_011e9a8c
011e9a90	Label	PTR_lv_style_init_011e9a90
011e9a94	Label	PTR_lv_group_add_obj_011e9a94
011e9a98	Label	PTR_lv_style_set_pad_bottom_011e9a98
011e9a9c	Label	PTR_lv_timer_resume_011e9a9c
011e9aa0	Label	PTR_sem_post_011e9aa0
011e9aa4	Label	PTR_hcplayer_get_cur_subtitle_stream_info_011e9aa4
011e9aa8	Label	PTR_hcplayer_multi_seek_011e9aa8
011e9aac	Label	PTR_lv_obj_set_style_bg_grad_color_011e9aac
011e9ab0	Label	PTR_lv_chart_set_div_line_count_011e9ab0
011e9ab4	Label	PTR_lv_disp_set_theme_011e9ab4
011e9ab8	Label	PTR_lv_group_focus_obj_011e9ab8
011e9abc	Label	PTR_hcplayer_pause_011e9abc
011e9ac0	Label	PTR_msgctl_011e9ac0
011e9ac4	Label	PTR_lv_msgbox_create_011e9ac4
011e9ac8	Label	PTR_realloc_011e9ac8
011e9acc	Label	PTR_bind_011e9acc
011e9ad0	Label	PTR_ftell_011e9ad0
011e9ae0	Label	_fdata
011e9af0	Label	DAT_011e9af0
011e9af4	Label	DAT_011e9af4
011e9b00	Label	DAT_011e9b00
011e9b10	Label	DAT_011e9b10
011e9b18	Label	DAT_011e9b18
011e9b20	Label	PTR_DAT_011e9b20
011e9b24	Label	PTR_DAT_011e9b24
011e9b2c	Label	PTR_DAT_011e9b2c
011e9b30	Label	DAT_011e9b30
011e9b40	Label	DAT_011e9b40
011e9b41	Label	DAT_011e9b41
011e9b50	Label	DAT_011e9b50
011e9b90	Label	DAT_011e9b90
011e9b94	Label	DAT_011e9b94
011e9e58	Label	PTR_DAT_011e9e58
011ea110	Label	DAT_011ea110
011ea120	Label	DAT_011ea120
011ea124	Label	PTR_DAT_011ea124
011ea13c	Label	PTR_DAT_011ea13c
011ea154	Label	PTR_DAT_011ea154
011ea170	Label	PTR_DAT_011ea170
011ea18c	Label	DAT_011ea18c
011ea190	Label	DAT_011ea190
011ea1a0	Label	DAT_011ea1a0
011ea1a4	Label	DAT_011ea1a4
011f0000	Label	DAT_011f0000
01200111	Label	DAT_01200111
0120473c	Label	DAT_0120473c
0120473e	Label	DAT_0120473e
01207164	Label	DAT_01207164
01209b8c	Label	DAT_01209b8c
01210000	Label	DAT_01210000
01214430	Label	DAT_01214430
01214448	Label	DAT_01214448
0121444c	Label	DAT_0121444c
01214454	Label	DAT_01214454
0121445c	Label	DAT_0121445c
01214460	Label	DAT_01214460
01214464	Label	PTR_DAT_01214464
01214478	Label	PTR_DAT_01214478
0121468c	Label	DAT_0121468c
01214690	Label	DAT_01214690
012146a0	Label	DAT_012146a0
012146b4	Label	DAT_012146b4
012146c0	Label	DAT_012146c0
012146c4	Label	DAT_012146c4
012146c5	Label	DAT_012146c5
012146c6	Label	DAT_012146c6
012146c8	Label	DAT_012146c8
012146cc	Label	DAT_012146cc
012146d0	Label	DAT_012146d0
012146d4	Label	DAT_012146d4
012146e0	Label	DAT_012146e0
012146f0	Label	PTR_PTR_012146f0
012146f4	Label	PTR_SiYuanHeiTi_Light_3000_28_1b_012146f4
01214750	Label	DAT_01214750
01214754	Label	DAT_01214754
01214758	Label	DAT_01214758
01214760	Label	DAT_01214760
01214764	Label	PTR_DAT_01214764
01214768	Label	DAT_01214768
0121476c	Label	PTR_DAT_0121476c
01214770	Label	PTR_s__01214770
01214774	Label	PTR_s__01214774
0121477c	Label	DAT_0121477c
0121478c	Label	DAT_0121478c
01214790	Label	DAT_01214790
01214794	Label	DAT_01214794
01214798	Label	DAT_01214798
0121479c	Label	DAT_0121479c
012147c0	Label	DAT_012147c0
012147d0	Label	DAT_012147d0
0121483c	Label	PTR_s_standard_0121483c
012151e4	Label	PTR_DAT_012151e4
01215b8c	Label	PTR_DAT_01215b8c
01216540	Label	DAT_01216540
01216550	Label	DAT_01216550
01216554	Label	DAT_01216554
01216558	Label	DAT_01216558
0121655c	Label	DAT_0121655c
01216560	Label	DAT_01216560
01216564	Label	DAT_01216564
01216568	Label	DAT_01216568
01216588	Label	DAT_01216588
012165a8	Label	DAT_012165a8
012165c0	Label	DAT_012165c0
012165f0	Label	DAT_012165f0
012165f4	Label	DAT_012165f4
012165fc	Label	DAT_012165fc
01216600	Label	DAT_01216600
0121660c	Label	DAT_0121660c
0121661c	Label	DAT_0121661c
0121662c	Label	DAT_0121662c
0121663c	Label	DAT_0121663c
0121664c	Label	DAT_0121664c
0121665c	Label	DAT_0121665c
0121666c	Label	DAT_0121666c
0121667c	Label	DAT_0121667c
0121668c	Label	DAT_0121668c
01216690	Label	DAT_01216690
01216694	Label	DAT_01216694
0121669c	Label	DAT_0121669c
012166d0	Label	DAT_012166d0
012166d4	Label	DAT_012166d4
012166e0	Label	DAT_012166e0
01216710	Label	DAT_01216710
01216714	Label	DAT_01216714
01216720	Label	DAT_01216720
01216724	Label	DAT_01216724
01216726	Label	DAT_01216726
01216750	Label	DAT_01216750
01216780	Label	__DT_MIPS_RLD_MAP
01216780	Label	__RLD_MAP
01216790	Label	__DT_PLTGOT
01216798	Label	PTR_s_nd_bgm_path_01216798
012167a8	Label	PTR___gmon_start___012167a8
012167ac	Label	DAT_012167ac
012167b0	Label	_edata
012167b0	Label	_fbss
012167b0	Label	__bss_start
012167b4	Label	DAT_012167b4
012167c0	Label	DAT_012167c0
012167c8	Label	DAT_012167c8
012167cc	Label	DAT_012167cc
012167d0	Label	DAT_012167d0
012167d8	Label	DAT_012167d8
012167dc	Label	DAT_012167dc
012167e0	Label	DAT_012167e0
012167e4	Label	DAT_012167e4
012167ec	Label	DAT_012167ec
01216838	Label	DAT_01216838
0121683c	Label	DAT_0121683c
01216844	Label	DAT_01216844
01216848	Label	DAT_01216848
0121684c	Label	DAT_0121684c
01216850	Label	lv_font_montserrat_26
0121686c	Label	LV_LAYOUT_FLEX
01216870	Label	stdout
01216878	Label	_lv_group_ll
01216884	Label	lv_font_montserrat_40
012168a0	Label	stdin
012168a4	Label	lv_list_text_class
012168c0	Label	opterr
012168c4	Label	lv_font_montserrat_22
012168e0	Label	lv_label_class
01216900	Label	optind
01216904	Label	lv_font_montserrat_28
01216920	Label	lv_font_montserrat_14
01216940	Label	stderr
01216944	Label	SiYuanHeiTi_Light_3000_28_1b
01216960	Label	lv_btnmatrix_class
01216980	Label	DAT_01216980
01216984	Label	DAT_01216984
01216990	Label	DAT_01216990
01216994	Label	lv_mem_adr
01216998	Label	DAT_01216998
0121699c	Label	DAT_0121699c
012169a0	Label	DAT_012169a0
012169a4	Label	DAT_012169a4
012169a8	Label	DAT_012169a8
012169c0	Label	DAT_012169c0
012169c4	Label	DAT_012169c4
012169c8	Label	DAT_012169c8
012169cc	Label	DAT_012169cc
012169d0	Label	DAT_012169d0
012169d4	Label	DAT_012169d4
012169d8	Label	DAT_012169d8
012169e0	Label	DAT_012169e0
012169e4	Label	DAT_012169e4
012169e8	Label	DAT_012169e8
012169ec	Label	DAT_012169ec
012169f8	Label	DAT_012169f8
012169fc	Label	DAT_012169fc
01216a00	Label	DAT_01216a00
01216a04	Label	DAT_01216a04
01216a08	Label	DAT_01216a08
01216a0c	Label	DAT_01216a0c
01216a10	Label	DAT_01216a10
01216a14	Label	DAT_01216a14
01216a18	Label	DAT_01216a18
01216a19	Label	DAT_01216a19
01216a1a	Label	DAT_01216a1a
01216a70	Label	DAT_01216a70
01216a78	Label	DAT_01216a78
01216ac0	Label	DAT_01216ac0
01216ac4	Label	DAT_01216ac4
01216ac8	Label	DAT_01216ac8
01216acc	Label	DAT_01216acc
01216ad0	Label	DAT_01216ad0
01216ad2	Label	DAT_01216ad2
01216ad4	Label	DAT_01216ad4
01216ad8	Label	DAT_01216ad8
01216ae0	Label	DAT_01216ae0
01216ae4	Label	DAT_01216ae4
01216ae8	Label	DAT_01216ae8
01216af0	Label	DAT_01216af0
01216af8	Label	DAT_01216af8
01216afc	Label	DAT_01216afc
01216b00	Label	DAT_01216b00
01216b10	Label	DAT_01216b10
01216b14	Label	DAT_01216b14
01216b20	Label	DAT_01216b20
01216b24	Label	DAT_01216b24
01216b28	Label	DAT_01216b28
01216b2c	Label	DAT_01216b2c
01216b30	Label	DAT_01216b30
01216b34	Label	DAT_01216b34
01216b38	Label	DAT_01216b38
01216b3c	Label	DAT_01216b3c
01216f20	Label	DAT_01216f20
01216f24	Label	DAT_01216f24
01216f26	Label	DAT_01216f26
01216f28	Label	DAT_01216f28
01216f2c	Label	DAT_01216f2c
01216f30	Label	DAT_01216f30
01216f34	Label	DAT_01216f34
01216f38	Label	DAT_01216f38
01216f64	Label	DAT_01216f64
01216f68	Label	DAT_01216f68
01216f6c	Label	DAT_01216f6c
01216f70	Label	DAT_01216f70
01216f74	Label	DAT_01216f74
01216f78	Label	DAT_01216f78
01216f7c	Label	DAT_01216f7c
01216f80	Label	DAT_01216f80
01216f84	Label	DAT_01216f84
01216f88	Label	DAT_01216f88
01216f8c	Label	DAT_01216f8c
01216f90	Label	DAT_01216f90
01216f94	Label	DAT_01216f94
01216f98	Label	DAT_01216f98
01216f9c	Label	DAT_01216f9c
01216fa0	Label	DAT_01216fa0
01216fa4	Label	DAT_01216fa4
01216fa8	Label	DAT_01216fa8
01216fac	Label	DAT_01216fac
01216fb0	Label	DAT_01216fb0
01216fb1	Label	DAT_01216fb0+1
01216fb2	Label	DAT_01216fb0+2
01216fb4	Label	DAT_01216fb4
01216fb6	Label	DAT_01216fb6
01216fb8	Label	DAT_01216fb8
01216fbc	Label	DAT_01216fbc
01216fc0	Label	DAT_01216fc0
01216fc4	Label	DAT_01216fc4
01216fc8	Label	DAT_01216fc8
01216fcc	Label	DAT_01216fcc
01216fd0	Label	DAT_01216fd0
01216fd4	Label	DAT_01216fd4
01216fd8	Label	DAT_01216fd8
01216fdc	Label	DAT_01216fdc
01216fe0	Label	DAT_01216fe0
01216fe4	Label	DAT_01216fe4
01216fe8	Label	DAT_01216fe8
01216fec	Label	DAT_01216fec
01216ff0	Label	DAT_01216ff0
01217008	Label	DAT_01217008
0121700c	Label	DAT_0121700c
01217010	Label	DAT_01217010
01217014	Label	DAT_01217014
01217018	Label	DAT_01217018
0121701c	Label	DAT_0121701c
01217020	Label	DAT_01217020
01217024	Label	DAT_01217024
01217028	Label	DAT_01217028
01217030	Label	DAT_01217030
01217034	Label	DAT_01217034
01217038	Label	DAT_01217038
01217040	Label	DAT_01217040
01217050	Label	DAT_01217050
01217054	Label	DAT_01217054
01217058	Label	DAT_01217058
01217064	Label	DAT_01217064
01217068	Label	DAT_01217068
0121706c	Label	DAT_0121706c
01217070	Label	DAT_01217070
01217074	Label	DAT_01217074
01217075	Label	DAT_01217074+1
01217076	Label	DAT_01217074+2
01217078	Label	DAT_01217078
0121707c	Label	DAT_0121707c
01217094	Label	DAT_01217094
01217098	Label	DAT_01217098
0121709a	Label	DAT_01217098+2
0121709c	Label	DAT_0121709c
012170a0	Label	DAT_012170a0
012170a4	Label	DAT_012170a4
012170a8	Label	DAT_012170a8
012170ac	Label	DAT_012170ac
012170b0	Label	DAT_012170b0
012170b4	Label	DAT_012170b4
012170b8	Label	DAT_012170b8
012170bc	Label	DAT_012170bc
012170c0	Label	DAT_012170c0
012170c2	Label	DAT_012170c2
012170c4	Label	DAT_012170c4
012170c6	Label	DAT_012170c6
012170c8	Label	DAT_012170c8
012170cc	Label	DAT_012170cc
012170d0	Label	DAT_012170d0
012170d4	Label	DAT_012170d4
012170d8	Label	DAT_012170d8
012170e0	Label	DAT_012170e0
012170e2	Label	DAT_012170e0+2
012170e4	Label	DAT_012170e4
012170e6	Label	DAT_012170e4+2
012170e8	Label	DAT_012170e8
012170ec	Label	DAT_012170ec
012170f0	Label	DAT_012170f0
01217100	Label	DAT_01217100
01217104	Label	DAT_01217104
01217108	Label	DAT_01217108
01217114	Label	DAT_01217114
01217120	Label	DAT_01217120
01217124	Label	DAT_01217124
01217128	Label	DAT_01217128
0121712c	Label	DAT_0121712c
01217130	Label	DAT_01217130
01217134	Label	DAT_01217134
01217138	Label	DAT_01217138
0121713c	Label	DAT_0121713c
01217140	Label	DAT_01217140
01217144	Label	DAT_01217144
01217148	Label	DAT_01217148
0121714c	Label	DAT_0121714c
01217150	Label	DAT_01217150
01217154	Label	DAT_01217154
01217158	Label	DAT_01217158
0121715c	Label	DAT_0121715c
012171c0	Label	DAT_012171c0
012171c4	Label	DAT_012171c4
012171c8	Label	DAT_012171c8
012171cc	Label	DAT_012171cc
012171d0	Label	DAT_012171d0
012171d8	Label	DAT_012171d8
012171dc	Label	DAT_012171dc
012171e8	Label	DAT_012171e8
012171ec	Label	DAT_012171ec
012171f0	Label	DAT_012171f0
012171f4	Label	DAT_012171f4
012171f8	Label	DAT_012171f8
012171fc	Label	DAT_012171fc
01217200	Label	DAT_01217200
01217204	Label	DAT_01217204
01217208	Label	DAT_01217208
0121720c	Label	DAT_0121720c
01217210	Label	DAT_01217210
01217214	Label	DAT_01217214
01217218	Label	DAT_01217218
01217220	Label	DAT_01217220
01217224	Label	DAT_01217224
01217228	Label	DAT_01217228
0121722c	Label	DAT_0121722c
01217230	Label	DAT_01217230
01217234	Label	DAT_01217234
01217238	Label	DAT_01217238
0121725c	Label	DAT_0121725c
01217274	Label	DAT_01217274
01217278	Label	DAT_01217278
01217280	Label	DAT_01217280
01217284	Label	DAT_01217284
01217288	Label	DAT_01217288
0121728c	Label	DAT_0121728c
01217290	Label	DAT_01217290
012172a0	Label	DAT_012172a0
012172b4	Label	DAT_012172b4
012172e4	Label	DAT_012172e4
012172e8	Label	DAT_012172e8
012172ec	Label	DAT_012172ec
012172f0	Label	DAT_012172f0
012172f4	Label	DAT_012172f4
012172f8	Label	DAT_012172f8
0121730c	Label	DAT_0121730c
01217314	Label	DAT_01217314
01217320	Label	DAT_01217320
01217324	Label	DAT_01217324
01217328	Label	DAT_01217328
0121732c	Label	DAT_0121732c
01217330	Label	DAT_01217330
01217334	Label	DAT_01217334
01217740	Label	DAT_01217740
01217748	Label	DAT_01217748
01217750	Label	DAT_01217750
01217758	Label	DAT_01217758
0121775c	Label	DAT_0121775c
01217760	Label	DAT_01217760
01217764	Label	DAT_01217764
01217784	Label	DAT_01217784
01217785	Label	DAT_01217784+1
01217788	Label	DAT_01217788
01217789	Label	DAT_01217788+1
0121778d	Label	DAT_0121778d
012177ac	Label	DAT_012177ac
012177ad	Label	DAT_012177ac+1
012177ae	Label	DAT_012177ac+2
012177b0	Label	DAT_012177b0
012177b2	Label	DAT_012177b0+2
012177b6	Label	DAT_012177b6
012177d4	Label	DAT_012177d4
012177d6	Label	DAT_012177d4+2
012177d7	Label	DAT_012177d4+3
012177d8	Label	DAT_012177d8
012177db	Label	DAT_012177d8+3
012177df	Label	DAT_012177df
012177ff	Label	DAT_012177ff
01217800	Label	DAT_01217800
01217804	Label	DAT_01217804
01217808	Label	DAT_01217808
01217828	Label	DAT_01217828
01217829	Label	DAT_01217828+1
0121782c	Label	DAT_0121782c
0121782d	Label	DAT_0121782c+1
01217831	Label	DAT_01217831
01217851	Label	DAT_01217851
01217854	Label	DAT_01217854
01217858	Label	DAT_01217858
0121785c	Label	DAT_0121785c
01217860	Label	DAT_01217860
01217864	Label	DAT_01217864
01217868	Label	DAT_01217868
0121786c	Label	DAT_0121786c
01217870	Label	DAT_01217870
01217874	Label	DAT_01217874
01217878	Label	DAT_01217878
0121787c	Label	DAT_0121787c
01217880	Label	DAT_01217880
01217884	Label	DAT_01217884
01217888	Label	DAT_01217888
0121788c	Label	DAT_0121788c
01217890	Label	DAT_01217890
01217ca0	Label	DAT_01217ca0
01217ca4	Label	DAT_01217ca4
01217ca8	Label	DAT_01217ca8
01217cb0	Label	DAT_01217cb0
01217cb4	Label	DAT_01217cb4
01217cb8	Label	DAT_01217cb8
01217cbc	Label	DAT_01217cbc
01217cc0	Label	DAT_01217cc0
01217cc4	Label	DAT_01217cc4
01217cc8	Label	DAT_01217cc8
01217cd0	Label	DAT_01217cd0
01217cd4	Label	DAT_01217cd4
01217cd8	Label	DAT_01217cd8
01217ce0	Label	DAT_01217ce0
01217ce4	Label	DAT_01217ce4
01217ce6	Label	DAT_01217ce6
01217cee	Label	DAT_01217cee
01217cf0	Label	DAT_01217cf0
012180f0	Label	DAT_012180f0
012180f4	Label	DAT_012180f4
012180f6	Label	DAT_012180f6
012180f8	Label	DAT_012180f8
012180fc	Label	DAT_012180fc
01218100	Label	DAT_01218100
01218104	Label	DAT_01218104
01218130	Label	DAT_01218130
01218134	Label	DAT_01218134
01218138	Label	DAT_01218138
0121813c	Label	DAT_0121813c
01218140	Label	DAT_01218140
01218150	Label	DAT_01218150
01218154	Label	DAT_01218154
01218158	Label	DAT_01218158
0121815c	Label	DAT_0121815c
01218160	Label	DAT_01218160
01218164	Label	DAT_01218164
01218168	Label	DAT_01218168
0121816c	Label	DAT_0121816c
01218170	Label	DAT_01218170
012181dc	Label	DAT_012181dc
012181e0	Label	DAT_012181e0
01218280	Label	DAT_01218280
01218284	Label	DAT_01218284
01218290	Label	DAT_01218290
01218294	Label	DAT_01218294
01218298	Label	DAT_01218298
0121829c	Label	DAT_0121829c
012182a0	Label	DAT_012182a0
012182a4	Label	DAT_012182a4
012182b0	Label	DAT_012182b0
012182d0	Label	DAT_012182d0
012182d4	Label	DAT_012182d4
012182d8	Label	DAT_012182d8
012182dc	Label	DAT_012182dc
012182e0	Label	DAT_012182e0
012182e4	Label	DAT_012182e4
012182e8	Label	DAT_012182e8
012182ec	Label	DAT_012182ec
012182f0	Label	DAT_012182f0
01218370	Label	DAT_01218370
01218374	Label	DAT_01218374
01218378	Label	DAT_01218378
0121837c	Label	DAT_0121837c
01218380	Label	DAT_01218380
01218384	Label	DAT_01218384
01218388	Label	DAT_01218388
0121838c	Label	DAT_0121838c
01218390	Label	DAT_01218390
01218394	Label	DAT_01218394
01218398	Label	DAT_01218398
01218464	Label	DAT_01218464
012194a4	Label	DAT_012194a4
0121a4e4	Label	DAT_0121a4e4
0121a8fc	Label	DAT_0121a8fc
0121a900	Label	DAT_0121a900
0121a904	Label	DAT_0121a904
0121a908	Label	DAT_0121a908
0121a90c	Label	DAT_0121a90c
0121a910	Label	DAT_0121a910
0121a914	Label	DAT_0121a914
0121a918	Label	DAT_0121a918
0121a919	Label	DAT_0121a918+1
0121a91c	Label	DAT_0121a91c
0121a99c	Label	DAT_0121a99c
0121a99e	Label	DAT_0121a99e
0121a99f	Label	DAT_0121a99f
0121a9a0	Label	DAT_0121a9a0
0121a9a4	Label	DAT_0121a9a4
0121a9a5	Label	DAT_0121a9a5
0121a9a6	Label	DAT_0121a9a6
0121a9a7	Label	DAT_0121a9a7
0121a9a8	Label	DAT_0121a9a8
0121a9a9	Label	DAT_0121a9a9
0121a9aa	Label	DAT_0121a9aa
0121a9ab	Label	DAT_0121a9ab
0121a9ac	Label	DAT_0121a9ac
0121a9ad	Label	DAT_0121a9ad
0121a9ae	Label	DAT_0121a9ae
0121a9af	Label	DAT_0121a9af
0121a9b0	Label	DAT_0121a9b0
0121a9b1	Label	DAT_0121a9b1
0121a9b2	Label	DAT_0121a9b2
0121a9b3	Label	DAT_0121a9b3
0121a9b4	Label	DAT_0121a9b4
0121a9b5	Label	DAT_0121a9b5
0121a9b6	Label	DAT_0121a9b6
0121a9b7	Label	DAT_0121a9b7
0121a9b8	Label	DAT_0121a9b8
0121a9b9	Label	DAT_0121a9b9
0121a9ba	Label	DAT_0121a9ba
0121a9bb	Label	DAT_0121a9bb
0121a9bc	Label	DAT_0121a9bc
0121a9bd	Label	DAT_0121a9bd
0121a9be	Label	DAT_0121a9be
0121a9bf	Label	DAT_0121a9bf
0121a9c0	Label	DAT_0121a9c0
0121a9c1	Label	DAT_0121a9c1
0121a9c2	Label	DAT_0121a9c2
0121a9c3	Label	DAT_0121a9c3
0121a9c4	Label	DAT_0121a9c4
0121a9c5	Label	DAT_0121a9c5
0121a9c6	Label	DAT_0121a9c6
0121a9c7	Label	DAT_0121a9c7
0121a9c8	Label	DAT_0121a9c8
0121a9c9	Label	DAT_0121a9c9
0121a9ca	Label	DAT_0121a9ca
0121a9cb	Label	DAT_0121a9cb
0121a9cc	Label	DAT_0121a9cc
0121a9cd	Label	DAT_0121a9cd
0121a9ce	Label	DAT_0121a9ce
0121a9cf	Label	DAT_0121a9cf
0121a9d0	Label	DAT_0121a9d0
0121a9d1	Label	DAT_0121a9d1
0121a9d2	Label	DAT_0121a9d2
0121a9d3	Label	DAT_0121a9d3
0121a9d4	Label	DAT_0121a9d4
0121a9d5	Label	DAT_0121a9d5
0121a9d6	Label	DAT_0121a9d6
0121a9d7	Label	DAT_0121a9d7
0121a9d8	Label	DAT_0121a9d8
0121a9d9	Label	DAT_0121a9d9
0121a9da	Label	DAT_0121a9da
0121a9db	Label	DAT_0121a9db
0121a9dc	Label	DAT_0121a9dc
0121a9dd	Label	DAT_0121a9dd
0121a9de	Label	DAT_0121a9de
0121a9df	Label	DAT_0121a9df
0121a9e0	Label	DAT_0121a9e0
0121a9e1	Label	DAT_0121a9e1
0121a9e2	Label	DAT_0121a9e2
0121a9e3	Label	DAT_0121a9e3
0121a9e4	Label	DAT_0121a9e4
0121a9e5	Label	DAT_0121a9e5
0121a9e6	Label	DAT_0121a9e6
0121a9e7	Label	DAT_0121a9e7
0121a9e8	Label	DAT_0121a9e8
0121a9e9	Label	DAT_0121a9e9
0121a9ea	Label	DAT_0121a9ea
0121a9eb	Label	DAT_0121a9eb
0121a9ec	Label	DAT_0121a9ec
0121a9ed	Label	DAT_0121a9ed
0121a9ee	Label	DAT_0121a9ee
0121a9ef	Label	DAT_0121a9ef
0121a9f0	Label	DAT_0121a9f0
0121a9f1	Label	DAT_0121a9f1
0121a9f2	Label	DAT_0121a9f2
0121a9f3	Label	DAT_0121a9f3
0121a9f4	Label	DAT_0121a9f4
0121a9f5	Label	DAT_0121a9f5
0121a9f6	Label	DAT_0121a9f6
0121a9f7	Label	DAT_0121a9f7
0121a9f8	Label	DAT_0121a9f8
0121a9f9	Label	DAT_0121a9f9
0121a9fa	Label	DAT_0121a9fa
0121a9fb	Label	DAT_0121a9fb
0121a9fc	Label	DAT_0121a9fc
0121a9fd	Label	DAT_0121a9fd
0121aa00	Label	DAT_0121aa00
0121aa04	Label	DAT_0121aa04
0121aa08	Label	DAT_0121aa08
0121aa09	Label	DAT_0121aa09
0121aa0a	Label	DAT_0121aa0a
0121aa10	Label	DAT_0121aa10
0121aa14	Label	DAT_0121aa14
0121aa18	Label	DAT_0121aa18
0121aa1c	Label	DAT_0121aa1c
0121aa20	Label	DAT_0121aa20
0121aa24	Label	DAT_0121aa24
0121aa28	Label	DAT_0121aa28
0121aa2c	Label	DAT_0121aa2c
0121aa30	Label	DAT_0121aa30
0121aa34	Label	DAT_0121aa34
0121aa38	Label	DAT_0121aa38
0121aa56	Label	DAT_0121aa56
0121aa58	Label	DAT_0121aa58
0121aa60	Label	DAT_0121aa60
0121aa64	Label	DAT_0121aa64
0121aa68	Label	DAT_0121aa68
0121aa6c	Label	DAT_0121aa6c
0121aa70	Label	DAT_0121aa70
0121aa74	Label	DAT_0121aa74
0121aa78	Label	DAT_0121aa78
0121aa7c	Label	DAT_0121aa7c
0121aa80	Label	DAT_0121aa80
0121aa84	Label	DAT_0121aa84
0121aa88	Label	DAT_0121aa88
0121aa8c	Label	DAT_0121aa8c
0121aa90	Label	DAT_0121aa90
0121aa9c	Label	DAT_0121aa9c
0121aeac	Label	DAT_0121aeac
0121b2bc	Label	DAT_0121b2bc
0121b6bc	Label	DAT_0121b6bc
0121b6cc	Label	DAT_0121b6cc
0121bacc	Label	DAT_0121bacc
0121bad0	Label	DAT_0121bad0
0121bad4	Label	DAT_0121bad4
0121bad8	Label	DAT_0121bad8
0121badc	Label	DAT_0121badc
0121bedc	Label	DAT_0121bedc
0121beec	Label	DAT_0121beec
0121c2ec	Label	DAT_0121c2ec
0121c2f0	Label	DAT_0121c2f0
0121c2f4	Label	DAT_0121c2f4
0121c2f8	Label	DAT_0121c2f8
0121c2fc	Label	DAT_0121c2fc
0121c6fc	Label	DAT_0121c6fc
0121c700	Label	DAT_0121c700
0121c704	Label	DAT_0121c704
0121c708	Label	DAT_0121c708
0121c70c	Label	DAT_0121c70c
0121cb0c	Label	DAT_0121cb0c
0121cb10	Label	DAT_0121cb10
0121cb14	Label	DAT_0121cb14
0121cb18	Label	DAT_0121cb18
0121cb1c	Label	DAT_0121cb1c
0121cf1c	Label	DAT_0121cf1c
0121cf20	Label	DAT_0121cf20
0121cf24	Label	DAT_0121cf24
0121cf30	Label	DAT_0121cf30
0121cf34	Label	DAT_0121cf34
0121cf38	Label	DAT_0121cf38
0121cf3c	Label	DAT_0121cf3c
0121cf40	Label	DAT_0121cf40
0121cf44	Label	DAT_0121cf44
0121cf48	Label	DAT_0121cf48
0121cf4c	Label	DAT_0121cf4c
0121cf50	Label	DAT_0121cf50
0121cf54	Label	DAT_0121cf54
0121cfa8	Label	DAT_0121cfa8
0121cfac	Label	DAT_0121cfac
0121cfb0	Label	DAT_0121cfb0
0121cfb4	Label	DAT_0121cfb4
0121cfd0	Label	DAT_0121cfd0
0121cff0	Label	DAT_0121cff0
0121cff4	Label	DAT_0121cff4
0121cff8	Label	DAT_0121cff8
0121cffc	Label	DAT_0121cffc
0121d000	Label	DAT_0121d000
0121d004	Label	DAT_0121d004
0121d008	Label	DAT_0121d008
0121d00c	Label	DAT_0121d00c
0121d010	Label	DAT_0121d010
0121d014	Label	DAT_0121d014
0121d018	Label	DAT_0121d018
0121d01c	Label	DAT_0121d01c
0121d020	Label	DAT_0121d020
0121d024	Label	DAT_0121d024
0121d028	Label	DAT_0121d028
0121d02c	Label	DAT_0121d02c
0121d030	Label	DAT_0121d030
0121d034	Label	DAT_0121d034
0121d038	Label	DAT_0121d038
0121d03c	Label	DAT_0121d03c
0121d040	Label	DAT_0121d040
0121d044	Label	DAT_0121d044
0121d048	Label	DAT_0121d048
0121d04c	Label	DAT_0121d04c
0121d050	Label	DAT_0121d050
0121d0d0	Label	DAT_0121d0d0
0121d0d4	Label	DAT_0121d0d4
0121d0d6	Label	DAT_0121d0d6
0121d0d8	Label	DAT_0121d0d8
0121d0dc	Label	DAT_0121d0dc
0121d0e0	Label	DAT_0121d0e0
0121d0e4	Label	DAT_0121d0e4
0121d0e8	Label	DAT_0121d0e8
0121d0ec	Label	DAT_0121d0ec
0121d0f0	Label	DAT_0121d0f0
0121d0f4	Label	DAT_0121d0f4
0121d0f8	Label	DAT_0121d0f8
0121d0fc	Label	DAT_0121d0fc
0121d13c	Label	DAT_0121d13c
0121d154	Label	DAT_0121d154
0121d158	Label	DAT_0121d158
0121d170	Label	DAT_0121d170
0121d174	Label	DAT_0121d174
0121d18c	Label	DAT_0121d18c
0121d1a4	Label	DAT_0121d1a4
0121d1a8	Label	DAT_0121d1a8
0121d1ac	Label	DAT_0121d1ac
0121d1b0	Label	DAT_0121d1b0
0121d1c0	Label	DAT_0121d1c0
0121d1d0	Label	DAT_0121d1d0
0121d1e0	Label	DAT_0121d1e0
0121d1e4	Label	DAT_0121d1e4
0121d1f0	Label	DAT_0121d1f0
0121d200	Label	DAT_0121d200
0121d204	Label	DAT_0121d204
0121d208	Label	DAT_0121d208
0121d224	Label	DAT_0121d224
0121d228	Label	DAT_0121d228
0121d22c	Label	DAT_0121d22c
0121d230	Label	DAT_0121d230
0121d240	Label	DAT_0121d240
0121d244	Label	DAT_0121d244
0121d248	Label	DAT_0121d248
0121d24c	Label	DAT_0121d24c
0121d250	Label	DAT_0121d250
0121d254	Label	DAT_0121d254
0121d258	Label	DAT_0121d258
0121d270	Label	DAT_0121d270
0121d274	Label	DAT_0121d274
0121d278	Label	DAT_0121d278
0121d27c	Label	DAT_0121d27c
0121d280	Label	DAT_0121d280
0121d284	Label	DAT_0121d284
0121d390	Label	DAT_0121d390
0121d394	Label	DAT_0121d394
0121d398	Label	DAT_0121d398
0121d39c	Label	DAT_0121d39c
0121d3a0	Label	DAT_0121d3a0
0121d3a4	Label	DAT_0121d3a4
0121d3a8	Label	DAT_0121d3a8
0121d3ac	Label	DAT_0121d3ac
0121d3b0	Label	DAT_0121d3b0
0121d3b4	Label	DAT_0121d3b4
0121d3b8	Label	DAT_0121d3b8
0121d3bc	Label	DAT_0121d3bc
0121d3c0	Label	DAT_0121d3c0
0121d3c4	Label	DAT_0121d3c4
0121d3c8	Label	DAT_0121d3c8
0121d3cc	Label	DAT_0121d3cc
0121d3d0	Label	DAT_0121d3d0
0121d3d4	Label	DAT_0121d3d4
0121d3d8	Label	DAT_0121d3d8
0121d3dc	Label	DAT_0121d3dc
0121d3e4	Label	DAT_0121d3e4
0121d3ec	Label	DAT_0121d3ec
0121d3f0	Label	DAT_0121d3f0
0121d3f4	Label	DAT_0121d3f4
0121d3f8	Label	DAT_0121d3f8
0121d3fc	Label	DAT_0121d3fc
0121d404	Label	DAT_0121d404
0121d408	Label	DAT_0121d408
0121d40c	Label	DAT_0121d40c
0121d410	Label	DAT_0121d410
0121d474	Label	DAT_0121d474
0121d480	Label	DAT_0121d480
0121d484	Label	DAT_0121d484
0121d486	Label	DAT_0121d486
0121d488	Label	DAT_0121d488
0121d490	Label	DAT_0121d490
0121d494	Label	DAT_0121d494
0121d498	Label	DAT_0121d498
0121d49c	Label	DAT_0121d49c
0121d4a0	Label	DAT_0121d4a0
0121d4a4	Label	DAT_0121d4a4
0121d4b0	Label	DAT_0121d4b0
0121d4c0	Label	DAT_0121d4c0
0121d4c4	Label	DAT_0121d4c4
0121d4c8	Label	DAT_0121d4c8
0121d4cc	Label	DAT_0121d4cc
0121d4d0	Label	DAT_0121d4d0
0121d4d4	Label	DAT_0121d4d4
0121d4d8	Label	DAT_0121d4d8
0121d4dc	Label	DAT_0121d4dc
0121d4e0	Label	DAT_0121d4e0
0121d4e4	Label	DAT_0121d4e4
0121d4e8	Label	DAT_0121d4e8
0121d4ec	Label	DAT_0121d4ec
0121d4f0	Label	DAT_0121d4f0
0121d4f4	Label	DAT_0121d4f4
0121d4f8	Label	DAT_0121d4f8
0121d4fc	Label	DAT_0121d4fc
0121d580	Label	DAT_0121d580
0121d584	Label	DAT_0121d584
0121d590	Label	DAT_0121d590
0121d594	Label	DAT_0121d594
0121d598	Label	DAT_0121d598
0121d59c	Label	DAT_0121d59c
0121d5a0	Label	DAT_0121d5a0
0121d5a4	Label	DAT_0121d5a4
0121d5a8	Label	DAT_0121d5a8
0121d5b0	Label	DAT_0121d5b0
0121d5b4	Label	DAT_0121d5b4
0121d5b5	Label	DAT_0121d5b4+1
0121d5b8	Label	DAT_0121d5b8
0121d5bc	Label	DAT_0121d5bc
0121d5c0	Label	DAT_0121d5c0
0121d5c8	Label	DAT_0121d5c8
0121d5cc	Label	DAT_0121d5cc
0121d5d0	Label	DAT_0121d5d0
0121d5d4	Label	DAT_0121d5d4
0121d5d8	Label	DAT_0121d5d8
0121d5dc	Label	DAT_0121d5dc
0121d5e0	Label	DAT_0121d5e0
0121d5f0	Label	DAT_0121d5f0
0121d5f4	Label	DAT_0121d5f4
0121d5f8	Label	DAT_0121d5f8
0121d5fc	Label	DAT_0121d5fc
0121d600	Label	DAT_0121d600
0121d610	Label	DAT_0121d610
0121d614	Label	DAT_0121d614
0121d618	Label	DAT_0121d618
0121d61c	Label	DAT_0121d61c
0121d620	Label	DAT_0121d620
0121d630	Label	DAT_0121d630
0121d634	Label	DAT_0121d634
0121d638	Label	DAT_0121d638
0121d63c	Label	DAT_0121d63c
0121d640	Label	DAT_0121d640
0121d644	Label	DAT_0121d644
0121d648	Label	DAT_0121d648
0121d64c	Label	DAT_0121d64c
0121d7a8	Label	DAT_0121d7a8
0121d7b4	Label	DAT_0121d7b4
0121d7e4	Label	DAT_0121d7e4
0121d8d8	Label	DAT_0121d8d8
0121dcd8	Label	DAT_0121dcd8
0121dce4	Label	DAT_0121dce4
0121dce8	Label	DAT_0121dce8
0121e0f8	Label	DAT_0121e0f8
0121e508	Label	DAT_0121e508
0121e780	Label	_mips_gp0_value
0121e780	Label	_gp_1
0121ed3c	Label	DAT_0121ed3c
0121ed40	Label	DAT_0121ed40
0121ed44	Label	DAT_0121ed44
0121ed48	Label	DAT_0121ed48
0121ed4c	Label	DAT_0121ed4c
0121ed5c	Label	DAT_0121ed5c
0121ed60	Label	DAT_0121ed60
0121ed64	Label	DAT_0121ed64
0121ed68	Label	DAT_0121ed68
0121ed6c	Label	DAT_0121ed6c
0121ed70	Label	DAT_0121ed70
0121ed74	Label	DAT_0121ed74
0121ed78	Label	DAT_0121ed78
0121ed7c	Label	DAT_0121ed7c
0121ed80	Label	DAT_0121ed80
0121ed84	Label	DAT_0121ed84
0121ed88	Label	DAT_0121ed88
0121ed8c	Label	DAT_0121ed8c
0121ed90	Label	DAT_0121ed90
0121ed94	Label	DAT_0121ed94
0121ed98	Label	DAT_0121ed98
0121ed9c	Label	DAT_0121ed9c
0121eda0	Label	DAT_0121eda0
0121eda4	Label	DAT_0121eda4
0121eda8	Label	DAT_0121eda8
0121edac	Label	DAT_0121edac
0121edb0	Label	DAT_0121edb0
0121edb4	Label	DAT_0121edb4
0121edb8	Label	DAT_0121edb8
0121edbc	Label	DAT_0121edbc
0121edc0	Label	DAT_0121edc0
0121edc4	Label	DAT_0121edc4
0121edc8	Label	DAT_0121edc8
0121edcc	Label	DAT_0121edcc
0121edd0	Label	DAT_0121edd0
0121edd4	Label	DAT_0121edd4
0121edd8	Label	DAT_0121edd8
0121eddc	Label	DAT_0121eddc
0121ede0	Label	DAT_0121ede0
0121ede8	Label	DAT_0121ede8
0121edfc	Label	_end
0121f000	Function	<EXTERNAL>::lv_obj_set_style_transform_zoom
0121f004	Function	<EXTERNAL>::open
0121f008	Function	<EXTERNAL>::pthread_mutex_destroy
0121f00c	Function	<EXTERNAL>::lv_obj_add_style
0121f010	Function	<EXTERNAL>::lv_mem_alloc
0121f014	Function	<EXTERNAL>::strcat
0121f018	Function	<EXTERNAL>::zip_fclose
0121f01c	Function	<EXTERNAL>::lv_obj_get_index
0121f020	Function	<EXTERNAL>::fread
0121f024	Function	<EXTERNAL>::lv_group_remove_obj
0121f028	Function	<EXTERNAL>::lv_disp_get_hor_res
0121f02c	Function	<EXTERNAL>::lv_palette_main
0121f030	Function	<EXTERNAL>::hcplayer_stop2
0121f034	Function	<EXTERNAL>::lv_list_create
0121f038	Function	<EXTERNAL>::__ctype_tolower_loc
0121f03c	Function	<EXTERNAL>::lv_obj_set_flex_align
0121f040	Function	<EXTERNAL>::socket
0121f044	Function	<EXTERNAL>::access
0121f048	Function	<EXTERNAL>::lv_draw_img
0121f04c	Function	<EXTERNAL>::hcplayer_deinit
0121f050	Function	<EXTERNAL>::lv_btnmatrix_clear_btn_ctrl_all
0121f054	Function	<EXTERNAL>::lv_tabview_add_tab
0121f058	Function	<EXTERNAL>::hcplayer_change_video_track
0121f05c	Function	<EXTERNAL>::mkdir
0121f060	Function	<EXTERNAL>::lv_checkbox_create
0121f064	Function	<EXTERNAL>::lv_obj_has_flag
0121f068	Function	<EXTERNAL>::glist_nth_prev
0121f06c	Function	<EXTERNAL>::hcplayer_set_display_rect
0121f070	Function	<EXTERNAL>::strstr
0121f074	Function	<EXTERNAL>::_lv_ll_get_next
0121f078	Function	<EXTERNAL>::fopen
0121f07c	Function	<EXTERNAL>::lv_scr_load_anim
0121f080	Function	<EXTERNAL>::lv_style_set_pad_top
0121f084	Function	<EXTERNAL>::pthread_attr_destroy
0121f088	Function	<EXTERNAL>::lv_group_set_default
0121f08c	Function	<EXTERNAL>::strncasecmp
0121f090	Function	<EXTERNAL>::lv_label_get_text
0121f094	Function	<EXTERNAL>::lv_obj_set_style_bg_grad_dir
0121f098	Function	<EXTERNAL>::lv_style_set_text_color
0121f09c	Function	<EXTERNAL>::lv_style_set_border_side
0121f0a0	Function	<EXTERNAL>::hcplayer_multi_create
0121f0a4	Function	<EXTERNAL>::lv_group_create
0121f0a8	Function	<EXTERNAL>::lv_obj_set_style_pad_top
0121f0ac	Function	<EXTERNAL>::lv_obj_set_style_outline_color
0121f0b0	Function	<EXTERNAL>::lv_style_set_outline_width
0121f0b4	Function	<EXTERNAL>::calloc
0121f0b8	Function	<EXTERNAL>::lv_obj_set_style_text_color
0121f0bc	Function	<EXTERNAL>::lv_obj_clear_flag
0121f0c0	Function	<EXTERNAL>::lv_obj_add_event_cb
0121f0c4	Function	<EXTERNAL>::lv_chart_create
0121f0c8	Function	<EXTERNAL>::lv_style_set_bg_img_src
0121f0cc	Function	<EXTERNAL>::lv_tabview_get_tab_act
0121f0d0	Function	<EXTERNAL>::lv_img_set_src
0121f0d4	Function	<EXTERNAL>::lv_group_del
0121f0d8	Function	<EXTERNAL>::hcplayer_multi_destroy
0121f0dc	Function	<EXTERNAL>::hcplayer_get_video_streams_count
0121f0e0	Function	<EXTERNAL>::lv_timer_create
0121f0e4	Function	<EXTERNAL>::lv_obj_set_style_shadow_width
0121f0e8	Function	<EXTERNAL>::hcplayer_init
0121f0ec	Function	<EXTERNAL>::epoll_wait
0121f0f0	Function	<EXTERNAL>::zip_stat_index
0121f0f4	Function	<EXTERNAL>::zip_strerror
0121f0f8	Function	<EXTERNAL>::lv_obj_get_x_aligned
0121f0fc	Function	<EXTERNAL>::lv_obj_clean
0121f100	Function	<EXTERNAL>::hcplayer_change_audio_track
0121f104	Function	<EXTERNAL>::fgets
0121f108	Function	<EXTERNAL>::lv_indev_drv_init
0121f10c	Function	<EXTERNAL>::memcpy
0121f110	Function	<EXTERNAL>::hcplayer_get_nth_video_stream_info
0121f114	Function	<EXTERNAL>::lv_obj_set_style_shadow_opa
0121f118	Function	<EXTERNAL>::lv_obj_set_scrollbar_mode
0121f11c	Function	<EXTERNAL>::lv_tabview_get_tab_btns
0121f120	Function	<EXTERNAL>::write
0121f124	Function	<EXTERNAL>::malloc
0121f128	Function	<EXTERNAL>::lv_btnmatrix_set_one_checked
0121f12c	Function	<EXTERNAL>::lv_obj_set_style_outline_pad
0121f130	Function	<EXTERNAL>::lv_indev_set_group
0121f134	Function	<EXTERNAL>::lv_timer_del
0121f138	Function	<EXTERNAL>::lv_freetype_init
0121f13c	Function	<EXTERNAL>::strlen
0121f140	Function	<EXTERNAL>::lv_btnmatrix_set_btn_ctrl
0121f144	Function	<EXTERNAL>::munmap
0121f148	Function	<EXTERNAL>::usleep
0121f14c	Function	<EXTERNAL>::hcplayer_play
0121f150	Function	<EXTERNAL>::lv_ft_font_init
0121f154	Function	<EXTERNAL>::accept
0121f158	Function	<EXTERNAL>::lv_style_set_pad_row
0121f15c	Function	<EXTERNAL>::lv_obj_set_style_arc_color
0121f160	Function	<EXTERNAL>::hcplayer_multi_play
0121f164	Function	<EXTERNAL>::hcplayer_multi_position
0121f168	Function	<EXTERNAL>::lv_style_set_text_font
0121f16c	Function	<EXTERNAL>::lv_anim_start
0121f170	Function	<EXTERNAL>::lv_disp_get_scr_act
0121f174	Function	<EXTERNAL>::lv_obj_set_style_shadow_color
0121f178	Function	<EXTERNAL>::readdir
0121f17c	Function	<EXTERNAL>::sprintf
0121f180	Function	<EXTERNAL>::__xstat
0121f184	Function	<EXTERNAL>::lv_obj_set_style_text_opa
0121f188	Function	<EXTERNAL>::pthread_attr_setstacksize
0121f18c	Function	<EXTERNAL>::lv_bar_set_value
0121f190	Function	<EXTERNAL>::snd_spectrum_stop
0121f194	Function	<EXTERNAL>::lv_label_set_text
0121f198	Function	<EXTERNAL>::lv_label_set_recolor
0121f19c	Function	<EXTERNAL>::msgsnd
0121f1a0	Function	<EXTERNAL>::glist_delete_link
0121f1a4	Function	<EXTERNAL>::lv_btnmatrix_get_btn_text
0121f1a8	Function	<EXTERNAL>::strcmp
0121f1ac	Function	<EXTERNAL>::lv_roller_set_selected
0121f1b0	Function	<EXTERNAL>::lv_obj_set_style_line_color
0121f1b4	Function	<EXTERNAL>::strcasestr
0121f1b8	Function	<EXTERNAL>::glist_sort
0121f1bc	Function	<EXTERNAL>::time
0121f1c0	Function	<EXTERNAL>::hc_lvgl_init
0121f1c4	Function	<EXTERNAL>::lv_obj_add_flag
0121f1c8	Function	<EXTERNAL>::lv_obj_set_flex_grow
0121f1cc	Function	<EXTERNAL>::fsync
0121f1d0	Function	<EXTERNAL>::pclose
0121f1d4	Function	<EXTERNAL>::__errno_location
0121f1d8	Function	<EXTERNAL>::fclose
0121f1dc	Function	<EXTERNAL>::strncpy
0121f1e0	Function	<EXTERNAL>::lv_obj_invalidate
0121f1e4	Function	<EXTERNAL>::lv_indev_get_key
0121f1e8	Function	<EXTERNAL>::memcmp
0121f1ec	Function	<EXTERNAL>::lv_style_set_radius
0121f1f0	Function	<EXTERNAL>::glist_append
0121f1f4	Function	<EXTERNAL>::_lv_ll_get_head
0121f1f8	Function	<EXTERNAL>::lv_obj_set_width
0121f1fc	Function	<EXTERNAL>::lv_obj_remove_style
0121f200	Function	<EXTERNAL>::hcplayer_get_nth_audio_stream_info
0121f204	Function	<EXTERNAL>::glist_prepend
0121f208	Function	<EXTERNAL>::lv_msgbox_close
0121f20c	Function	<EXTERNAL>::lv_group_get_default
0121f210	Function	<EXTERNAL>::lv_label_set_long_mode
0121f214	Function	<EXTERNAL>::lv_checkbox_set_text
0121f218	Function	<EXTERNAL>::lv_btnmatrix_clear_btn_ctrl
0121f21c	Function	<EXTERNAL>::lv_tabview_set_act
0121f220	Function	<EXTERNAL>::lv_obj_clear_state
0121f224	Function	<EXTERNAL>::fseek
0121f228	Function	<EXTERNAL>::lv_indev_get_act
0121f22c	Function	<EXTERNAL>::hcplayer_get_cur_audio_stream_info
0121f230	Function	<EXTERNAL>::lv_fb_hotplug_support_set
0121f234	Function	<EXTERNAL>::lv_obj_set_flex_flow
0121f238	Function	<EXTERNAL>::lv_obj_set_style_bg_img_src
0121f23c	Function	<EXTERNAL>::hcplayer_change_rotate_type
0121f240	Function	<EXTERNAL>::hcplayer_change_rotate_mirror_type2
0121f244	Function	<EXTERNAL>::hcplayer_change_subtitle_track
0121f248	Function	<EXTERNAL>::hcplayer_seek
0121f24c	Function	<EXTERNAL>::lv_obj_set_style_text_align
0121f250	Function	<EXTERNAL>::srand
0121f254	Function	<EXTERNAL>::msgrcv
0121f258	Function	<EXTERNAL>::lv_img_set_angle
0121f25c	Function	<EXTERNAL>::shmat
0121f260	Function	<EXTERNAL>::__libc_start_main
0121f264	Function	<EXTERNAL>::__isoc99_sscanf
0121f268	Function	<EXTERNAL>::lv_obj_create
0121f26c	Function	<EXTERNAL>::pthread_mutex_unlock
0121f270	Function	<EXTERNAL>::lv_obj_set_style_outline_width
0121f274	Function	<EXTERNAL>::vsnprintf
0121f278	Function	<EXTERNAL>::ftok
0121f27c	Function	<EXTERNAL>::lv_obj_set_style_height
0121f280	Function	<EXTERNAL>::glist_last
0121f284	Function	<EXTERNAL>::zip_file_strerror
0121f288	Function	<EXTERNAL>::signal
0121f28c	Function	<EXTERNAL>::lv_obj_get_x
0121f290	Function	<EXTERNAL>::lv_btn_create
0121f294	Function	<EXTERNAL>::lv_obj_get_y_aligned
0121f298	Function	<EXTERNAL>::lv_mem_free
0121f29c	Function	<EXTERNAL>::lv_img_create
0121f2a0	Function	<EXTERNAL>::glist_remove
0121f2a4	Function	<EXTERNAL>::lv_obj_set_style_line_width
0121f2a8	Function	<EXTERNAL>::lv_obj_set_style_pad_bottom
0121f2ac	Function	<EXTERNAL>::gettimeofday
0121f2b0	Function	<EXTERNAL>::lv_btnmatrix_set_btn_ctrl_all
0121f2b4	Function	<EXTERNAL>::lv_obj_get_height
0121f2b8	Function	<EXTERNAL>::_IO_getc
0121f2bc	Function	<EXTERNAL>::pthread_mutex_init
0121f2c0	Function	<EXTERNAL>::lv_btnmatrix_set_map
0121f2c4	Function	<EXTERNAL>::lv_msgbox_get_active_btn
0121f2c8	Function	<EXTERNAL>::__ctype_b_loc
0121f2cc	Function	<EXTERNAL>::lv_obj_set_y
0121f2d0	Function	<EXTERNAL>::rand
0121f2d4	Function	<EXTERNAL>::lv_obj_set_style_border_width
0121f2d8	Function	<EXTERNAL>::lv_event_get_user_data
0121f2dc	Function	<EXTERNAL>::hcplayer_get_position
0121f2e0	Function	<EXTERNAL>::lv_msgbox_get_btns
0121f2e4	Function	<EXTERNAL>::lv_dropdown_set_selected
0121f2e8	Function	<EXTERNAL>::lv_obj_set_style_border_color
0121f2ec	Function	<EXTERNAL>::hcplayer_set_speed_rate
0121f2f0	Function	<EXTERNAL>::hudi_flash_otp_write
0121f2f4	Function	<EXTERNAL>::lv_arc_create
0121f2f8	Function	<EXTERNAL>::pthread_mutex_lock
0121f2fc	Function	<EXTERNAL>::strtol
0121f300	Function	<EXTERNAL>::hcfota_memory
0121f304	Function	<EXTERNAL>::lv_msgbox_get_content
0121f308	Function	<EXTERNAL>::lv_style_set_border_color
0121f30c	Function	<EXTERNAL>::lv_obj_get_style_prop
0121f310	Function	<EXTERNAL>::hudi_flash_uid_read
0121f314	Label	_Jv_RegisterClasses
0121f318	Function	<EXTERNAL>::hcplayer_change_rotate_mirror_type
0121f31c	Function	<EXTERNAL>::lv_obj_set_style_pad_row
0121f320	Function	<EXTERNAL>::lv_img_set_zoom
0121f324	Function	<EXTERNAL>::msgget
0121f328	Function	<EXTERNAL>::hcplayer_get_audio_streams_count
0121f32c	Function	<EXTERNAL>::lv_style_set_border_opa
0121f330	Function	<EXTERNAL>::lv_obj_set_style_flex_flow
0121f334	Function	<EXTERNAL>::pthread_create
0121f338	Function	<EXTERNAL>::lv_style_set_pad_left
0121f33c	Function	<EXTERNAL>::lv_label_set_text_fmt
0121f340	Function	<EXTERNAL>::glist_nth_data
0121f344	Function	<EXTERNAL>::lv_timer_handler
0121f348	Function	<EXTERNAL>::free
0121f34c	Function	<EXTERNAL>::lv_tabview_create
0121f350	Function	<EXTERNAL>::lv_obj_has_state
0121f354	Function	<EXTERNAL>::lv_timer_ready
0121f358	Function	<EXTERNAL>::lv_timer_reset
0121f35c	Function	<EXTERNAL>::lv_btnmatrix_set_selected_btn
0121f360	Function	<EXTERNAL>::asprintf
0121f364	Function	<EXTERNAL>::lv_label_create
0121f368	Function	<EXTERNAL>::lv_switch_create
0121f36c	Function	<EXTERNAL>::lv_obj_set_align
0121f370	Function	<EXTERNAL>::hcplayer_get_duration
0121f374	Function	<EXTERNAL>::lv_list_add_text
0121f378	Function	<EXTERNAL>::lv_obj_get_y
0121f37c	Function	<EXTERNAL>::lv_arc_set_value
0121f380	Function	<EXTERNAL>::epoll_create1
0121f384	Function	<EXTERNAL>::snd_spectrum_run
0121f388	Function	<EXTERNAL>::strncmp
0121f38c	Function	<EXTERNAL>::lv_bar_create
0121f390	Function	<EXTERNAL>::lv_bar_get_value
0121f394	Function	<EXTERNAL>::hcplayer_multi_pause
0121f398	Function	<EXTERNAL>::lv_obj_move_to_index
0121f39c	Function	<EXTERNAL>::lv_theme_default_init
0121f3a0	Function	<EXTERNAL>::lv_obj_set_x
0121f3a4	Function	<EXTERNAL>::hudi_flash_close
0121f3a8	Function	<EXTERNAL>::strcasecmp
0121f3ac	Function	<EXTERNAL>::lv_timer_pause
0121f3b0	Function	<EXTERNAL>::lv_obj_scroll_by
0121f3b4	Function	<EXTERNAL>::lv_chart_set_update_mode
0121f3b8	Function	<EXTERNAL>::epoll_ctl
0121f3bc	Function	<EXTERNAL>::fgetc
0121f3c0	Function	<EXTERNAL>::opendir
0121f3c4	Function	<EXTERNAL>::lv_event_get_code
0121f3c8	Function	<EXTERNAL>::pthread_join
0121f3cc	Function	<EXTERNAL>::lv_textarea_add_text
0121f3d0	Function	<EXTERNAL>::lv_obj_add_state
0121f3d4	Function	<EXTERNAL>::lv_obj_set_grid_cell
0121f3d8	Function	<EXTERNAL>::lv_timer_set_period
0121f3dc	Function	<EXTERNAL>::lv_obj_get_parent
0121f3e0	Function	<EXTERNAL>::lv_arc_set_bg_angles
0121f3e4	Function	<EXTERNAL>::closedir
0121f3e8	Function	<EXTERNAL>::lv_chart_set_type
0121f3ec	Function	<EXTERNAL>::sem_wait
0121f3f0	Function	<EXTERNAL>::lv_style_set_bg_color
0121f3f4	Function	<EXTERNAL>::lv_event_send
0121f3f8	Function	<EXTERNAL>::lv_bar_set_range
0121f3fc	Function	<EXTERNAL>::exit
0121f400	Function	<EXTERNAL>::lv_list_add_btn
0121f404	Function	<EXTERNAL>::lv_draw_img_dsc_init
0121f408	Function	<EXTERNAL>::printf
0121f40c	Function	<EXTERNAL>::lv_obj_del
0121f410	Function	<EXTERNAL>::lv_arc_set_rotation
0121f414	Function	<EXTERNAL>::strerror
0121f418	Function	<EXTERNAL>::zip_name_locate
0121f41c	Function	<EXTERNAL>::lv_img_get_zoom
0121f420	Function	<EXTERNAL>::lv_snprintf
0121f424	Function	<EXTERNAL>::zip_fopen_index_encrypted
0121f428	Function	<EXTERNAL>::lv_chart_set_value_by_id
0121f42c	Function	<EXTERNAL>::lv_obj_set_style_pad_left
0121f430	Function	<EXTERNAL>::stpcpy
0121f434	Function	<EXTERNAL>::zip_close
0121f438	Function	<EXTERNAL>::glist_nth
0121f43c	Function	<EXTERNAL>::feof
0121f440	Function	<EXTERNAL>::strtok
0121f444	Function	<EXTERNAL>::puts
0121f448	Function	<EXTERNAL>::glist_free_full
0121f44c	Function	<EXTERNAL>::custom_tick_get
0121f450	Function	<EXTERNAL>::lv_obj_set_pos
0121f454	Function	<EXTERNAL>::lv_palette_lighten
0121f458	Function	<EXTERNAL>::perror
0121f45c	Function	<EXTERNAL>::lv_slider_create
0121f460	Function	<EXTERNAL>::lv_disp_get_default
0121f464	Function	<EXTERNAL>::zip_fopen_encrypted
0121f468	Function	<EXTERNAL>::lv_obj_set_style_bg_opa
0121f46c	Function	<EXTERNAL>::lv_obj_is_valid
0121f470	Function	<EXTERNAL>::lv_obj_get_child_cnt
0121f474	Function	<EXTERNAL>::_IO_putc
0121f478	Function	<EXTERNAL>::popen
0121f47c	Function	<EXTERNAL>::lv_obj_set_style_text_font
0121f480	Function	<EXTERNAL>::lv_timer_set_repeat_count
0121f484	Function	<EXTERNAL>::hcfota_url
0121f488	Function	<EXTERNAL>::zip_fopen
0121f48c	Function	<EXTERNAL>::lv_obj_set_style_img_opa
0121f490	Function	<EXTERNAL>::lv_obj_set_size
0121f494	Function	<EXTERNAL>::lv_anim_init
0121f498	Function	<EXTERNAL>::lv_obj_align_to
0121f49c	Function	<EXTERNAL>::lv_obj_remove_event_cb
0121f4a0	Function	<EXTERNAL>::fbdev_set_rotate
0121f4a4	Function	<EXTERNAL>::lv_group_remove_all_objs
0121f4a8	Function	<EXTERNAL>::zip_stat
0121f4ac	Function	<EXTERNAL>::hcplayer_get_cur_video_stream_info
0121f4b0	Function	<EXTERNAL>::lv_img_decoder_get_info
0121f4b4	Function	<EXTERNAL>::lv_btnmatrix_create
0121f4b8	Function	<EXTERNAL>::memset
0121f4bc	Function	<EXTERNAL>::putchar
0121f4c0	Function	<EXTERNAL>::zip_open
0121f4c4	Function	<EXTERNAL>::lv_disp_get_ver_res
0121f4c8	Function	<EXTERNAL>::lv_style_set_border_width
0121f4cc	Function	<EXTERNAL>::zip_fread
0121f4d0	Function	<EXTERNAL>::lv_obj_set_style_outline_opa
0121f4d4	Function	<EXTERNAL>::lv_obj_set_style_pad_column
0121f4d8	Function	<EXTERNAL>::lv_indev_drv_register
0121f4dc	Function	<EXTERNAL>::strftime
0121f4e0	Function	<EXTERNAL>::lv_obj_align
0121f4e4	Function	<EXTERNAL>::lv_style_set_pad_column
0121f4e8	Function	<EXTERNAL>::lv_disp_get_layer_top
0121f4ec	Function	<EXTERNAL>::lv_obj_set_layout
0121f4f0	Function	<EXTERNAL>::sem_init
0121f4f4	Function	<EXTERNAL>::lv_event_get_current_target
0121f4f8	Function	<EXTERNAL>::lv_event_get_param
0121f4fc	Function	<EXTERNAL>::lv_obj_set_height
0121f500	Function	<EXTERNAL>::listen
0121f504	Function	<EXTERNAL>::hudi_flash_open
0121f508	Function	<EXTERNAL>::snprintf
0121f50c	Function	<EXTERNAL>::lv_obj_set_style_line_opa
0121f510	Function	<EXTERNAL>::__strdup
0121f514	Function	<EXTERNAL>::lv_obj_set_style_opa
0121f518	Function	<EXTERNAL>::lv_obj_set_style_bg_color
0121f51c	Function	<EXTERNAL>::close
0121f520	Function	<EXTERNAL>::zip_get_num_entries
0121f524	Function	<EXTERNAL>::lv_chart_set_next_value
0121f528	Function	<EXTERNAL>::lv_palette_darken
0121f52c	Function	<EXTERNAL>::read
0121f530	Function	<EXTERNAL>::lv_obj_set_style_radius
0121f534	Function	<EXTERNAL>::lv_obj_get_width
0121f538	Function	<EXTERNAL>::shmget
0121f53c	Function	<EXTERNAL>::lv_group_get_focused
0121f540	Function	<EXTERNAL>::lv_obj_set_style_border_opa
0121f544	Function	<EXTERNAL>::hudi_flash_otp_read
0121f548	Label	_ITM_deregisterTMCloneTable
0121f54c	Function	<EXTERNAL>::hcplayer_create
0121f550	Function	<EXTERNAL>::lv_chart_add_series
0121f554	Function	<EXTERNAL>::lv_obj_get_child
0121f558	Function	<EXTERNAL>::lv_obj_set_style_border_side
0121f55c	Function	<EXTERNAL>::lv_img_get_angle
0121f560	Function	<EXTERNAL>::poll
0121f564	Function	<EXTERNAL>::memmove
0121f568	Function	<EXTERNAL>::lv_obj_set_grid_dsc_array
0121f56c	Function	<EXTERNAL>::pthread_attr_init
0121f570	Function	<EXTERNAL>::ctime
0121f574	Function	<EXTERNAL>::lv_style_set_pad_right
0121f578	Function	<EXTERNAL>::lv_btnmatrix_get_selected_btn
0121f57c	Function	<EXTERNAL>::lv_event_get_target
0121f580	Function	<EXTERNAL>::lv_group_focus_freeze
0121f584	Function	<EXTERNAL>::unlink
0121f588	Function	<EXTERNAL>::lv_arc_get_value
0121f58c	Function	<EXTERNAL>::ioctl
0121f590	Function	<EXTERNAL>::hcplayer_get_media_info
0121f594	Function	<EXTERNAL>::lv_style_set_text_align
0121f598	Function	<EXTERNAL>::lv_obj_set_style_pad_right
0121f59c	Function	<EXTERNAL>::hcplayer_multi_duration
0121f5a0	Function	<EXTERNAL>::hcplayer_get_filesize
0121f5a4	Function	<EXTERNAL>::glist_index
0121f5a8	Function	<EXTERNAL>::hcplayer_get_subtitle_streams_count
0121f5ac	Function	<EXTERNAL>::system
0121f5b0	Function	<EXTERNAL>::hcplayer_resume
0121f5b4	Function	<EXTERNAL>::lv_event_get_draw_part_dsc
0121f5b8	Function	<EXTERNAL>::pthread_attr_setdetachstate
0121f5bc	Function	<EXTERNAL>::strcpy
0121f5c0	Function	<EXTERNAL>::zip_fopen_index
0121f5c4	Function	<EXTERNAL>::mmap
0121f5c8	Function	<EXTERNAL>::localtime
0121f5cc	Label	_ITM_registerTMCloneTable
0121f5d0	Function	<EXTERNAL>::lv_style_init
0121f5d4	Function	<EXTERNAL>::lv_group_add_obj
0121f5d8	Function	<EXTERNAL>::lv_style_set_pad_bottom
0121f5dc	Function	<EXTERNAL>::lv_timer_resume
0121f5e0	Function	<EXTERNAL>::sem_post
0121f5e4	Function	<EXTERNAL>::hcplayer_get_cur_subtitle_stream_info
0121f5e8	Function	<EXTERNAL>::hcplayer_multi_seek
0121f5ec	Function	<EXTERNAL>::lv_obj_set_style_bg_grad_color
0121f5f0	Function	<EXTERNAL>::lv_chart_set_div_line_count
0121f5f4	Function	<EXTERNAL>::lv_disp_set_theme
0121f5f8	Function	<EXTERNAL>::lv_group_focus_obj
0121f5fc	Function	<EXTERNAL>::hcplayer_pause
0121f600	Function	<EXTERNAL>::msgctl
0121f604	Function	<EXTERNAL>::lv_msgbox_create
0121f608	Function	<EXTERNAL>::realloc
0121f60c	Function	<EXTERNAL>::bind
0121f610	Function	<EXTERNAL>::ftell
0121f614	Function	<EXTERNAL>::__gmon_start__
80000000	Label	DAT_80000000
fffffffe	Label	SUB_fffffffe
.gnu.attributes::00000000	Label	DAT_.gnu.attributes__00000000
.pdr::00000000	Label	DAT_.pdr__00000000
.shstrtab::00000000	Label	DAT_.shstrtab__00000000
_elfSectionHeaders::00000000	Label	Elf32_Shdr_ARRAY__elfSectionHeaders__00000000
