entry	name	body_start	body_end
00028690	FUN_00028690	00028690	0002870b
0002870c	FUN_0002870c	0002870c	0002887f
00028880	FUN_00028880	00028880	00028b63
00028b64	FUN_00028b64	00028b64	00028bdb
00028bdc	FUN_00028bdc	00028bdc	00028d0f
00028d10	FUN_00028d10	00028d10	00028edb
00028edc	FUN_00028edc	00028edc	00029027
00029028	_INIT_0	00029028	0002909b
000290a0	__libc_init_first	000290a0	000290a7
000290a8	_DT_INIT	000290a8	00029173
000291a0	__libc_start_main	000291a0	0002938f
00029390	FUN_00029390	00029390	000293e3
000293f0	FUN_000293f0	000293f0	00029413
00029414	gnu_get_libc_release	00029414	0002942b
0002942c	gnu_get_libc_version	0002942c	00029443
00029444	entry	00029444	00029477
000295e0	FUN_000295e0	000295e0	0002969f
000296a0	FUN_000296a0	000296a0	000296ef
000296f0	FUN_000296f0	000296f0	0002979b
000297a0	__errno_location	000297a0	000297bb
000297c0	FUN_000297c0	000297c0	00029ca7
00029ca8	FUN_00029ca8	00029ca8	00029d6f
00029d70	FUN_00029d70	00029d70	00029e2b
00029e2c	FUN_00029e2c	00029e2c	00029e63
00029e64	FUN_00029e64	00029e64	00029ea7
00029eb0	FUN_00029eb0	00029eb0	00029faf
00029fb0	iconv_open	00029fb0	0002a2d7
0002a2e0	iconv	0002a2e0	0002a577
0002a580	iconv_close	0002a580	0002a5df
0002a5e0	FUN_0002a5e0	0002a5e0	0002aecf
0002aed0	FUN_0002aed0	0002aed0	0002b163
0002b170	FUN_0002b170	0002b170	0002b287
0002b320	__gconv_get_modules_db	0002b320	0002b337
0002b338	__gconv_get_alias_db	0002b338	0002b34f
0002b350	FUN_0002b350	0002b350	0002b407
0002b408	FUN_0002b408	0002b408	0002be57
0002be58	FUN_0002be58	0002be58	0002bfaf
0002bfb0	FUN_0002bfb0	0002bfb0	0002c313
0002c314	FUN_0002c314	0002c314	0002c463
0002c470	FUN_0002c470	0002c470	0002c5eb
0002c5ec	FUN_0002c5ec	0002c5ec	0002c687
0002c688	FUN_0002c688	0002c688	0002caa3
0002caa4	FUN_0002caa4	0002caa4	0002cb7f
0002cb80	FUN_0002cb80	0002cb80	0002d06f
0002d070	FUN_0002d070	0002d070	0002d683
0002d690	FUN_0002d690	0002d690	0002d79f
0002d7b0	FUN_0002d7b0	0002d7b0	0002dd6b
0002f508	FUN_0002f508	0002f508	0002fdcb
0003442c	FUN_0003442c	0003442c	00034433
00034440	FUN_00034440	00034440	000345a7
000345a8	FUN_000345a8	000345a8	00034727
00034728	__gconv_get_cache	00034728	0003473f
00034740	FUN_00034740	00034740	000349b3
000349b4	FUN_000349b4	000349b4	00034a9b
00034a9c	FUN_00034a9c	00034a9c	00034fa3
00034fa4	FUN_00034fa4	00034fa4	00034fd3
00034fe0	FUN_00034fe0	00034fe0	00034ffb
00035020	FUN_00035020	00035020	000350d3
000350d4	FUN_000350d4	000350d4	000350ff
00035100	FUN_00035100	00035100	0003533f
00035340	FUN_00035340	00035340	00035633
00035634	setlocale	00035634	00035e7b
00035e80	FUN_00035e80	00035e80	00035f7f
00035f80	FUN_00035f80	00035f80	0003668f
00036690	FUN_00036690	00036690	000366ff
00036700	FUN_00036700	00036700	00036afb
00036afc	FUN_00036afc	00036afc	00036e3b
00036e3c	FUN_00036e3c	00036e3c	00036ee7
00036f00	FUN_00036f00	00036f00	00037a3f
00037a40	localeconv	00037a40	00037cb3
00037cc0	nl_langinfo	00037cc0	00037ce3
00037cf0	nl_langinfo_l	00037cf0	00037d67
00037d70	__ctype_get_mb_cur_max	00037d70	00037d97
00037da0	newlocale	00037da0	000385a3
000385b0	duplocale	000385b0	000387ef
000387f0	freelocale	000387f0	0003897f
00038980	uselocale	00038980	00038a13
00038a20	FUN_00038a20	00038a20	00038af3
00038b00	FUN_00038b00	00038b00	00038b2f
00038b30	FUN_00038b30	00038b30	00038bab
00038bac	FUN_00038bac	00038bac	00038c27
00038c30	FUN_00038c30	00038c30	00038e17
00038e18	__assert_fail	00038e18	00038e87
00038e90	__assert_perror_fail	00038e90	00038f13
00038f20	__assert	00038f20	00038f43
00038f50	isalnum	00038f50	00038f7f
00038f80	isalpha	00038f80	00038faf
00038fb0	iscntrl	00038fb0	00038fdf
00038fe0	isdigit	00038fe0	0003900f
00039010	islower	00039010	0003903f
00039040	isgraph	00039040	0003906f
00039070	isprint	00039070	0003909f
000390a0	ispunct	000390a0	000390cf
000390d0	isspace	000390d0	000390ff
00039100	isupper	00039100	0003912f
00039130	isxdigit	00039130	0003915f
00039160	tolower	00039160	000391ab
000391ac	toupper	000391ac	000391f7
00039200	isblank	00039200	0003922f
00039230	_tolower	00039230	00039267
00039268	_toupper	00039268	0003929f
000392a0	toascii	000392a0	000392a7
000392a8	isascii	000392a8	000392b7
000392b8	isblank_l	000392b8	000392cf
000392d0	isalnum_l	000392d0	000392e7
000392e8	isalpha_l	000392e8	000392ff
00039300	iscntrl_l	00039300	00039317
00039318	isdigit_l	00039318	0003932f
00039330	islower_l	00039330	00039347
00039348	isgraph_l	00039348	0003935f
00039360	isprint_l	00039360	00039377
00039378	ispunct_l	00039378	0003938f
00039390	isspace_l	00039390	000393a7
000393a8	isupper_l	000393a8	000393bf
000393c0	isxdigit_l	000393c0	000393d7
000393d8	tolower_l	000393d8	000393eb
000393ec	toupper_l	000393ec	000393ff
00039400	isctype	00039400	0003943b
00039440	__ctype_b_loc	00039440	0003945b
0003945c	__ctype_toupper_loc	0003945c	00039477
00039478	__ctype_tolower_loc	00039478	00039493
00039494	__ctype_init	00039494	000394f7
00039500	FUN_00039500	00039500	0003996f
00039970	bindtextdomain	00039970	000399cf
000399d0	bind_textdomain_codeset	000399d0	00039a2f
00039a30	dcgettext	00039a30	00039a6b
00039a70	dgettext	00039a70	00039a87
00039a90	gettext	00039a90	00039aaf
00039ab0	FUN_00039ab0	00039ab0	00039cef
00039da8	FUN_00039da8	00039da8	00039e5f
00039e60	FUN_00039e60	00039e60	0003abbf
0003abc0	FUN_0003abc0	0003abc0	0003b4ef
0003b4f0	dcngettext	0003b4f0	0003b52b
0003b530	dngettext	0003b530	0003b567
0003b570	ngettext	0003b570	0003b5b3
0003b5c0	FUN_0003b5c0	0003b5c0	0003b937
0003b940	FUN_0003b940	0003b940	0003cf1b
0003cf50	FUN_0003cf50	0003cf50	0003d557
0003d558	FUN_0003d558	0003d558	0003d7ef
0003d7f0	textdomain	0003d7f0	0003d95b
0003d960	FUN_0003d960	0003d960	0003de93
0003de94	FUN_0003de94	0003de94	0003e017
0003e020	FUN_0003e020	0003e020	0003e303
0003e310	FUN_0003e310	0003e310	0003e3bf
0003e3c0	FUN_0003e3c0	0003e3c0	0003e53f
0003e540	FUN_0003e540	0003e540	0003ed93
0003eda0	FUN_0003eda0	0003eda0	0003ef0b
0003ef10	FUN_0003ef10	0003ef10	0003ef5f
0003ef60	catopen	0003ef60	0003f1cf
0003f1d0	catgets	0003f1d0	0003f29f
0003f2a0	catclose	0003f2a0	0003f347
0003f350	__open_catalog	0003f350	0003fc17
0003fc20	isinfl	0003fc20	0003fc53
0003fc60	isnanl	0003fc60	0003fc8f
0003fc90	finite	0003fc90	0003fcab
0003fcb0	copysign	0003fcb0	0003fcdb
0003fce0	modfl	0003fce0	0003fdeb
0003fdf0	scalbn	0003fdf0	0003ff2f
0003ff30	frexpl	0003ff30	0003ffc3
0003ffd0	ldexp	0003ffd0	000400a7
000400b0	__signbit	000400b0	000400bf
000400c0	isinff	000400c0	000400eb
000400f0	isnanf	000400f0	0004010b
00040110	finitef	00040110	00040127
00040130	copysignf	00040130	0004014b
00040150	modff	00040150	0004020f
00040210	scalbnf	00040210	0004035f
00040360	frexpf	00040360	000403e3
000403f0	ldexpf	000403f0	000404af
000404b0	__signbitf	000404b0	000404bb
000404c0	FUN_000404c0	000404c0	000404e3
000404f0	__mips_fpu_getcw	000404f0	000404fb
000404fc	__mips_fpu_setcw	000404fc	00040503
00040510	__sigsetjmp	00040510	0004052f
00040530	FUN_00040530	00040530	00040583
00040590	setjmp	00040590	000405a7
000405b0	_setjmp	000405b0	000405c7
000405d0	longjmp	000405d0	0004063b
00040640	FUN_00040640	00040640	000406a3
000406b0	FUN_000406b0	000406b0	000406ff
00040700	FUN_00040700	00040700	0004075f
00040760	FUN_00040760	00040760	0004081b
0004081c	ssignal	0004081c	0004086b
00040870	raise	00040870	000408e7
000408f0	killpg	000408f0	00040927
00040930	FUN_00040930	00040930	00040a3f
00040a40	sigaction	00040a40	00040a7f
00040a80	sigprocmask	00040a80	00040b3b
00040b40	thunk_FUN_00029390	00040b40	00040b4b
00040b4c	kill	00040b4c	00040b6f
00040b80	sigpending	00040b80	00040bbb
00040bc0	sigsuspend	00040bc0	00040c7f
00040c80	FUN_00040c80	00040c80	00040cbf
00040cc0	FUN_00040cc0	00040cc0	00040d9f
00040da0	sigwait	00040da0	00040e3f
00040e40	sigblock	00040e40	00040e9b
00040ea0	sigsetmask	00040ea0	00040efb
00040f00	FUN_00040f00	00040f00	00040fa3
00040fa4	__sigpause	00040fa4	00041043
00041044	sigpause	00041044	0004105b
0004105c	__xpg_sigpause	0004105c	00041073
00041080	sigvec	00041080	00041177
00041180	sigstack	00041180	0004120f
00041210	FUN_00041210	00041210	0004121b
0004121c	sigaltstack	0004121c	0004123f
00041250	siginterrupt	00041250	00041343
00041350	__sigismember	00041350	00041377
00041378	__sigaddset	00041378	000413a3
000413a4	__sigdelset	000413a4	000413d3
000413e0	sigemptyset	000413e0	00041437
00041440	sigfillset	00041440	000414bb
000414c0	sigaddset	000414c0	0004151f
00041520	sigdelset	00041520	00041583
00041590	sigismember	00041590	000415eb
000415f0	sigreturn	000415f0	00041617
00041620	siggetmask	00041620	00041637
00041640	FUN_00041640	00041640	000416c3
000416c4	sysv_signal	000416c4	00041713
00041720	sigisemptyset	00041720	00041787
00041790	sigandset	00041790	00041803
00041810	sigorset	00041810	00041883
00041890	__libc_current_sigrtmin	00041890	000418a7
000418a8	__libc_current_sigrtmax_private	000418a8	000418bf
000418c0	__libc_allocate_rtsig_private	000418c0	0004191b
00041920	FUN_00041920	00041920	00041a17
00041a18	sigtimedwait	00041a18	00041acb
00041ad0	FUN_00041ad0	00041ad0	00041bcb
00041bcc	sigwaitinfo	00041bcc	00041c6b
00041c70	sigqueue	00041c70	00041d3b
00041d40	sighold	00041d40	00041dcb
00041dd0	sigrelse	00041dd0	00041e5b
00041e60	sigignore	00041e60	00041ec7
00041ed0	sigset	00041ed0	000420b7
000420c0	atof	000420c0	000420d7
000420e0	atoi	000420e0	000420fb
00042100	atol	00042100	0004211b
00042120	atoll	00042120	0004213b
00042140	abort	00042140	0004240f
00042410	bsearch	00042410	00042503
00042510	FUN_00042510	00042510	00042983
00042990	FUN_00042990	00042990	00042d47
00042d48	qsort_r	00042d48	0004312b
0004312c	qsort	0004312c	0004315f
00043160	getenv	00043160	000432fb
00043300	putenv	00043300	00043443
00043450	FUN_00043450	00043450	0004389f
000438a0	setenv	000438a0	0004394b
0004394c	unsetenv	0004394c	00043b13
00043b14	clearenv	00043b14	00043c47
00043c50	secure_getenv	00043c50	00043c7b
00043c80	FUN_00043c80	00043c80	00043dd7
00043dd8	exit	00043dd8	00043dff
00043e00	on_exit	00043e00	00043e6b
00043e70	FUN_00043e70	00043e70	00044073
00044074	FUN_00044074	00044074	000440ef
000440f0	__cxa_atexit	000440f0	0004416b
00044170	__cxa_finalize	00044170	00044357
00044360	quick_exit	00044360	0004438f
00044390	__cxa_at_quick_exit	00044390	000443af
000443b0	__cxa_thread_atexit_impl	000443b0	000444ff
00044500	__call_tls_dtors	00044500	0004462b
00044630	abs	00044630	0004463f
00044640	labs	00044640	0004464f
00044650	imaxabs	00044650	00044677
00044680	div	00044680	0004469f
000446a0	ldiv	000446a0	000446bf
000446c0	lldiv	000446c0	0004474f
00044750	mblen	00044750	00044843
00044850	mbstowcs	00044850	0004488f
00044890	mbtowc	00044890	00044977
00044980	wcstombs	00044980	000449bf
000449c0	wctomb	000449c0	00044a63
00044a70	FUN_00044a70	00044a70	00044a9f
00044aa0	srand	00044aa0	00044b73
00044b74	initstate	00044b74	00044c93
00044c94	setstate	00044c94	00044d87
00044d88	random	00044d88	00044e53
00044e60	setstate_r	00044e60	00044f87
00044f88	random_r	00044f88	0004504f
00045050	srandom_r	00045050	0004519f
000451a0	initstate_r	000451a0	00045363
00045370	rand	00045370	00045387
00045390	rand_r	00045390	000453df
000453e0	drand48	000453e0	0004541b
00045420	erand48	00045420	00045457
00045460	lrand48	00045460	0004549b
000454a0	nrand48	000454a0	000454d7
000454e0	mrand48	000454e0	0004551b
00045520	jrand48	00045520	00045557
00045560	srand48	00045560	00045577
00045580	seed48	00045580	000455bf
000455c0	lcong48	000455c0	000455d7
000455e0	drand48_r	000455e0	000455fb
00045600	erand48_r	00045600	000456a3
000456b0	lrand48_r	000456b0	000456d7
000456e0	nrand48_r	000456e0	00045747
00045750	mrand48_r	00045750	00045777
00045780	jrand48_r	00045780	000457db
000457e0	srand48_r	000457e0	0004581f
00045820	seed48_r	00045820	00045887
00045890	lcong48_r	00045890	000458e3
000458f0	FUN_000458f0	000458f0	0004598f
00045990	__strtol_internal	00045990	000459cf
000459d0	strtol	000459d0	00045a13
00045a20	__strtoul_internal	00045a20	00045a5f
00045a60	strtoul	00045a60	00045aa3
00045ab0	__strtoll_internal	00045ab0	00045aef
00045af0	strtoq	00045af0	00045b33
00045b40	__strtouq_internal	00045b40	00045b7f
00045b80	strtoull	00045b80	00045bc3
00045bd0	FUN_00045bd0	00045bd0	000461b3
000461b4	strtol_l	000461b4	000461e7
000461f0	FUN_000461f0	000461f0	00046717
00046718	strtoul_l	00046718	0004674b
00046750	FUN_00046750	00046750	00046f2b
00046f2c	strtoll_l	00046f2c	00046f5f
00046f60	FUN_00046f60	00046f60	00047643
00047644	strtoull_l	00047644	00047677
00047680	__strtof_internal	00047680	000476a3
000476a4	strtof	000476a4	000476cb
000476d0	__strtod_internal	000476d0	000476f3
000476f4	strtod	000476f4	0004771b
00047720	__strtold_internal	00047720	00047743
00047744	strtold	00047744	0004776b
00047770	FUN_00047770	00047770	00047b9b
00047b9c	FUN_00047b9c	00047b9c	00047c37
00047c38	FUN_00047c38	00047c38	0004810b
0004810c	FUN_0004810c	0004810c	0004a9e3
0004a9e4	strtof_l	0004a9e4	0004a9ff
0004aa00	FUN_0004aa00	0004aa00	0004ae2b
0004ae2c	FUN_0004ae2c	0004ae2c	0004aec7
0004aec8	FUN_0004aec8	0004aec8	0004b48b
0004b48c	FUN_0004b48c	0004b48c	0004ded7
0004ded8	strtod_l	0004ded8	0004def3
0004df00	FUN_0004df00	0004df00	0004df17
0004df18	strtold_l	0004df18	0004df33
0004df40	FUN_0004df40	0004df40	0004e4f3
0004e4f4	FUN_0004e4f4	0004e4f4	0004e69f
0004e6a0	system	0004e6a0	0004e6f3
0004e700	realpath	0004e700	0004ecbb
0004ecbc	canonicalize_file_name	0004ecbc	0004ecd3
0004ece0	a64l	0004ece0	0004ed3b
0004ed40	l64a	0004ed40	0004ed9f
0004eda0	FUN_0004eda0	0004eda0	0004ee77
0004ee78	rpmatch	0004ee78	0004ef27
0004ef30	strfmon	0004ef30	0004ef7f
0004ef80	FUN_0004ef80	0004ef80	00050247
00050248	strfmon_l	00050248	0005027f
00050280	getsubopt	00050280	0005041b
00050420	__xpg_basename	00050420	0005055b
00050560	FUN_00050560	00050560	0005068f
00050690	FUN_00050690	00050690	0005098f
00050990	fmtmsg	00050990	00050ee3
00050ee4	addseverity	00050ee4	00050fcf
00050fd0	strtoimax	00050fd0	00050fe7
00050ff0	strtoumax	00050ff0	00051007
00051010	wcstoimax	00051010	00051027
00051030	wcstoumax	00051030	00051047
00051050	getcontext	00051050	000510f7
00051100	setcontext	00051100	000511ef
000511f0	makecontext	000511f0	000512bf
00051300	swapcontext	00051300	0005140b
00051410	FUN_00051410	00051410	00051487
00051488	FUN_00051488	00051488	00051533
000515b4	FUN_000515b4	00051534	0005165f
00051660	FUN_00051660	00051660	0005177b
00051780	FUN_00051780	00051780	0005184b
00051850	FUN_00051850	00051850	000518c7
00051fd0	FUN_00051fd0	00051fd0	000527f7
00052800	FUN_00052800	00052800	000528cf
000528d0	FUN_000528d0	000528d0	00052993
00052f90	FUN_00052f90	00052f90	000533d3
000533e0	FUN_000533e0	000533e0	0005347b
00053480	FUN_00053480	00053480	0005360b
0005360c	FUN_0005360c	0005360c	00053ac3
00053ac4	FUN_00053ac4	00053ac4	00053c43
00053c44	FUN_00053c44	00053c44	00053c4f
00053c50	FUN_00053c50	00053c50	00054067
00054120	FUN_00054120	00054120	0005423b
00054240	FUN_00054240	00054240	0005430b
00054310	FUN_00054310	00054310	000543fb
00054400	FUN_00054400	00054400	0005441f
00054420	FUN_00054420	00054420	00054447
00054450	FUN_00054450	00054450	000546f7
00054700	FUN_00054700	00054700	000548d3
000548e0	ctermid	000548e0	00054953
00054960	cuserid	00054960	00054a1b
00054a20	FUN_00054a20	00054a20	00054b17
00054b18	FUN_00054b18	00054b18	00055017
00055018	FUN_00055018	00055018	0005509b
0005509c	FUN_0005509c	0005509c	00055127
00055130	FUN_00055130	00055130	00055637
00055640	FUN_00055640	00055640	00055743
00055744	vfprintf	00055744	0005a51b
0005a838	FUN_0005a838	0005a838	0005aabb
0005aac0	vprintf	0005aac0	0005aae3
0005aaf0	FUN_0005aaf0	0005aaf0	0005acd3
0005acd4	FUN_0005acd4	0005acd4	0005afdb
0005afdc	FUN_0005afdc	0005afdc	0005b057
0005b058	__printf_fp	0005b058	0005d4ab
0005d4b0	register_printf_specifier	0005d4b0	0005d613
0005d614	register_printf_function	0005d614	0005d62b
0005d630	parse_printf_format	0005d630	0005d7d7
0005eef0	register_printf_modifier	0005eef0	0005f0ef
0005f0f0	FUN_0005f0f0	0005f0f0	0005f1e3
0005f1e4	FUN_0005f1e4	0005f1e4	0005f2db
0005f2e0	register_printf_type	0005f2e0	0005f43b
0005f440	printf_size	0005f440	0005fc0b
0005fc0c	printf_size_info	0005fc0c	0005fc33
0005fc40	fprintf	0005fc40	0005fc7f
0005fc80	printf	0005fc80	0005fccf
0005fcd0	snprintf	0005fcd0	0005fd0b
0005fd10	sprintf	0005fd10	0005fd4f
0005fd50	asprintf	0005fd50	0005fd8f
0005fd90	dprintf	0005fd90	0005fdcf
0005fdd0	FUN_0005fdd0	0005fdd0	0005fee7
0005fee8	vfwprintf	0005fee8	00064e57
00065488	FUN_00065488	00065488	00065757
00065760	_IO_vfscanf	00065760	0006ceaf
0006ceb0	vfscanf	0006ceb0	0006cec7
0006ced0	FUN_0006ced0	0006ced0	0007382b
0007382c	vfwscanf	0007382c	00073843
00073850	fscanf	00073850	0007388f
00073890	scanf	00073890	000738e3
000738f0	sscanf	000738f0	0007392f
00073930	FUN_00073930	00073930	000739cf
000739d0	perror	000739d0	00073b5b
00073b60	psignal	00073b60	00073cc3
00073cd0	tmpfile	00073cd0	00073db7
00073dc0	tmpfile64	00073dc0	00073ea7
00073eb0	tmpnam	00073eb0	00073fb7
00073fc0	tmpnam_r	00073fc0	0007404b
00074050	tempnam	00074050	000740e7
000740f0	FUN_000740f0	000740f0	00074147
00074148	FUN_00074148	00074148	00074367
00074368	FUN_00074368	00074368	000747eb
000747f0	getline	000747f0	0007480b
00074810	getw	00074810	0007485b
00074860	putw	00074860	000748a7
000748b0	remove	000748b0	0007492f
00074930	thunk_FUN_00029390	00074930	0007493b
0007493c	rename	0007493c	0007495f
00074970	renameat	00074970	000749a7
000749b0	flockfile	000749b0	00074a4f
00074a50	ftrylockfile	00074a50	00074acb
00074ad0	funlockfile	00074ad0	00074b23
00074b30	__isoc99_scanf	00074b30	00074cb3
00074d40	__isoc99_vscanf	00074d40	00074eb3
00074f40	__isoc99_fscanf	00074f40	0007509f
00075130	__isoc99_vfscanf	00075130	0007528b
00075310	__isoc99_sscanf	00075310	0007534f
00075350	__isoc99_vsscanf	00075350	0007540f
00075410	psiginfo	00075410	00075a07
00075a10	FUN_00075a10	00075a10	00075aa7
00075aa8	FUN_00075aa8	00075aa8	000761ff
00076200	FUN_00076200	00076200	000762cf
000762d0	FUN_000762d0	000762d0	000762db
000762dc	FUN_000762dc	000762dc	00076a63
00076a70	FUN_00076a70	00076a70	00076bbf
00076bc0	_IO_file_doallocate	00076bc0	00076cf7
00076d00	fclose	00076d00	00076fdb
00077050	fdopen	00077050	000772ef
000772f0	fflush	000772f0	0007742f
000774b0	fgetpos	000774b0	000776ff
00077780	fgets	00077780	0007793f
000779c0	FUN_000779c0	000779c0	00077a1f
00077a20	FUN_00077a20	00077a20	00077b2f
00077b30	fopen	00077b30	00077b47
00077bd4	FUN_00077bd4	00077bd4	00077c27
00077c44	FUN_00077c44	00077c44	00077c67
00077c68	FUN_00077c68	00077c68	00077d1f
00077d20	fopencookie	00077d20	00077e33
00077e40	fputs	00077e40	00077feb
00078060	fread	00078060	000781f7
00078270	fsetpos	00078270	00078417
00078490	ftell	00078490	00078763
000788c0	fwrite	000788c0	00078b47
00078b90	getdelim	00078b90	00078ed7
00078f50	_IO_getline_info	00078f50	0007919b
0007919c	_IO_getline	0007919c	000791d3
000791e0	gets	000791e0	000793d3
00079450	_IO_padn	00079450	0007958b
00079590	_IO_proc_close	00079590	000797df
00079848	_IO_proc_open	00079848	00079ba3
00079ba4	popen	00079ba4	00079c87
00079c90	puts	00079c90	00079ebb
00079f30	FUN_00079f30	00079f30	0007a107
0007a108	_IO_seekoff	0007a108	0007a25b
0007a2d0	FUN_0007a2d0	0007a2d0	0007a387
0007a388	_IO_seekpos	0007a388	0007a4d3
0007a550	setbuffer	0007a550	0007a6df
0007a760	setvbuf	0007a760	0007a9df
0007aa20	ungetc	0007aa20	0007ab5b
0007abd0	vsprintf	0007abd0	0007accf
0007acd0	vsscanf	0007acd0	0007ad83
0007ad90	fgetpos64	0007ad90	0007afd3
0007b050	fopen64	0007b050	0007b067
0007b070	fsetpos64	0007b070	0007b217
0007b290	fputwc	0007b290	0007b40b
0007b480	fputwc_unlocked	0007b480	0007b537
0007b540	fgetwc	0007b540	0007b687
0007b700	getwc_unlocked	0007b700	0007b743
0007b750	getwchar	0007b750	0007b8cf
0007b950	getwchar_unlocked	0007b950	0007b99b
0007b9a0	fgetws	0007b9a0	0007bb67
0007bbe0	fgetws_unlocked	0007bbe0	0007bceb
0007bcf0	fputws	0007bcf0	0007be6f
0007bef0	fputws_unlocked	0007bef0	0007bfb3
0007bfc0	FUN_0007bfc0	0007bfc0	0007c233
0007c234	FUN_0007c234	0007c234	0007c26b
0007c270	FUN_0007c270	0007c270	0007c3a7
0007c3b0	ungetwc	0007c3b0	0007c503
0007c580	putwc	0007c580	0007c6db
0007c750	putwc_unlocked	0007c750	0007c79b
0007c7a0	putwchar	0007c7a0	0007c92b
0007c9a0	putwchar_unlocked	0007c9a0	0007c9ef
0007c9f0	putchar	0007c9f0	0007cb77
0007cbf0	putchar_unlocked	0007cbf0	0007cc37
0007cc40	fwprintf	0007cc40	0007cc7f
0007cc80	swprintf	0007cc80	0007ccbb
0007ccc0	vwprintf	0007ccc0	0007cce3
0007ccf0	wprintf	0007ccf0	0007cd3f
0007cd40	wscanf	0007cd40	0007cd93
0007cda0	fwscanf	0007cda0	0007cddf
0007cde0	vwscanf	0007cde0	0007ce07
0007cea4	vswprintf	0007cea4	0007cf9b
0007cfa0	vswscanf	0007cfa0	0007d063
0007d070	swscanf	0007d070	0007d0af
0007d0b0	FUN_0007d0b0	0007d0b0	0007d33f
0007d340	_IO_least_wmarker	0007d340	0007d373
0007d374	_IO_switch_to_main_wget_area	0007d374	0007d3ab
0007d3ac	_IO_switch_to_wbackup_area	0007d3ac	0007d3e3
0007d3e4	_IO_wsetb	0007d3e4	0007d4a3
0007d4a4	_IO_wdefault_pbackfail	0007d4a4	0007d6a7
0007d6a8	_IO_wdefault_finish	0007d6a8	0007d763
0007d764	_IO_wdefault_uflow	0007d764	0007d7c3
0007d7c4	__woverflow	0007d7c4	0007d82f
0007d830	_IO_wdefault_xsputn	0007d830	0007d9a7
0007d9a8	_IO_wdoallocbuf	0007d9a8	0007da3f
0007da40	_IO_wdefault_doallocate	0007da40	0007dacb
0007dacc	_IO_switch_to_wget_mode	0007dacc	0007db77
0007db78	_IO_free_wbackup_area	0007db78	0007dc0b
0007dc0c	__wuflow	0007dc0c	0007ddab
0007ddac	__wunderflow	0007ddac	0007df3b
0007df3c	_IO_wdefault_xsgetn	0007df3c	0007e073
0007e074	_IO_sputbackwc	0007e074	0007e0ef
0007e0f0	_IO_sungetwc	0007e0f0	0007e167
0007e168	_IO_adjust_wcolumn	0007e168	0007e1c3
0007e1c4	_IO_init_wmarker	0007e1c4	0007e27b
0007e27c	_IO_wmarker_delta	0007e27c	0007e2df
0007e2e0	_IO_seekwmark	0007e2e0	0007e3cb
0007e3cc	_IO_unsave_wmarkers	0007e3cc	0007e407
0007e47c	FUN_0007e47c	0007e47c	0007e4a7
0007e4a8	FUN_0007e4a8	0007e4a8	0007e6df
0007e6e0	FUN_0007e6e0	0007e6e0	0007e717
0007e78c	FUN_0007e78c	0007e78c	0007ea47
0007ea48	FUN_0007ea48	0007ea48	0007eb3f
0007eb40	FUN_0007eb40	0007eb40	0007eb63
0007eb64	FUN_0007eb64	0007eb64	0007eea7
0007eeb0	FUN_0007eeb0	0007eeb0	0007efd7
0007efd8	_IO_wfile_underflow	0007efd8	0007f7a7
0007f7e8	_IO_wfile_seekoff	0007f7e8	00080223
00080224	FUN_00080224	00080224	000803fb
000803fc	FUN_000803fc	000803fc	0008045f
00080460	_IO_wdo_write	00080460	00080697
00080698	_IO_wfile_overflow	00080698	00080997
00080998	_IO_wfile_sync	00080998	00080b4b
00080b4c	_IO_wfile_xsputn	00080b4c	00080d27
00080d74	FUN_00080d74	00080d74	00080e8b
00080e8c	FUN_00080e8c	00080e8c	00080e97
00080e98	FUN_00080e98	00080e98	00080f8b
00080f8c	FUN_00080f8c	00080f8c	000810a3
000810a4	FUN_000810a4	000810a4	00081177
00081178	FUN_00081178	00081178	000813c3
000813d0	fwide	000813d0	0008154b
000816f8	open_wmemstream	000816f8	0008181f
00081820	clearerr	00081820	00081957
00081960	feof	00081960	00081a7f
00081a80	ferror	00081a80	00081b9f
00081ba0	fileno	00081ba0	00081beb
00081bf0	fputc	00081bf0	00081d43
00081dc0	freopen	00081dc0	0008212b
000821a0	fseek	000821a0	000822f3
00082370	getc	00082370	000824af
00082530	getchar	00082530	000826a3
00082848	open_memstream	00082848	00082953
00082960	pclose	00082960	00082977
00082980	putc	00082980	00082ad3
00082b50	rewind	00082b50	00082c83
00082d00	setbuf	00082d00	00082d17
00082d20	setlinebuf	00082d20	00082d3f
00082d40	vasprintf	00082d40	00082ef3
00082f00	vdprintf	00082f00	00083093
000830a0	vscanf	000830a0	000830c7
00083164	vsnprintf	00083164	00083253
00083368	FUN_00083368	00083368	0008342f
00083430	obstack_vprintf	00083430	000835fb
000835fc	obstack_printf	000835fc	0008363b
00083640	fcloseall	00083640	00083657
00083660	fseeko	00083660	000837b3
00083830	ftello	00083830	00083aff
00083b80	freopen64	00083b80	00083ea3
00083f20	fseeko64	00083f20	00084077
000840f0	ftello64	000840f0	000843b7
00084430	__fbufsize	00084430	00084463
00084470	__freading	00084470	0008449f
000844a0	__fwriting	000844a0	000844ab
000844b0	__freadable	000844b0	000844bf
000844c0	__fwritable	000844c0	000844cf
000844d0	__flbf	000844d0	000844db
000844e0	__fpurge	000844e0	0008458b
00084590	__fpending	00084590	000845c3
000845d0	__fsetlocking	000845d0	00084603
00084610	FUN_00084610	00084610	0008494f
00084950	__libc_fatal	00084950	00084997
00084aa8	FUN_00084aa8	00084aa8	00084c1b
00084cf8	fmemopen	00084cf8	00084ebf
00084f30	clearerr_unlocked	00084f30	00084f3f
00084f40	feof_unlocked	00084f40	00084f4b
00084f50	ferror_unlocked	00084f50	00084f5b
00084f60	fputc_unlocked	00084f60	00084fa3
00084fb0	getc_unlocked	00084fb0	00084fe7
00084ff0	getchar_unlocked	00084ff0	0008502f
00085030	fflush_unlocked	00085030	00085087
00085090	putc_unlocked	00085090	000850d3
000850e0	_IO_peekc_locked	000850e0	00085223
000852a0	fread_unlocked	000852a0	00085337
00085340	fwrite_unlocked	00085340	00085427
00085430	fgets_unlocked	00085430	00085533
00085540	fputs_unlocked	00085540	0008560f
00085610	FUN_00085610	00085610	00085667
00085668	_IO_file_sync	00085668	00085777
00085778	_IO_file_close	00085778	0008578f
00085790	_IO_file_setbuf	00085790	000857ef
000857f0	FUN_000857f0	000857f0	00085867
00085868	FUN_00085868	00085868	000859f7
000859f8	_IO_file_seekoff	000859f8	000860f7
000860f8	FUN_000860f8	000860f8	00086153
00086154	FUN_00086154	00086154	000863d7
000863d8	_IO_file_seek	000863d8	000863ef
000863f0	FUN_000863f0	000863f0	0008649f
000864a0	FUN_000864a0	000864a0	000866bf
000866c0	FUN_000866c0	000866c0	00086713
00086714	FUN_00086714	00086714	00086777
00086778	_IO_file_stat	00086778	00086797
00086798	_IO_file_write	00086798	000868a3
000868a4	FUN_000868a4	000868a4	00086a1b
00086a1c	FUN_00086a1c	00086a1c	00086cf3
00086cf4	FUN_00086cf4	00086cf4	00086eab
00086eac	FUN_00086eac	00086eac	00086f57
00086f58	_IO_file_read	00086f58	00086f8b
00086f8c	_IO_file_xsputn	00086f8c	00087233
00087234	_IO_file_init	00087234	0008728f
00087290	_IO_file_close_it	00087290	00087457
00087458	_IO_file_finish	00087458	00087533
00087534	_IO_file_open	00087534	0008767b
0008767c	_IO_file_fopen	0008767c	00087bdb
00087bdc	_IO_file_attach	00087bdc	00087cf3
00087cf4	_IO_do_write	00087cf4	00087d4b
00087d4c	_IO_file_underflow	00087d4c	00088063
000880d8	_IO_file_overflow	000880d8	00088347
00088350	FUN_00088350	00088350	0008842b
0008842c	FUN_0008842c	0008842c	0008874f
00088750	_IO_un_link	00088750	00088783
00088784	_IO_link_in	00088784	00088a43
00088a44	FUN_00088a44	00088a44	00088a6f
00088a70	FUN_00088a70	00088a70	00088c67
00088c68	FUN_00088c68	00088c68	00088c9b
00088c9c	FUN_00088c9c	00088c9c	00088ccf
00088cd0	_IO_switch_to_get_mode	00088cd0	00088d7b
00088d7c	_IO_free_backup_area	00088d7c	00088ddf
00088de0	__overflow	00088de0	00088e5f
00088e60	__underflow	00088e60	00089017
00089018	__uflow	00089018	000891d7
000891d8	_IO_setb	000891d8	0008928f
00089290	_IO_doallocbuf	00089290	00089333
00089334	FUN_00089334	00089334	0008933b
0008933c	_IO_default_uflow	0008933c	0008938b
0008938c	_IO_default_xsputn	0008938c	000894b3
000894b4	_IO_sgetn	000894b4	000894cb
000894cc	_IO_default_xsgetn	000894cc	000895d3
000895d4	FUN_000895d4	000895d4	0008969b
0008969c	FUN_0008969c	0008969c	000896d3
000896d4	_IO_default_doallocate	000896d4	0008975b
0008975c	FUN_0008975c	0008975c	000897c3
000897c4	FUN_000897c4	000897c4	0008987b
0008987c	_IO_init	0008987c	000898b3
000898b4	FUN_000898b4	000898b4	000898bb
000898bc	_IO_default_finish	000898bc	0008998f
00089990	FUN_00089990	00089990	0008999b
0008999c	_IO_sputbackc	0008999c	00089a17
00089a18	_IO_sungetc	00089a18	00089a8f
00089a90	_IO_adjust_column	00089a90	00089ae3
00089ae4	FUN_00089ae4	00089ae4	00089e4f
00089e50	FUN_00089e50	00089e50	0008a0b7
0008a0b8	_IO_flush_all	0008a0b8	0008a0cf
0008a0d0	_flushlbf	0008a0d0	0008a3bb
0008a3bc	_IO_init_marker	0008a3bc	0008a463
0008a464	_IO_remove_marker	0008a464	0008a4af
0008a4b0	_IO_marker_difference	0008a4b0	0008a4bf
0008a4c0	_IO_marker_delta	0008a4c0	0008a513
0008a514	_IO_seekmark	0008a514	0008a5df
0008a5e0	_IO_unsave_markers	0008a5e0	0008a61b
0008a61c	_IO_default_pbackfail	0008a61c	0008a7db
0008a7dc	FUN_0008a7dc	0008a7dc	0008a7e7
0008a7e8	FUN_0008a7e8	0008a7e8	0008a7ef
0008a7f0	FUN_0008a7f0	0008a7f0	0008a7f7
0008a7f8	FUN_0008a7f8	0008a7f8	0008a7ff
0008a800	FUN_0008a800	0008a800	0008a807
0008a808	FUN_0008a808	0008a808	0008a80f
0008a810	_IO_iter_begin	0008a810	0008a827
0008a828	_IO_iter_end	0008a828	0008a82f
0008a830	_IO_iter_next	0008a830	0008a837
0008a838	_IO_iter_file	0008a838	0008a83f
0008a840	_IO_list_lock	0008a840	0008a8df
0008a8e0	_IO_list_unlock	0008a8e0	0008a947
0008a948	_IO_list_resetlock	0008a948	0008a96b
0008a970	_IO_str_underflow	0008a970	0008a9d7
0008a9d8	_IO_str_overflow	0008a9d8	0008abdf
0008abe0	FUN_0008abe0	0008abe0	0008ae9b
0008ae9c	_IO_str_pbackfail	0008ae9c	0008aed3
0008aed4	FUN_0008aed4	0008aed4	0008af3f
0008af40	FUN_0008af40	0008af40	0008b027
0008b028	_IO_str_init_static	0008b028	0008b047
0008b048	_IO_str_init_readonly	0008b048	0008b09b
0008b09c	FUN_0008b09c	0008b09c	0008b0b7
0008b0b8	_IO_str_seekoff	0008b0b8	0008b397
0008b3a0	FUN_0008b3a0	0008b3a0	0008b40f
0008b410	FUN_0008b410	0008b410	0008b4c3
0008b4cc	FUN_0008b4cc	0008b4cc	0008b577
0008b578	FUN_0008b578	0008b578	0008b813
0008b814	FUN_0008b814	0008b814	0008b997
0008b998	FUN_0008b998	0008b998	0008ba4f
0008ba50	FUN_0008ba50	0008ba50	0008bc4b
0008bc4c	FUN_0008bc4c	0008bc4c	0008be53
0008be54	FUN_0008be54	0008be54	0008bf6f
0008c238	FUN_0008c238	0008c238	0008c347
0008c348	FUN_0008c348	0008c348	0008c757
0008c758	FUN_0008c758	0008c758	0008c8cb
0008c8cc	FUN_0008c8cc	0008c8cc	0008caa3
0008caa4	FUN_0008caa4	0008caa4	0008cb97
0008cb98	FUN_0008cb98	0008cb98	0008d8f3
0008d8f4	FUN_0008d8f4	0008d8f4	0008ef1b
0008ef1c	FUN_0008ef1c	0008ef1c	0008f05f
0008f060	FUN_0008f060	0008f060	0008f2db
0008f2e8	FUN_0008f2e8	0008f2e8	0008f4cf
0008f4d0	FUN_0008f4d0	0008f4d0	0008f9a7
0008fa48	FUN_0008fa48	0008fa48	0008fc23
0008ffac	FUN_0008ffac	0008ffac	0009039b
0009039c	FUN_0009039c	0009039c	000904eb
000904ec	FUN_000904ec	000904ec	0009055f
00090560	malloc	00090560	000907bf
00090938	malloc_get_state	00090938	00090b53
00090b54	FUN_00090b54	00090b54	00090eab
00090eac	free	00090eac	00090faf
00090fb0	realloc	00090fb0	00091363
00091364	memalign	00091364	00091393
00091394	calloc	00091394	0009176f
00091770	malloc_usable_size	00091770	000918b3
000918b4	mallopt	000918b4	00091b1f
00091b20	FUN_00091b20	00091b20	00092013
00092014	FUN_00092014	00092014	00092047
00092048	FUN_00092048	00092048	000920ab
000920ac	FUN_000920ac	000920ac	0009211f
00092120	FUN_00092120	00092120	000921b3
000921b4	malloc_set_state	000921b4	0009270f
00092710	valloc	00092710	000927ab
000927ac	pvalloc	000927ac	00092873
00092874	malloc_trim	00092874	00092c1f
00092c20	mallinfo	00092c20	00092ddf
00092de0	malloc_stats	00092de0	000930bf
000930c0	posix_memalign	000930c0	0009315b
0009315c	malloc_info	0009315c	000936ab
000936b0	__default_morecore	000936b0	000936e7
000936f0	FUN_000936f0	000936f0	000937d3
000937d4	FUN_000937d4	000937d4	0009389f
000938a0	mcheck_check_all	000938a0	0009393b
0009393c	FUN_0009393c	0009393c	00093adf
00093c3c	FUN_00093c3c	00093c3c	00093dbb
00093dc8	FUN_00093dc8	00093dc8	000940af
000940b0	mcheck	000940b0	000941e3
000941e4	mcheck_pedantic	000941e4	00094227
00094228	mprobe	00094228	0009425b
00094260	FUN_00094260	00094260	0009430f
00094310	FUN_00094310	00094310	000944c3
00094654	FUN_00094654	00094654	000948eb
00094a48	FUN_00094a48	00094a48	00094c07
00094c08	tr_break	00094c08	00094c0f
00094c10	mtrace	00094c10	00094df7
00094df8	muntrace	00094df8	00094eab
00094eb0	FUN_00094eb0	00094eb0	00094f0f
00094f10	_obstack_begin	00094f10	0009505f
00095060	_obstack_begin_1	00095060	0009518b
0009518c	_obstack_newchunk	0009518c	00095377
00095378	_obstack_allocated_p	00095378	000953c3
000953c4	obstack_free	000953c4	000954b7
000954b8	_obstack_memory_used	000954b8	000954df
000954e0	strcat	000954e0	0009551b
00095520	index	00095520	00095633
00095640	strcmp	00095640	0009586b
00095870	strcoll	00095870	00095893
000958a0	strcpy	000958a0	000958c3
000958d0	strcspn	000958d0	00095953
00095960	strverscmp	00095960	00095a97
00095aa0	strdup	00095aa0	00095b1f
00095b20	strndup	00095b20	00095ba7
00095bb0	strerror	00095bb0	00095cbf
00095cc0	strerror_r	00095cc0	00095eb7
00095ec0	strlen	00095ec0	00095f97
00095fa0	strnlen	00095fa0	0009609f
000960a0	strncat	000960a0	0009617b
00096180	strncmp	00096180	00096293
000962a0	strncpy	000962a0	000963bf
000963c0	rindex	000963c0	00096447
00096450	strpbrk	00096450	0009648f
00096490	FUN_00096490	00096490	000964ff
00096500	FUN_00096500	00096500	0009655b
0009655c	strsignal	0009655c	000967eb
000967f0	strspn	000967f0	00096857
00096860	FUN_00096860	00096860	000969b7
000969b8	FUN_000969b8	000969b8	00096de7
00096de8	strstr	00096de8	000972c3
000972d0	strtok	000972d0	000973ab
000973b0	strtok_r	000973b0	00097487
00097490	strxfrm	00097490	000974b3
000974c0	memchr	000974c0	000975bf
000975c0	bcmp	000975c0	00097a77
00097a80	memmove	00097a80	00097c27
00097c30	memset	00097c30	00097d6b
00097d70	mempcpy	00097d70	00097dab
00097db0	bcopy	00097db0	00097f3b
00097f40	bzero	00097f40	00097ff3
00098000	ffs	00098000	0009807b
00098080	ffsll	00098080	000980bf
000980c0	stpcpy	000980c0	000980ef
000980f0	stpncpy	000980f0	000981df
000981e0	strcasecmp	000981e0	00098253
00098260	strncasecmp	00098260	000982e3
000982f0	strcasecmp_l	000982f0	00098347
00098350	strncasecmp_l	00098350	000983b7
000983c0	memccpy	000983c0	000983f3
00098400	memcpy	00098400	0009871b
00098760	FUN_00098760	00098760	000988c7
000988c8	FUN_000988c8	000988c8	000989db
000989dc	FUN_000989dc	000989dc	00098b43
00098b44	FUN_00098b44	00098b44	00098c67
00098c70	strsep	00098c70	00098d33
00098d40	FUN_00098d40	00098d40	00098ee3
00098ee4	FUN_00098ee4	00098ee4	00099427
00099428	strcasestr	00099428	00099a1f
00099a20	swab	00099a20	00099a5f
00099a60	strfry	00099a60	00099ba7
00099bb0	memfrob	00099bb0	00099bdb
00099be0	FUN_00099be0	00099be0	00099d37
00099d38	FUN_00099d38	00099d38	0009a0d7
0009a0d8	memmem	0009a0d8	0009a46b
0009a470	rawmemchr	0009a470	0009a53f
0009a540	strchrnul	0009a540	0009a64f
0009a650	argz_append	0009a650	0009a723
0009a724	argz_add	0009a724	0009a77f
0009a780	argz_count	0009a780	0009a807
0009a810	argz_create	0009a810	0009a91b
0009a920	argz_create_sep	0009a920	0009aa73
0009aa80	argz_next	0009aa80	0009aaf7
0009ab00	argz_delete	0009ab00	0009abc3
0009abd0	argz_extract	0009abd0	0009ac53
0009ac60	argz_insert	0009ac60	0009ade3
0009adf0	argz_stringify	0009adf0	0009ae77
0009ae80	argz_add_sep	0009ae80	0009afcf
0009afd0	FUN_0009afd0	0009afd0	0009b0af
0009b0b0	argz_replace	0009b0b0	0009b3e7
0009b3f0	envz_entry	0009b3f0	0009b4bb
0009b4bc	envz_get	0009b4bc	0009b527
0009b528	envz_remove	0009b528	0009b58b
0009b58c	envz_add	0009b58c	0009b73f
0009b740	envz_merge	0009b740	0009b8a3
0009b8a4	envz_strip	0009b8a4	0009b983
0009b990	basename	0009b990	0009b9d7
0009b9e0	FUN_0009b9e0	0009b9e0	0009bb9b
0009bb9c	FUN_0009bb9c	0009bb9c	0009c25f
0009c260	FUN_0009c260	0009c260	0009c6ff
0009c700	strcoll_l	0009c700	0009ce07
0009ce10	FUN_0009ce10	0009ce10	0009cebf
0009cec0	strxfrm_l	0009cec0	0009da97
0009daa0	__mempcpy_small	0009daa0	0009dbc3
0009dbc4	__strcpy_small	0009dbc4	0009dceb
0009dcec	__stpcpy_small	0009dcec	0009de33
0009de34	__strcspn_c1	0009de34	0009de7f
0009de80	__strcspn_c2	0009de80	0009dedb
0009dedc	__strcspn_c3	0009dedc	0009df47
0009df48	__strspn_c1	0009df48	0009df77
0009df78	__strspn_c2	0009df78	0009df9f
0009dfa0	__strspn_c3	0009dfa0	0009dfcf
0009dfd0	__strpbrk_c2	0009dfd0	0009e027
0009e028	__strpbrk_c3	0009e028	0009e08f
0009e090	__strtok_r_1c	0009e090	0009e107
0009e108	__strsep_1c	0009e108	0009e16f
0009e170	__strsep_2c	0009e170	0009e1d7
0009e1d8	__strsep_3c	0009e1d8	0009e247
0009e250	memrchr	0009e250	0009e387
0009e390	__xpg_strerror_r	0009e390	0009e517
0009e520	strerror_l	0009e520	0009e6a3
0009e6b0	wcscat	0009e6b0	0009e6eb
0009e6f0	wcschr	0009e6f0	0009e713
0009e720	wcscmp	0009e720	0009e75b
0009e760	wcscpy	0009e760	0009e793
0009e7a0	wcscspn	0009e7a0	0009e82b
0009e830	wcsdup	0009e830	0009e8b3
0009e8c0	wcslen	0009e8c0	0009e957
0009e960	wcsncat	0009e960	0009ea43
0009ea50	wcsncmp	0009ea50	0009eb4f
0009eb50	wcsncpy	0009eb50	0009ec77
0009ec80	wcspbrk	0009ec80	0009ed03
0009ed10	wcsrchr	0009ed10	0009ed2f
0009ed30	wcsspn	0009ed30	0009ed97
0009eda0	wcstok	0009eda0	0009ee6b
0009ee70	wcswcs	0009ee70	0009efa7
0009efb0	wmemchr	0009efb0	0009f06b
0009f070	wmemcmp	0009f070	0009f16f
0009f170	wmemcpy	0009f170	0009f187
0009f190	wmemmove	0009f190	0009f1a7
0009f1b0	wmemset	0009f1b0	0009f22b
0009f230	wcpcpy	0009f230	0009f25f
0009f260	wcpncpy	0009f260	0009f35b
0009f360	wmempcpy	0009f360	0009f377
0009f380	btowc	0009f380	0009f51b
0009f520	wctob	0009f520	0009f68b
0009f690	mbsinit	0009f690	0009f6ab
0009f6b0	mbrlen	0009f6b0	0009f6f7
0009f700	mbrtowc	0009f700	0009f993
0009f9a0	c32rtomb	0009f9a0	0009fbfb
0009fc00	mbsrtowcs	0009fc00	0009fc4f
0009fc50	wcsrtombs	0009fc50	0009ffe3
0009fff0	mbsnrtowcs	0009fff0	000a039f
000a03a0	wcsnrtombs	000a03a0	000a074f
000a0750	wcsnlen	000a0750	000a0817
000a0820	wcschrnul	000a0820	000a0863
000a0870	__wcstol_internal	000a0870	000a08af
000a08b0	wcstol	000a08b0	000a08f3
000a0900	__wcstoul_internal	000a0900	000a093f
000a0940	wcstoul	000a0940	000a0983
000a0990	__wcstoll_internal	000a0990	000a09cf
000a09d0	wcstoq	000a09d0	000a0a13
000a0a20	__wcstoull_internal	000a0a20	000a0a5f
000a0a60	wcstoull	000a0a60	000a0aa3
000a0ab0	__wcstod_internal	000a0ab0	000a0ad3
000a0ad4	wcstod	000a0ad4	000a0afb
000a0b00	__wcstold_internal	000a0b00	000a0b23
000a0b24	wcstold	000a0b24	000a0b4b
000a0b50	__wcstof_internal	000a0b50	000a0b73
000a0b74	wcstof	000a0b74	000a0b9b
000a0ba0	FUN_000a0ba0	000a0ba0	000a1173
000a1174	wcstol_l	000a1174	000a11a7
000a11b0	FUN_000a11b0	000a11b0	000a16e3
000a16e4	wcstoul_l	000a16e4	000a1717
000a1720	FUN_000a1720	000a1720	000a1e8f
000a1e90	wcstoll_l	000a1e90	000a1ec3
000a1ed0	FUN_000a1ed0	000a1ed0	000a2587
000a2588	wcstoull_l	000a2588	000a25bb
000a25c0	FUN_000a25c0	000a25c0	000a297b
000a297c	FUN_000a297c	000a297c	000a2a17
000a2a18	FUN_000a2a18	000a2a18	000a2fdb
000a2fdc	FUN_000a2fdc	000a2fdc	000a574f
000a5750	wcstod_l	000a5750	000a576b
000a5770	FUN_000a5770	000a5770	000a5787
000a5788	wcstold_l	000a5788	000a57a3
000a57b0	FUN_000a57b0	000a57b0	000a5b6b
000a5b6c	FUN_000a5b6c	000a5b6c	000a5c07
000a5c08	FUN_000a5c08	000a5c08	000a60db
000a60dc	FUN_000a60dc	000a60dc	000a86ef
000a86f0	wcstof_l	000a86f0	000a870b
000a8710	wcscoll	000a8710	000a8733
000a8740	wcsxfrm	000a8740	000a8763
000a8770	wcwidth	000a8770	000a8817
000a8820	wcswidth	000a8820	000a892f
000a8930	FUN_000a8930	000a8930	000a8af7
000a8af8	FUN_000a8af8	000a8af8	000a90f3
000a90f4	FUN_000a90f4	000a90f4	000a9527
000a9528	wcscoll_l	000a9528	000a9c9b
000a9ca0	wcsxfrm_l	000a9ca0	000aa6b7
000aa6c0	wcscasecmp	000aa6c0	000aa75b
000aa760	wcsncasecmp	000aa760	000aa83b
000aa840	wcscasecmp_l	000aa840	000aa8ef
000aa8f0	wcsncasecmp_l	000aa8f0	000aa9e3
000aa9f0	FUN_000aa9f0	000aa9f0	000aa9fb
000aa9fc	FUN_000aa9fc	000aa9fc	000aaa6b
000aaa6c	FUN_000aaa6c	000aaa6c	000aaaff
000aab00	FUN_000aab00	000aab00	000aad7f
000aad80	FUN_000aad80	000aad80	000aae47
000aae48	FUN_000aae48	000aae48	000aaf17
000aaf20	FUN_000aaf20	000aaf20	000ab343
000ab350	__isoc99_wscanf	000ab350	000ab4d3
000ab560	__isoc99_vwscanf	000ab560	000ab6d3
000ab760	__isoc99_fwscanf	000ab760	000ab8bb
000ab940	__isoc99_vfwscanf	000ab940	000aba9b
000abb20	__isoc99_swscanf	000abb20	000abb5f
000abb60	__isoc99_vswscanf	000abb60	000abc2f
000abc30	mbrtoc16	000abc30	000abf47
000abf50	c16rtomb	000abf50	000abf77
000abf80	FUN_000abf80	000abf80	000ac38b
000ac390	FUN_000ac390	000ac390	000ac4f7
000ac4f8	asctime_r	000ac4f8	000ac513
000ac514	asctime	000ac514	000ac537
000ac540	clock	000ac540	000ac5bb
000ac5c0	ctime	000ac5c0	000ac5fb
000ac600	ctime_r	000ac600	000ac64f
000ac650	difftime	000ac650	000ac667
000ac670	gmtime_r	000ac670	000ac68b
000ac68c	gmtime	000ac68c	000ac6a7
000ac6b0	localtime_r	000ac6b0	000ac6cb
000ac6cc	localtime	000ac6cc	000ac6e7
000ac6f0	FUN_000ac6f0	000ac6f0	000ac89f
000ac8a0	FUN_000ac8a0	000ac8a0	000aca2f
000aca30	FUN_000aca30	000aca30	000ad0e7
000ad0e8	mktime	000ad0e8	000ad133
000ad140	time	000ad140	000ad163
000ad170	thunk_FUN_00029390	000ad170	000ad17b
000ad17c	gettimeofday	000ad17c	000ad19f
000ad1b0	thunk_FUN_00029390	000ad1b0	000ad1bb
000ad1bc	settimeofday	000ad1bc	000ad1df
000ad1f0	adjtime	000ad1f0	000ad36f
000ad370	FUN_000ad370	000ad370	000ad3b7
000ad3b8	FUN_000ad3b8	000ad3b8	000ad793
000ad794	FUN_000ad794	000ad794	000ad857
000ad858	FUN_000ad858	000ad858	000ad9af
000ad9b0	FUN_000ad9b0	000ad9b0	000ae1c3
000ae1c4	FUN_000ae1c4	000ae1c4	000ae4f7
000ae4f8	FUN_000ae4f8	000ae4f8	000ae5d7
000ae5d8	FUN_000ae5d8	000ae5d8	000ae6e3
000ae6e4	tzset	000ae6e4	000ae7db
000ae7dc	FUN_000ae7dc	000ae7dc	000ae9db
000ae9e0	FUN_000ae9e0	000ae9e0	000afa97
000afa98	FUN_000afa98	000afa98	000afd3f
000afd40	FUN_000afd40	000afd40	000b04ff
000b0500	thunk_FUN_00029390	000b0500	000b050b
000b050c	getitimer	000b050c	000b052f
000b0540	thunk_FUN_00029390	000b0540	000b054b
000b054c	setitimer	000b054c	000b056f
000b0580	thunk_FUN_00029390	000b0580	000b058b
000b058c	stime	000b058c	000b05af
000b05c0	dysize	000b05c0	000b0623
000b0630	timegm	000b0630	000b0653
000b0660	ftime	000b0660	000b070b
000b0710	getdate_r	000b0710	000b0ebb
000b0ebc	getdate	000b0ebc	000b0f27
000b0f30	strptime	000b0f30	000b0f73
000b0f80	FUN_000b0f80	000b0f80	000b109b
000b109c	FUN_000b109c	000b109c	000b4303
000b4304	strptime_l	000b4304	000b4337
000b4340	strftime	000b4340	000b437f
000b4380	wcsftime	000b4380	000b43bf
000b43c0	FUN_000b43c0	000b43c0	000b63f3
000b63f4	strftime_l	000b63f4	000b6437
000b6440	FUN_000b6440	000b6440	000b8b1b
000b8b1c	wcsftime_l	000b8b1c	000b8b5f
000b8b60	timespec_get	000b8b60	000b8b8b
000b8b90	FUN_000b8b90	000b8b90	000b8ec7
000b8ec8	FUN_000b8ec8	000b8ec8	000b8ed3
000b8ed4	FUN_000b8ed4	000b8ed4	000b90cf
000b90d0	FUN_000b90d0	000b90d0	000b916b
000b9170	FUN_000b9170	000b9170	000b917b
000b917c	FUN_000b917c	000b917c	000b924b
000b924c	FUN_000b924c	000b924c	000b9257
000b9258	FUN_000b9258	000b9258	000b937b
000b937c	FUN_000b937c	000b937c	000b9387
000b9388	FUN_000b9388	000b9388	000b955b
000b9568	FUN_000b9568	000b9568	000b9743
000b975c	FUN_000b975c	000b975c	000b97d3
000b97e0	ntp_gettime	000b97e0	000b983f
000b9840	ntp_gettimex	000b9840	000b98b7
000b98c0	FUN_000b98c0	000b98c0	000b99ef
000b99f0	FUN_000b99f0	000b99f0	000b9a6f
000b9a70	opendir	000b9a70	000b9a8b
000b9a90	closedir	000b9a90	000b9aff
000b9b00	readdir	000b9b00	000b9cf3
000b9d00	readdir_r	000b9d00	000b9f7f
000b9f80	rewinddir	000b9f80	000ba06b
000ba070	seekdir	000ba070	000ba167
000ba170	telldir	000ba170	000ba177
000ba180	scandir	000ba180	000ba1bf
000ba1c0	alphasort	000ba1c0	000ba1e3
000ba1f0	versionsort	000ba1f0	000ba213
000ba220	FUN_000ba220	000ba220	000ba30f
000ba310	FUN_000ba310	000ba310	000ba34b
000ba350	dirfd	000ba350	000ba357
000ba360	readdir64	000ba360	000ba55f
000ba560	readdir64_r	000ba560	000ba7eb
000ba7f0	scandir64	000ba7f0	000ba82f
000ba830	alphasort64	000ba830	000ba853
000ba860	versionsort64	000ba860	000ba883
000ba890	fdopendir	000ba890	000ba987
000baa28	scandirat	000baa28	000bac47
000bac50	scandirat64	000bac50	000bae6f
000bae70	getdirentries	000bae70	000baeff
000baf00	getdirentries64	000baf00	000baf97
000bafa0	fgetgrent	000bafa0	000bb23f
000bb240	FUN_000bb240	000bb240	000bb637
000bb638	FUN_000bb638	000bb638	000bb9fb
000bb9fc	getgrouplist	000bb9fc	000bbb1f
000bbb20	initgroups	000bbb20	000bbc7b
000bbc80	setgroups	000bbc80	000bbd03
000bbd10	getgrent	000bbd10	000bbe57
000bbe60	getgrgid	000bbe60	000bc083
000bc090	getgrnam	000bc090	000bc2b3
000bc2c0	putgrent	000bc2c0	000bc60f
000bc610	setgrent	000bc610	000bc74b
000bc74c	endgrent	000bc74c	000bc86b
000bc86c	getgrent_r	000bc86c	000bc9eb
000bc9f0	getgrgid_r	000bc9f0	000bccf7
000bcd00	getgrnam_r	000bcd00	000bd007
000bd010	_nss_files_parse_grent	000bd010	000bd3b3
000bd3b4	fgetgrent_r	000bd3b4	000bd71f
000bd720	fgetpwent	000bd720	000bd9bf
000bd9c0	getpw	000bd9c0	000bdac7
000bdad0	putpwent	000bdad0	000bdc5b
000bdc60	getpwent	000bdc60	000bdda7
000bddb0	getpwnam	000bddb0	000bdfd3
000bdfe0	getpwuid	000bdfe0	000be203
000be210	setpwent	000be210	000be34b
000be34c	endpwent	000be34c	000be46b
000be46c	getpwent_r	000be46c	000be5eb
000be5f0	getpwnam_r	000be5f0	000be8f7
000be900	getpwuid_r	000be900	000bec07
000bec10	_nss_files_parse_pwent	000bec10	000bef3b
000bef3c	fgetpwent_r	000bef3c	000bf2b3
000bf2c0	thunk_FUN_00029390	000bf2c0	000bf2cb
000bf2cc	uname	000bf2cc	000bf2ef
000bf300	times	000bf300	000bf353
000bf360	wait	000bf360	000bf437
000bf440	waitpid	000bf440	000bf51f
000bf520	wait3	000bf520	000bf543
000bf550	thunk_FUN_00029390	000bf550	000bf55b
000bf55c	wait4	000bf55c	000bf57f
000bf590	FUN_000bf590	000bf590	000bf5f7
000bf5f8	waitid	000bf5f8	000bf6bf
000bf6c0	thunk_FUN_00029390	000bf6c0	000bf6cb
000bf6cc	alarm	000bf6cc	000bf6ef
000bf700	sleep	000bf700	000bfa7f
000bfa80	thunk_FUN_00029390	000bfa80	000bfa8b
000bfab4	pause	000bfab4	000bfb4b
000bfb50	thunk_FUN_00029390	000bfb50	000bfb5b
000bfb84	nanosleep	000bfb84	000bfc2b
000bfc30	fork	000bfc30	000bffef
000bfff0	vfork	000bfff0	000c007b
000c0080	_exit	000c0080	000c00d3
000c00e0	execve	000c00e0	000c0117
000c0120	fexecve	000c0120	000c023b
000c0240	execv	000c0240	000c025b
000c0260	execle	000c0260	000c041f
000c0420	execl	000c0420	000c05eb
000c05f0	execvp	000c05f0	000c060b
000c0610	execlp	000c0610	000c07cb
000c07d0	execvpe	000c07d0	000c0d5f
000c0d60	getpid	000c0d60	000c0db7
000c0dc0	getppid	000c0dc0	000c0dcf
000c0de0	getuid	000c0de0	000c0def
000c0e00	geteuid	000c0e00	000c0e0f
000c0e20	getgid	000c0e20	000c0e2f
000c0e40	getegid	000c0e40	000c0e4f
000c0e60	thunk_FUN_00029390	000c0e60	000c0e6b
000c0e6c	getgroups	000c0e6c	000c0e8f
000c0ea0	setuid	000c0ea0	000c0f1f
000c0f20	setgid	000c0f20	000c0f9f
000c0fa0	group_member	000c0fa0	000c1073
000c1080	thunk_FUN_00029390	000c1080	000c108b
000c108c	getpgid	000c108c	000c10af
000c10c0	thunk_FUN_00029390	000c10c0	000c10cb
000c10cc	setpgid	000c10cc	000c10ef
000c1100	getpgrp	000c1100	000c110f
000c1120	__bsd_getpgrp	000c1120	000c1137
000c1140	setpgrp	000c1140	000c115b
000c1160	thunk_FUN_00029390	000c1160	000c116b
000c116c	getsid	000c116c	000c118f
000c11a0	thunk_FUN_00029390	000c11a0	000c11ab
000c11ac	setsid	000c11ac	000c11cf
000c11e0	thunk_FUN_00029390	000c11e0	000c11eb
000c11ec	getresuid	000c11ec	000c120f
000c1220	thunk_FUN_00029390	000c1220	000c122b
000c122c	getresgid	000c122c	000c124f
000c1260	setresuid	000c1260	000c12e7
000c12f0	setresgid	000c12f0	000c1377
000c1380	FUN_000c1380	000c1380	000c168f
000c1690	FUN_000c1690	000c1690	000c1803
000c1804	FUN_000c1804	000c1804	000c19bf
000c19c0	FUN_000c19c0	000c19c0	000c1ac7
000c1ac8	FUN_000c1ac8	000c1ac8	000c1b0b
000c1b0c	pathconf	000c1b0c	000c1d93
000c1da0	sysconf	000c1da0	000c255b
000c2560	fpathconf	000c2560	000c27f7
000c2800	FUN_000c2800	000c2800	000c289b
000c289c	FUN_000c289c	000c289c	000c2a3b
000c2a3c	FUN_000c2a3c	000c2a3c	000c2a8b
000c2a8c	FUN_000c2a8c	000c2a8c	000c2b67
000c2b68	globfree	000c2b68	000c2bff
000c2c00	FUN_000c2c00	000c2c00	000c2ca7
000c2ca8	FUN_000c2ca8	000c2ca8	000c3513
000c3514	glob	000c3514	000c50d7
000c50d8	glob_pattern_p	000c50d8	000c510f
000c5110	FUN_000c5110	000c5110	000c51ab
000c51ac	FUN_000c51ac	000c51ac	000c534b
000c534c	FUN_000c534c	000c534c	000c539b
000c539c	FUN_000c539c	000c539c	000c5477
000c5478	FUN_000c5478	000c5478	000c5c83
000c5c84	globfree64	000c5c84	000c5d1b
000c5d1c	glob64	000c5d1c	000c78df
000c78e0	FUN_000c78e0	000c78e0	000c7a7f
000c7a80	FUN_000c7a80	000c7a80	000c7a8b
000c7a8c	FUN_000c7a8c	000c7a8c	000c7c23
000c7c24	FUN_000c7c24	000c7c24	000c83fb
000c83fc	FUN_000c83fc	000c83fc	000c9a9b
000c9a9c	FUN_000c9a9c	000c9a9c	000ca263
000ca264	FUN_000ca264	000ca264	000cb75f
000cb760	fnmatch	000cb760	000cbb27
000cbb30	FUN_000cbb30	000cbb30	000cbcbf
000cbcf8	FUN_000cbcf8	000cbcf8	000cbff3
000cbff4	FUN_000cbff4	000cbff4	000cc07b
000cc07c	FUN_000cc07c	000cc07c	000cc123
000cc124	FUN_000cc124	000cc124	000cc1d7
000cc1d8	FUN_000cc1d8	000cc1d8	000cc2bf
000cc2c0	FUN_000cc2c0	000cc2c0	000cc35b
000cc35c	FUN_000cc35c	000cc35c	000cc5a7
000cc5a8	FUN_000cc5a8	000cc5a8	000cc66b
000cc66c	FUN_000cc66c	000cc66c	000cc7ef
000cc7f0	FUN_000cc7f0	000cc7f0	000ccb83
000ccb84	FUN_000ccb84	000ccb84	000ccd13
000ccd14	FUN_000ccd14	000ccd14	000ccfd3
000ccfd4	FUN_000ccfd4	000ccfd4	000cd71f
000cd720	FUN_000cd720	000cd720	000cd7eb
000cd7ec	FUN_000cd7ec	000cd7ec	000cd9a7
000cd9a8	FUN_000cd9a8	000cd9a8	000cdab7
000cdab8	FUN_000cdab8	000cdab8	000cdb4f
000cdb50	FUN_000cdb50	000cdb50	000cdba3
000cdbdc	FUN_000cdbdc	000cdbdc	000cdc8f
000cdc90	FUN_000cdc90	000cdc90	000cdcff
000cdd00	FUN_000cdd00	000cdd00	000cdf37
000cdf38	FUN_000cdf38	000cdf38	000ce04f
000ce050	FUN_000ce050	000ce050	000ce103
000ce104	FUN_000ce104	000ce104	000ce1af
000ce1b0	FUN_000ce1b0	000ce1b0	000ce36f
000ce370	FUN_000ce370	000ce370	000ce3af
000ce4f4	FUN_000ce4f4	000ce4f4	000ce7c3
000ce7c4	FUN_000ce7c4	000ce7c4	000ce85b
000ce85c	FUN_000ce85c	000ce85c	000ceae7
000cebbc	FUN_000cebbc	000cebbc	000cecb3
000cecb4	FUN_000cecb4	000cecb4	000cedbb
000cedbc	FUN_000cedbc	000cedbc	000cf087
000cf154	FUN_000cf154	000cf154	000cf2e7
000cf2e8	FUN_000cf2e8	000cf2e8	000cf567
000cf568	FUN_000cf568	000cf568	000cf8b3
000cf8b4	FUN_000cf8b4	000cf8b4	000cfacb
000cfacc	FUN_000cfacc	000cfacc	000cfbaf
000cfbb0	FUN_000cfbb0	000cfbb0	000cfdaf
000cfdb0	FUN_000cfdb0	000cfdb0	000d025f
000d0260	FUN_000d0260	000d0260	000d055b
000d055c	FUN_000d055c	000d055c	000d068f
000d0690	FUN_000d0690	000d0690	000d0adf
000d0ae0	FUN_000d0ae0	000d0ae0	000d180b
000d180c	FUN_000d180c	000d180c	000d1ab7
000d1ab8	FUN_000d1ab8	000d1ab8	000d1dd3
000d1dd4	FUN_000d1dd4	000d1dd4	000d1f1f
000d1f20	FUN_000d1f20	000d1f20	000d20c3
000d20c4	FUN_000d20c4	000d20c4	000d29d3
000d29d4	FUN_000d29d4	000d29d4	000d2afb
000d2afc	FUN_000d2afc	000d2afc	000d2bf3
000d2bf4	FUN_000d2bf4	000d2bf4	000d36af
000d36b0	FUN_000d36b0	000d36b0	000d39df
000d39e0	FUN_000d39e0	000d39e0	000d4007
000d4008	FUN_000d4008	000d4008	000d4b4b
000d4b4c	FUN_000d4b4c	000d4b4c	000d52df
000d52e0	FUN_000d52e0	000d52e0	000d5b9b
000d5b9c	FUN_000d5b9c	000d5b9c	000d5d97
000d5d98	FUN_000d5d98	000d5d98	000d67bb
000d67bc	FUN_000d67bc	000d67bc	000d69fb
000d69fc	FUN_000d69fc	000d69fc	000d6db3
000d6db4	FUN_000d6db4	000d6db4	000d84f3
000d84f4	FUN_000d84f4	000d84f4	000d8e5b
000d8e5c	FUN_000d8e5c	000d8e5c	000d9593
000d9594	FUN_000d9594	000d9594	000d96c7
000d96c8	FUN_000d96c8	000d96c8	000db697
000db6a8	FUN_000db6a8	000db6a8	000db917
000db918	FUN_000db918	000db918	000dbb1b
000dbb1c	FUN_000dbb1c	000dbb1c	000dcd03
000dcd04	re_compile_pattern	000dcd04	000dcd9b
000dcd9c	re_set_syntax	000dcd9c	000dcdb7
000dcdb8	re_compile_fastmap	000dcdb8	000dcebf
000dcec0	FUN_000dcec0	000dcec0	000dd3a7
000dd3a8	FUN_000dd3a8	000dd3a8	000dd513
000dd514	regcomp	000dd514	000dd67f
000dd680	regerror	000dd680	000dd763
000dd764	regfree	000dd764	000dd7db
000dd7dc	re_comp	000dd7dc	000dd95b
000dd95c	regexec	000dd95c	000ddb1b
000ddb1c	re_match	000ddb1c	000ddb63
000ddb64	re_search	000ddb64	000ddbab
000ddbac	re_match_2	000ddbac	000ddc07
000ddc08	re_search_2	000ddc08	000ddc63
000ddc64	re_set_registers	000ddc64	000ddca3
000ddca4	re_exec	000ddca4	000ddceb
000ddcf0	confstr	000ddcf0	000de03f
000de040	FUN_000de040	000de040	000de12b
000de12c	FUN_000de12c	000de12c	000df473
000df474	FUN_000df474	000df474	000df517
000df518	getopt	000df518	000df553
000df554	__posix_getopt	000df554	000df593
000df5a0	getopt_long	000df5a0	000df5db
000df5dc	FUN_000df5dc	000df5dc	000df61f
000df620	getopt_long_only	000df620	000df65f
000df660	FUN_000df660	000df660	000df6a7
000df6b0	thunk_FUN_00029390	000df6b0	000df6bb
000df6bc	sched_setparam	000df6bc	000df6df
000df6f0	thunk_FUN_00029390	000df6f0	000df6fb
000df6fc	sched_getparam	000df6fc	000df71f
000df730	thunk_FUN_00029390	000df730	000df73b
000df73c	sched_setscheduler	000df73c	000df75f
000df770	thunk_FUN_00029390	000df770	000df77b
000df77c	sched_getscheduler	000df77c	000df79f
000df7b0	thunk_FUN_00029390	000df7b0	000df7bb
000df7bc	sched_yield	000df7bc	000df7df
000df7f0	thunk_FUN_00029390	000df7f0	000df7fb
000df7fc	sched_get_priority_max	000df7fc	000df81f
000df830	thunk_FUN_00029390	000df830	000df83b
000df83c	sched_get_priority_min	000df83c	000df85f
000df870	thunk_FUN_00029390	000df870	000df87b
000df87c	sched_rr_get_interval	000df87c	000df89f
000df8b0	sched_getaffinity	000df8b0	000df95b
000df960	sched_setaffinity	000df960	000dfb3f
000dfb40	FUN_000dfb40	000dfb40	000dfb6b
000dfb6c	FUN_000dfb6c	000dfb6c	000dfb93
000dfb94	FUN_000dfb94	000dfb94	000dfbb3
000dfbb4	FUN_000dfbb4	000dfbb4	000dfd57
000dfd58	FUN_000dfd58	000dfd58	000e0acb
000e0acc	FUN_000e0acc	000e0acc	000e0c1b
000e0c1c	FUN_000e0c1c	000e0c1c	000e3047
000e3048	FUN_000e3048	000e3048	000e3147
000e3148	FUN_000e3148	000e3148	000e3893
000e3894	freeaddrinfo	000e3894	000e3903
000e3904	getaddrinfo	000e3904	000e4427
000e4430	gai_strerror	000e4430	000e44af
000e44b0	FUN_000e44b0	000e44b0	000e45cb
000e45cc	FUN_000e45cc	000e45cc	000e46b3
000e46b4	FUN_000e46b4	000e46b4	000e476f
000e4770	FUN_000e4770	000e4770	000e4923
000e4924	FUN_000e4924	000e4924	000e4a5b
000e4a5c	FUN_000e4a5c	000e4a5c	000e51df
000e51e0	FUN_000e51e0	000e51e0	000e53e7
000e53e8	FUN_000e53e8	000e53e8	000e555b
000e555c	FUN_000e555c	000e555c	000e56c3
000e56c4	FUN_000e56c4	000e56c4	000e5837
000e5838	FUN_000e5838	000e5838	000e58cb
000e58cc	FUN_000e58cc	000e58cc	000e5cdf
000e5ce0	FUN_000e5ce0	000e5ce0	000e612b
000e612c	FUN_000e612c	000e612c	000e7c03
000e7c04	wordfree	000e7c04	000e7c97
000e7c98	wordexp	000e7c98	000e8993
000e89a0	pread	000e89a0	000e8af7
000e8b00	pwrite	000e8b00	000e8c57
000e8c60	pread64	000e8c60	000e8dbb
000e8dc0	pwrite64	000e8dc0	000e8f1b
000e8f20	FUN_000e8f20	000e8f20	000e8f9b
000e8f9c	posix_spawn_file_actions_init	000e8f9c	000e8fd3
000e8fe0	posix_spawn_file_actions_destroy	000e8fe0	000e9093
000e90a0	posix_spawn_file_actions_addclose	000e90a0	000e916b
000e9170	posix_spawn_file_actions_addopen	000e9170	000e927f
000e9280	posix_spawn_file_actions_adddup2	000e9280	000e935b
000e9360	posix_spawnattr_init	000e9360	000e9397
000e93a0	posix_spawnattr_destroy	000e93a0	000e93a7
000e93b0	posix_spawnattr_getsigdefault	000e93b0	000e940b
000e9410	posix_spawnattr_setsigdefault	000e9410	000e946b
000e9470	posix_spawnattr_getflags	000e9470	000e947f
000e9480	posix_spawnattr_setflags	000e9480	000e949f
000e94a0	posix_spawnattr_getpgroup	000e94a0	000e94af
000e94b0	posix_spawnattr_setpgroup	000e94b0	000e94bb
000e94c0	posix_spawn	000e94c0	000e94ff
000e9500	posix_spawnp	000e9500	000e9543
000e9550	FUN_000e9550	000e9550	000e960b
000e960c	FUN_000e960c	000e960c	000e9d07
000e9d10	posix_spawnattr_getsigmask	000e9d10	000e9d6b
000e9d70	posix_spawnattr_getschedpolicy	000e9d70	000e9d7f
000e9d80	posix_spawnattr_getschedparam	000e9d80	000e9d9b
000e9da0	posix_spawnattr_setsigmask	000e9da0	000e9dfb
000e9e00	posix_spawnattr_setschedpolicy	000e9e00	000e9e1f
000e9e20	posix_spawnattr_setschedparam	000e9e20	000e9e2f
000e9e30	posix_madvise	000e9e30	000e9e53
000e9e60	FUN_000e9e60	000e9e60	000e9ebb
000e9ec0	__sched_cpucount	000e9ec0	000e9f6b
000e9f70	__sched_cpualloc	000e9f70	000e9f8f
000e9f90	__sched_cpufree	000e9f90	000e9fa7
000e9fb0	sched_getcpu	000e9fb0	000ea00f
000ea010	FUN_000ea010	000ea010	000ea01b
000ea01c	utime	000ea01c	000ea03f
000ea050	mkfifo	000ea050	000ea09b
000ea0a0	mkfifoat	000ea0a0	000ea0f3
000ea100	__xstat	000ea100	000ea1af
000ea1b0	__fxstat	000ea1b0	000ea25f
000ea260	__lxstat	000ea260	000ea30f
000ea310	__xstat64	000ea310	000ea34f
000ea350	__fxstat64	000ea350	000ea38f
000ea390	__lxstat64	000ea390	000ea3cf
000ea3d0	__xmknod	000ea3d0	000ea443
000ea450	__xmknodat	000ea450	000ea4cb
000ea4d0	__fxstatat	000ea4d0	000ea577
000ea580	__fxstatat64	000ea580	000ea5ef
000ea5f0	thunk_FUN_00029390	000ea5f0	000ea5fb
000ea5fc	statfs	000ea5fc	000ea61f
000ea630	thunk_FUN_00029390	000ea630	000ea63b
000ea63c	fstatfs	000ea63c	000ea65f
000ea670	statfs64	000ea670	000ea6af
000ea6b0	fstatfs64	000ea6b0	000ea6ef
000ea6f0	statvfs	000ea6f0	000ea76f
000ea770	fstatvfs	000ea770	000ea7ef
000ea7f0	statvfs64	000ea7f0	000ea86b
000ea870	fstatvfs64	000ea870	000ea8eb
000ea8f0	umask	000ea8f0	000ea8ff
000ea910	thunk_FUN_00029390	000ea910	000ea91b
000ea91c	chmod	000ea91c	000ea93f
000ea950	thunk_FUN_00029390	000ea950	000ea95b
000ea95c	fchmod	000ea95c	000ea97f
000ea990	lchmod	000ea990	000ea9b7
000ea9c0	fchmodat	000ea9c0	000eaa43
000eaa50	thunk_FUN_00029390	000eaa50	000eaa5b
000eaa5c	mkdir	000eaa5c	000eaa7f
000eaa90	mkdirat	000eaa90	000eaac7
000eaad0	thunk_FUN_00029390	000eaad0	000eaadb
000eaadc	FUN_000eaadc	000eaadc	000eaaff
000eab04	open	000eab04	000eabb3
000eabc0	__open_2	000eabc0	000eabff
000eac00	open64	000eac00	000ead0f
000ead10	__open64_2	000ead10	000ead4f
000ead50	FUN_000ead50	000ead50	000ead87
000ead88	openat	000ead88	000eae97
000eaea0	__openat_2	000eaea0	000eaedf
000eaee0	FUN_000eaee0	000eaee0	000eaf1b
000eaf1c	openat64	000eaf1c	000eb02f
000eb030	__openat64_2	000eb030	000eb06f
000eb070	thunk_FUN_00029390	000eb070	000eb07b
000eb07c	FUN_000eb07c	000eb07c	000eb09f
000eb0a4	read	000eb0a4	000eb153
000eb160	thunk_FUN_00029390	000eb160	000eb16b
000eb16c	FUN_000eb16c	000eb16c	000eb18f
000eb194	write	000eb194	000eb243
000eb250	thunk_FUN_00029390	000eb250	000eb25b
000eb25c	lseek	000eb25c	000eb27f
000eb290	thunk_FUN_00029390	000eb290	000eb29b
000eb29c	access	000eb29c	000eb2bf
000eb2d0	euidaccess	000eb2d0	000eb453
000eb460	faccessat	000eb460	000eb643
000eb650	FUN_000eb650	000eb650	000eb69f
000eb6a0	fcntl	000eb6a0	000eb78f
000eb790	thunk_FUN_00029390	000eb790	000eb79b
000eb79c	flock	000eb79c	000eb7bf
000eb7d0	lockf	000eb7d0	000eb91b
000eb920	lockf64	000eb920	000ebaa7
000ebab0	thunk_FUN_00029390	000ebab0	000ebabb
000ebabc	FUN_000ebabc	000ebabc	000ebadf
000ebae4	close	000ebae4	000ebb83
000ebb90	thunk_FUN_00029390	000ebb90	000ebb9b
000ebb9c	dup	000ebb9c	000ebbbf
000ebbd0	thunk_FUN_00029390	000ebbd0	000ebbdb
000ebbdc	dup2	000ebbdc	000ebbff
000ebc10	FUN_000ebc10	000ebc10	000ebc1b
000ebc1c	dup3	000ebc1c	000ebc3f
000ebc50	thunk_FUN_00029390	000ebc50	000ebc5b
000ebc5c	pipe	000ebc5c	000ebc87
000ebc90	thunk_FUN_00029390	000ebc90	000ebc9b
000ebc9c	pipe2	000ebc9c	000ebcbf
000ebcd0	thunk_FUN_00029390	000ebcd0	000ebcdb
000ebd04	creat	000ebd04	000ebdab
000ebdb0	creat64	000ebdb0	000ebdcb
000ebdd0	thunk_FUN_00029390	000ebdd0	000ebddb
000ebddc	chdir	000ebddc	000ebdff
000ebe10	FUN_000ebe10	000ebe10	000ebe1b
000ebe1c	fchdir	000ebe1c	000ebe3f
000ebe50	getcwd	000ebe50	000ec66f
000ec670	getwd	000ec670	000ec72f
000ec730	get_current_dir_name	000ec730	000ec80f
000ec810	FUN_000ec810	000ec810	000ec81b
000ec81c	chown	000ec81c	000ec83f
000ec850	thunk_FUN_00029390	000ec850	000ec85b
000ec85c	fchown	000ec85c	000ec87f
000ec890	thunk_FUN_00029390	000ec890	000ec89b
000ec89c	lchown	000ec89c	000ec8bf
000ec8d0	fchownat	000ec8d0	000ec937
000ec940	ttyname	000ec940	000ecc77
000ecc80	ttyname_r	000ecc80	000ed02f
000ed030	isatty	000ed030	000ed063
000ed070	thunk_FUN_00029390	000ed070	000ed07b
000ed07c	link	000ed07c	000ed09f
000ed0b0	linkat	000ed0b0	000ed117
000ed120	thunk_FUN_00029390	000ed120	000ed12b
000ed12c	symlink	000ed12c	000ed14f
000ed160	symlinkat	000ed160	000ed197
000ed1a0	thunk_FUN_00029390	000ed1a0	000ed1ab
000ed1ac	readlink	000ed1ac	000ed1cf
000ed1e0	readlinkat	000ed1e0	000ed217
000ed220	thunk_FUN_00029390	000ed220	000ed22b
000ed22c	unlink	000ed22c	000ed24f
000ed260	unlinkat	000ed260	000ed297
000ed2a0	thunk_FUN_00029390	000ed2a0	000ed2ab
000ed2ac	rmdir	000ed2ac	000ed2cf
000ed2e0	FUN_000ed2e0	000ed2e0	000ed387
000ed388	FUN_000ed388	000ed388	000ed41f
000ed420	FUN_000ed420	000ed420	000ed7d3
000ed7d4	FUN_000ed7d4	000ed7d4	000edf4f
000edf50	FUN_000edf50	000edf50	000ee4ef
000ee4f0	ftw	000ee4f0	000ee52f
000ee530	nftw	000ee530	000ee59b
000ee5a0	FUN_000ee5a0	000ee5a0	000ee69b
000ee69c	FUN_000ee69c	000ee69c	000ee73b
000ee73c	FUN_000ee73c	000ee73c	000eeae7
000eeae8	FUN_000eeae8	000eeae8	000ef263
000ef264	FUN_000ef264	000ef264	000ef803
000ef804	ftw64	000ef804	000ef843
000ef844	nftw64	000ef844	000ef8af
000ef8b0	FUN_000ef8b0	000ef8b0	000ef9cf
000ef9d0	FUN_000ef9d0	000ef9d0	000efa93
000efa94	FUN_000efa94	000efa94	000efcef
000efcf0	FUN_000efcf0	000efcf0	000efdef
000efdf0	FUN_000efdf0	000efdf0	000eff8f
000eff90	FUN_000eff90	000eff90	000f0843
000f0844	fts_open	000f0844	000f0ca7
000f0ca8	fts_close	000f0ca8	000f0e17
000f0e18	fts_read	000f0e18	000f151f
000f1520	fts_set	000f1520	000f155b
000f155c	fts_children	000f155c	000f1743
000f1750	thunk_FUN_00029390	000f1750	000f175b
000f1784	poll	000f1784	000f1833
000f1840	ppoll	000f1840	000f19b3
000f19c0	posix_fadvise	000f19c0	000f1a2f
000f1a30	posix_fadvise64	000f1a30	000f1a93
000f1aa0	posix_fallocate	000f1aa0	000f1d3f
000f1d40	FUN_000f1d40	000f1d40	000f2023
000f2024	posix_fallocate64	000f2024	000f210b
000f2110	thunk_FUN_00029390	000f2110	000f211b
000f211c	sendfile	000f211c	000f213f
000f2150	thunk_FUN_00029390	000f2150	000f215b
000f215c	sendfile64	000f215c	000f217f
000f2190	utimensat	000f2190	000f21e7
000f21f0	futimens	000f21f0	000f2253
000f2260	FUN_000f2260	000f2260	000f23e3
000f23e4	FUN_000f23e4	000f23e4	000f2543
000f2544	FUN_000f2544	000f2544	000f26bf
000f26c0	FUN_000f26c0	000f26c0	000f2e73
000f2e74	FUN_000f2e74	000f2e74	000f2f87
000f2f90	FUN_000f2f90	000f2f90	000f30db
000f30e0	sync_file_range	000f30e0	000f324b
000f3250	fallocate	000f3250	000f33a7
000f33b0	fallocate64	000f33b0	000f3517
000f3520	cfgetospeed	000f3520	000f352b
000f352c	cfgetispeed	000f352c	000f354b
000f354c	cfsetospeed	000f354c	000f35af
000f35b0	cfsetispeed	000f35b0	000f363b
000f3640	cfsetspeed	000f3640	000f36fb
000f3700	tcsetattr	000f3700	000f382b
000f3830	tcgetattr	000f3830	000f38ff
000f3900	tcgetpgrp	000f3900	000f3943
000f3950	tcsetpgrp	000f3950	000f398b
000f3990	tcdrain	000f3990	000f3a5b
000f3a60	tcflow	000f3a60	000f3a7b
000f3a80	tcflush	000f3a80	000f3a9b
000f3aa0	tcsendbreak	000f3aa0	000f3ae7
000f3af0	cfmakeraw	000f3af0	000f3b3f
000f3b40	tcgetsid	000f3b40	000f3c47
000f3c50	thunk_FUN_00029390	000f3c50	000f3c5b
000f3c5c	getrlimit	000f3c5c	000f3c7f
000f3c90	thunk_FUN_00029390	000f3c90	000f3c9b
000f3c9c	setrlimit	000f3c9c	000f3cbf
000f3cd0	getrlimit64	000f3cd0	000f3df7
000f3e00	setrlimit64	000f3e00	000f3f3f
000f3f40	thunk_FUN_00029390	000f3f40	000f3f4b
000f3f4c	getrusage	000f3f4c	000f3f6f
000f3f80	ulimit	000f3f80	000f40b7
000f40c0	vlimit	000f40c0	000f4173
000f4180	FUN_000f4180	000f4180	000f429b
000f429c	vtimes	000f429c	000f4307
000f4310	getpriority	000f4310	000f435b
000f4360	thunk_FUN_00029390	000f4360	000f436b
000f436c	setpriority	000f436c	000f438f
000f43a0	nice	000f43a0	000f44d3
000f44e0	brk	000f44e0	000f452b
000f4530	sbrk	000f4530	000f460b
000f4610	sstk	000f4610	000f4637
000f4640	thunk_FUN_00029390	000f4640	000f464b
000f464c	ioctl	000f464c	000f466f
000f4680	readv	000f4680	000f475f
000f4760	writev	000f4760	000f483f
000f4840	preadv	000f4840	000f4987
000f4990	preadv64	000f4990	000f4ad7
000f4ae0	pwritev	000f4ae0	000f4c27
000f4c30	pwritev64	000f4c30	000f4d77
000f4d80	setreuid	000f4d80	000f4e03
000f4e10	setregid	000f4e10	000f4e93
000f4ea0	seteuid	000f4ea0	000f4f4b
000f4f50	setegid	000f4f50	000f4ffb
000f5000	getpagesize	000f5000	000f5053
000f5060	getdtablesize	000f5060	000f50ab
000f50b0	gethostname	000f50b0	000f5177
000f5180	thunk_FUN_00029390	000f5180	000f518b
000f518c	sethostname	000f518c	000f51af
000f51c0	getdomainname	000f51c0	000f5257
000f5260	thunk_FUN_00029390	000f5260	000f526b
000f526c	setdomainname	000f526c	000f528f
000f52a0	thunk_FUN_00029390	000f52a0	000f52ab
000f52d4	select	000f52d4	000f5393
000f53a0	pselect	000f53a0	000f5553
000f5560	thunk_FUN_00029390	000f5560	000f556b
000f556c	acct	000f556c	000f558f
000f55a0	thunk_FUN_00029390	000f55a0	000f55ab
000f55ac	chroot	000f55ac	000f55cf
000f55e0	thunk_FUN_00029390	000f55e0	000f55eb
000f5614	fsync	000f5614	000f56b3
000f56c0	thunk_FUN_00029390	000f56c0	000f56cb
000f56cc	sync	000f56cc	000f56ef
000f5700	thunk_FUN_00029390	000f5700	000f570b
000f5734	fdatasync	000f5734	000f57d3
000f57e0	thunk_FUN_00029390	000f57e0	000f57eb
000f57ec	syncfs	000f57ec	000f580f
000f5820	reboot	000f5820	000f586b
000f5870	gethostid	000f5870	000f5a7b
000f5a80	sethostid	000f5a80	000f5b33
000f5b40	revoke	000f5b40	000f5b67
000f5b70	thunk_FUN_00029390	000f5b70	000f5b7b
000f5b7c	vhangup	000f5b7c	000f5b9f
000f5bb0	thunk_FUN_00029390	000f5bb0	000f5bbb
000f5bbc	swapon	000f5bbc	000f5bdf
000f5bf0	thunk_FUN_00029390	000f5bf0	000f5bfb
000f5bfc	swapoff	000f5bfc	000f5c1f
000f5c30	mktemp	000f5c30	000f5c7f
000f5c80	mkstemp	000f5c80	000f5c9f
000f5ca0	mkstemp64	000f5ca0	000f5cbf
000f5cc0	mkdtemp	000f5cc0	000f5d0b
000f5d10	mkostemp	000f5d10	000f5d2f
000f5d30	mkostemp64	000f5d30	000f5d4f
000f5d50	mkstemps	000f5d50	000f5d8b
000f5d90	mkstemps64	000f5d90	000f5dcb
000f5dd0	mkostemps	000f5dd0	000f5e07
000f5e10	mkostemps64	000f5e10	000f5e4b
000f5e50	ualarm	000f5e50	000f5ec3
000f5ed0	usleep	000f5ed0	000f5f37
000f5f40	gtty	000f5f40	000f5f7b
000f5f80	stty	000f5f80	000f5fbb
000f5fc0	ptrace	000f5fc0	000f6053
000f6060	FUN_000f6060	000f6060	000f6197
000f6198	FUN_000f6198	000f6198	000f626f
000f6270	setfsent	000f6270	000f62a7
000f62a8	getfsent	000f62a8	000f632f
000f6330	getfsspec	000f6330	000f6403
000f6404	getfsfile	000f6404	000f64d7
000f64d8	endfsent	000f64d8	000f651f
000f6520	FUN_000f6520	000f6520	000f655b
000f655c	getmntent	000f655c	000f6637
000f6640	FUN_000f6640	000f6640	000f673b
000f673c	setmntent	000f673c	000f67fb
000f67fc	endmntent	000f67fc	000f683f
000f6840	getmntent_r	000f6840	000f6c87
000f6c88	addmntent	000f6c88	000f732b
000f732c	hasmntopt	000f732c	000f740f
000f7410	utimes	000f7410	000f7447
000f7450	lutimes	000f7450	000f751b
000f7520	futimes	000f7520	000f75df
000f75e0	futimesat	000f75e0	000f7627
000f7630	thunk_FUN_00029390	000f7630	000f763b
000f763c	truncate	000f763c	000f765f
000f7670	thunk_FUN_00029390	000f7670	000f767b
000f767c	ftruncate	000f767c	000f769f
000f76b0	truncate64	000f76b0	000f76eb
000f76f0	ftruncate64	000f76f0	000f772b
000f7730	chflags	000f7730	000f776b
000f7770	fchflags	000f7770	000f77ab
000f77b0	insque	000f77b0	000f77df
000f77e0	remque	000f77e0	000f7803
000f7810	FUN_000f7810	000f7810	000f793f
000f7940	setttyent	000f7940	000f79d3
000f79d4	getttyent	000f79d4	000f7e57
000f7e58	getttynam	000f7e58	000f7efb
000f7efc	endttyent	000f7efc	000f7f5f
000f7f60	FUN_000f7f60	000f7f60	000f8257
000f8258	getusershell	000f8258	000f82bb
000f82bc	endusershell	000f82bc	000f8327
000f8328	setusershell	000f8328	000f8367
000f8370	getpass	000f8370	000f85bb
000f85f0	ttyslot	000f85f0	000f872b
000f8730	FUN_000f8730	000f8730	000f8917
000f8918	FUN_000f8918	000f8918	000f8967
000f8968	FUN_000f8968	000f8968	000f89c3
000f89c4	__vsyslog_chk	000f89c4	000f9037
000f9080	syslog	000f9080	000f90c7
000f90c8	__syslog_chk	000f90c8	000f9103
000f9104	vsyslog	000f9104	000f9123
000f9124	openlog	000f9124	000f91db
000f9200	closelog	000f9200	000f92a3
000f92c8	setlogmask	000f92c8	000f92eb
000f92f0	thunk_FUN_00029390	000f92f0	000f92fb
000f92fc	syscall	000f92fc	000f931f
000f9330	daemon	000f9330	000f94d7
000f94e0	thunk_FUN_00029390	000f94e0	000f94eb
000f94ec	mmap	000f94ec	000f950f
000f9520	mmap64	000f9520	000f95db
000f95e0	thunk_FUN_00029390	000f95e0	000f95eb
000f95ec	munmap	000f95ec	000f960f
000f9620	thunk_FUN_00029390	000f9620	000f962b
000f962c	mprotect	000f962c	000f964f
000f9660	thunk_FUN_00029390	000f9660	000f966b
000f9694	msync	000f9694	000f9743
000f9750	thunk_FUN_00029390	000f9750	000f975b
000f975c	madvise	000f975c	000f977f
000f9790	thunk_FUN_00029390	000f9790	000f979b
000f979c	mincore	000f979c	000f97bf
000f97d0	thunk_FUN_00029390	000f97d0	000f97db
000f97dc	remap_file_pages	000f97dc	000f97ff
000f9810	FUN_000f9810	000f9810	000f981b
000f981c	mlock	000f981c	000f983f
000f9850	thunk_FUN_00029390	000f9850	000f985b
000f985c	munlock	000f985c	000f987f
000f9890	thunk_FUN_00029390	000f9890	000f989b
000f989c	mlockall	000f989c	000f98bf
000f98d0	thunk_FUN_00029390	000f98d0	000f98db
000f98dc	munlockall	000f98dc	000f98ff
000f9910	fcvt	000f9910	000f9a1b
000f9a1c	ecvt	000f9a1c	000f9a6f
000f9a70	gcvt	000f9a70	000f9ac7
000f9ad0	fcvt_r	000f9ad0	000f9e53
000f9e54	ecvt_r	000f9e54	000fa09f
000fa0a0	qfcvt	000fa0a0	000fa1ab
000fa1ac	qecvt	000fa1ac	000fa1ff
000fa200	qgcvt	000fa200	000fa257
000fa260	qfcvt_r	000fa260	000fa5e3
000fa5e4	qecvt_r	000fa5e4	000fa82f
000fa830	hdestroy	000fa830	000fa84b
000fa84c	hsearch	000fa84c	000fa893
000fa894	hcreate	000fa894	000fa8af
000fa8b0	hcreate_r	000fa8b0	000fa9e7
000fa9e8	hdestroy_r	000fa9e8	000faa4f
000faa50	hsearch_r	000faa50	000facc3
000facd0	FUN_000facd0	000facd0	000fadaf
000fadb0	FUN_000fadb0	000fadb0	000fae37
000fae38	FUN_000fae38	000fae38	000fafaf
000fafb0	tsearch	000fafb0	000fb217
000fb218	tfind	000fb218	000fb2af
000fb2b0	tdelete	000fb2b0	000fb7cf
000fb7d0	twalk	000fb7d0	000fb803
000fb804	tdestroy	000fb804	000fb82f
000fb830	lsearch	000fb830	000fb93f
000fb940	lfind	000fb940	000fb9df
000fb9e0	FUN_000fb9e0	000fb9e0	000fbb43
000fbb44	vwarnx	000fbb44	000fbc5f
000fbc60	vwarn	000fbc60	000fbdf3
000fbdf4	warn	000fbdf4	000fbe37
000fbe38	warnx	000fbe38	000fbe7b
000fbe7c	verr	000fbe7c	000fbebf
000fbec0	verrx	000fbec0	000fbf03
000fbf04	err	000fbf04	000fbf37
000fbf38	errx	000fbf38	000fbf6f
000fbf70	FUN_000fbf70	000fbf70	000fbfbf
000fbfc0	FUN_000fbfc0	000fbfc0	000fc283
000fc284	error	000fc284	000fc397
000fc398	error_at_line	000fc398	000fc543
000fc550	ustat	000fc550	000fc58f
000fc590	FUN_000fc590	000fc590	000fc7c3
000fc7c4	FUN_000fc7c4	000fc7c4	000fc91b
000fc91c	get_nprocs	000fc91c	000fccdb
000fccdc	get_nprocs_conf	000fccdc	000fce27
000fce28	get_phys_pages	000fce28	000fce47
000fce48	get_avphys_pages	000fce48	000fce67
000fce70	dirname	000fce70	000fcf93
000fcfa0	step	000fcfa0	000fd03b
000fd03c	advance	000fd03c	000fd0cf
000fd0d0	getloadavg	000fd0d0	000fd1f3
000fd200	FUN_000fd200	000fd200	000fd21f
000fd220	thunk_FUN_00029390	000fd220	000fd22b
000fd22c	fgetxattr	000fd22c	000fd24f
000fd260	thunk_FUN_00029390	000fd260	000fd26b
000fd26c	flistxattr	000fd26c	000fd28f
000fd2a0	thunk_FUN_00029390	000fd2a0	000fd2ab
000fd2ac	fremovexattr	000fd2ac	000fd2cf
000fd2e0	thunk_FUN_00029390	000fd2e0	000fd2eb
000fd2ec	fsetxattr	000fd2ec	000fd30f
000fd320	thunk_FUN_00029390	000fd320	000fd32b
000fd32c	getxattr	000fd32c	000fd34f
000fd360	thunk_FUN_00029390	000fd360	000fd36b
000fd36c	listxattr	000fd36c	000fd38f
000fd3a0	thunk_FUN_00029390	000fd3a0	000fd3ab
000fd3ac	lgetxattr	000fd3ac	000fd3cf
000fd3e0	thunk_FUN_00029390	000fd3e0	000fd3eb
000fd3ec	llistxattr	000fd3ec	000fd40f
000fd420	thunk_FUN_00029390	000fd420	000fd42b
000fd42c	lremovexattr	000fd42c	000fd44f
000fd460	thunk_FUN_00029390	000fd460	000fd46b
000fd46c	lsetxattr	000fd46c	000fd48f
000fd4a0	thunk_FUN_00029390	000fd4a0	000fd4ab
000fd4ac	removexattr	000fd4ac	000fd4cf
000fd4e0	thunk_FUN_00029390	000fd4e0	000fd4eb
000fd4ec	setxattr	000fd4ec	000fd50f
000fd520	getauxval	000fd520	000fd5a7
000fd5b0	__libc_ifunc_impl_list	000fd5b0	000fd5b7
000fd5c0	FUN_000fd5c0	000fd5c0	000fd647
000fd650	thunk_FUN_00029390	000fd650	000fd65b
000fd65c	cachectl	000fd65c	000fd67f
000fd690	thunk_FUN_00029390	000fd690	000fd69b
000fd69c	cacheflush	000fd69c	000fd6bf
000fd6d0	thunk_FUN_00029390	000fd6d0	000fd6db
000fd6dc	sysmips	000fd6dc	000fd6ff
000fd710	_test_and_set	000fd710	000fd737
000fd740	sysctl	000fd740	000fd7b3
000fd7c0	clone	000fd7c0	000fd837
000fd820	FUN_000fd820	000fd820	000fd827
000fd838	FUN_000fd838	000fd838	000fd893
000fd8a0	lseek64	000fd8a0	000fd93b
000fd940	thunk_FUN_00029390	000fd940	000fd94b
000fd94c	umount	000fd94c	000fd96f
000fd980	thunk_FUN_00029390	000fd980	000fd98b
000fd98c	umount2	000fd98c	000fd9af
000fd9c0	readahead	000fd9c0	000fda2b
000fda30	thunk_FUN_00029390	000fda30	000fda3b
000fda3c	setfsuid	000fda3c	000fda5f
000fda70	thunk_FUN_00029390	000fda70	000fda7b
000fda7c	setfsgid	000fda7c	000fda9f
000fdab0	gnu_dev_major	000fdab0	000fdabf
000fdac0	gnu_dev_minor	000fdac0	000fdadb
000fdadc	gnu_dev_makedev	000fdadc	000fdb13
000fdb20	epoll_pwait	000fdb20	000fdc77
000fdc80	signalfd	000fdc80	000fdcbf
000fdcc0	eventfd	000fdcc0	000fdcf7
000fdd00	eventfd_read	000fdd00	000fdd3b
000fdd40	eventfd_write	000fdd40	000fdd87
000fdd90	prlimit	000fdd90	000fdeff
000fdf00	thunk_FUN_00029390	000fdf00	000fdf0b
000fdf0c	prlimit64	000fdf0c	000fdf2f
000fdf40	thunk_FUN_00029390	000fdf40	000fdf4b
000fdf4c	fanotify_mark	000fdf4c	000fdf6f
000fdf80	thunk_FUN_00029390	000fdf80	000fdf8b
000fdf8c	adjtimex	000fdf8c	000fdfaf
000fdfc0	thunk_FUN_00029390	000fdfc0	000fdfcb
000fdfcc	bdflush	000fdfcc	000fdfef
000fe000	thunk_FUN_00029390	000fe000	000fe00b
000fe00c	capget	000fe00c	000fe02f
000fe040	thunk_FUN_00029390	000fe040	000fe04b
000fe04c	capset	000fe04c	000fe06f
000fe080	thunk_FUN_00029390	000fe080	000fe08b
000fe08c	clock_adjtime	000fe08c	000fe0af
000fe0c0	thunk_FUN_00029390	000fe0c0	000fe0cb
000fe0cc	create_module	000fe0cc	000fe0ef
000fe100	thunk_FUN_00029390	000fe100	000fe10b
000fe10c	delete_module	000fe10c	000fe12f
000fe140	thunk_FUN_00029390	000fe140	000fe14b
000fe14c	epoll_create	000fe14c	000fe16f
000fe180	thunk_FUN_00029390	000fe180	000fe18b
000fe18c	epoll_create1	000fe18c	000fe1af
000fe1c0	thunk_FUN_00029390	000fe1c0	000fe1cb
000fe1cc	epoll_ctl	000fe1cc	000fe1ef
000fe200	thunk_FUN_00029390	000fe200	000fe20b
000fe234	epoll_wait	000fe234	000fe2eb
000fe2f0	thunk_FUN_00029390	000fe2f0	000fe2fb
000fe2fc	get_kernel_syms	000fe2fc	000fe31f
000fe330	thunk_FUN_00029390	000fe330	000fe33b
000fe33c	init_module	000fe33c	000fe35f
000fe370	thunk_FUN_00029390	000fe370	000fe37b
000fe37c	inotify_add_watch	000fe37c	000fe39f
000fe3b0	thunk_FUN_00029390	000fe3b0	000fe3bb
000fe3bc	inotify_init	000fe3bc	000fe3df
000fe3f0	thunk_FUN_00029390	000fe3f0	000fe3fb
000fe3fc	inotify_init1	000fe3fc	000fe41f
000fe430	thunk_FUN_00029390	000fe430	000fe43b
000fe43c	inotify_rm_watch	000fe43c	000fe45f
000fe470	thunk_FUN_00029390	000fe470	000fe47b
000fe47c	klogctl	000fe47c	000fe49f
000fe4b0	thunk_FUN_00029390	000fe4b0	000fe4bb
000fe4bc	mount	000fe4bc	000fe4df
000fe4f0	thunk_FUN_00029390	000fe4f0	000fe4fb
000fe4fc	mremap	000fe4fc	000fe51f
000fe530	thunk_FUN_00029390	000fe530	000fe53b
000fe53c	nfsservctl	000fe53c	000fe55f
000fe570	thunk_FUN_00029390	000fe570	000fe57b
000fe57c	personality	000fe57c	000fe59f
000fe5b0	thunk_FUN_00029390	000fe5b0	000fe5bb
000fe5bc	pivot_root	000fe5bc	000fe5df
000fe5f0	thunk_FUN_00029390	000fe5f0	000fe5fb
000fe5fc	prctl	000fe5fc	000fe61f
000fe630	thunk_FUN_00029390	000fe630	000fe63b
000fe63c	query_module	000fe63c	000fe65f
000fe670	thunk_FUN_00029390	000fe670	000fe67b
000fe67c	quotactl	000fe67c	000fe69f
000fe6b0	thunk_FUN_00029390	000fe6b0	000fe6bb
000fe6e4	splice	000fe6e4	000fe7ab
000fe7b0	thunk_FUN_00029390	000fe7b0	000fe7bb
000fe7bc	sysinfo	000fe7bc	000fe7df
000fe7f0	thunk_FUN_00029390	000fe7f0	000fe7fb
000fe824	tee	000fe824	000fe8db
000fe8e0	thunk_FUN_00029390	000fe8e0	000fe8eb
000fe8ec	unshare	000fe8ec	000fe90f
000fe920	thunk_FUN_00029390	000fe920	000fe92b
000fe92c	uselib	000fe92c	000fe94f
000fe960	thunk_FUN_00029390	000fe960	000fe96b
000fe994	vmsplice	000fe994	000fea4b
000fea50	thunk_FUN_00029390	000fea50	000fea5b
000fea5c	timerfd_create	000fea5c	000fea7f
000fea90	thunk_FUN_00029390	000fea90	000fea9b
000fea9c	timerfd_settime	000fea9c	000feabf
000fead0	thunk_FUN_00029390	000fead0	000feadb
000feadc	timerfd_gettime	000feadc	000feaff
000feb10	thunk_FUN_00029390	000feb10	000feb1b
000feb1c	fanotify_init	000feb1c	000feb3f
000feb50	thunk_FUN_00029390	000feb50	000feb5b
000feb5c	name_to_handle_at	000feb5c	000feb7f
000feb90	thunk_FUN_00029390	000feb90	000feb9b
000febc4	open_by_handle_at	000febc4	000fec73
000fec80	thunk_FUN_00029390	000fec80	000fec8b
000fec8c	setns	000fec8c	000fecaf
000fecc0	thunk_FUN_00029390	000fecc0	000feccb
000feccc	process_vm_readv	000feccc	000fecef
000fed00	thunk_FUN_00029390	000fed00	000fed0b
000fed0c	process_vm_writev	000fed0c	000fed2f
000fed40	thunk_FUN_00029390	000fed40	000fed4b
000fed74	accept	000fed74	000fee23
000fee30	thunk_FUN_00029390	000fee30	000fee3b
000fee3c	bind	000fee3c	000fee5f
000fee70	thunk_FUN_00029390	000fee70	000fee7b
000feea4	connect	000feea4	000fef53
000fef60	thunk_FUN_00029390	000fef60	000fef6b
000fef6c	getpeername	000fef6c	000fef8f
000fefa0	thunk_FUN_00029390	000fefa0	000fefab
000fefac	getsockname	000fefac	000fefcf
000fefe0	thunk_FUN_00029390	000fefe0	000fefeb
000fefec	getsockopt	000fefec	000ff00f
000ff020	thunk_FUN_00029390	000ff020	000ff02b
000ff02c	listen	000ff02c	000ff04f
000ff060	thunk_FUN_00029390	000ff060	000ff06b
000ff094	recv	000ff094	000ff14b
000ff150	thunk_FUN_00029390	000ff150	000ff15b
000ff184	recvfrom	000ff184	000ff24b
000ff250	thunk_FUN_00029390	000ff250	000ff25b
000ff284	recvmsg	000ff284	000ff333
000ff340	thunk_FUN_00029390	000ff340	000ff34b
000ff374	send	000ff374	000ff42b
000ff430	thunk_FUN_00029390	000ff430	000ff43b
000ff464	sendmsg	000ff464	000ff513
000ff520	thunk_FUN_00029390	000ff520	000ff52b
000ff554	sendto	000ff554	000ff61b
000ff620	thunk_FUN_00029390	000ff620	000ff62b
000ff62c	setsockopt	000ff62c	000ff64f
000ff660	thunk_FUN_00029390	000ff660	000ff66b
000ff66c	shutdown	000ff66c	000ff68f
000ff6a0	thunk_FUN_00029390	000ff6a0	000ff6ab
000ff6ac	socket	000ff6ac	000ff6cf
000ff6e0	thunk_FUN_00029390	000ff6e0	000ff6eb
000ff6ec	socketpair	000ff6ec	000ff70f
000ff720	isfdtype	000ff720	000ff79b
000ff7a0	FUN_000ff7a0	000ff7a0	000ffa3f
000ffa40	sockatmark	000ffa40	000ffa83
000ffa90	accept4	000ffa90	000ffb83
000ffb90	recvmmsg	000ffb90	000ffcd7
000ffce0	sendmmsg	000ffce0	000ffdd3
000ffde0	__libc_sa_len	000ffde0	000ffe1b
000ffe20	__cmsg_nxthdr	000ffe20	000ffe7b
000ffe80	ftok	000ffe80	000ffeef
000ffef0	msgsnd	000ffef0	0010003b
00100040	msgrcv	00100040	0010017b
00100180	msgget	00100180	001001fb
00100200	msgctl	00100200	0010027b
00100280	semop	00100280	001002f3
00100300	semget	00100300	0010037b
00100380	semctl	00100380	0010043b
00100440	semtimedop	00100440	001004c3
001004d0	shmat	001004d0	0010055f
00100560	shmdt	00100560	001005d7
001005e0	shmget	001005e0	0010065b
00100660	shmctl	00100660	001006db
001006e0	FUN_001006e0	001006e0	00100b9f
00100ba0	moncontrol	00100ba0	00100c2b
00100c2c	monstartup	00100c2c	00100e13
00100e14	FUN_00100e14	00100e14	00100e6f
00100e70	_mcleanup	00100e70	00100ed7
00100ee0	_mcount	00100ee0	00100f57
00100f58	FUN_00100f58	00100f58	00101113
0010119c	profil	0010119c	0010139b
001013a0	FUN_001013a0	001013a0	0010152b
00101564	FUN_00101564	00101564	0010159b
001015cc	FUN_001015cc	001015cc	00101777
00101778	sprofil	00101778	00101cab
00101cb0	__profile_frequency	00101cb0	00101cc7
00101cd0	iswalnum	00101cd0	00101dc3
00101dc4	iswalpha	00101dc4	00101eb7
00101eb8	iswblank	00101eb8	00101fab
00101fac	iswcntrl	00101fac	0010209f
001020a0	iswdigit	001020a0	0010217b
0010217c	iswlower	0010217c	0010226f
00102270	iswgraph	00102270	00102367
00102368	iswprint	00102368	0010245b
0010245c	iswpunct	0010245c	0010254f
00102550	iswspace	00102550	00102643
00102644	iswupper	00102644	0010272f
00102730	iswxdigit	00102730	00102823
00102824	towlower	00102824	001028db
001028dc	towupper	001028dc	0010298b
00102990	wctype	00102990	00102abb
00102ac0	iswctype	00102ac0	00102b4f
00102b50	wctrans	00102b50	00102c23
00102c30	towctrans	00102c30	00102caf
00102cb0	iswalnum_l	00102cb0	00102d77
00102d78	iswalpha_l	00102d78	00102e3f
00102e40	iswblank_l	00102e40	00102f07
00102f08	iswcntrl_l	00102f08	00102fcf
00102fd0	iswdigit_l	00102fd0	00103087
00103088	iswlower_l	00103088	0010314f
00103150	iswgraph_l	00103150	0010321b
0010321c	iswprint_l	0010321c	001032e3
001032e4	iswpunct_l	001032e4	001033ab
001033ac	iswspace_l	001033ac	00103473
00103474	iswupper_l	00103474	0010353b
0010353c	iswxdigit_l	0010353c	00103603
00103604	towlower_l	00103604	00103697
00103698	towupper_l	00103698	0010372b
00103730	wctype_l	00103730	0010384b
00103850	iswctype_l	00103850	001038df
001038e0	wctrans_l	001038e0	001039a3
001039b0	towctrans_l	001039b0	00103a2f
00103a30	getspent	00103a30	00103b77
00103b80	getspnam	00103b80	00103da3
00103db0	sgetspent	00103db0	0010401f
00104020	fgetspent	00104020	001042bf
001042c0	putspent	001042c0	001047e3
001047f0	setspent	001047f0	0010492b
0010492c	endspent	0010492c	00104a4b
00104a4c	getspent_r	00104a4c	00104bcb
00104bd0	getspnam_r	00104bd0	00104e5b
00104e60	_nss_files_parse_spent	00104e60	00105293
00105294	sgetspent_r	00105294	0010536b
00105370	fgetspent_r	00105370	001056df
001056e8	lckpwdf	001056e8	00105a0b
00105a0c	ulckpwdf	00105a0c	00105af7
00105b00	getsgent	00105b00	00105c47
00105c50	getsgnam	00105c50	00105e73
00105e80	sgetsgent	00105e80	001060d3
001060e0	fgetsgent	001060e0	0010637f
00106380	putsgent	00106380	0010665f
00106660	setsgent	00106660	0010679b
0010679c	endsgent	0010679c	001068bb
001068bc	getsgent_r	001068bc	00106a3b
00106a40	getsgnam_r	00106a40	00106ccb
00106cd0	_nss_files_parse_sgent	00106cd0	00107133
00107134	sgetsgent_r	00107134	00107247
00107250	fgetsgent_r	00107250	001075bf
001075c0	FUN_001075c0	001075c0	0010768b
0010768c	FUN_0010768c	0010768c	00107db7
00107db8	FUN_00107db8	00107db8	00107e3f
00107e40	FUN_00107e40	00107e40	00107f53
00107f54	FUN_00107f54	00107f54	0010802f
00108030	FUN_00108030	00108030	001080e3
001080e4	FUN_001080e4	001080e4	0010817b
0010817c	FUN_0010817c	0010817c	001081f7
00108258	FUN_00108258	00108258	001082b7
001082b8	FUN_001082b8	001082b8	00108317
00108318	FUN_00108318	00108318	00108377
00108380	FUN_00108380	00108380	001084b3
001084b4	FUN_001084b4	001084b4	0010851b
0010851c	FUN_0010851c	0010851c	001085d7
001085d8	FUN_001085d8	001085d8	00108667
00108668	FUN_00108668	00108668	001089ff
00108a00	FUN_00108a00	00108a00	00108acf
00108ad0	FUN_00108ad0	00108ad0	00108b57
00108b58	FUN_00108b58	00108b58	00108e57
00108e58	FUN_00108e58	00108e58	001090ab
001090ac	FUN_001090ac	001090ac	001096f3
001096f4	FUN_001096f4	001096f4	001097ff
00109800	FUN_00109800	00109800	0010995b
0010995c	FUN_0010995c	0010995c	00109c23
00109c2c	FUN_00109c2c	00109c2c	00109c7b
00109c7c	FUN_00109c7c	00109c7c	00109f33
00109f34	FUN_00109f34	00109f34	0010a00b
0010a00c	FUN_0010a00c	0010a00c	0010a78f
0010a790	FUN_0010a790	0010a790	0010a85b
0010a85c	FUN_0010a85c	0010a85c	0010a8f7
0010a8f8	argp_failure	0010a8f8	0010aaf3
0010aaf4	FUN_0010aaf4	0010aaf4	0010c14b
0010c14c	argp_help	0010c14c	0010c18b
0010c18c	argp_state_help	0010c18c	0010c27f
0010c280	argp_error	0010c280	0010c393
0010c3a0	FUN_0010c3a0	0010c3a0	0010c4ab
0010c4ac	FUN_0010c4ac	0010c4ac	0010c61f
0010c620	FUN_0010c620	0010c620	0010c997
0010c998	FUN_0010c998	0010c998	0010ca73
0010ca74	argp_parse	0010ca74	0010d957
0010d958	FUN_0010d958	0010d958	0010d9af
0010d9b0	argp_usage	0010d9b0	0010d9cf
0010da70	__libc_alloca_cutoff	0010da70	0010dabf
0010dac0	pthread_equal	0010dac0	0010daf3
0010daf4	pthread_attr_destroy	0010daf4	0010db27
0010db28	pthread_attr_init	0010db28	0010db5b
0010db5c	pthread_attr_init	0010db5c	0010db8f
0010db90	pthread_attr_getdetachstate	0010db90	0010dbc3
0010dbc4	pthread_attr_setdetachstate	0010dbc4	0010dbf7
0010dbf8	pthread_attr_getinheritsched	0010dbf8	0010dc2b
0010dc2c	pthread_attr_setinheritsched	0010dc2c	0010dc5f
0010dc60	pthread_attr_getschedparam	0010dc60	0010dc93
0010dc94	pthread_attr_setschedparam	0010dc94	0010dcc7
0010dcc8	pthread_attr_getschedpolicy	0010dcc8	0010dcfb
0010dcfc	pthread_attr_setschedpolicy	0010dcfc	0010dd2f
0010dd30	pthread_attr_getscope	0010dd30	0010dd63
0010dd64	pthread_attr_setscope	0010dd64	0010dd97
0010dd98	pthread_condattr_destroy	0010dd98	0010ddcb
0010ddcc	pthread_condattr_init	0010ddcc	0010ddff
0010de00	pthread_cond_broadcast	0010de00	0010de33
0010de34	pthread_cond_destroy	0010de34	0010de67
0010de68	pthread_cond_init	0010de68	0010de9b
0010de9c	pthread_cond_signal	0010de9c	0010decf
0010ded0	pthread_cond_wait	0010ded0	0010df03
0010df04	pthread_cond_timedwait	0010df04	0010df37
0010df38	pthread_exit	0010df38	0010df77
0010df78	pthread_getschedparam	0010df78	0010dfab
0010dfac	pthread_setschedparam	0010dfac	0010dfdf
0010dfe0	pthread_mutex_destroy	0010dfe0	0010e013
0010e014	pthread_mutex_init	0010e014	0010e047
0010e048	pthread_mutex_lock	0010e048	0010e07b
0010e07c	pthread_mutex_unlock	0010e07c	0010e0af
0010e0b0	pthread_self	0010e0b0	0010e0e3
0010e0e4	pthread_setcancelstate	0010e0e4	0010e117
0010e118	pthread_setcanceltype	0010e118	0010e14b
0010e150	FUN_0010e150	0010e150	0010e1af
0010e1b0	FUN_0010e1b0	0010e1b0	0010e29f
0010e2a0	FUN_0010e2a0	0010e2a0	0010e36f
0010e390	__libc_pthread_init	0010e390	0010e413
0010e420	FUN_0010e420	0010e420	0010e483
0010e484	__register_atfork	0010e484	0010e687
0010e690	FUN_0010e690	0010e690	0010e8ff
0010e910	clock_getcpuclockid	0010e910	0010e967
0010e970	clock_getres	0010e970	0010e9d3
0010e9e0	clock_gettime	0010e9e0	0010ea17
0010ea20	clock_settime	0010ea20	0010ea87
0010ea90	clock_nanosleep	0010ea90	0010eb63
0010eb70	FUN_0010eb70	0010eb70	0010eb8f
0010eb90	FUN_0010eb90	0010eb90	0010ec8f
0010ec90	FUN_0010ec90	0010ec90	0010ed83
0010ed84	backtrace	0010ed84	0010eec3
0010eed0	backtrace_symbols	0010eed0	0010f247
0010f250	backtrace_symbols_fd	0010f250	0010f56b
0010f570	__cyg_profile_func_enter	0010f570	0010f577
0010f580	__memcpy_chk	0010f580	0010f5bb
0010f5c0	__memmove_chk	0010f5c0	0010f5fb
0010f600	__mempcpy_chk	0010f600	0010f63b
0010f640	__memset_chk	0010f640	0010f67b
0010f680	__stpcpy_chk	0010f680	0010f6d7
0010f6e0	__strcat_chk	0010f6e0	0010f76f
0010f770	__strcpy_chk	0010f770	0010f83f
0010f840	__strncat_chk	0010f840	0010f9d3
0010f9e0	__strncpy_chk	0010f9e0	0010fa1b
0010fa20	__stpncpy_chk	0010fa20	0010fa5b
0010fa60	__sprintf_chk	0010fa60	0010fa97
0010faa0	FUN_0010faa0	0010faa0	0010fac3
0010fac4	__vsprintf_chk	0010fac4	0010fbaf
0010fbb0	__snprintf_chk	0010fbb0	0010fbef
0010fbf0	__vsnprintf_chk	0010fbf0	0010fcf7
0010fd00	__printf_chk	0010fd00	0010fe93
0010ff20	__fprintf_chk	0010ff20	00110093
00110120	__vprintf_chk	00110120	001102b7
00110340	__vfprintf_chk	00110340	001104af
00110540	__gets_chk	00110540	00110767
001107e0	__chk_fail	001107e0	00110807
00110a60	__fgets_chk	00110a60	00110c33
00110cb0	__fgets_unlocked_chk	00110cb0	00110dcf
00110dd0	__read_chk	00110dd0	00110e2b
00110e30	__pread_chk	00110e30	00110e6f
00110e70	__pread64_chk	00110e70	00110ebf
00110ec0	__recv_chk	00110ec0	00110eff
00110f00	__recvfrom_chk	00110f00	00110f4f
00110f50	__readlink_chk	00110f50	00110fab
00110fb0	__readlinkat_chk	00110fb0	00110fef
00110ff0	__getwd_chk	00110ff0	0011104f
00111050	__getcwd_chk	00111050	0011108b
00111090	__realpath_chk	00111090	001110cb
001110d0	__fread_chk	001110d0	001112bb
00111330	__fread_unlocked_chk	00111330	00111407
00111410	__wctomb_chk	00111410	00111467
00111470	__wcscpy_chk	00111470	001114cf
001114d0	__wmemcpy_chk	001114d0	0011150f
00111510	__wmemmove_chk	00111510	0011154f
00111550	__wmempcpy_chk	00111550	0011158f
00111590	__wcpcpy_chk	00111590	001115f3
00111600	__wcsncpy_chk	00111600	0011163b
00111640	__wcscat_chk	00111640	001116d7
001116e0	__wcsncat_chk	001116e0	00111873
00111880	__wmemset_chk	00111880	001118bb
001118c0	__wcpncpy_chk	001118c0	001118fb
00111900	__swprintf_chk	00111900	0011193f
00111940	__vswprintf_chk	00111940	00111a4f
00111a50	__wprintf_chk	00111a50	00111bdb
00111c60	__fwprintf_chk	00111c60	00111dcb
00111e50	__vwprintf_chk	00111e50	00111fe7
00112070	__vfwprintf_chk	00112070	001121df
00112270	__fgetws_chk	00112270	0011244b
001124c0	__fgetws_unlocked_chk	001124c0	001125e3
001125f0	__confstr_chk	001125f0	0011262b
00112630	__getgroups_chk	00112630	00112697
001126a0	__ttyname_r_chk	001126a0	001126db
001126e0	__gethostname_chk	001126e0	0011271b
00112720	__getdomainname_chk	00112720	0011275b
00112760	__wcrtomb_chk	00112760	001127b3
001127c0	__mbsnrtowcs_chk	001127c0	00112807
00112810	__wcsnrtombs_chk	00112810	00112857
00112860	__mbsrtowcs_chk	00112860	0011289f
001128a0	__wcsrtombs_chk	001128a0	001128df
001128e0	__mbstowcs_chk	001128e0	00112933
00112940	__wcstombs_chk	00112940	00112993
001129a0	__asprintf_chk	001129a0	001129db
001129e0	__vasprintf_chk	001129e0	00112baf
00112bb0	__dprintf_chk	00112bb0	00112beb
00112bf0	__vdprintf_chk	00112bf0	00112d23
00112d30	__obstack_vprintf_chk	00112d30	00112f17
00112f18	__obstack_printf_chk	00112f18	00112f53
00112f60	__longjmp_chk	00112f60	00112fcb
00112fd0	FUN_00112fd0	00112fd0	001130d7
001130e0	__fdelt_warn	001130e0	00113117
00113120	__poll_chk	00113120	0011315f
00113160	__ppoll_chk	00113160	001131a3
001131b0	__stack_chk_fail	001131b0	001131d7
001131e0	__fortify_fail	001131e0	00113247
00113250	FUN_00113250	00113250	001133c7
001133c8	FUN_001133c8	001133c8	00113527
00113528	FUN_00113528	00113528	001135df
001135e0	ntohl	001135e0	001135eb
001135f0	ntohs	001135f0	001135fb
00113600	inet_lnaof	00113600	00113637
00113640	inet_makeaddr	00113640	001136db
001136e0	inet_netof	001136e0	00113717
00113720	inet_ntoa	00113720	001137b7
001137c0	inet_network	001137c0	001139b7
001139c0	__h_errno_location	001139c0	001139db
001139e0	gethostbyaddr	001139e0	00113c33
00113c40	gethostbyaddr_r	00113c40	0011409f
001140a0	gethostbyname	001140a0	0011430b
00114310	gethostbyname2	00114310	00114587
00114590	gethostbyname2_r	00114590	00114a13
00114a20	gethostbyname_r	00114a20	00114e93
00114ea0	gethostent	00114ea0	00114fef
00114ff0	sethostent	00114ff0	0011513b
0011513c	endhostent	0011513c	0011525f
00115260	gethostent_r	00115260	001153ff
00115400	getnetbyaddr	00115400	0011564f
00115650	getnetbyaddr_r	00115650	001159df
001159e0	getnetbyname	001159e0	00115c1f
00115c20	getnetent	00115c20	00115d6f
00115d70	setnetent	00115d70	00115ebb
00115ebc	endnetent	00115ebc	00115fdf
00115fe0	getnetent_r	00115fe0	0011617f
00116180	getnetbyname_r	00116180	00116507
00116510	getprotobynumber	00116510	00116733
00116740	getprotobynumber_r	00116740	001169cb
001169d0	getprotoent	001169d0	00116b17
00116b20	setprotoent	00116b20	00116c67
00116c68	endprotoent	00116c68	00116d87
00116d88	getprotoent_r	00116d88	00116f0f
00116f10	getprotobyname	00116f10	00117133
00117140	getprotobyname_r	00117140	001173cb
001173d0	getservbyname	001173d0	0011760f
00117610	getservbyname_r	00117610	00117927
00117930	getservbyport	00117930	00117b6f
00117b70	getservbyport_r	00117b70	00117e87
00117e90	getservent	00117e90	00117fd7
00117fe0	setservent	00117fe0	00118127
00118128	endservent	00118128	00118247
00118248	getservent_r	00118248	001183cf
001183d0	getrpcent	001183d0	00118517
00118520	getrpcbyname	00118520	00118743
00118750	getrpcbynumber	00118750	00118973
00118980	setrpcent	00118980	00118ac7
00118ac8	endrpcent	00118ac8	00118be7
00118be8	getrpcent_r	00118be8	00118d6f
00118d70	getrpcbyname_r	00118d70	00118ffb
00119000	getrpcbynumber_r	00119000	0011928b
00119290	ether_aton	00119290	001192ab
001192b0	ether_aton_r	001192b0	001193ff
00119400	ether_hostton	00119400	001195af
001195b0	ether_line	001195b0	001197eb
001197f0	ether_ntoa	001197f0	0011980b
00119810	ether_ntoa_r	00119810	00119883
00119890	ether_ntohost	00119890	00119a37
00119a40	FUN_00119a40	00119a40	00119c7f
00119c80	FUN_00119c80	00119c80	0011a1db
0011a1dc	FUN_0011a1dc	0011a1dc	0011a463
0011a464	rresvport_af	0011a464	0011a68f
0011a690	rcmd_af	0011a690	0011b307
0011b308	rcmd	0011b308	0011b34b
0011b34c	rresvport	0011b34c	0011b363
0011b364	ruserok_af	0011b364	0011b47f
0011b480	ruserok	0011b480	0011b4b7
0011b4b8	iruserok_af	0011b4b8	0011b5eb
0011b5ec	iruserok	0011b5ec	0011b627
0011b628	__ivaliduser	0011b628	0011b68b
0011b690	rexec_af	0011b690	0011bd4f
0011bd50	rexec	0011bd50	0011bd93
0011bda0	FUN_0011bda0	0011bda0	0011c0ab
0011c0ac	ruserpass	0011c0ac	0011c613
0011c620	FUN_0011c620	0011c620	0011c693
0011c694	FUN_0011c694	0011c694	0011c76f
0011c770	FUN_0011c770	0011c770	0011c7fb
0011c7fc	FUN_0011c7fc	0011c7fc	0011c8d7
0011c8d8	FUN_0011c8d8	0011c8d8	0011cb0f
0011cb10	__internal_setnetgrent	0011cb10	0011cb7f
0011cb80	setnetgrent	0011cb80	0011cd33
0011cd34	__internal_endnetgrent	0011cd34	0011cd83
0011cd84	endnetgrent	0011cd84	0011ce6b
0011ce6c	__internal_getnetgrent_r	0011ce6c	0011d13f
0011d140	getnetgrent_r	0011d140	0011d263
0011d264	innetgr	0011d264	0011d76f
0011d770	FUN_0011d770	0011d770	0011d7ab
0011d7ac	getnetgrent	0011d7ac	0011d8ab
0011d8b0	setaliasent	0011d8b0	0011d9eb
0011d9ec	endaliasent	0011d9ec	0011db0b
0011db0c	getaliasent_r	0011db0c	0011dc8b
0011dc90	getaliasent	0011dc90	0011ddd7
0011dde0	getaliasbyname	0011dde0	0011e003
0011e010	getaliasbyname_r	0011e010	0011e29b
0011e2a0	FUN_0011e2a0	0011e2a0	0011e6b7
0011e6b8	getnameinfo	0011e6b8	0011efcb
0011efd0	if_nametoindex	0011efd0	0011f0ab
0011f0ac	if_freenameindex	0011f0ac	0011f10f
0011f110	if_nameindex	0011f110	0011f4e7
0011f4e8	if_indextoname	0011f4e8	0011f5ef
0011f5f0	FUN_0011f5f0	0011f5f0	0011f66f
0011f670	FUN_0011f670	0011f670	0011f9ef
0011f9f0	FUN_0011f9f0	0011f9f0	0011fa03
0011fa04	FUN_0011fa04	0011fa04	0011fadb
0011fadc	FUN_0011fadc	0011fadc	001208a7
001208a8	getifaddrs	001208a8	00120907
00120908	freeifaddrs	00120908	0012091f
00120920	FUN_00120920	00120920	001209d7
001209d8	FUN_001209d8	001209d8	00120b17
00120b18	FUN_00120b18	00120b18	00120b77
00120b78	inet6_option_space	00120b78	00120b87
00120b88	inet6_option_init	00120b88	00120bc7
00120bc8	inet6_option_append	00120bc8	00120c4f
00120c50	inet6_option_alloc	00120c50	00120c6b
00120c6c	inet6_option_next	00120c6c	00120d63
00120d64	inet6_option_find	00120d64	00120e77
00120e80	getipv4sourcefilter	00120e80	00120ffb
00121000	setipv4sourcefilter	00121000	001211a7
001211b0	FUN_001211b0	001211b0	0012125b
0012125c	getsourcefilter	0012125c	00121427
00121430	setsourcefilter	00121430	001215d3
001215e0	inet6_opt_init	001215e0	00121623
00121624	inet6_opt_append	00121624	00121777
00121778	inet6_opt_finish	00121778	0012181f
00121820	inet6_opt_set_val	00121820	00121873
00121874	inet6_opt_next	00121874	00121917
00121918	inet6_opt_find	00121918	001219c7
001219c8	inet6_opt_get_val	001219c8	00121a1f
00121a20	inet6_rth_space	00121a20	00121a47
00121a48	inet6_rth_init	00121a48	00121adb
00121adc	inet6_rth_add	00121adc	00121b5f
00121b60	inet6_rth_reverse	00121b60	00121c97
00121c98	inet6_rth_segments	00121c98	00121cb7
00121cb8	inet6_rth_getaddr	00121cb8	00121cef
00121cf0	FUN_00121cf0	00121cf0	001223c7
001223c8	FUN_001223c8	001223c8	001226db
001226dc	FUN_001226dc	001226dc	0012271b
0012271c	FUN_0012271c	0012271c	001227e3
001227f0	FUN_001227f0	001227f0	00122bc3
00122bd0	FUN_00122bd0	00122bd0	00122d53
00122d60	hstrerror	00122d60	00122dc3
00122dc4	herror	00122dc4	00122eb3
00122ec0	inet_aton	00122ec0	001230af
001230b0	inet_addr	001230b0	001230f3
00123100	FUN_00123100	00123100	001231bf
001231c0	inet_ntop	001231c0	00123583
00123590	FUN_00123590	00123590	0012366f
00123670	inet_pton	00123670	0012399b
001239a0	inet_nsap_addr	001239a0	00123acb
00123acc	inet_nsap_ntoa	00123acc	00123b8f
00123b90	FUN_00123b90	00123b90	00123e3f
00123e40	FUN_00123e40	00123e40	00124b03
00124b04	__res_ninit	00124b04	00124b1b
00124b1c	__res_randomid	00124b1c	00124b4f
00124b50	__res_iclose	00124b50	00124c23
00124c24	__res_nclose	00124c24	00124c3b
00124c40	FUN_00124c40	00124c40	00124f33
00124f34	FUN_00124f34	00124f34	001250a3
001250a4	FUN_001250a4	001250a4	001251ef
001251f0	FUN_001251f0	001251f0	00125767
00125768	FUN_00125768	00125768	001257ff
00125800	FUN_00125800	00125800	00125bc3
00125bc4	FUN_00125bc4	00125bc4	00125ccb
00125ccc	FUN_00125ccc	00125ccc	00125d67
00125d70	res_init	00125d70	00125f0f
00125f10	__res_maybe_init	00125f10	00126023
00126030	__res_state	00126030	0012604f
00126050	__gai_sigqueue	00126050	0012610f
00126138	FUN_00126138	00126138	00126647
00126648	FUN_00126648	00126648	00126953
00126954	FUN_00126954	00126954	00126a07
00126a08	__nss_database_lookup	00126a08	00126f0f
00126f10	FUN_00126f10	00126f10	00126f87
00126f88	__nss_configure_lookup	00126f88	0012714f
00127150	__nss_lookup_function	00127150	001273fb
001273fc	__nss_lookup	001273fc	0012752f
00127530	__nss_next2	00127530	0012769b
0012769c	__nss_disable_nscd	0012769c	0012777f
00127780	FUN_00127780	00127780	001278f7
00127900	FUN_00127900	00127900	001279f3
001279f4	FUN_001279f4	001279f4	00127bb7
00127bb8	FUN_00127bb8	00127bb8	00127d27
00127d28	FUN_00127d28	00127d28	001280d7
001280e0	__nss_hostname_digits_dots	001280e0	001286f7
00128700	FUN_00128700	00128700	00128803
00128810	__nss_services_lookup2	00128810	00128913
00128920	__nss_hosts_lookup2	00128920	00128a27
00128a30	FUN_00128a30	00128a30	00128b37
00128b40	__nss_group_lookup2	00128b40	00128c47
00128c50	__nss_passwd_lookup2	00128c50	00128d57
00128d60	FUN_00128d60	00128d60	00128e63
00128e70	FUN_00128e70	00128e70	00128f73
00128f80	FUN_00128f80	00128f80	0012908b
00129090	FUN_00129090	00129090	00129193
001291a0	FUN_001291a0	001291a0	001292a7
001292b0	FUN_001292b0	001292b0	001293b3
001293c0	FUN_001293c0	001293c0	001294cb
00129510	FUN_00129510	00129510	001295ff
00129608	authnone_create	00129608	001296c3
001296d0	xdr_authunix_parms	001296d0	001297a3
001297b0	bindresvport	001297b0	00129ab7
00129ae0	FUN_00129ae0	00129ae0	00129b5b
00129b5c	FUN_00129b5c	00129b5c	00129e4f
00129e50	clntraw_create	00129e50	00129fcb
00129fd0	callrpc	00129fd0	0012a30b
0012a30c	FUN_0012a30c	0012a30c	0012a387
0012a390	_rpc_dtablesize	0012a390	0012a3d7
0012a3e0	getrpcport	0012a3e0	0012a55f
0012a560	FUN_0012a560	0012a560	0012a677
0012a678	pmap_set	0012a678	0012a80b
0012a80c	pmap_unset	0012a80c	0012a943
0012a950	pmap_getmaps	0012a950	0012ab77
0012ab80	xdr_pmap	0012ab80	0012ac27
0012ac30	xdr_pmaplist	0012ac30	0012ad73
0012ad80	xdr_rmtcallres	0012ad80	0012ae23
0012ae24	xdr_rmtcall_args	0012ae24	0012af77
0012af78	pmap_rmtcall	0012af78	0012b0d3
0012b0d4	clnt_broadcast	0012b0d4	0012b753
0012b760	xdr_rejected_reply	0012b760	0012b813
0012b814	xdr_opaque_auth	0012b814	0012b887
0012b888	xdr_accepted_reply	0012b888	0012b96f
0012b970	xdr_des_block	0012b970	0012b987
0012b988	xdr_replymsg	0012b988	0012ba23
0012ba24	xdr_callhdr	0012ba24	0012bb03
0012bb04	_seterr_reply	0012bb04	0012bc27
0012bc30	xdr_callmsg	0012bc30	0012c0fb
0012c108	_authenticate	0012c100	0012fb73
0012c3b0	FUN_0012c3b0	0012c3b0	0012c42b
0012c42c	FUN_0012c42c	0012c42c	0012c49f
0012c4a0	FUN_0012c4a0	0012c4a0	0012c557
0012c558	FUN_0012c558	0012c558	0012c5ef
0012c5f0	svcraw_create	0012c5f0	0012c68f
0012c8c0	registerrpc	0012c8c0	0012cb0b
0012cb10	xdr_float	0012cb10	0012cb4f
0012cb50	xdr_double	0012cb50	0012cc13
0012cc94	FUN_0012cc94	0012cc94	0012cd67
0012cd68	FUN_0012cd68	0012cd68	0012cdaf
0012cdb0	FUN_0012cdb0	0012cdb0	0012ce67
0012ce68	FUN_0012ce68	0012ce68	0012cf57
0012cf58	FUN_0012cf58	0012cf58	0012d093
0012d094	FUN_0012d094	0012d094	0012d113
0012d114	FUN_0012d114	0012d114	0012d11f
0012d120	FUN_0012d120	0012d120	0012d203
0012d204	FUN_0012d204	0012d204	0012d2af
0012d2b0	FUN_0012d2b0	0012d2b0	0012d35f
0012d360	FUN_0012d360	0012d360	0012d3fb
0012d3fc	FUN_0012d3fc	0012d3fc	0012d49b
0012d548	FUN_0012d548	0012d548	0012d62f
0012d630	xdrrec_create	0012d630	0012d7ff
0012d800	xdrrec_skiprecord	0012d800	0012d8c7
0012d8c8	xdrrec_eof	0012d8c8	0012d997
0012d998	xdrrec_endofrecord	0012d998	0012da0f
0012da10	getpublickey	0012da10	0012db5b
0012db5c	getsecretkey	0012db5c	0012dcb7
0012dcc0	xdr_authdes_cred	0012dcc0	0012ddaf
0012ddb0	xdr_authdes_verf	0012ddb0	0012de1f
0012de20	cbc_crypt	0012de20	0012df7b
0012df7c	ecb_crypt	0012df7c	0012e04b
0012e050	FUN_0012e050	0012e050	0012e533
0012e534	FUN_0012e534	0012e534	0012ea93
0012eaa0	des_setparity	0012eaa0	0012eadf
0012eae0	xdr_keystatus	0012eae0	0012eb13
0012eb14	xdr_keybuf	0012eb14	0012eb47
0012eb48	xdr_netnamestr	0012eb48	0012eb7b
0012eb7c	xdr_cryptkeyarg	0012eb7c	0012ebdf
0012ebe0	xdr_cryptkeyarg2	0012ebe0	0012ec73
0012ec74	xdr_cryptkeyres	0012ec74	0012ecf3
0012ecf4	xdr_unixcred	0012ecf4	0012eda3
0012eda4	xdr_getcredres	0012eda4	0012ee23
0012ee24	xdr_key_netstarg	0012ee24	0012eecb
0012eecc	xdr_key_netstres	0012eecc	0012ef4b
0012ef50	FUN_0012ef50	0012ef50	0012f18f
0012f190	rtime	0012f190	0012f4af
0012fb74	authdes_getucred	0012fb74	0012fde3
0012fe34	FUN_0012fe34	0012fe34	0012febf
001300b4	FUN_001300b4	001300b4	00130423
00130424	FUN_00130424	00130424	0013059f
001305a0	FUN_001305a0	001305a0	001305ab
001305ac	FUN_001305ac	001305ac	00130683
00130684	FUN_00130684	00130684	001308d3
001308d4	clntunix_create	001308d4	00130c57
00130d50	FUN_00130d50	00130d50	00130eb3
0013101c	FUN_0013101c	0013101c	0013108b
0013108c	FUN_0013108c	0013108c	001310af
001310b0	FUN_001310b0	001310b0	001310db
001310dc	FUN_001310dc	001310dc	0013119f
001311a0	FUN_001311a0	001311a0	001311ab
001311ac	FUN_001311ac	001311ac	0013134f
00131350	FUN_00131350	00131350	00131507
00131508	svcunix_create	00131508	001317e3
001317e4	svcunixfd_create	001317e4	001317ff
00131800	FUN_00131800	00131800	00131963
00131978	FUN_00131978	00131978	001319eb
00131a10	FUN_00131a10	00131a10	00131ad7
00131d88	FUN_00131d88	00131d88	00131ee3
00131ee4	authdes_pk_create	00131ee4	001321bb
001321bc	authdes_create	001321bc	0013228b
00132290	FUN_00132290	00132290	00132297
00132298	FUN_00132298	00132298	001322b3
001322b4	FUN_001322b4	001322b4	00132347
00132348	FUN_00132348	00132348	0013243f
00132440	FUN_00132440	00132440	001325d3
001325d4	FUN_001325d4	001325d4	00132703
00132704	authunix_create	00132704	00132947
00132948	authunix_create_default	00132948	00132bcb
00132bd0	clnt_create	00132bd0	00132f2f
00132f30	clnt_sperrno	00132f30	00132faf
00132fb0	clnt_sperror	00132fb0	0013322b
0013322c	clnt_perror	0013322c	00133273
00133274	clnt_perrno	00133274	001332bb
001332bc	clnt_spcreateerror	001332bc	001333e7
001333e8	clnt_pcreateerror	001333e8	0013342f
00133474	FUN_00133474	00133474	001334ff
001336ac	FUN_001336ac	001336ac	00133a1b
00133a28	FUN_00133a28	00133a28	00133afb
00133afc	FUN_00133afc	00133afc	00133c7b
00133c7c	clnttcp_create	00133c7c	0013400b
00134054	FUN_00134054	00134054	00134233
00134234	FUN_00134234	00134234	001342bf
00134a00	__libc_clntudp_bufcreate	00134a00	00134dd3
00134dd4	clntudp_bufcreate	00134dd4	00134e27
00134e28	clntudp_create	00134e28	00134e77
00134e80	get_myaddress	00134e80	00134f83
00134f90	FUN_00134f90	00134f90	0013526b
0013526c	FUN_0013526c	0013526c	0013540b
0013540c	key_setsecret	0013540c	00135467
00135468	key_secretkey_is_set	00135468	001354f7
001354f8	key_encryptsession	001354f8	00135587
00135588	key_decryptsession	00135588	00135617
00135618	key_encryptsession_pk	00135618	001356ff
00135700	key_decryptsession_pk	00135700	001357e7
001357e8	key_gendes	001357e8	00135907
00135908	key_setnet	00135908	0013596f
00135970	key_get_conv	00135970	001359eb
001359ec	FUN_001359ec	001359ec	00135a87
00135a90	user2netname	00135a90	00135bd3
00135bd4	host2netname	00135bd4	00135daf
00135db0	getnetname	00135db0	00135e0f
00135e10	netname2user	00135e10	00135f6f
00135f70	netname2host	00135f70	0013602b
00136030	FUN_00136030	00136030	00136103
00136104	__libc_rpc_getport	00136104	00136303
00136304	pmap_getport	00136304	00136343
00136350	FUN_00136350	00136350	00136377
00136378	FUN_00136378	00136378	0013644b
0013644c	__rpc_thread_svc_fdset	0013644c	00136493
00136494	__rpc_thread_createerr	00136494	001364e3
001364e4	__rpc_thread_svc_pollfd	001364e4	00136533
00136534	__rpc_thread_svc_max_pollfd	00136534	00136583
00136590	FUN_00136590	00136590	0013662b
0013662c	xprt_register	0013662c	0013681f
00136820	xprt_unregister	00136820	00136973
00136974	svc_register	00136974	00136a9b
00136a9c	svc_unregister	00136a9c	00136b8b
00136b8c	svc_sendreply	00136b8c	00136bdf
00136be0	svcerr_noproc	00136be0	00136c2f
00136c30	svcerr_decode	00136c30	00136c7f
00136c80	svcerr_systemerr	00136c80	00136ccf
00136cd0	svcerr_auth	00136cd0	00136d07
00136d08	svcerr_weakauth	00136d08	00136d43
00136d44	svcerr_noprog	00136d44	00136d8f
00136d90	svcerr_progvers	00136d90	00136de7
00136de8	svc_getreq_common	00136de8	001370ab
001370ac	svc_getreqset	001370ac	0013718f
00137190	svc_getreq	00137190	001371df
001371e0	svc_getreq_poll	001371e0	0013730b
0013730c	FUN_0013730c	0013730c	00137373
00137374	FUN_00137374	00137374	001373d7
001374d0	FUN_001374d0	001374d0	00137633
00137780	FUN_00137780	00137780	001377ef
001377f0	FUN_001377f0	001377f0	00137813
00137814	FUN_00137814	00137814	0013783f
00137840	FUN_00137840	00137840	001378d7
001378d8	FUN_001378d8	001378d8	001378e3
001378e4	FUN_001378e4	001378e4	00137993
00137994	FUN_00137994	00137994	00137aab
00137aac	svctcp_create	00137aac	00137d53
00137d54	svcfd_create	00137d54	00137d6f
001385a4	svcudp_bufcreate	001385a4	0013890b
0013890c	svcudp_create	0013890c	00138927
00138928	svcudp_enablecache	00138928	00138aa3
00138ab0	FUN_00138ab0	00138ab0	00138b77
00138b78	passwd2des	00138b78	00138be7
00138be8	xencrypt	00138be8	00138d5b
00138d5c	xdecrypt	00138d5c	00138ecf
00138ed0	xdr_array	00138ed0	001390a7
001390a8	xdr_vector	001390a8	00139157
00139160	FUN_00139160	00139160	00139273
00139274	xdr_free	00139274	0013929b
0013929c	xdr_void	0013929c	001392a3
001392a4	xdr_long	001392a4	001392df
001392e0	xdr_int	001392e0	001392f7
001392f8	xdr_u_long	001392f8	0013937f
00139380	xdr_u_int	00139380	00139397
00139398	xdr_hyper	00139398	0013948b
0013948c	xdr_u_hyper	0013948c	0013957f
00139580	xdr_longlong_t	00139580	00139597
00139598	xdr_u_longlong_t	00139598	001395af
001395b0	xdr_short	001395b0	0013963f
00139640	xdr_u_short	00139640	001396cf
001396d0	xdr_char	001396d0	00139723
00139724	xdr_u_char	00139724	00139777
00139778	xdr_bool	00139778	0013980f
00139810	xdr_enum	00139810	00139827
00139828	xdr_opaque	00139828	00139853
00139854	xdr_bytes	00139854	001399f7
001399f8	xdr_netobj	001399f8	00139a17
00139a18	xdr_union	00139a18	00139b17
00139b18	xdr_string	00139b18	00139cbb
00139cbc	xdr_wrapstring	00139cbc	00139cef
00139cf0	xdr_int64_t	00139cf0	00139ddb
00139ddc	xdr_quad_t	00139ddc	00139df3
00139df4	xdr_uint64_t	00139df4	00139edf
00139ee0	xdr_u_quad_t	00139ee0	00139ef7
00139ef8	xdr_int32_t	00139ef8	00139f37
00139f38	xdr_uint32_t	00139f38	00139f77
00139f78	xdr_int16_t	00139f78	0013a007
0013a008	xdr_uint16_t	0013a008	0013a097
0013a098	xdr_int8_t	0013a098	0013a127
0013a128	xdr_uint8_t	0013a128	0013a1b7
0013a344	FUN_0013a344	0013a344	0013a367
0013a368	FUN_0013a368	0013a368	0013a3bb
0013a3bc	FUN_0013a3bc	0013a3bc	0013a3df
0013a3e0	FUN_0013a3e0	0013a3e0	0013a437
0013a438	xdrmem_create	0013a438	0013a463
0013a470	xdr_reference	0013a470	0013a5ab
0013a5ac	xdr_pointer	0013a5ac	0013a663
0013a6b0	FUN_0013a6b0	0013a6b0	0013a703
0013a704	FUN_0013a704	0013a704	0013a747
0013a748	FUN_0013a748	0013a748	0013a7bb
0013a7d0	xdr_sizeof	0013a7d0	0013a8b7
0013a8c8	FUN_0013a8c8	0013a8c8	0013a91b
0013a91c	FUN_0013a91c	0013a91c	0013a96f
0013a970	FUN_0013a970	0013a970	0013a9e7
0013a9e8	FUN_0013a9e8	0013a9e8	0013aa5f
0013aa60	FUN_0013aa60	0013aa60	0013aa77
0013aab4	FUN_0013aab4	0013aab4	0013aacb
0013aae8	FUN_0013aae8	0013aae8	0013ab23
0013ab24	FUN_0013ab24	0013ab24	0013ab3f
0013ab40	FUN_0013ab40	0013ab40	0013ab7b
0013ab7c	xdrstdio_create	0013ab7c	0013aba7
0013abb0	svc_exit	0013abb0	0013ac0f
0013ac10	svc_run	0013ac10	0013adef
0013adf0	FUN_0013adf0	0013adf0	0013af77
0013af80	FUN_0013af80	0013af80	0013b47b
0013b47c	FUN_0013b47c	0013b47c	0013b517
0013b518	FUN_0013b518	0013b518	0013b5ab
0013b5b0	FUN_0013b5b0	0013b5b0	0013bd23
0013bd24	FUN_0013bd24	0013bd24	0013bdaf
0013bdb0	FUN_0013bdb0	0013bdb0	0013be43
0013be50	FUN_0013be50	0013be50	0013c7a7
0013c7a8	FUN_0013c7a8	0013c7a8	0013c85f
0013c860	FUN_0013c860	0013c860	0013c8ff
0013c900	FUN_0013c900	0013c900	0013c977
0013c978	FUN_0013c978	0013c978	0013cb0f
0013cb10	FUN_0013cb10	0013cb10	0013d037
0013d040	FUN_0013d040	0013d040	0013d50b
0013d510	FUN_0013d510	0013d510	0013de9b
0013de9c	FUN_0013de9c	0013de9c	0013df2f
0013df30	FUN_0013df30	0013df30	0013dfd3
0013dfe0	FUN_0013dfe0	0013dfe0	0013e067
0013e038	FUN_0013e038	0013e038	0013e05f
0013e068	FUN_0013e068	0013e068	0013e3cb
0013e3cc	FUN_0013e3cc	0013e3cc	0013e847
0013e850	FUN_0013e850	0013e850	0013e9d3
0013e9d4	FUN_0013e9d4	0013e9d4	0013ec5f
0013ec60	FUN_0013ec60	0013ec60	0013ed77
0013ed78	FUN_0013ed78	0013ed78	0013efdf
0013efe0	FUN_0013efe0	0013efe0	0013f057
0013f058	FUN_0013f058	0013f058	0013f4db
0013f4dc	FUN_0013f4dc	0013f4dc	0013f6bf
0013f6c0	FUN_0013f6c0	0013f6c0	0013f8d7
0013f8d8	FUN_0013f8d8	0013f8d8	0013fa4b
0013fa50	isastream	0013fa50	0013fa83
0013fa90	getmsg	0013fa90	0013fafb
0013fb00	thunk_FUN_00029390	0013fb00	0013fb0b
0013fb0c	getpmsg	0013fb0c	0013fb2f
0013fb40	putmsg	0013fb40	0013fbab
0013fbb0	thunk_FUN_00029390	0013fbb0	0013fbbb
0013fbbc	putpmsg	0013fbbc	0013fbdf
0013fbf0	fattach	0013fbf0	0013fc17
0013fc20	fdetach	0013fc20	0013fc47
0013fc50	FUN_0013fc50	0013fc50	0013fd73
0013fd74	getlogin	0013fd74	0013fddf
0013fde0	FUN_0013fde0	0013fde0	0014001b
0014001c	FUN_0014001c	0014001c	001402ef
001402f0	getlogin_r	001402f0	0014035f
00140360	setlogin	00140360	00140387
00140390	__getlogin_r_chk	00140390	001403cf
001403d0	getutent	001403d0	00140443
00140450	FUN_00140450	00140450	0014049b
0014049c	FUN_0014049c	0014049c	00140527
00140528	FUN_00140528	00140528	001405c7
001405c8	FUN_001405c8	001405c8	00140667
00140668	FUN_00140668	00140668	001406d7
001406d8	FUN_001406d8	001406d8	001406df
001406e0	FUN_001406e0	001406e0	0014070b
0014070c	setutent	0014070c	001407d3
001407d4	getutent_r	001407d4	001408b7
001408b8	pututline	001408b8	00140993
00140994	endutent	00140994	00140a6f
00140a70	getutid	00140a70	00140af3
00140b00	getutline	00140b00	00140b83
00140b90	getutid_r	00140b90	00140cab
00140cb0	getutline_r	00140cb0	00140dab
00140db8	FUN_00140db8	00140db8	0014104b
0014104c	FUN_0014104c	0014104c	0014123f
00141240	FUN_00141240	00141240	001412e3
001412e4	FUN_001412e4	001412e4	001415f3
001415f4	FUN_001415f4	001415f4	001418cf
00141934	FUN_00141934	00141934	00141bd3
00141bd4	FUN_00141bd4	00141bd4	00141ce3
00141ce4	FUN_00141ce4	00141ce4	00142397
001423a0	utmpname	001423a0	00142583
00142590	updwtmp	00142590	0014276b
00142770	posix_openpt	00142770	001428e7
001428e8	FUN_001428e8	001428e8	001429eb
001429ec	getpt	001429ec	00142a37
00142a40	grantpt	00142a40	00142d7b
00142d80	unlockpt	00142d80	00142dfb
00142e00	FUN_00142e00	00142e00	00143133
00143134	ptsname_r	00143134	00143163
00143164	ptsname	00143164	001431af
001431b0	__ptsname_r_chk	001431b0	001431ef
001431f0	setutxent	001431f0	00143207
00143210	getutxent	00143210	00143227
00143230	endutxent	00143230	00143247
00143250	getutxid	00143250	00143267
00143270	getutxline	00143270	00143287
00143290	pututxline	00143290	001432a7
001432b0	utmpxname	001432b0	001432c7
001432d0	updwtmpx	001432d0	001432e7
001432f0	getutmpx	001432f0	00143347
00143350	dl_iterate_phdr	00143350	00143567
00143570	_dl_addr	00143570	001438bf
001438c8	FUN_001438c8	001438c8	0014392b
00143930	_dl_mcount_wrapper	00143930	00143963
00143964	_dl_mcount_wrapper_check	00143964	001439b3
001439c0	FUN_001439c0	001439c0	00143a33
00143a34	FUN_00143a34	00143a34	00143a9b
00143a9c	FUN_00143a9c	00143a9c	00143ab7
00143ab8	FUN_00143ab8	00143ab8	00143b3f
00143b40	__libc_dlopen_mode	00143b40	00143bbb
00143bbc	__libc_dlsym	00143bbc	00143c4f
00143c50	__libc_dlclose	00143c50	00143c8b
00143cfc	FUN_00143cfc	00143cfc	001441cf
001441d0	_dl_vsym	001441d0	0014429f
001442a0	_dl_sym	001442a0	001442db
001442e0	__libc_dl_error_tsd	001442e0	001442fb
00144300	FUN_00144300	00144300	001445db
001445dc	FUN_001445dc	001445dc	0014473b
0014473c	FUN_0014473c	0014473c	0014477b
0014477c	FUN_0014477c	0014477c	00144807
00144808	FUN_00144808	00144808	00144903
00144904	FUN_00144904	00144904	00144abb
00144c1c	FUN_00144c1c	00144c1c	00144e17
00144e18	FUN_00144e18	00144e18	00145053
00145054	FUN_00145054	00145054	001453eb
001453ec	FUN_001453ec	001453ec	00145c3b
00145c3c	FUN_00145c3c	00145c3c	00145c6b
00145c6c	__register_frame_info_bases	00145c6c	00145d5f
00145d60	__register_frame_info	00145d60	00145d7b
00145d7c	__register_frame	00145d7c	00145de3
00145de4	__register_frame_info_table_bases	00145de4	00145ec7
00145ec8	__register_frame_info_table	00145ec8	00145ee3
00145ee4	__register_frame_table	00145ee4	00145f37
00145f38	__deregister_frame_info_bases	00145f38	00146127
00146128	__deregister_frame_info	00146128	0014613f
00146140	__deregister_frame	00146140	0014618f
00146190	FUN_00146190	00146190	0014646f
00146470	_Unwind_Find_FDE	00146470	0014651f
00146520	FUN_00146520	00146520	00146ea7
00146ef8	FUN_00146ef8	00146ef8	00146f37
00146f48	__frame_state_for	00146f48	00146ff3
00147000	FUN_00147000	00147000	00147083
00147084	FUN_00147084	00146ef0	00147143
00147144	FUN_00147144	00147144	00147177
00147178	FUN_00147178	00147178	001471cf
001471d0	FUN_001471d0	001471d0	00147343
00147344	FUN_00147344	00147344	001473a3
001473b0	atexit	001473b0	001473df
001473e0	realpath	001473e0	00147417
00147458	fopencookie	00147458	001474af
001474b0	fopen	001474b0	0014758f
00147590	fdopen	00147590	001477b7
001477b8	fclose	001477b8	001479bf
00147a34	_IO_proc_close	00147a34	00147c7f
00147c80	_IO_proc_open	00147c80	00147fef
00147ff0	popen	00147ff0	001480cf
001480d0	pclose	001480d0	001480e7
001480e8	tmpfile	001480e8	001481cf
001481d0	fgetpos	001481d0	001483f3
00148468	fsetpos	00148468	001485d7
0014864c	_IO_file_setbuf	0014864c	001486ab
001486ac	FUN_001486ac	001486ac	001487f3
001487f4	_IO_file_seekoff	001487f4	00148cdb
00148cdc	_IO_file_write	00148cdc	00148da7
00148da8	_IO_file_underflow	00148da8	00148f3b
00148f3c	_IO_file_xsputn	00148f3c	00149207
00149208	_IO_file_init	00149208	001492ab
001492ac	_IO_file_fopen	001492ac	0014945f
00149460	_IO_file_attach	00149460	0014952b
0014952c	_IO_do_write	0014952c	00149583
00149584	_IO_file_close_it	00149584	001496fb
001496fc	FUN_001496fc	001496fc	0014979b
0014979c	_IO_file_overflow	0014979c	00149957
00149958	_IO_file_sync	00149958	00149a27
00149a28	getgrent_r	00149a28	00149a5f
00149a60	getgrgid_r	00149a60	00149aab
00149aac	getgrnam_r	00149aac	00149af7
00149af8	getpwent_r	00149af8	00149b2f
00149b30	getpwnam_r	00149b30	00149b7b
00149b7c	getpwuid_r	00149b7c	00149bc7
00149bc8	regexec	00149bc8	00149be7
00149be8	sched_getaffinity	00149be8	00149c03
00149c04	sched_setaffinity	00149c04	00149c1f
00149c20	posix_spawn	00149c20	00149c63
00149c64	posix_spawnp	00149c64	00149ca7
00149ca8	FUN_00149ca8	00149ca8	00149fc3
00149fc4	FUN_00149fc4	00149fc4	0014a25b
0014a25c	nftw	0014a25c	0014a29f
0014a2a0	nftw64	0014a2a0	0014a2e3
0014a2e4	posix_fadvise64	0014a2e4	0014a323
0014a324	posix_fallocate64	0014a324	0014a35b
0014a35c	getrlimit64	0014a35c	0014a42b
0014a42c	setrlimit64	0014a42c	0014a4ef
0014a4f0	msgctl	0014a4f0	0014a56b
0014a56c	semctl	0014a56c	0014a627
0014a628	shmctl	0014a628	0014a6a3
0014a6a4	getspent_r	0014a6a4	0014a6db
0014a6dc	getspnam_r	0014a6dc	0014a727
0014a728	pthread_cond_broadcast	0014a728	0014a75b
0014a75c	pthread_cond_destroy	0014a75c	0014a78f
0014a790	pthread_cond_init	0014a790	0014a7c3
0014a7c4	pthread_cond_signal	0014a7c4	0014a7f7
0014a7f8	pthread_cond_wait	0014a7f8	0014a82b
0014a82c	pthread_cond_timedwait	0014a82c	0014a85f
0014a860	FUN_0014a860	0014a860	0014a8af
0014a8b0	gethostbyaddr_r	0014a8b0	0014a913
0014a914	gethostbyname2_r	0014a914	0014a96f
0014a970	gethostbyname_r	0014a970	0014a9c3
0014a9c4	gethostent_r	0014a9c4	0014aa07
0014aa08	getnetbyaddr_r	0014aa08	0014aa63
0014aa64	getnetent_r	0014aa64	0014aaa7
0014aaa8	getnetbyname_r	0014aaa8	0014aafb
0014aafc	getprotobynumber_r	0014aafc	0014ab47
0014ab48	getprotoent_r	0014ab48	0014ab7f
0014ab80	getprotobyname_r	0014ab80	0014abcb
0014abcc	getservbyname_r	0014abcc	0014ac1f
0014ac20	getservbyport_r	0014ac20	0014ac73
0014ac74	getservent_r	0014ac74	0014acab
0014acac	getrpcent_r	0014acac	0014ace3
0014ace4	getrpcbyname_r	0014ace4	0014ad2f
0014ad30	getrpcbynumber_r	0014ad30	0014ad7b
0014ad7c	getaliasent_r	0014ad7c	0014adb3
0014adb4	getaliasbyname_r	0014adb4	0014adff
0014ae00	__nss_next	0014ae00	0014ae3f
0014ae40	FUN_0014ae40	0014ae40	0014ae5b
0014ae5c	__nss_hosts_lookup	0014ae5c	0014ae77
0014ae94	__nss_group_lookup	0014ae94	0014aeaf
0014aeb0	__nss_passwd_lookup	0014aeb0	0014aecb
0014aee8	FUN_0014aee8	0014aee8	0014af03
0014af20	FUN_0014af20	0014af20	0014af3b
0014af3c	FUN_0014af3c	0014af3c	0014af57
0014af90	__tls_get_addr	0014af90	0014af9f
0014afa0	_dl_find_dso_for_object	0014afa0	0014b0fb
0014b0fc	FUN_0014b0fc	0014b0fc	0014b1ab
0014b1ac	FUN_0014b1ac	0014b1ac	0014b253
0014b254	FUN_0014b254	0014b254	0014b28b
0014b28c	FUN_0014b28c	0014b28c	0014b2d7
0014b2d8	FUN_0014b2d8	0014b2d8	0014b327
0014b370	FUN_0014b370	0014b370	0014b537
0014b538	FUN_0014b538	0014b538	0014b6b7
0014b7b4	FUN_0014b7b4	0014b7b4	0014b843
0014b844	FUN_0014b844	0014b844	0014b9af
0014ba04	FUN_0014ba04	0014ba04	0014ba6b
0014bb20	FUN_0014bb20	0014bb20	0014bb9b
0014bb9c	FUN_0014bb9c	0014bb9c	0014bbc7
0014bbc8	__libc_freeres	0014bbc8	0014bc9b
0014bc9c	FUN_0014bc9c	0014bc9c	0014bd0f
0014bd10	FUN_0014bd10	0014bd10	0014bd2b
0014bd2c	FUN_0014bd2c	0014bd2c	0014bdbf
0014bdc0	FUN_0014bdc0	0014bdc0	0014bddb
0014bf0c	FUN_0014bf0c	0014bf0c	0014bf6b
0014bf6c	FUN_0014bf6c	0014bf6c	0014bfbb
0014bfbc	FUN_0014bfbc	0014bfbc	0014bfeb
0014bfec	FUN_0014bfec	0014bfec	0014c01f
0014c020	FUN_0014c020	0014c020	0014c117
0014c118	FUN_0014c118	0014c118	0014c153
0014c154	FUN_0014c154	0014c154	0014c18b
0014c18c	FUN_0014c18c	0014c18c	0014c1bf
0014c1c0	FUN_0014c1c0	0014c1c0	0014c1f3
0014c1f4	FUN_0014c1f4	0014c1f4	0014c223
0014c224	FUN_0014c224	0014c224	0014c257
0014c258	FUN_0014c258	0014c258	0014c313
0014c314	FUN_0014c314	0014c314	0014c4f3
0014c4f4	FUN_0014c4f4	0014c4f4	0014c5d3
0014c5d4	__libc_thread_freeres	0014c5d4	0014c633
0014c634	FUN_0014c634	0014c634	0014c67b
0014c6d4	FUN_0014c6d4	0014c6d4	0014c7e3
