address	type	name
EXTERNAL:00000001	Function	<EXTERNAL>::__gmon_start__
EXTERNAL:00000002	Function	<EXTERNAL>::__cxa_finalize
EXTERNAL:00000003	Function	<EXTERNAL>::__cxa_guard_acquire
EXTERNAL:00000004	Function	<EXTERNAL>::close
EXTERNAL:00000005	Function	<EXTERNAL>::_Unwind_Resume
EXTERNAL:00000006	Function	<EXTERNAL>::std::__detail::_List_node_base::_M_hook
EXTERNAL:00000007	Function	<EXTERNAL>::sprintf
EXTERNAL:00000008	Function	<EXTERNAL>::fputc
EXTERNAL:00000009	Function	<EXTERNAL>::toupper
EXTERNAL:0000000a	Function	<EXTERNAL>::munmap
EXTERNAL:0000000b	Function	<EXTERNAL>::isalpha
EXTERNAL:0000000c	Function	<EXTERNAL>::memset
EXTERNAL:0000000d	Function	<EXTERNAL>::write
EXTERNAL:0000000e	Function	<EXTERNAL>::fprintf
EXTERNAL:0000000f	Function	<EXTERNAL>::strlen
EXTERNAL:00000010	Function	<EXTERNAL>::mmap
EXTERNAL:00000011	Function	<EXTERNAL>::feof
EXTERNAL:00000012	Function	<EXTERNAL>::std::__detail::_List_node_base::_M_unhook
EXTERNAL:00000013	Function	<EXTERNAL>::open
EXTERNAL:00000014	Function	<EXTERNAL>::puts
EXTERNAL:00000015	Function	<EXTERNAL>::malloc
EXTERNAL:00000016	Function	<EXTERNAL>::strcpy
EXTERNAL:00000017	Function	<EXTERNAL>::fread
EXTERNAL:00000018	Function	<EXTERNAL>::usleep
EXTERNAL:00000019	Function	<EXTERNAL>::fwrite
EXTERNAL:0000001a	Function	<EXTERNAL>::perror
EXTERNAL:0000001b	Function	<EXTERNAL>::operator.new
EXTERNAL:0000001c	Function	<EXTERNAL>::__cxa_guard_release
EXTERNAL:0000001d	Function	<EXTERNAL>::memcmp
EXTERNAL:0000001e	Function	<EXTERNAL>::time
EXTERNAL:0000001f	Function	<EXTERNAL>::fgets
EXTERNAL:00000020	Function	<EXTERNAL>::memcpy
EXTERNAL:00000021	Function	<EXTERNAL>::free
EXTERNAL:00000022	Function	<EXTERNAL>::operator.delete
EXTERNAL:00000023	Function	<EXTERNAL>::strcmp
EXTERNAL:00000024	Function	<EXTERNAL>::_ITM_deregisterTMCloneTable
EXTERNAL:00000025	Function	<EXTERNAL>::_ITM_registerTMCloneTable
EXTERNAL:00000026	Function	<EXTERNAL>::_Jv_RegisterClasses
00000148	Label	_DYNAMIC
00010000	Label	Elf32_Ehdr_00010000
00010034	Label	Elf32_Phdr_ARRAY_00010034
00010118	Label	DAT_00010118
00010130	Label	Elf32_RegInfo_MIPS_00010130
00010148	Label	_DYNAMIC
00010250	Label	__DT_HASH
00010950	Label	__DT_SYMTAB
000118e0	Label	__DT_STRTAB
00012ba6	Label	__DT_VERSYM
00012d98	Label	__DT_VERNEED
00012de8	Label	__DT_REL
00013480	Label	__DT_INIT
00013480	Function	_init
000134b0	Label	LAB_000134b0
000134b8	Label	LAB_000134b8
000134dc	Label	LAB_000134dc
00013510	Label	_ftext
00013510	Function	_GLOBAL__sub_I_libretro.cpp
00013550	Function	deregister_tm_clones
0001358c	Label	LAB_0001358c
00013594	Function	register_tm_clones
000135d8	Label	LAB_000135d8
000135e0	Function	__do_global_dtors_aux
00013630	Label	LAB_00013630
00013664	Label	LAB_00013664
00013694	Label	LAB_00013694
000136a8	Label	LAB_000136a8
000136c4	Function	frame_dummy
000136ec	Label	LAB_000136ec
00013700	Label	LAB_00013700
00013720	Function	apu::~apu
00013720	Label	_ZN3apuD1Ev
00013720	Label	_ZN3apuD2Ev
00013728	Function	apu::read
00013728	Label	_ZN3apu4readEt
0001374c	Label	LAB_0001374c
00013774	Label	LAB_00013774
00013778	Label	LAB_00013778
00013790	Label	LAB_00013790
000137a8	Label	LAB_000137a8
000137b8	Label	LAB_000137b8
000137c0	Label	LAB_000137c0
000137dc	Label	LAB_000137dc
000137e4	Label	LAB_000137e4
000137f4	Label	LAB_000137f4
00013804	Function	apu::update
00013804	Label	_ZN3apu6updateEv
0001380c	Function	apu::get_stat
0001380c	Label	_ZN3apu8get_statEv
00013818	Function	apu::get_stat_cpy
00013818	Label	_ZN3apu12get_stat_cpyEv
00013824	Function	apu::get_mem
00013824	Label	_ZN3apu7get_memEv
00013838	Function	apu_snd::apu_snd
00013838	Label	_ZN7apu_sndC2EP3apu
00013838	Label	_ZN7apu_sndC1EP3apu
0001387c	Function	apu_snd::~apu_snd
0001387c	Label	_ZN7apu_sndD1Ev
0001387c	Label	_ZN7apu_sndD2Ev
00013884	Function	apu_snd::reset
00013884	Label	_ZN7apu_snd5resetEv
00013930	Label	LAB_00013930
00013a18	Label	LAB_00013a18
00013a2c	Label	LAB_00013a2c
00013ab4	Function	apu::reset
00013ab4	Label	_ZN3apu5resetEv
00013acc	Function	apu::apu
00013acc	Label	_ZN3apuC1EP2gb
00013acc	Label	_ZN3apuC2EP2gb
00013afc	Label	LAB_00013afc
00013b14	Label	LAB_00013b14
00013b38	Label	LAB_00013b38
00013b40	Label	LAB_00013b40
00013b64	Function	apu_snd::set_enable
00013b64	Label	_ZN7apu_snd10set_enableEib
00013b78	Function	apu_snd::get_enable
00013b78	Label	_ZN7apu_snd10get_enableEi
00013b8c	Function	apu_snd::process
00013b8c	Label	_ZN7apu_snd7processEth
00013c20	Label	LAB_00013c20
00013c84	Label	switchD_00013c84::switchD
00013c8c	Label	switchD_00013c84::caseD_13
00013cc8	Label	switchD_00013c84::caseD_5
00013cc8	Label	switchD_00013c84::caseD_f
00013cd0	Label	switchD_00013c84::caseD_16
00013d08	Label	switchD_00013c84::caseD_0
00013d2c	Label	switchD_00013c84::caseD_1
00013d4c	Label	switchD_00013c84::caseD_2
00013d70	Label	switchD_00013c84::caseD_3
00013d88	Label	switchD_00013c84::caseD_4
00013de0	Label	switchD_00013c84::caseD_6
00013e00	Label	switchD_00013c84::caseD_7
00013e24	Label	switchD_00013c84::caseD_8
00013e3c	Label	switchD_00013c84::caseD_9
00013e84	Label	LAB_00013e84
00013e88	Label	LAB_00013e88
00013ea4	Label	switchD_00013c84::caseD_a
00013eb0	Label	switchD_00013c84::caseD_b
00013ed8	Label	switchD_00013c84::caseD_c
00013ef0	Label	switchD_00013c84::caseD_d
00013f04	Label	switchD_00013c84::caseD_e
00013f44	Label	switchD_00013c84::caseD_10
00013f5c	Label	switchD_00013c84::caseD_11
00013f88	Label	switchD_00013c84::caseD_12
00014008	Label	switchD_00013c84::caseD_14
00014020	Label	switchD_00013c84::caseD_15
0001407c	Label	LAB_0001407c
00014080	Label	LAB_00014080
00014088	Function	apu_snd::update
00014088	Label	_ZN7apu_snd6updateEv
000140b0	Label	LAB_000140b0
000140b4	Label	LAB_000140b4
000140b8	Label	LAB_000140b8
000140cc	Label	LAB_000140cc
000140d0	Label	LAB_000140d0
000140d8	Label	LAB_000140d8
000140f8	Label	LAB_000140f8
00014140	Label	LAB_00014140
00014144	Label	LAB_00014144
00014168	Label	LAB_00014168
00014174	Label	LAB_00014174
0001418c	Label	LAB_0001418c
000141d4	Label	LAB_000141d4
000141d8	Label	LAB_000141d8
00014200	Label	LAB_00014200
00014210	Label	LAB_00014210
0001423c	Label	LAB_0001423c
0001425c	Label	LAB_0001425c
00014270	Label	LAB_00014270
00014290	Label	LAB_00014290
000142a4	Label	LAB_000142a4
000142e8	Label	LAB_000142e8
000142f0	Label	LAB_000142f0
00014310	Label	LAB_00014310
00014318	Label	LAB_00014318
00014320	Label	LAB_00014320
00014328	Label	LAB_00014328
00014330	Label	LAB_00014330
00014338	Label	LAB_00014338
0001434c	Function	apu::write
0001434c	Label	_ZN3apu5writeEthi
000143a0	Label	LAB_000143a0
000143a4	Label	LAB_000143a4
000143f4	Label	LAB_000143f4
00014414	Label	LAB_00014414
00014448	Label	LAB_00014448
00014478	Label	LAB_00014478
000144b8	Label	LAB_000144b8
000144c4	Label	LAB_000144c4
00014510	Function	apu_snd::render
00014510	Label	_ZN7apu_snd6renderEPsi
0001456c	Label	LAB_0001456c
000145fc	Label	LAB_000145fc
00014718	Label	LAB_00014718
00014778	Label	LAB_00014778
000147a4	Label	LAB_000147a4
000147c4	Label	LAB_000147c4
000147c8	Label	LAB_000147c8
000147e4	Label	LAB_000147e4
00014810	Label	LAB_00014810
00014858	Label	LAB_00014858
00014880	Label	LAB_00014880
00014884	Label	LAB_00014884
00014928	Label	LAB_00014928
00014a00	Label	LAB_00014a00
00014a54	Label	LAB_00014a54
00014a60	Label	LAB_00014a60
00014ab8	Label	LAB_00014ab8
00014adc	Label	LAB_00014adc
00014b0c	Label	LAB_00014b0c
00014b28	Label	LAB_00014b28
00014bb0	Label	LAB_00014bb0
00014c5c	Label	LAB_00014c5c
00014c90	Label	LAB_00014c90
00014cd4	Label	LAB_00014cd4
00014cfc	Label	LAB_00014cfc
00014d2c	Label	LAB_00014d2c
00014d38	Label	LAB_00014d38
00014df4	Label	LAB_00014df4
00014dfc	Label	LAB_00014dfc
00014e4c	Label	LAB_00014e4c
00014e78	Label	LAB_00014e78
00014ea8	Label	LAB_00014ea8
00014ef0	Label	LAB_00014ef0
00014f1c	Label	LAB_00014f1c
00014fb4	Label	LAB_00014fb4
00014fd8	Label	LAB_00014fd8
00014fe0	Label	LAB_00014fe0
00014fe4	Label	LAB_00014fe4
00015000	Label	LAB_00015000
00015014	Label	LAB_00015014
00015068	Label	LAB_00015068
00015084	Label	LAB_00015084
0001508c	Label	LAB_0001508c
00015090	Label	LAB_00015090
000150ac	Label	LAB_000150ac
000150c4	Label	LAB_000150c4
000150c8	Label	LAB_000150c8
000150d4	Label	LAB_000150d4
000150e4	Label	LAB_000150e4
000150e8	Label	LAB_000150e8
000150f4	Label	LAB_000150f4
00015104	Label	LAB_00015104
00015124	Label	LAB_00015124
00015184	Label	LAB_00015184
000151bc	Label	LAB_000151bc
0001521c	Label	LAB_0001521c
00015254	Label	LAB_00015254
0001525c	Label	LAB_0001525c
00015264	Label	LAB_00015264
00015270	Label	LAB_00015270
00015278	Label	LAB_00015278
00015280	Label	LAB_00015280
00015288	Function	apu_snd::serialize
00015288	Label	_ZN7apu_snd9serializeER10serializer
000152d4	Label	switchD_000152d4::switchD
000152dc	Label	switchD_000152d4::caseD_3
000152e0	Label	LAB_000152e0
000152f4	Label	LAB_000152f4
0001533c	Label	LAB_0001533c
000153a4	Label	LAB_000153a4
000153dc	Label	LAB_000153dc
0001542c	Label	LAB_0001542c
0001554c	Label	LAB_0001554c
000155d0	Label	LAB_000155d0
0001580c	Label	switchD_000152d4::caseD_4
00015814	Label	switchD_000152d4::caseD_0
00015860	Label	switchD_000152d4::caseD_1
00015868	Label	LAB_00015868
000158f4	Label	switchD_000152d4::caseD_2
000158fc	Label	LAB_000158fc
00015988	Label	LAB_00015988
000159cc	Label	LAB_000159cc
000159e4	Label	LAB_000159e4
00015a60	Function	apu::serialize
00015a60	Label	_ZN3apu9serializeER10serializer
00015a80	Function	cheat::~cheat
00015a80	Label	_ZN5cheatD1Ev
00015a80	Label	_ZN5cheatD2Ev
00015ab0	Label	LAB_00015ab0
00015ac8	Label	LAB_00015ac8
00015adc	Function	cheat::find_cheat
00015adc	Label	_ZN5cheat10find_cheatEPc
00015b20	Label	LAB_00015b20
00015b2c	Label	LAB_00015b2c
00015b44	Label	LAB_00015b44
00015b64	Function	cheat::create_unique_name
00015b64	Label	_ZN5cheat18create_unique_nameEPc
00015bb0	Label	LAB_00015bb0
00015bd4	Label	LAB_00015bd4
00015bfc	Label	LAB_00015bfc
00015c34	Function	cheat::create_cheat_map
00015c34	Label	_ZN5cheat16create_cheat_mapEv
00015c80	Label	LAB_00015c80
00015c84	Label	LAB_00015c84
00015cd4	Label	LAB_00015cd4
00015ce4	Label	LAB_00015ce4
00015ce8	Label	LAB_00015ce8
00015d00	Label	LAB_00015d00
00015d10	Label	LAB_00015d10
00015d18	Label	LAB_00015d18
00015d30	Function	cheat::cheat
00015d30	Label	_ZN5cheatC2EP2gb
00015d30	Label	_ZN5cheatC1EP2gb
00015d70	Label	LAB_00015d70
00015d90	Label	LAB_00015d90
00015da0	Label	LAB_00015da0
00015dbc	Label	LAB_00015dbc
00015dc0	Label	LAB_00015dc0
00015dc8	Function	cheat::clear
00015dc8	Label	_ZN5cheat5clearEv
00015df8	Label	LAB_00015df8
00015e10	Label	LAB_00015e10
00015e38	Function	cheat::delete_cheat
00015e38	Label	_ZN5cheat12delete_cheatEPc
00015e70	Label	LAB_00015e70
00015e7c	Label	LAB_00015e7c
00015ec0	Label	LAB_00015ec0
00015ec4	Label	LAB_00015ec4
00015ee0	Function	cheat::add_cheat
00015ee0	Label	_ZN5cheat9add_cheatEP9cheat_dat
00015f2c	Label	LAB_00015f2c
00015fa4	Label	LAB_00015fa4
00015fd4	Function	cheat::cheat_read
00015fd4	Label	_ZN5cheat10cheat_readEt
00016030	Label	LAB_00016030
0001604c	Label	LAB_0001604c
00016068	Label	LAB_00016068
0001609c	Label	LAB_0001609c
000160a0	Label	LAB_000160a0
000160a8	Label	LAB_000160a8
000160ec	Label	LAB_000160ec
00016140	Label	LAB_00016140
00016170	Label	LAB_00016170
00016190	Label	LAB_00016190
000161a4	Label	LAB_000161a4
000161cc	Label	LAB_000161cc
000161f0	Label	LAB_000161f0
00016260	Function	cheat::cheat_write
00016260	Label	_ZN5cheat11cheat_writeEth
00016268	Function	cheat::save
00016268	Label	_ZN5cheat4saveEP8_IO_FILE
000162b8	Label	LAB_000162b8
000162d4	Label	LAB_000162d4
00016328	Label	LAB_00016328
0001634c	Function	cheat::load
0001634c	Label	_ZN5cheat4loadEP8_IO_FILE
00016398	Label	LAB_00016398
000163b0	Label	LAB_000163b0
000163e0	Label	LAB_000163e0
000163e4	Label	LAB_000163e4
000163f4	Label	LAB_000163f4
0001642c	Label	LAB_0001642c
00016448	Label	LAB_00016448
0001644c	Label	LAB_0001644c
00016468	Label	LAB_00016468
00016470	Label	LAB_00016470
000164ac	Label	LAB_000164ac
000164b4	Label	LAB_000164b4
000164e0	Label	LAB_000164e0
00016500	Label	LAB_00016500
0001652c	Label	LAB_0001652c
00016558	Label	LAB_00016558
00016584	Label	LAB_00016584
000165a4	Label	LAB_000165a4
000165c8	Label	LAB_000165c8
000165f0	Label	LAB_000165f0
0001661c	Label	LAB_0001661c
00016658	Label	LAB_00016658
00016664	Label	LAB_00016664
00016674	Label	LAB_00016674
0001667c	Label	LAB_0001667c
00016698	Label	LAB_00016698
000166a4	Label	LAB_000166a4
000166c4	Label	LAB_000166c4
000166d0	Label	LAB_000166d0
000166dc	Label	LAB_000166dc
000166e8	Label	LAB_000166e8
000166f8	Label	LAB_000166f8
00016704	Label	LAB_00016704
00016710	Label	LAB_00016710
00016720	Label	LAB_00016720
00016738	Label	LAB_00016738
00016740	Function	cpu::~cpu
00016740	Label	_ZN3cpuD1Ev
00016740	Label	_ZN3cpuD2Ev
00016748	Function	cpu::reset
00016748	Label	_ZN3cpu5resetEv
000167a0	Label	LAB_000167a0
000168cc	Label	LAB_000168cc
000168dc	Function	cpu::cpu
000168dc	Label	_ZN3cpuC1EP2gb
000168dc	Label	_ZN3cpuC2EP2gb
00016914	Label	LAB_00016914
0001699c	Function	cpu::save_state
0001699c	Label	_ZN3cpu10save_stateEPi
00016a1c	Function	cpu::save_state_ex
00016a1c	Label	_ZN3cpu13save_state_exEPi
00016a48	Function	cpu::restore_state
00016a48	Label	_ZN3cpu13restore_stateEPi
00016abc	Function	cpu::restore_state_ex
00016abc	Label	_ZN3cpu16restore_state_exEPi
00016ae8	Function	cpu::read_direct
00016ae8	Label	_ZN3cpu11read_directEt
000171d0	Function	cpu::write
000171d0	Label	_ZN3cpu5writeEth
00017254	Label	LAB_00017254
00017278	Label	LAB_00017278
0001727c	Label	LAB_0001727c
0001729c	Label	LAB_0001729c
000172ac	Label	LAB_000172ac
000172c4	Label	LAB_000172c4
000172e8	Label	LAB_000172e8
00017318	Label	LAB_00017318
00017324	Label	LAB_00017324
00017330	Label	LAB_00017330
0001733c	Function	cpu::irq
0001733c	Label	_ZN3cpu3irqEi
00017350	Label	LAB_00017350
00017360	Label	LAB_00017360
00017378	Function	cpu::seri_send
00017378	Label	_ZN3cpu9seri_sendEh
000173a4	Label	LAB_000173a4
000173e4	Function	cpu::exec
000173e4	Label	_ZN3cpu4execEi
000174a4	Label	LAB_000174a4
000174b8	Label	LAB_000174b8
000174c0	Label	LAB_000174c0
00017504	Label	LAB_00017504
00017514	Label	LAB_00017514
000175a4	Label	LAB_000175a4
000175b4	Label	LAB_000175b4
000175c8	Label	LAB_000175c8
000175d8	Label	LAB_000175d8
000175fc	Label	switchD_000175fc::switchD
00017604	Label	LAB_00017604
00017630	Label	LAB_00017630
00017644	Label	LAB_00017644
00017658	Label	LAB_00017658
00017668	Label	LAB_00017668
00017694	Label	LAB_00017694
000176c4	Label	LAB_000176c4
000176f4	Label	LAB_000176f4
00017720	Label	LAB_00017720
00017748	Label	LAB_00017748
00017790	Label	LAB_00017790
000177b4	Label	switchD_000175fc::caseD_f6
000177e8	Label	LAB_000177e8
00017830	Label	LAB_00017830
00017854	Label	LAB_00017854
0001789c	Label	LAB_0001789c
000178d0	Label	LAB_000178d0
000178ec	Label	switchD_000175fc::caseD_3d
0001795c	Label	switchD_000175fc::caseD_3f
00017998	Label	switchD_000175fc::caseD_ff
00017a10	Label	switchD_000175fc::caseD_3e
00017a44	Label	LAB_00017a44
00017a70	Label	switchD_000175fc::caseD_41
00017aa0	Label	switchD_000175fc::caseD_42
00017ad0	Label	switchD_000175fc::caseD_43
00017b00	Label	switchD_000175fc::caseD_44
00017b30	Label	switchD_000175fc::caseD_45
00017b60	Label	switchD_000175fc::caseD_46
00017b8c	Label	LAB_00017b8c
00017bb8	Label	switchD_000175fc::caseD_47
00017be8	Label	switchD_000175fc::caseD_48
00017c18	Label	switchD_000175fc::caseD_fe
00017c4c	Label	LAB_00017c4c
00017cb8	Label	switchD_000175fc::caseD_4a
00017ce8	Label	switchD_000175fc::caseD_4b
00017d18	Label	switchD_000175fc::caseD_4c
00017d48	Label	switchD_000175fc::caseD_4d
00017d78	Label	switchD_000175fc::caseD_4e
00017da4	Label	LAB_00017da4
00017dd0	Label	switchD_000175fc::caseD_4f
00017e00	Label	switchD_000175fc::caseD_50
00017e30	Label	switchD_000175fc::caseD_51
00017e60	Label	switchD_000175fc::caseD_fb
00017e94	Label	switchD_000175fc::caseD_53
00017ec4	Label	switchD_000175fc::caseD_54
00017ef4	Label	switchD_000175fc::caseD_55
00017f24	Label	switchD_000175fc::caseD_56
00017f50	Label	LAB_00017f50
00017f7c	Label	switchD_000175fc::caseD_57
00017fac	Label	switchD_000175fc::caseD_58
00017fdc	Label	switchD_000175fc::caseD_59
0001800c	Label	switchD_000175fc::caseD_5a
0001803c	Label	switchD_000175fc::caseD_fa
00018074	Label	LAB_00018074
000180ac	Label	LAB_000180ac
000180e0	Label	LAB_000180e0
0001810c	Label	switchD_000175fc::caseD_5c
0001813c	Label	switchD_000175fc::caseD_5d
0001816c	Label	switchD_000175fc::caseD_5e
00018198	Label	LAB_00018198
000181c4	Label	switchD_000175fc::caseD_5f
000181f4	Label	switchD_000175fc::caseD_60
00018224	Label	switchD_000175fc::caseD_61
00018254	Label	switchD_000175fc::caseD_62
00018284	Label	switchD_000175fc::caseD_63
000182b4	Label	switchD_000175fc::caseD_f9
000182e4	Label	switchD_000175fc::caseD_65
00018314	Label	switchD_000175fc::caseD_66
00018340	Label	LAB_00018340
0001836c	Label	switchD_000175fc::caseD_67
0001839c	Label	switchD_000175fc::caseD_68
000183cc	Label	switchD_000175fc::caseD_69
000183fc	Label	switchD_000175fc::caseD_6a
0001842c	Label	switchD_000175fc::caseD_6b
0001845c	Label	switchD_000175fc::caseD_6c
0001848c	Label	switchD_000175fc::caseD_f8
000184c4	Label	LAB_000184c4
000184fc	Label	switchD_000175fc::caseD_6e
00018528	Label	LAB_00018528
00018554	Label	switchD_000175fc::caseD_6f
00018584	Label	switchD_000175fc::caseD_70
000185c4	Label	switchD_000175fc::caseD_71
00018604	Label	switchD_000175fc::caseD_72
00018644	Label	switchD_000175fc::caseD_73
00018684	Label	switchD_000175fc::caseD_74
000186c4	Label	switchD_000175fc::caseD_75
00018704	Label	switchD_000175fc::caseD_76
000187a4	Label	switchD_000175fc::caseD_77
000187e4	Label	switchD_000175fc::caseD_78
00018814	Label	switchD_000175fc::caseD_79
00018844	Label	switchD_000175fc::caseD_7a
00018874	Label	switchD_000175fc::caseD_7b
000188a4	Label	switchD_000175fc::caseD_7c
000188d4	Label	switchD_000175fc::caseD_1d
00018944	Label	switchD_000175fc::caseD_1e
00018978	Label	LAB_00018978
000189a4	Label	switchD_000175fc::caseD_1f
000189ec	Label	switchD_000175fc::caseD_20
00018a2c	Label	switchD_000175fc::caseD_21
00018a64	Label	LAB_00018a64
00018a9c	Label	LAB_00018a9c
00018ad0	Label	switchD_000175fc::caseD_22
00018b1c	Label	switchD_000175fc::caseD_23
00018b50	Label	switchD_000175fc::caseD_24
00018bb8	Label	switchD_000175fc::caseD_25
00018c28	Label	switchD_000175fc::caseD_26
00018c5c	Label	LAB_00018c5c
00018c88	Label	switchD_000175fc::caseD_27
00018cc0	Label	LAB_00018cc0
00018d14	Label	switchD_000175fc::caseD_28
00018d54	Label	switchD_000175fc::caseD_29
00018db0	Label	switchD_000175fc::caseD_2a
00018ddc	Label	LAB_00018ddc
00018e14	Label	switchD_000175fc::caseD_2b
00018e48	Label	switchD_000175fc::caseD_2c
00018eb0	Label	switchD_000175fc::caseD_2d
00018f20	Label	switchD_000175fc::caseD_2e
00018f54	Label	LAB_00018f54
00018f80	Label	switchD_000175fc::caseD_2f
00018fc0	Label	switchD_000175fc::caseD_30
00019000	Label	switchD_000175fc::caseD_31
00019038	Label	LAB_00019038
00019070	Label	LAB_00019070
000190a4	Label	switchD_000175fc::caseD_32
000190f0	Label	switchD_000175fc::caseD_33
00019124	Label	switchD_000175fc::caseD_34
00019150	Label	LAB_00019150
000191c4	Label	switchD_000175fc::caseD_35
000191f0	Label	LAB_000191f0
0001926c	Label	switchD_000175fc::caseD_36
000192a8	Label	LAB_000192a8
000192e4	Label	switchD_000175fc::caseD_37
0001931c	Label	switchD_000175fc::caseD_38
0001935c	Label	switchD_000175fc::caseD_39
000193c8	Label	switchD_000175fc::caseD_3a
000193f4	Label	LAB_000193f4
0001942c	Label	switchD_000175fc::caseD_3b
00019460	Label	switchD_000175fc::caseD_3c
000194c8	Label	switchD_000175fc::caseD_d
00019538	Label	switchD_000175fc::caseD_e
0001956c	Label	LAB_0001956c
00019598	Label	switchD_000175fc::caseD_f
000195dc	Label	switchD_000175fc::caseD_10
00019628	Label	switchD_000175fc::caseD_11
00019660	Label	LAB_00019660
00019698	Label	LAB_00019698
000196cc	Label	switchD_000175fc::caseD_12
0001970c	Label	switchD_000175fc::caseD_13
00019740	Label	switchD_000175fc::caseD_14
000197a8	Label	switchD_000175fc::caseD_15
00019818	Label	switchD_000175fc::caseD_16
0001984c	Label	LAB_0001984c
00019878	Label	switchD_000175fc::caseD_17
000198c0	Label	switchD_000175fc::caseD_18
000198f4	Label	LAB_000198f4
00019930	Label	switchD_000175fc::caseD_19
0001999c	Label	switchD_000175fc::caseD_1a
000199c8	Label	LAB_000199c8
000199f4	Label	switchD_000175fc::caseD_1b
00019a28	Label	switchD_000175fc::caseD_1c
00019a90	Label	switchD_000175fc::caseD_e0
00019ac4	Label	LAB_00019ac4
00019b08	Label	switchD_000175fc::caseD_e1
00019b3c	Label	LAB_00019b3c
00019b6c	Label	LAB_00019b6c
00019ba4	Label	switchD_000175fc::caseD_e2
00019bec	Label	switchD_000175fc::caseD_e5
00019c5c	Label	switchD_000175fc::caseD_e6
00019c90	Label	LAB_00019c90
00019cdc	Label	switchD_000175fc::caseD_e7
00019d54	Label	switchD_000175fc::caseD_e8
00019d88	Label	LAB_00019d88
00019dc4	Label	switchD_000175fc::caseD_e9
00019df4	Label	switchD_000175fc::caseD_ea
00019e2c	Label	LAB_00019e2c
00019e64	Label	LAB_00019e64
00019eac	Label	switchD_000175fc::caseD_ee
00019ee0	Label	LAB_00019ee0
00019f2c	Label	switchD_000175fc::caseD_ef
00019fa4	Label	switchD_000175fc::caseD_f0
00019fd8	Label	LAB_00019fd8
0001a008	Label	LAB_0001a008
0001a034	Label	switchD_000175fc::caseD_f1
0001a068	Label	LAB_0001a068
0001a098	Label	LAB_0001a098
0001a0e0	Label	switchD_000175fc::caseD_f2
0001a114	Label	LAB_0001a114
0001a140	Label	switchD_000175fc::caseD_f3
0001a16c	Label	switchD_000175fc::caseD_f5
0001a1f4	Label	switchD_000175fc::caseD_7d
0001a224	Label	switchD_000175fc::caseD_7e
0001a250	Label	LAB_0001a250
0001a27c	Label	switchD_000175fc::caseD_f7
0001a2f4	Label	switchD_000175fc::caseD_80
0001a360	Label	switchD_000175fc::caseD_81
0001a3cc	Label	switchD_000175fc::caseD_82
0001a438	Label	switchD_000175fc::caseD_83
0001a4a4	Label	switchD_000175fc::caseD_84
0001a510	Label	switchD_000175fc::caseD_85
0001a57c	Label	switchD_000175fc::caseD_86
0001a5a8	Label	LAB_0001a5a8
0001a610	Label	switchD_000175fc::caseD_87
0001a66c	Label	switchD_000175fc::caseD_88
0001a6e4	Label	switchD_000175fc::caseD_89
0001a75c	Label	switchD_000175fc::caseD_8a
0001a7d4	Label	switchD_000175fc::caseD_8b
0001a84c	Label	switchD_000175fc::caseD_8c
0001a8c4	Label	switchD_000175fc::caseD_8d
0001a93c	Label	switchD_000175fc::caseD_8e
0001a968	Label	LAB_0001a968
0001a9dc	Label	switchD_000175fc::caseD_8f
0001aa48	Label	switchD_000175fc::caseD_90
0001aabc	Label	switchD_000175fc::caseD_91
0001ab30	Label	switchD_000175fc::caseD_92
0001aba4	Label	switchD_000175fc::caseD_93
0001ac18	Label	switchD_000175fc::caseD_94
0001ac8c	Label	switchD_000175fc::caseD_95
0001ad00	Label	switchD_000175fc::caseD_96
0001ad2c	Label	LAB_0001ad2c
0001ad9c	Label	switchD_000175fc::caseD_97
0001add0	Label	switchD_000175fc::caseD_98
0001ae50	Label	switchD_000175fc::caseD_99
0001aed0	Label	switchD_000175fc::caseD_9a
0001af50	Label	switchD_000175fc::caseD_9b
0001afd0	Label	switchD_000175fc::caseD_9c
0001b050	Label	switchD_000175fc::caseD_9d
0001b0d0	Label	switchD_000175fc::caseD_9e
0001b0fc	Label	LAB_0001b0fc
0001b178	Label	switchD_000175fc::caseD_9f
0001b1e4	Label	switchD_000175fc::caseD_a0
0001b234	Label	switchD_000175fc::caseD_a1
0001b284	Label	switchD_000175fc::caseD_a2
0001b2d4	Label	switchD_000175fc::caseD_a3
0001b324	Label	switchD_000175fc::caseD_a4
0001b374	Label	switchD_000175fc::caseD_a5
0001b3c4	Label	switchD_000175fc::caseD_a6
0001b3f0	Label	LAB_0001b3f0
0001b43c	Label	switchD_000175fc::caseD_a7
0001b480	Label	switchD_000175fc::caseD_a8
0001b4d0	Label	switchD_000175fc::caseD_a9
0001b520	Label	switchD_000175fc::caseD_aa
0001b570	Label	switchD_000175fc::caseD_ab
0001b5c0	Label	switchD_000175fc::caseD_ac
0001b610	Label	switchD_000175fc::caseD_ad
0001b660	Label	switchD_000175fc::caseD_ae
0001b68c	Label	LAB_0001b68c
0001b6d8	Label	switchD_000175fc::caseD_af
0001b70c	Label	switchD_000175fc::caseD_b0
0001b75c	Label	switchD_000175fc::caseD_b1
0001b7ac	Label	switchD_000175fc::caseD_b2
0001b7fc	Label	switchD_000175fc::caseD_b3
0001b84c	Label	switchD_000175fc::caseD_b4
0001b89c	Label	switchD_000175fc::caseD_b5
0001b8ec	Label	switchD_000175fc::caseD_b6
0001b918	Label	LAB_0001b918
0001b964	Label	switchD_000175fc::caseD_b7
0001b9a4	Label	switchD_000175fc::caseD_b8
0001ba14	Label	switchD_000175fc::caseD_b9
0001ba84	Label	switchD_000175fc::caseD_ba
0001baf4	Label	switchD_000175fc::caseD_bb
0001bb64	Label	switchD_000175fc::caseD_bc
0001bbd4	Label	switchD_000175fc::caseD_bd
0001bc44	Label	switchD_000175fc::caseD_be
0001bc70	Label	LAB_0001bc70
0001bcdc	Label	switchD_000175fc::caseD_bf
0001bd0c	Label	switchD_000175fc::caseD_c0
0001bd40	Label	switchD_000175fc::caseD_c1
0001bd74	Label	LAB_0001bd74
0001bda4	Label	LAB_0001bda4
0001bddc	Label	switchD_000175fc::caseD_c2
0001be1c	Label	switchD_000175fc::caseD_c3
0001be54	Label	LAB_0001be54
0001be8c	Label	LAB_0001be8c
0001bec0	Label	switchD_000175fc::caseD_c4
0001bf00	Label	switchD_000175fc::caseD_c5
0001bf70	Label	switchD_000175fc::caseD_c6
0001bfa4	Label	LAB_0001bfa4
0001c00c	Label	switchD_000175fc::caseD_c7
0001c080	Label	switchD_000175fc::caseD_c8
0001c0b4	Label	switchD_000175fc::caseD_c9
0001c0e4	Label	LAB_0001c0e4
0001c11c	Label	LAB_0001c11c
0001c15c	Label	switchD_000175fc::caseD_ca
0001c19c	Label	switchD_000175fc::caseD_cb
0001c1d0	Label	LAB_0001c1d0
0001c1f4	Label	switchD_0001c1f4::switchD
0001c1fc	Label	switchD_000175fc::caseD_cc
0001c23c	Label	switchD_000175fc::caseD_cd
0001c2c0	Label	LAB_0001c2c0
0001c2f8	Label	LAB_0001c2f8
0001c32c	Label	switchD_000175fc::caseD_ce
0001c360	Label	LAB_0001c360
0001c3d4	Label	switchD_000175fc::caseD_cf
0001c44c	Label	switchD_000175fc::caseD_d0
0001c480	Label	switchD_000175fc::caseD_d1
0001c4b4	Label	LAB_0001c4b4
0001c4e4	Label	LAB_0001c4e4
0001c51c	Label	switchD_000175fc::caseD_d2
0001c55c	Label	switchD_000175fc::caseD_d4
0001c59c	Label	switchD_000175fc::caseD_d5
0001c60c	Label	switchD_000175fc::caseD_d6
0001c640	Label	LAB_0001c640
0001c6b0	Label	switchD_000175fc::caseD_d7
0001c728	Label	switchD_000175fc::caseD_d8
0001c75c	Label	switchD_000175fc::caseD_d9
0001c794	Label	LAB_0001c794
0001c7cc	Label	LAB_0001c7cc
0001c814	Label	switchD_000175fc::caseD_da
0001c854	Label	switchD_000175fc::caseD_dc
0001c894	Label	switchD_000175fc::caseD_de
0001c8c8	Label	LAB_0001c8c8
0001c944	Label	switchD_000175fc::caseD_df
0001c9bc	Label	switchD_000175fc::caseD_5
0001ca2c	Label	switchD_000175fc::caseD_6
0001ca60	Label	LAB_0001ca60
0001ca8c	Label	switchD_000175fc::caseD_7
0001cacc	Label	switchD_000175fc::caseD_8
0001cb04	Label	LAB_0001cb04
0001cb3c	Label	LAB_0001cb3c
0001cba8	Label	switchD_000175fc::caseD_9
0001cc14	Label	switchD_000175fc::caseD_a
0001cc40	Label	LAB_0001cc40
0001cc6c	Label	switchD_000175fc::caseD_b
0001cca0	Label	switchD_000175fc::caseD_c
0001cd08	Label	switchD_000175fc::caseD_1
0001cd40	Label	LAB_0001cd40
0001cd78	Label	LAB_0001cd78
0001cdac	Label	switchD_000175fc::caseD_2
0001cdec	Label	switchD_000175fc::caseD_3
0001ce20	Label	switchD_000175fc::caseD_4
0001ce88	Label	switchD_000175fc::caseD_0
0001ce88	Label	switchD_000175fc::caseD_40
0001ce88	Label	switchD_000175fc::caseD_49
0001ce88	Label	switchD_000175fc::caseD_52
0001ce88	Label	switchD_000175fc::caseD_5b
0001ce88	Label	switchD_000175fc::caseD_64
0001ce88	Label	switchD_000175fc::caseD_6d
0001ce88	Label	switchD_000175fc::caseD_7f
0001ce88	Label	switchD_000175fc::caseD_d3
0001ce88	Label	switchD_000175fc::caseD_db
0001ce88	Label	switchD_000175fc::caseD_dd
0001ce88	Label	switchD_000175fc::caseD_e3
0001ce88	Label	switchD_000175fc::caseD_e4
0001ce88	Label	switchD_000175fc::caseD_eb
0001ce88	Label	switchD_000175fc::caseD_ec
0001ce88	Label	switchD_000175fc::caseD_ed
0001ce88	Label	switchD_000175fc::caseD_f4
0001ce88	Label	switchD_000175fc::caseD_fc
0001ce88	Label	switchD_000175fc::caseD_fd
0001ceb0	Label	LAB_0001ceb0
0001cedc	Label	LAB_0001cedc
0001cf04	Label	LAB_0001cf04
0001cf18	Label	LAB_0001cf18
0001cf3c	Label	LAB_0001cf3c
0001cf60	Label	LAB_0001cf60
0001cf74	Label	LAB_0001cf74
0001cfa4	Label	LAB_0001cfa4
0001cfc0	Label	LAB_0001cfc0
0001cffc	Label	LAB_0001cffc
0001d010	Label	LAB_0001d010
0001d024	Label	LAB_0001d024
0001d03c	Label	LAB_0001d03c
0001d050	Label	LAB_0001d050
0001d064	Label	LAB_0001d064
0001d078	Label	LAB_0001d078
0001d08c	Label	LAB_0001d08c
0001d0a0	Label	LAB_0001d0a0
0001d0b4	Label	LAB_0001d0b4
0001d0c8	Label	LAB_0001d0c8
0001d0dc	Label	LAB_0001d0dc
0001d0f0	Label	LAB_0001d0f0
0001d104	Label	LAB_0001d104
0001d118	Label	LAB_0001d118
0001d12c	Label	LAB_0001d12c
0001d140	Label	LAB_0001d140
0001d154	Label	LAB_0001d154
0001d168	Label	LAB_0001d168
0001d17c	Label	LAB_0001d17c
0001d190	Label	LAB_0001d190
0001d1a4	Label	LAB_0001d1a4
0001d1b8	Label	LAB_0001d1b8
0001d1cc	Label	LAB_0001d1cc
0001d1e0	Label	LAB_0001d1e0
0001d1f4	Label	LAB_0001d1f4
0001d208	Label	LAB_0001d208
0001d21c	Label	LAB_0001d21c
0001d230	Label	LAB_0001d230
0001d244	Label	LAB_0001d244
0001d258	Label	LAB_0001d258
0001d26c	Label	LAB_0001d26c
0001d280	Label	LAB_0001d280
0001d294	Label	LAB_0001d294
0001d2a8	Label	LAB_0001d2a8
0001d2bc	Label	LAB_0001d2bc
0001d2d0	Label	LAB_0001d2d0
0001d2e4	Label	LAB_0001d2e4
0001d2f8	Label	LAB_0001d2f8
0001d30c	Label	LAB_0001d30c
0001d320	Label	LAB_0001d320
0001d334	Label	LAB_0001d334
0001d348	Label	LAB_0001d348
0001d35c	Label	LAB_0001d35c
0001d370	Label	LAB_0001d370
0001d384	Label	LAB_0001d384
0001d398	Label	LAB_0001d398
0001d3ac	Label	LAB_0001d3ac
0001d3c0	Label	LAB_0001d3c0
0001d3d4	Label	LAB_0001d3d4
0001d3e8	Label	LAB_0001d3e8
0001d3fc	Label	LAB_0001d3fc
0001d410	Label	LAB_0001d410
0001d424	Label	LAB_0001d424
0001d438	Label	LAB_0001d438
0001d44c	Label	LAB_0001d44c
0001d460	Label	LAB_0001d460
0001d474	Label	LAB_0001d474
0001d488	Label	LAB_0001d488
0001d49c	Label	LAB_0001d49c
0001d4b0	Label	LAB_0001d4b0
0001d4c4	Label	LAB_0001d4c4
0001d4d8	Label	LAB_0001d4d8
0001d4ec	Label	LAB_0001d4ec
0001d500	Label	LAB_0001d500
0001d514	Label	LAB_0001d514
0001d528	Label	LAB_0001d528
0001d53c	Label	LAB_0001d53c
0001d550	Label	LAB_0001d550
0001d564	Label	LAB_0001d564
0001d578	Label	LAB_0001d578
0001d58c	Label	LAB_0001d58c
0001d5a0	Label	LAB_0001d5a0
0001d5b4	Label	LAB_0001d5b4
0001d5c8	Label	LAB_0001d5c8
0001d5dc	Label	LAB_0001d5dc
0001d5f0	Label	LAB_0001d5f0
0001d620	Label	LAB_0001d620
0001d658	Label	LAB_0001d658
0001d69c	Label	LAB_0001d69c
0001d6d4	Label	LAB_0001d6d4
0001d70c	Label	LAB_0001d70c
0001d744	Label	LAB_0001d744
0001d774	Label	LAB_0001d774
0001d7ac	Label	LAB_0001d7ac
0001d7f0	Label	LAB_0001d7f0
0001d874	Label	LAB_0001d874
0001d8ac	Label	LAB_0001d8ac
0001d8e4	Label	LAB_0001d8e4
0001d91c	Label	LAB_0001d91c
0001d954	Label	LAB_0001d954
0001d98c	Label	LAB_0001d98c
0001d9bc	Label	LAB_0001d9bc
0001d9f4	Label	LAB_0001d9f4
0001da38	Label	LAB_0001da38
0001da68	Label	LAB_0001da68
0001daa0	Label	LAB_0001daa0
0001dae4	Label	LAB_0001dae4
0001db68	Label	LAB_0001db68
0001dba0	Label	LAB_0001dba0
0001dbd8	Label	LAB_0001dbd8
0001dc10	Label	LAB_0001dc10
0001dc48	Label	LAB_0001dc48
0001dc80	Label	LAB_0001dc80
0001dd04	Label	LAB_0001dd04
0001dd3c	Label	LAB_0001dd3c
0001dd74	Label	LAB_0001dd74
0001ddf8	Label	LAB_0001ddf8
0001de30	Label	LAB_0001de30
0001de68	Label	LAB_0001de68
0001dea0	Label	LAB_0001dea0
0001ded8	Label	LAB_0001ded8
0001df10	Label	LAB_0001df10
0001df44	Label	LAB_0001df44
0001df84	Label	LAB_0001df84
0001dfb8	Label	LAB_0001dfb8
0001dff8	Label	LAB_0001dff8
0001e02c	Label	LAB_0001e02c
0001e06c	Label	LAB_0001e06c
0001e0a0	Label	LAB_0001e0a0
0001e0e0	Label	LAB_0001e0e0
0001e0ec	Label	LAB_0001e0ec
0001e108	Label	LAB_0001e108
0001e19c	Label	LAB_0001e19c
0001e1a4	Label	LAB_0001e1a4
0001e1b8	Label	LAB_0001e1b8
0001e1cc	Label	LAB_0001e1cc
0001e1e0	Label	LAB_0001e1e0
0001e1f4	Label	LAB_0001e1f4
0001e208	Label	LAB_0001e208
0001e228	Label	LAB_0001e228
0001e23c	Label	LAB_0001e23c
0001e250	Label	LAB_0001e250
0001e264	Label	LAB_0001e264
0001e278	Label	LAB_0001e278
0001e28c	Label	LAB_0001e28c
0001e2a0	Label	LAB_0001e2a0
0001e2b4	Label	LAB_0001e2b4
0001e2c8	Label	LAB_0001e2c8
0001e2dc	Label	LAB_0001e2dc
0001e2f0	Label	LAB_0001e2f0
0001e304	Label	LAB_0001e304
0001e318	Label	LAB_0001e318
0001e32c	Label	LAB_0001e32c
0001e340	Label	LAB_0001e340
0001e354	Label	LAB_0001e354
0001e368	Label	LAB_0001e368
0001e37c	Label	LAB_0001e37c
0001e390	Label	LAB_0001e390
0001e3a4	Label	LAB_0001e3a4
0001e3b8	Label	LAB_0001e3b8
0001e3cc	Label	LAB_0001e3cc
0001e3e0	Label	LAB_0001e3e0
0001e3f4	Label	LAB_0001e3f4
0001e408	Label	switchD_0001c1f4::caseD_fe
0001e460	Label	switchD_0001c1f4::caseD_5
0001e4b8	Label	switchD_0001c1f4::caseD_4
0001e510	Label	switchD_0001c1f4::caseD_3
0001e568	Label	switchD_0001c1f4::caseD_2
0001e5c0	Label	switchD_0001c1f4::caseD_1
0001e618	Label	switchD_0001c1f4::caseD_0
0001e670	Label	switchD_0001c1f4::caseD_ff
0001e6a8	Label	switchD_0001c1f4::default
0001e6d0	Label	switchD_0001c1f4::caseD_fd
0001e708	Label	switchD_0001c1f4::caseD_fc
0001e740	Label	switchD_0001c1f4::caseD_fb
0001e778	Label	switchD_0001c1f4::caseD_fa
0001e7b0	Label	switchD_0001c1f4::caseD_f9
0001e7e8	Label	switchD_0001c1f4::caseD_f8
0001e820	Label	switchD_0001c1f4::caseD_f7
0001e854	Label	switchD_0001c1f4::caseD_f6
0001e8ac	Label	switchD_0001c1f4::caseD_15
0001e90c	Label	switchD_0001c1f4::caseD_14
0001e96c	Label	switchD_0001c1f4::caseD_13
0001e9cc	Label	switchD_0001c1f4::caseD_12
0001ea2c	Label	switchD_0001c1f4::caseD_11
0001ea8c	Label	switchD_0001c1f4::caseD_10
0001eaec	Label	switchD_0001c1f4::caseD_f
0001eb44	Label	switchD_0001c1f4::caseD_e
0001ebc0	Label	switchD_0001c1f4::caseD_d
0001ec18	Label	switchD_0001c1f4::caseD_c
0001ec70	Label	switchD_0001c1f4::caseD_b
0001ecc8	Label	switchD_0001c1f4::caseD_a
0001ed20	Label	switchD_0001c1f4::caseD_9
0001ed78	Label	switchD_0001c1f4::caseD_8
0001edd0	Label	switchD_0001c1f4::caseD_7
0001ee28	Label	switchD_0001c1f4::caseD_6
0001eea0	Label	switchD_0001c1f4::caseD_f5
0001eed4	Label	switchD_0001c1f4::caseD_f4
0001ef08	Label	switchD_0001c1f4::caseD_f3
0001ef3c	Label	switchD_0001c1f4::caseD_f2
0001ef70	Label	switchD_0001c1f4::caseD_f1
0001efa4	Label	switchD_0001c1f4::caseD_f0
0001efd8	Label	switchD_0001c1f4::caseD_ef
0001f00c	Label	switchD_0001c1f4::caseD_ee
0001f064	Label	switchD_0001c1f4::caseD_ed
0001f098	Label	switchD_0001c1f4::caseD_ec
0001f0cc	Label	switchD_0001c1f4::caseD_eb
0001f100	Label	switchD_0001c1f4::caseD_ea
0001f134	Label	switchD_0001c1f4::caseD_e9
0001f168	Label	switchD_0001c1f4::caseD_e8
0001f19c	Label	switchD_0001c1f4::caseD_e7
0001f1d0	Label	switchD_0001c1f4::caseD_e6
0001f228	Label	switchD_0001c1f4::caseD_e5
0001f25c	Label	switchD_0001c1f4::caseD_e4
0001f290	Label	switchD_0001c1f4::caseD_e3
0001f2c4	Label	switchD_0001c1f4::caseD_e2
0001f2f8	Label	switchD_0001c1f4::caseD_e1
0001f32c	Label	switchD_0001c1f4::caseD_e0
0001f360	Label	switchD_0001c1f4::caseD_df
0001f394	Label	switchD_0001c1f4::caseD_de
0001f3ec	Label	switchD_0001c1f4::caseD_dd
0001f420	Label	switchD_0001c1f4::caseD_dc
0001f454	Label	switchD_0001c1f4::caseD_db
0001f488	Label	switchD_0001c1f4::caseD_da
0001f4bc	Label	switchD_0001c1f4::caseD_d9
0001f4f0	Label	switchD_0001c1f4::caseD_d8
0001f524	Label	switchD_0001c1f4::caseD_d7
0001f558	Label	switchD_0001c1f4::caseD_d6
0001f5b0	Label	switchD_0001c1f4::caseD_55
0001f5fc	Label	switchD_0001c1f4::caseD_54
0001f648	Label	switchD_0001c1f4::caseD_53
0001f694	Label	switchD_0001c1f4::caseD_52
0001f6e0	Label	switchD_0001c1f4::caseD_51
0001f72c	Label	switchD_0001c1f4::caseD_50
0001f778	Label	switchD_0001c1f4::caseD_4f
0001f7c4	Label	switchD_0001c1f4::caseD_4e
0001f820	Label	switchD_0001c1f4::caseD_4d
0001f86c	Label	switchD_0001c1f4::caseD_4c
0001f8b8	Label	switchD_0001c1f4::caseD_4b
0001f904	Label	switchD_0001c1f4::caseD_4a
0001f950	Label	switchD_0001c1f4::caseD_49
0001f99c	Label	switchD_0001c1f4::caseD_48
0001f9e8	Label	switchD_0001c1f4::caseD_47
0001fa34	Label	switchD_0001c1f4::caseD_46
0001fa90	Label	switchD_0001c1f4::caseD_45
0001fadc	Label	switchD_0001c1f4::caseD_44
0001fb28	Label	switchD_0001c1f4::caseD_43
0001fb74	Label	switchD_0001c1f4::caseD_42
0001fbc0	Label	switchD_0001c1f4::caseD_41
0001fc0c	Label	switchD_0001c1f4::caseD_40
0001fc58	Label	switchD_0001c1f4::caseD_3f
0001fca8	Label	switchD_0001c1f4::caseD_3e
0001fd1c	Label	switchD_0001c1f4::caseD_3d
0001fd6c	Label	switchD_0001c1f4::caseD_3c
0001fdbc	Label	switchD_0001c1f4::caseD_3b
0001fe0c	Label	switchD_0001c1f4::caseD_3a
0001fe5c	Label	switchD_0001c1f4::caseD_39
0001feac	Label	switchD_0001c1f4::caseD_38
0001fefc	Label	switchD_0001c1f4::caseD_37
0001ff54	Label	switchD_0001c1f4::caseD_36
0001ffc8	Label	switchD_0001c1f4::caseD_35
00020020	Label	switchD_0001c1f4::caseD_34
00020078	Label	switchD_0001c1f4::caseD_33
000200d0	Label	switchD_0001c1f4::caseD_32
00020128	Label	switchD_0001c1f4::caseD_31
00020180	Label	switchD_0001c1f4::caseD_30
000201d8	Label	switchD_0001c1f4::caseD_2f
00020230	Label	switchD_0001c1f4::caseD_2e
000202ac	Label	switchD_0001c1f4::caseD_2d
00020304	Label	switchD_0001c1f4::caseD_2c
0002035c	Label	switchD_0001c1f4::caseD_2b
000203b4	Label	switchD_0001c1f4::caseD_2a
0002040c	Label	switchD_0001c1f4::caseD_29
00020464	Label	switchD_0001c1f4::caseD_28
000204bc	Label	switchD_0001c1f4::caseD_27
00020510	Label	switchD_0001c1f4::caseD_26
00020584	Label	switchD_0001c1f4::caseD_25
000205d8	Label	switchD_0001c1f4::caseD_24
0002062c	Label	switchD_0001c1f4::caseD_23
00020680	Label	switchD_0001c1f4::caseD_22
000206d4	Label	switchD_0001c1f4::caseD_21
00020728	Label	switchD_0001c1f4::caseD_20
0002077c	Label	switchD_0001c1f4::caseD_1f
000207dc	Label	switchD_0001c1f4::caseD_1e
00020860	Label	switchD_0001c1f4::caseD_1d
000208c0	Label	switchD_0001c1f4::caseD_1c
00020920	Label	switchD_0001c1f4::caseD_1b
00020980	Label	switchD_0001c1f4::caseD_1a
000209e0	Label	switchD_0001c1f4::caseD_19
00020a40	Label	switchD_0001c1f4::caseD_18
00020aa0	Label	switchD_0001c1f4::caseD_17
00020b00	Label	switchD_0001c1f4::caseD_16
00020b80	Label	switchD_0001c1f4::caseD_d5
00020bb4	Label	switchD_0001c1f4::caseD_d4
00020be8	Label	switchD_0001c1f4::caseD_d3
00020c1c	Label	switchD_0001c1f4::caseD_d2
00020c50	Label	switchD_0001c1f4::caseD_d1
00020c84	Label	switchD_0001c1f4::caseD_d0
00020cb8	Label	switchD_0001c1f4::caseD_cf
00020cec	Label	switchD_0001c1f4::caseD_ce
00020d44	Label	switchD_0001c1f4::caseD_cd
00020d78	Label	switchD_0001c1f4::caseD_cc
00020dac	Label	switchD_0001c1f4::caseD_cb
00020de0	Label	switchD_0001c1f4::caseD_ca
00020e14	Label	switchD_0001c1f4::caseD_c9
00020e48	Label	switchD_0001c1f4::caseD_c8
00020e7c	Label	switchD_0001c1f4::caseD_c7
00020eb0	Label	switchD_0001c1f4::caseD_c6
00020f08	Label	switchD_0001c1f4::caseD_c5
00020f3c	Label	switchD_0001c1f4::caseD_c4
00020f70	Label	switchD_0001c1f4::caseD_c3
00020fa4	Label	switchD_0001c1f4::caseD_c2
00020fd8	Label	switchD_0001c1f4::caseD_c1
0002100c	Label	switchD_0001c1f4::caseD_c0
00021040	Label	switchD_0001c1f4::caseD_bf
00021074	Label	switchD_0001c1f4::caseD_be
000210c8	Label	switchD_0001c1f4::caseD_bd
000210fc	Label	switchD_0001c1f4::caseD_bc
00021130	Label	switchD_0001c1f4::caseD_bb
00021164	Label	switchD_0001c1f4::caseD_ba
00021198	Label	switchD_0001c1f4::caseD_b9
000211cc	Label	switchD_0001c1f4::caseD_b8
00021200	Label	switchD_0001c1f4::caseD_b7
00021234	Label	switchD_0001c1f4::caseD_b6
00021288	Label	switchD_0001c1f4::caseD_b5
000212bc	Label	switchD_0001c1f4::caseD_b4
000212f0	Label	switchD_0001c1f4::caseD_b3
00021324	Label	switchD_0001c1f4::caseD_b2
00021358	Label	switchD_0001c1f4::caseD_b1
0002138c	Label	switchD_0001c1f4::caseD_b0
000213c0	Label	switchD_0001c1f4::caseD_af
000213f4	Label	switchD_0001c1f4::caseD_ae
00021448	Label	switchD_0001c1f4::caseD_ad
0002147c	Label	switchD_0001c1f4::caseD_ac
000214b0	Label	switchD_0001c1f4::caseD_ab
000214e4	Label	switchD_0001c1f4::caseD_aa
00021518	Label	switchD_0001c1f4::caseD_a9
0002154c	Label	switchD_0001c1f4::caseD_a8
00021580	Label	switchD_0001c1f4::caseD_a7
000215b4	Label	switchD_0001c1f4::caseD_a6
00021608	Label	switchD_0001c1f4::caseD_a5
0002163c	Label	switchD_0001c1f4::caseD_a4
00021670	Label	switchD_0001c1f4::caseD_a3
000216a4	Label	switchD_0001c1f4::caseD_a2
000216d8	Label	switchD_0001c1f4::caseD_a1
0002170c	Label	switchD_0001c1f4::caseD_a0
00021740	Label	switchD_0001c1f4::caseD_9f
00021774	Label	switchD_0001c1f4::caseD_9e
000217c8	Label	switchD_0001c1f4::caseD_9d
000217fc	Label	switchD_0001c1f4::caseD_9c
00021830	Label	switchD_0001c1f4::caseD_9b
00021864	Label	switchD_0001c1f4::caseD_9a
00021898	Label	switchD_0001c1f4::caseD_99
000218cc	Label	switchD_0001c1f4::caseD_98
00021900	Label	switchD_0001c1f4::caseD_97
00021934	Label	switchD_0001c1f4::caseD_96
00021988	Label	switchD_0001c1f4::caseD_95
000219bc	Label	switchD_0001c1f4::caseD_94
000219f0	Label	switchD_0001c1f4::caseD_93
00021a24	Label	switchD_0001c1f4::caseD_92
00021a58	Label	switchD_0001c1f4::caseD_91
00021a8c	Label	switchD_0001c1f4::caseD_90
00021ac0	Label	switchD_0001c1f4::caseD_8f
00021af4	Label	switchD_0001c1f4::caseD_8e
00021b48	Label	switchD_0001c1f4::caseD_8d
00021b7c	Label	switchD_0001c1f4::caseD_8c
00021bb0	Label	switchD_0001c1f4::caseD_8b
00021be4	Label	switchD_0001c1f4::caseD_8a
00021c18	Label	switchD_0001c1f4::caseD_89
00021c4c	Label	switchD_0001c1f4::caseD_88
00021c80	Label	switchD_0001c1f4::caseD_87
00021cb4	Label	switchD_0001c1f4::caseD_86
00021d08	Label	switchD_0001c1f4::caseD_85
00021d3c	Label	switchD_0001c1f4::caseD_84
00021d70	Label	switchD_0001c1f4::caseD_83
00021da4	Label	switchD_0001c1f4::caseD_82
00021dd8	Label	switchD_0001c1f4::caseD_81
00021e0c	Label	switchD_0001c1f4::caseD_80
00021e40	Label	switchD_0001c1f4::caseD_7f
00021e8c	Label	switchD_0001c1f4::caseD_7e
00021ee8	Label	switchD_0001c1f4::caseD_7d
00021f34	Label	switchD_0001c1f4::caseD_7c
00021f80	Label	switchD_0001c1f4::caseD_7b
00021fcc	Label	switchD_0001c1f4::caseD_7a
00022018	Label	switchD_0001c1f4::caseD_79
00022064	Label	switchD_0001c1f4::caseD_78
000220b0	Label	switchD_0001c1f4::caseD_77
000220f8	Label	switchD_0001c1f4::caseD_76
00022150	Label	switchD_0001c1f4::caseD_75
00022198	Label	switchD_0001c1f4::caseD_74
000221e0	Label	switchD_0001c1f4::caseD_73
00022228	Label	switchD_0001c1f4::caseD_72
00022270	Label	switchD_0001c1f4::caseD_71
000222b8	Label	switchD_0001c1f4::caseD_70
00022300	Label	switchD_0001c1f4::caseD_6f
0002234c	Label	switchD_0001c1f4::caseD_6e
000223a8	Label	switchD_0001c1f4::caseD_6d
000223f4	Label	switchD_0001c1f4::caseD_6c
00022440	Label	switchD_0001c1f4::caseD_6b
0002248c	Label	switchD_0001c1f4::caseD_6a
000224d8	Label	switchD_0001c1f4::caseD_69
00022524	Label	switchD_0001c1f4::caseD_68
00022570	Label	switchD_0001c1f4::caseD_67
000225bc	Label	switchD_0001c1f4::caseD_66
00022618	Label	switchD_0001c1f4::caseD_65
00022664	Label	switchD_0001c1f4::caseD_64
000226b0	Label	switchD_0001c1f4::caseD_63
000226fc	Label	switchD_0001c1f4::caseD_62
00022748	Label	switchD_0001c1f4::caseD_61
00022794	Label	switchD_0001c1f4::caseD_60
000227e0	Label	switchD_0001c1f4::caseD_5f
0002282c	Label	switchD_0001c1f4::caseD_5e
00022888	Label	switchD_0001c1f4::caseD_5d
000228d4	Label	switchD_0001c1f4::caseD_5c
00022920	Label	switchD_0001c1f4::caseD_5b
0002296c	Label	switchD_0001c1f4::caseD_5a
000229b8	Label	switchD_0001c1f4::caseD_59
00022a04	Label	switchD_0001c1f4::caseD_58
00022a50	Label	switchD_0001c1f4::caseD_57
00022a9c	Label	switchD_0001c1f4::caseD_56
00022af8	Function	cpu::serialize
00022af8	Label	_ZN3cpu9serializeER10serializer
00022b74	Label	switchD_00022b74::switchD
00022b7c	Label	switchD_00022b74::caseD_3
00022b80	Label	LAB_00022b80
00022b9c	Label	LAB_00022b9c
00022bf8	Label	switchD_00022bf8::switchD
00022c00	Label	switchD_00022bf8::caseD_3
00022c04	Label	LAB_00022c04
00022c20	Label	LAB_00022c20
00022c44	Label	LAB_00022c44
00022c5c	Label	switchD_00022c5c::switchD
00022c64	Label	switchD_00022c5c::caseD_22c64
00022c68	Label	LAB_00022c68
00022c7c	Label	LAB_00022c7c
00022c94	Label	LAB_00022c94
00022cb8	Label	switchD_00022cb8::switchD
00022cc0	Label	switchD_00022c5c::caseD_22cc0
00022d28	Label	LAB_00022d28
00022d4c	Label	switchD_00022d4c::switchD
00022d54	Label	switchD_00022c5c::caseD_22d54
00022d5c	Label	switchD_00022bf8::caseD_1
00022da0	Label	LAB_00022da0
00022db8	Label	switchD_00022bf8::caseD_4
00022dc0	Label	switchD_00022b74::caseD_4
00022dc8	Label	switchD_00022b74::caseD_0
00022e14	Label	switchD_00022bf8::caseD_0
00022e3c	Label	switchD_00022c5c::caseD_22e3c
00022e64	Label	switchD_00022cb8::caseD_0
00022e7c	Label	LAB_00022e7c
00022e84	Label	LAB_00022e84
00022e8c	Label	LAB_00022e8c
00022e94	Label	LAB_00022e94
00022e9c	Label	LAB_00022e9c
00022ea4	Label	LAB_00022ea4
00022eac	Label	LAB_00022eac
00022eb4	Label	LAB_00022eb4
00022ebc	Label	LAB_00022ebc
00022ec4	Label	LAB_00022ec4
00022ecc	Label	LAB_00022ecc
00022ed4	Label	LAB_00022ed4
00022edc	Label	LAB_00022edc
00022ee4	Label	LAB_00022ee4
00022eec	Label	LAB_00022eec
00022ef4	Label	LAB_00022ef4
00022efc	Label	LAB_00022efc
00022f04	Label	LAB_00022f04
00022f0c	Label	LAB_00022f0c
00022f14	Label	LAB_00022f14
00022f1c	Label	LAB_00022f1c
00022f24	Label	LAB_00022f24
00022f2c	Label	LAB_00022f2c
00022f34	Label	LAB_00022f34
00022f3c	Label	LAB_00022f3c
00022f60	Label	switchD_00022b74::caseD_1
00022f84	Label	switchD_00022b74::caseD_2
00022fd0	Label	switchD_00022bf8::caseD_2
00023004	Label	switchD_00022c5c::caseD_23004
00023058	Label	switchD_00022cb8::caseD_3
0002305c	Label	LAB_0002305c
00023074	Label	LAB_00023074
00023098	Label	switchD_00023098::switchD
000230a0	Label	switchD_00023098::caseD_3
000230a4	Label	LAB_000230a4
000230a8	Label	LAB_000230a8
000230bc	Label	LAB_000230bc
000230e8	Label	switchD_000230e8::switchD
000230f0	Label	switchD_000230e8::caseD_3
000230f4	Label	LAB_000230f4
00023108	Label	LAB_00023108
00023134	Label	switchD_00023134::switchD
0002313c	Label	switchD_00023134::caseD_3
00023140	Label	LAB_00023140
00023154	Label	LAB_00023154
00023168	Label	LAB_00023168
00023180	Label	switchD_00023180::switchD
00023188	Label	switchD_00023180::caseD_3
0002318c	Label	LAB_0002318c
000231a0	Label	LAB_000231a0
000231b4	Label	LAB_000231b4
000231cc	Label	switchD_000231cc::switchD
000231d4	Label	switchD_000231cc::caseD_3
000231d8	Label	LAB_000231d8
000231ec	Label	LAB_000231ec
00023200	Label	LAB_00023200
00023218	Label	switchD_00023218::switchD
00023220	Label	switchD_00023218::caseD_3
00023224	Label	LAB_00023224
00023238	Label	LAB_00023238
0002324c	Label	LAB_0002324c
00023264	Label	switchD_00023264::switchD
0002326c	Label	switchD_00023264::caseD_3
00023270	Label	LAB_00023270
00023284	Label	LAB_00023284
00023298	Label	LAB_00023298
000232b0	Label	switchD_000232b0::switchD
000232b8	Label	switchD_000232b0::caseD_3
000232bc	Label	LAB_000232bc
000232d0	Label	LAB_000232d0
000232e4	Label	LAB_000232e4
000232fc	Label	switchD_000232fc::switchD
00023304	Label	switchD_000232fc::caseD_3
00023308	Label	LAB_00023308
0002331c	Label	LAB_0002331c
00023330	Label	LAB_00023330
00023348	Label	switchD_00023348::switchD
00023350	Label	switchD_00023348::caseD_3
00023354	Label	LAB_00023354
00023368	Label	LAB_00023368
0002337c	Label	LAB_0002337c
00023394	Label	switchD_00023394::switchD
0002339c	Label	switchD_00023394::caseD_3
000233a0	Label	LAB_000233a0
000233b4	Label	LAB_000233b4
000233c8	Label	LAB_000233c8
000233e0	Label	switchD_000233e0::switchD
000233e8	Label	switchD_000233e0::caseD_3
000233ec	Label	LAB_000233ec
00023400	Label	LAB_00023400
00023414	Label	LAB_00023414
0002342c	Label	switchD_0002342c::switchD
00023434	Label	switchD_0002342c::caseD_3
00023438	Label	LAB_00023438
0002344c	Label	LAB_0002344c
00023460	Label	LAB_00023460
00023478	Label	switchD_00023478::switchD
00023480	Label	switchD_00023478::caseD_3
00023484	Label	LAB_00023484
00023498	Label	LAB_00023498
000234ac	Label	LAB_000234ac
000234c4	Label	switchD_000234c4::switchD
000234cc	Label	switchD_000234c4::caseD_3
000234d0	Label	LAB_000234d0
000234e4	Label	LAB_000234e4
000234f8	Label	LAB_000234f8
00023510	Label	switchD_00023510::switchD
00023518	Label	switchD_00023510::caseD_3
0002351c	Label	LAB_0002351c
00023530	Label	LAB_00023530
00023544	Label	LAB_00023544
0002355c	Label	switchD_0002355c::switchD
00023564	Label	switchD_0002355c::caseD_3
00023568	Label	LAB_00023568
0002357c	Label	LAB_0002357c
00023590	Label	LAB_00023590
000235a8	Label	switchD_000235a8::switchD
000235b0	Label	switchD_000235a8::caseD_3
000235b4	Label	LAB_000235b4
000235c8	Label	LAB_000235c8
000235dc	Label	LAB_000235dc
000235f4	Label	switchD_000235f4::switchD
000235fc	Label	switchD_000235f4::caseD_3
00023600	Label	LAB_00023600
00023614	Label	LAB_00023614
00023628	Label	LAB_00023628
00023640	Label	switchD_00023640::switchD
00023648	Label	switchD_00023640::caseD_3
0002364c	Label	LAB_0002364c
00023660	Label	LAB_00023660
00023674	Label	LAB_00023674
0002368c	Label	switchD_0002368c::switchD
00023694	Label	switchD_0002368c::caseD_3
00023698	Label	LAB_00023698
000236ac	Label	LAB_000236ac
000236c0	Label	LAB_000236c0
000236d8	Label	switchD_000236d8::switchD
000236e0	Label	switchD_000236d8::caseD_3
000236e4	Label	LAB_000236e4
000236f8	Label	LAB_000236f8
0002370c	Label	LAB_0002370c
00023724	Label	switchD_00023724::switchD
0002372c	Label	switchD_00023724::caseD_3
00023730	Label	LAB_00023730
00023744	Label	LAB_00023744
00023758	Label	LAB_00023758
00023770	Label	switchD_00023770::switchD
00023778	Label	switchD_00023770::caseD_3
0002377c	Label	LAB_0002377c
00023790	Label	LAB_00023790
000237a4	Label	LAB_000237a4
000237bc	Label	switchD_000237bc::switchD
000237c4	Label	switchD_000237bc::caseD_3
000237c8	Label	LAB_000237c8
000237dc	Label	LAB_000237dc
000237f0	Label	LAB_000237f0
00023808	Label	switchD_00023808::switchD
00023810	Label	switchD_00023808::caseD_3
00023814	Label	LAB_00023814
00023840	Label	switchD_00023808::caseD_2
0002387c	Label	switchD_00023808::caseD_1
000238b8	Label	switchD_00023808::caseD_4
000238c0	Label	switchD_000237bc::caseD_2
000238f4	Label	LAB_000238f4
00023920	Label	switchD_000237bc::caseD_1
00023944	Label	switchD_000237bc::caseD_4
0002394c	Label	switchD_00023770::caseD_2
00023980	Label	LAB_00023980
00023998	Label	switchD_00023770::caseD_1
000239bc	Label	switchD_00023770::caseD_4
000239c4	Label	switchD_00023724::caseD_2
000239f8	Label	LAB_000239f8
00023a10	Label	switchD_00023724::caseD_1
00023a34	Label	switchD_00023724::caseD_4
00023a3c	Label	switchD_000236d8::caseD_2
00023a70	Label	LAB_00023a70
00023a88	Label	switchD_000236d8::caseD_1
00023aac	Label	switchD_000236d8::caseD_4
00023ab4	Label	switchD_0002368c::caseD_2
00023ae8	Label	LAB_00023ae8
00023b00	Label	switchD_0002368c::caseD_1
00023b24	Label	switchD_0002368c::caseD_4
00023b2c	Label	switchD_00023640::caseD_2
00023b60	Label	LAB_00023b60
00023b78	Label	switchD_00023640::caseD_1
00023b9c	Label	switchD_00023640::caseD_4
00023ba4	Label	switchD_000235f4::caseD_2
00023bd8	Label	LAB_00023bd8
00023bf0	Label	switchD_000235f4::caseD_1
00023c14	Label	switchD_000235f4::caseD_4
00023c1c	Label	switchD_000235a8::caseD_2
00023c50	Label	LAB_00023c50
00023c68	Label	switchD_000235a8::caseD_1
00023c8c	Label	switchD_000235a8::caseD_4
00023c94	Label	switchD_0002355c::caseD_2
00023cc8	Label	LAB_00023cc8
00023ce0	Label	switchD_0002355c::caseD_1
00023d04	Label	switchD_0002355c::caseD_4
00023d0c	Label	switchD_00023510::caseD_2
00023d40	Label	LAB_00023d40
00023d58	Label	switchD_00023510::caseD_1
00023d7c	Label	switchD_00023510::caseD_4
00023d84	Label	switchD_000234c4::caseD_2
00023db8	Label	LAB_00023db8
00023dd0	Label	switchD_000234c4::caseD_1
00023df4	Label	switchD_000234c4::caseD_4
00023dfc	Label	switchD_00023478::caseD_2
00023e30	Label	LAB_00023e30
00023e48	Label	switchD_00023478::caseD_1
00023e6c	Label	switchD_00023478::caseD_4
00023e74	Label	switchD_0002342c::caseD_2
00023ea8	Label	LAB_00023ea8
00023ec0	Label	switchD_0002342c::caseD_1
00023ee4	Label	switchD_0002342c::caseD_4
00023eec	Label	switchD_000233e0::caseD_2
00023f20	Label	LAB_00023f20
00023f38	Label	switchD_000233e0::caseD_1
00023f5c	Label	switchD_000233e0::caseD_4
00023f64	Label	switchD_00023394::caseD_2
00023f98	Label	LAB_00023f98
00023fb0	Label	switchD_00023394::caseD_1
00023fd4	Label	switchD_00023394::caseD_4
00023fdc	Label	switchD_00023348::caseD_2
00024010	Label	LAB_00024010
00024028	Label	switchD_00023348::caseD_1
0002404c	Label	switchD_00023348::caseD_4
00024054	Label	switchD_000232fc::caseD_2
00024088	Label	LAB_00024088
000240a0	Label	switchD_000232fc::caseD_1
000240c4	Label	switchD_000232fc::caseD_4
000240cc	Label	switchD_000232b0::caseD_2
00024100	Label	LAB_00024100
00024118	Label	switchD_000232b0::caseD_1
0002413c	Label	switchD_000232b0::caseD_4
00024144	Label	switchD_00023264::caseD_2
00024178	Label	LAB_00024178
00024190	Label	switchD_00023264::caseD_1
000241b4	Label	switchD_00023264::caseD_4
000241bc	Label	switchD_00023218::caseD_2
000241c4	Label	LAB_000241c4
00024214	Label	LAB_00024214
00024220	Label	switchD_00023218::caseD_1
00024228	Label	LAB_00024228
0002427c	Label	switchD_00023218::caseD_4
00024284	Label	switchD_000231cc::caseD_2
000242e8	Label	LAB_000242e8
00024310	Label	LAB_00024310
00024328	Label	switchD_000231cc::caseD_1
0002437c	Label	switchD_000231cc::caseD_4
00024384	Label	switchD_00023180::caseD_2
00024408	Label	LAB_00024408
00024420	Label	switchD_00023180::caseD_1
00024494	Label	switchD_00023180::caseD_4
0002449c	Label	switchD_00023134::caseD_2
000244a4	Label	LAB_000244a4
000244f4	Label	LAB_000244f4
00024500	Label	switchD_00023134::caseD_1
00024508	Label	LAB_00024508
0002455c	Label	switchD_00023134::caseD_4
00024564	Label	switchD_000230e8::caseD_2
0002456c	Label	LAB_0002456c
000245bc	Label	LAB_000245bc
000245c8	Label	switchD_000230e8::caseD_1
000245d0	Label	LAB_000245d0
00024624	Label	switchD_000230e8::caseD_4
0002462c	Label	switchD_00023098::caseD_2
00024634	Label	LAB_00024634
00024684	Label	LAB_00024684
00024690	Label	switchD_00023098::caseD_1
00024698	Label	LAB_00024698
000246ec	Label	switchD_00023098::caseD_4
000246f4	Label	switchD_00022cb8::caseD_2
000246fc	Label	LAB_000246fc
0002474c	Label	LAB_0002474c
00024758	Label	switchD_00022cb8::caseD_1
00024760	Label	LAB_00024760
000247b4	Label	switchD_00022cb8::caseD_4
000247bc	Label	switchD_00022d4c::caseD_3
000247c0	Label	LAB_000247c0
000247d8	Label	LAB_000247d8
000247fc	Label	switchD_000247fc::switchD
00024804	Label	switchD_000247fc::caseD_3
00024810	Label	switchD_000247fc::caseD_2
00024818	Label	LAB_00024818
00024868	Label	LAB_00024868
00024874	Label	switchD_000247fc::caseD_1
0002487c	Label	LAB_0002487c
000248d0	Label	switchD_000247fc::caseD_4
000248dc	Label	switchD_00022d4c::caseD_2
000248e8	Label	LAB_000248e8
00024938	Label	LAB_00024938
00024948	Label	switchD_00022d4c::caseD_1
00024954	Label	LAB_00024954
000249a8	Label	switchD_00022d4c::caseD_4
000249b0	Label	LAB_000249b0
000249d8	Label	LAB_000249d8
000249f0	Label	LAB_000249f0
00024a08	Label	switchD_00023098::default
00024a08	Label	switchD_000247fc::default
00024a20	Label	switchD_00022bf8::default
00024a3c	Label	LAB_00024a3c
00024a58	Label	switchD_00022cb8::default
00024a70	Label	switchD_00022d4c::caseD_0
00024a7c	Label	LAB_00024a7c
00024a8c	Label	LAB_00024a8c
00024a98	Label	switchD_00022d4c::default
00024ab0	Label	switchD_00023808::caseD_0
00024abc	Label	switchD_00023724::caseD_0
00024ad0	Label	switchD_00023640::caseD_0
00024ae4	Label	switchD_0002355c::caseD_0
00024af8	Label	switchD_00023478::caseD_0
00024b0c	Label	switchD_00023394::caseD_0
00024b20	Label	switchD_000232b0::caseD_0
00024b34	Label	switchD_000231cc::caseD_0
00024b48	Label	switchD_00023098::caseD_0
00024b5c	Label	switchD_000230e8::caseD_0
00024b70	Label	switchD_00023180::caseD_0
00024b84	Label	switchD_00023134::caseD_0
00024b98	Label	switchD_0002342c::caseD_0
00024bac	Label	switchD_000233e0::caseD_0
00024bc0	Label	switchD_00023348::caseD_0
00024bd4	Label	switchD_000232fc::caseD_0
00024be8	Label	switchD_00023264::caseD_0
00024bfc	Label	switchD_00023218::caseD_0
00024c10	Label	switchD_00023510::caseD_0
00024c24	Label	switchD_000234c4::caseD_0
00024c38	Label	switchD_000235f4::caseD_0
00024c4c	Label	switchD_000235a8::caseD_0
00024c60	Label	switchD_000247fc::caseD_0
00024c74	Label	switchD_000237bc::caseD_0
00024c88	Label	switchD_00023770::caseD_0
00024c9c	Label	switchD_000236d8::caseD_0
00024cb0	Label	switchD_0002368c::caseD_0
00024cd0	Function	cpu::read
00024cd0	Label	_ZN3cpu4readEt
00024d00	Label	LAB_00024d00
00024d0c	Function	cpu::io_write
00024d0c	Label	_ZN3cpu8io_writeEth
00024d5c	Label	switchD_00024d5c::switchD
00024d64	Label	switchD_00024d5c::caseD_ff
00024d6c	Label	LAB_00024d6c
00024d70	Label	LAB_00024d70
00024d84	Label	switchD_00024d5c::caseD_75
00024d98	Label	switchD_00024d5c::caseD_74
00024da8	Label	switchD_00024d5c::caseD_73
00024db8	Label	switchD_00024d5c::caseD_72
00024dc8	Label	switchD_00024d5c::caseD_70
00024dd8	Label	LAB_00024dd8
00024df8	Label	switchD_00024d5c::caseD_6c
00024e0c	Label	switchD_00024d5c::caseD_6b
00024e50	Label	LAB_00024e50
00024ea8	Label	switchD_00024d5c::caseD_6a
00024eb4	Label	switchD_00024d5c::caseD_69
00024ef4	Label	LAB_00024ef4
00024f4c	Label	switchD_00024d5c::caseD_68
00024f58	Label	switchD_00024d5c::caseD_47
00024f64	Label	switchD_00024d5c::caseD_46
00024f88	Label	switchD_00024d5c::caseD_45
00024f94	Label	switchD_00024d5c::caseD_44
00024fa8	Label	switchD_00024d5c::caseD_43
00024fb4	Label	switchD_00024d5c::caseD_42
00024fc0	Label	switchD_00024d5c::caseD_41
00024fdc	Label	LAB_00024fdc
00024ff0	Label	switchD_00024d5c::caseD_40
00025004	Label	LAB_00025004
0002500c	Label	switchD_00024d5c::caseD_f
00025018	Label	switchD_00024d5c::caseD_7
00025028	Label	LAB_00025028
00025030	Label	switchD_00024d5c::caseD_4
0002503c	Label	switchD_00024d5c::caseD_2
0002508c	Label	switchD_00024d5c::caseD_6
00025098	Label	switchD_00024d5c::caseD_5
000250a4	Label	switchD_00024d5c::caseD_1
000250b0	Label	switchD_00024d5c::caseD_0
000250bc	Label	switchD_00024d5c::caseD_52
000250dc	Label	switchD_00024d5c::caseD_51
000250fc	Label	switchD_00024d5c::caseD_4f
00025134	Label	switchD_00024d5c::caseD_4d
00025150	Label	switchD_00024d5c::caseD_4b
0002515c	Label	switchD_00024d5c::caseD_4a
00025168	Label	switchD_00024d5c::caseD_49
00025174	Label	switchD_00024d5c::caseD_48
00025180	Label	switchD_00024d5c::caseD_56
000251c0	Label	switchD_00024d5c::caseD_55
00025234	Label	switchD_00025234::switchD
0002523c	Label	switchD_00024d5c::caseD_54
0002525c	Label	switchD_00024d5c::caseD_53
0002527c	Label	switchD_00024d5c::caseD_3
0002527c	Label	switchD_00024d5c::caseD_8
0002527c	Label	switchD_00024d5c::caseD_9
0002527c	Label	switchD_00024d5c::caseD_a
0002527c	Label	switchD_00024d5c::caseD_b
0002527c	Label	switchD_00024d5c::caseD_c
0002527c	Label	switchD_00024d5c::caseD_d
0002527c	Label	switchD_00024d5c::caseD_e
0002527c	Label	switchD_00024d5c::caseD_10
0002527c	Label	switchD_00024d5c::caseD_11
0002527c	Label	switchD_00024d5c::caseD_12
0002527c	Label	switchD_00024d5c::caseD_13
0002527c	Label	switchD_00024d5c::caseD_14
0002527c	Label	switchD_00024d5c::caseD_15
0002527c	Label	switchD_00024d5c::caseD_16
0002527c	Label	switchD_00024d5c::caseD_17
0002527c	Label	switchD_00024d5c::caseD_18
0002527c	Label	switchD_00024d5c::caseD_19
0002527c	Label	switchD_00024d5c::caseD_1a
0002527c	Label	switchD_00024d5c::caseD_1b
0002527c	Label	switchD_00024d5c::caseD_1c
0002527c	Label	switchD_00024d5c::caseD_1d
0002527c	Label	switchD_00024d5c::caseD_1e
0002527c	Label	switchD_00024d5c::caseD_1f
0002527c	Label	switchD_00024d5c::caseD_20
0002527c	Label	switchD_00024d5c::caseD_21
0002527c	Label	switchD_00024d5c::caseD_22
0002527c	Label	switchD_00024d5c::caseD_23
0002527c	Label	switchD_00024d5c::caseD_24
0002527c	Label	switchD_00024d5c::caseD_25
0002527c	Label	switchD_00024d5c::caseD_26
0002527c	Label	switchD_00024d5c::caseD_27
0002527c	Label	switchD_00024d5c::caseD_28
0002527c	Label	switchD_00024d5c::caseD_29
0002527c	Label	switchD_00024d5c::caseD_2a
0002527c	Label	switchD_00024d5c::caseD_2b
0002527c	Label	switchD_00024d5c::caseD_2c
0002527c	Label	switchD_00024d5c::caseD_2d
0002527c	Label	switchD_00024d5c::caseD_2e
0002527c	Label	switchD_00024d5c::caseD_2f
0002527c	Label	switchD_00024d5c::caseD_30
0002527c	Label	switchD_00024d5c::caseD_31
0002527c	Label	switchD_00024d5c::caseD_32
0002527c	Label	switchD_00024d5c::caseD_33
0002527c	Label	switchD_00024d5c::caseD_34
0002527c	Label	switchD_00024d5c::caseD_35
0002527c	Label	switchD_00024d5c::caseD_36
0002527c	Label	switchD_00024d5c::caseD_37
0002527c	Label	switchD_00024d5c::caseD_38
0002527c	Label	switchD_00024d5c::caseD_39
0002527c	Label	switchD_00024d5c::caseD_3a
0002527c	Label	switchD_00024d5c::caseD_3b
0002527c	Label	switchD_00024d5c::caseD_3c
0002527c	Label	switchD_00024d5c::caseD_3d
0002527c	Label	switchD_00024d5c::caseD_3e
0002527c	Label	switchD_00024d5c::caseD_3f
0002527c	Label	switchD_00024d5c::caseD_4c
0002527c	Label	switchD_00024d5c::caseD_4e
0002527c	Label	switchD_00024d5c::caseD_50
0002527c	Label	switchD_00024d5c::caseD_57
0002527c	Label	switchD_00024d5c::caseD_58
0002527c	Label	switchD_00024d5c::caseD_59
0002527c	Label	switchD_00024d5c::caseD_5a
0002527c	Label	switchD_00024d5c::caseD_5b
0002527c	Label	switchD_00024d5c::caseD_5c
0002527c	Label	switchD_00024d5c::caseD_5d
0002527c	Label	switchD_00024d5c::caseD_5e
0002527c	Label	switchD_00024d5c::caseD_5f
0002527c	Label	switchD_00024d5c::caseD_60
0002527c	Label	switchD_00024d5c::caseD_61
0002527c	Label	switchD_00024d5c::caseD_62
0002527c	Label	switchD_00024d5c::caseD_63
0002527c	Label	switchD_00024d5c::caseD_64
0002527c	Label	switchD_00024d5c::caseD_65
0002527c	Label	switchD_00024d5c::caseD_66
0002527c	Label	switchD_00024d5c::caseD_67
0002527c	Label	switchD_00024d5c::caseD_6d
0002527c	Label	switchD_00024d5c::caseD_6e
0002527c	Label	switchD_00024d5c::caseD_6f
0002527c	Label	switchD_00024d5c::caseD_71
0002527c	Label	switchD_00024d5c::caseD_76
0002527c	Label	switchD_00024d5c::caseD_77
0002527c	Label	switchD_00024d5c::caseD_78
0002527c	Label	switchD_00024d5c::caseD_79
0002527c	Label	switchD_00024d5c::caseD_7a
0002527c	Label	switchD_00024d5c::caseD_7b
0002527c	Label	switchD_00024d5c::caseD_7c
0002527c	Label	switchD_00024d5c::caseD_7d
0002527c	Label	switchD_00024d5c::caseD_7e
0002527c	Label	switchD_00024d5c::caseD_7f
0002527c	Label	switchD_00024d5c::caseD_80
0002527c	Label	switchD_00024d5c::caseD_81
0002527c	Label	switchD_00024d5c::caseD_82
0002527c	Label	switchD_00024d5c::caseD_83
0002527c	Label	switchD_00024d5c::caseD_84
0002527c	Label	switchD_00024d5c::caseD_85
0002527c	Label	switchD_00024d5c::caseD_86
0002527c	Label	switchD_00024d5c::caseD_87
0002527c	Label	switchD_00024d5c::caseD_88
0002527c	Label	switchD_00024d5c::caseD_89
0002527c	Label	switchD_00024d5c::caseD_8a
0002527c	Label	switchD_00024d5c::caseD_8b
0002527c	Label	switchD_00024d5c::caseD_8c
0002527c	Label	switchD_00024d5c::caseD_8d
0002527c	Label	switchD_00024d5c::caseD_8e
0002527c	Label	switchD_00024d5c::caseD_8f
0002527c	Label	switchD_00024d5c::caseD_90
0002527c	Label	switchD_00024d5c::caseD_91
0002527c	Label	switchD_00024d5c::caseD_92
0002527c	Label	switchD_00024d5c::caseD_93
0002527c	Label	switchD_00024d5c::caseD_94
0002527c	Label	switchD_00024d5c::caseD_95
0002527c	Label	switchD_00024d5c::caseD_96
0002527c	Label	switchD_00024d5c::caseD_97
0002527c	Label	switchD_00024d5c::caseD_98
0002527c	Label	switchD_00024d5c::caseD_99
0002527c	Label	switchD_00024d5c::caseD_9a
0002527c	Label	switchD_00024d5c::caseD_9b
0002527c	Label	switchD_00024d5c::caseD_9c
0002527c	Label	switchD_00024d5c::caseD_9d
0002527c	Label	switchD_00024d5c::caseD_9e
0002527c	Label	switchD_00024d5c::caseD_9f
0002527c	Label	switchD_00024d5c::caseD_a0
0002527c	Label	switchD_00024d5c::caseD_a1
0002527c	Label	switchD_00024d5c::caseD_a2
0002527c	Label	switchD_00024d5c::caseD_a3
0002527c	Label	switchD_00024d5c::caseD_a4
0002527c	Label	switchD_00024d5c::caseD_a5
0002527c	Label	switchD_00024d5c::caseD_a6
0002527c	Label	switchD_00024d5c::caseD_a7
0002527c	Label	switchD_00024d5c::caseD_a8
0002527c	Label	switchD_00024d5c::caseD_a9
0002527c	Label	switchD_00024d5c::caseD_aa
0002527c	Label	switchD_00024d5c::caseD_ab
0002527c	Label	switchD_00024d5c::caseD_ac
0002527c	Label	switchD_00024d5c::caseD_ad
0002527c	Label	switchD_00024d5c::caseD_ae
0002527c	Label	switchD_00024d5c::caseD_af
0002527c	Label	switchD_00024d5c::caseD_b0
0002527c	Label	switchD_00024d5c::caseD_b1
0002527c	Label	switchD_00024d5c::caseD_b2
0002527c	Label	switchD_00024d5c::caseD_b3
0002527c	Label	switchD_00024d5c::caseD_b4
0002527c	Label	switchD_00024d5c::caseD_b5
0002527c	Label	switchD_00024d5c::caseD_b6
0002527c	Label	switchD_00024d5c::caseD_b7
0002527c	Label	switchD_00024d5c::caseD_b8
0002527c	Label	switchD_00024d5c::caseD_b9
0002527c	Label	switchD_00024d5c::caseD_ba
0002527c	Label	switchD_00024d5c::caseD_bb
0002527c	Label	switchD_00024d5c::caseD_bc
0002527c	Label	switchD_00024d5c::caseD_bd
0002527c	Label	switchD_00024d5c::caseD_be
0002527c	Label	switchD_00024d5c::caseD_bf
0002527c	Label	switchD_00024d5c::caseD_c0
0002527c	Label	switchD_00024d5c::caseD_c1
0002527c	Label	switchD_00024d5c::caseD_c2
0002527c	Label	switchD_00024d5c::caseD_c3
0002527c	Label	switchD_00024d5c::caseD_c4
0002527c	Label	switchD_00024d5c::caseD_c5
0002527c	Label	switchD_00024d5c::caseD_c6
0002527c	Label	switchD_00024d5c::caseD_c7
0002527c	Label	switchD_00024d5c::caseD_c8
0002527c	Label	switchD_00024d5c::caseD_c9
0002527c	Label	switchD_00024d5c::caseD_ca
0002527c	Label	switchD_00024d5c::caseD_cb
0002527c	Label	switchD_00024d5c::caseD_cc
0002527c	Label	switchD_00024d5c::caseD_cd
0002527c	Label	switchD_00024d5c::caseD_ce
0002527c	Label	switchD_00024d5c::caseD_cf
0002527c	Label	switchD_00024d5c::caseD_d0
0002527c	Label	switchD_00024d5c::caseD_d1
0002527c	Label	switchD_00024d5c::caseD_d2
0002527c	Label	switchD_00024d5c::caseD_d3
0002527c	Label	switchD_00024d5c::caseD_d4
0002527c	Label	switchD_00024d5c::caseD_d5
0002527c	Label	switchD_00024d5c::caseD_d6
0002527c	Label	switchD_00024d5c::caseD_d7
0002527c	Label	switchD_00024d5c::caseD_d8
0002527c	Label	switchD_00024d5c::caseD_d9
0002527c	Label	switchD_00024d5c::caseD_da
0002527c	Label	switchD_00024d5c::caseD_db
0002527c	Label	switchD_00024d5c::caseD_dc
0002527c	Label	switchD_00024d5c::caseD_dd
0002527c	Label	switchD_00024d5c::caseD_de
0002527c	Label	switchD_00024d5c::caseD_df
0002527c	Label	switchD_00024d5c::caseD_e0
0002527c	Label	switchD_00024d5c::caseD_e1
0002527c	Label	switchD_00024d5c::caseD_e2
0002527c	Label	switchD_00024d5c::caseD_e3
0002527c	Label	switchD_00024d5c::caseD_e4
0002527c	Label	switchD_00024d5c::caseD_e5
0002527c	Label	switchD_00024d5c::caseD_e6
0002527c	Label	switchD_00024d5c::caseD_e7
0002527c	Label	switchD_00024d5c::caseD_e8
0002527c	Label	switchD_00024d5c::caseD_e9
0002527c	Label	switchD_00024d5c::caseD_ea
0002527c	Label	switchD_00024d5c::caseD_eb
0002527c	Label	switchD_00024d5c::caseD_ec
0002527c	Label	switchD_00024d5c::caseD_ed
0002527c	Label	switchD_00024d5c::caseD_ee
0002527c	Label	switchD_00024d5c::caseD_ef
0002527c	Label	switchD_00024d5c::caseD_f0
0002527c	Label	switchD_00024d5c::caseD_f1
0002527c	Label	switchD_00024d5c::caseD_f2
0002527c	Label	switchD_00024d5c::caseD_f3
0002527c	Label	switchD_00024d5c::caseD_f4
0002527c	Label	switchD_00024d5c::caseD_f5
0002527c	Label	switchD_00024d5c::caseD_f6
0002527c	Label	switchD_00024d5c::caseD_f7
0002527c	Label	switchD_00024d5c::caseD_f8
0002527c	Label	switchD_00024d5c::caseD_f9
0002527c	Label	switchD_00024d5c::caseD_fa
0002527c	Label	switchD_00024d5c::caseD_fb
0002527c	Label	switchD_00024d5c::caseD_fc
0002527c	Label	switchD_00024d5c::caseD_fd
0002527c	Label	switchD_00024d5c::caseD_fe
0002550c	Label	switchD_00025234::caseD_5
00025530	Label	LAB_00025530
00025540	Label	LAB_00025540
00025544	Label	LAB_00025544
00025584	Label	switchD_00025234::caseD_6
000255c4	Label	switchD_00025234::caseD_2
000255c4	Label	switchD_00025234::caseD_3
000255e0	Label	LAB_000255e0
000255fc	Label	switchD_00025234::caseD_0
000255fc	Label	switchD_00025234::caseD_1
0002561c	Label	switchD_00025234::caseD_4
00025624	Label	LAB_00025624
00025630	Label	LAB_00025630
00025654	Label	LAB_00025654
00025688	Label	LAB_00025688
000256b0	Label	LAB_000256b0
000256b8	Label	LAB_000256b8
000256d8	Label	LAB_000256d8
0002570c	Label	LAB_0002570c
00025730	Label	LAB_00025730
00025760	Label	LAB_00025760
000257e4	Label	LAB_000257e4
00025810	Label	LAB_00025810
0002581c	Label	LAB_0002581c
00025840	Function	gb::~gb
00025840	Label	_ZN2gbD2Ev
00025840	Label	_ZN2gbD1Ev
00025894	Label	LAB_00025894
000258bc	Label	LAB_000258bc
000258e4	Label	LAB_000258e4
0002590c	Label	LAB_0002590c
00025940	Label	LAB_00025940
00025954	Function	gb::reset
00025954	Label	_ZN2gb5resetEv
00025a24	Label	LAB_00025a24
00025a28	Label	LAB_00025a28
00025ad4	Label	LAB_00025ad4
00025b0c	Label	LAB_00025b0c
00025b28	Function	gb::gb
00025b28	Label	_ZN2gbC1EP8rendererbb
00025b28	Label	_ZN2gbC2EP8rendererbb
00025b5c	Label	LAB_00025b5c
00025b74	Label	LAB_00025b74
00025b88	Label	LAB_00025b88
00025b9c	Label	LAB_00025b9c
00025bb0	Label	LAB_00025bb0
00025bc8	Label	LAB_00025bc8
00025bdc	Label	LAB_00025bdc
00025bf4	Label	LAB_00025bf4
00025c08	Label	LAB_00025c08
00025c20	Label	LAB_00025c20
00025c38	Label	LAB_00025c38
00025c50	Label	LAB_00025c50
00025c6c	Label	LAB_00025c6c
00025c88	Label	LAB_00025c88
00025cc0	Label	LAB_00025cc0
00025cc8	Label	LAB_00025cc8
00025cec	Label	LAB_00025cec
00025cf4	Label	LAB_00025cf4
00025cfc	Label	LAB_00025cfc
00025d04	Label	LAB_00025d04
00025d0c	Label	LAB_00025d0c
00025d14	Function	gb::hook_extport
00025d14	Label	_ZN2gb12hook_extportEP8ext_hook
00025d38	Function	gb::unhook_extport
00025d38	Label	_ZN2gb14unhook_extportEv
00025d48	Function	gb::set_skip
00025d48	Label	_ZN2gb8set_skipEi
00025d58	Function	gb::load_rom
00025d58	Label	_ZN2gb8load_romEPhiS0_i
00025da8	Label	LAB_00025da8
00025db8	Function	gb::serialize_legacy
00025db8	Label	_ZN2gb16serialize_legacyER10serializer
00025e3c	Label	switchD_00025e3c::switchD
00025e44	Label	switchD_00025e3c::caseD_3
00025e48	Label	LAB_00025e48
00025e5c	Label	LAB_00025e5c
00025e70	Label	LAB_00025e70
00025e9c	Label	switchD_00025e9c::switchD
00025ea4	Label	switchD_00025e3c::caseD_4
00025eac	Label	switchD_00025e3c::caseD_1
00025ee0	Label	LAB_00025ee0
00025f0c	Label	switchD_00025f0c::switchD
00025f14	Label	switchD_00025e3c::caseD_2
00025f38	Label	switchD_00025e3c::caseD_0
00025f58	Label	LAB_00025f58
00025f64	Label	LAB_00025f64
00025f6c	Label	LAB_00025f6c
00025f8c	Label	LAB_00025f8c
00025f94	Label	LAB_00025f94
00025fa0	Label	LAB_00025fa0
00026004	Label	switchD_00026004::switchD
0002600c	Label	switchD_00025e9c::caseD_3
00026010	Label	LAB_00026010
00026024	Label	LAB_00026024
00026054	Label	switchD_00026054::switchD
0002605c	Label	switchD_00025e9c::caseD_4
00026064	Label	switchD_00025e9c::caseD_2
0002606c	Label	LAB_0002606c
000260bc	Label	LAB_000260bc
000260c8	Label	switchD_00025e9c::caseD_1
000260d0	Label	LAB_000260d0
00026124	Label	switchD_00026004::caseD_3
00026128	Label	LAB_00026128
00026140	Label	LAB_00026140
00026150	Label	LAB_00026150
00026164	Label	switchD_00026164::switchD
0002616c	Label	switchD_00026164::caseD_2616c
00026170	Label	LAB_00026170
0002618c	Label	LAB_0002618c
000261a4	Label	LAB_000261a4
000261d0	Label	switchD_000261d0::switchD
000261d8	Label	switchD_000261d0::caseD_3
000261dc	Label	LAB_000261dc
000261f0	Label	LAB_000261f0
00026200	Label	LAB_00026200
00026218	Label	switchD_00026218::switchD
00026220	Label	switchD_00026218::caseD_26220
00026224	Label	LAB_00026224
00026238	Label	LAB_00026238
00026240	Label	LAB_00026240
00026248	Label	LAB_00026248
00026278	Label	switchD_00026278::switchD
00026280	Label	LAB_00026280
000262a8	Label	switchD_000262a8::switchD
000262b0	Label	switchD_00026218::caseD_262b0
0002631c	Label	switchD_00026218::caseD_2631c
00026388	Label	switchD_00026218::caseD_26388
00026390	Label	switchD_00026278::caseD_3
00026394	Label	LAB_00026394
000263b4	Label	LAB_000263b4
000263d4	Label	LAB_000263d4
000263ec	Label	switchD_000263ec::switchD
000263f4	Label	switchD_000263ec::caseD_263f4
000263f8	Label	LAB_000263f8
00026410	Label	LAB_00026410
00026448	Label	switchD_00026448::switchD
00026450	Label	switchD_00026448::caseD_3
00026454	Label	LAB_00026454
0002646c	Label	LAB_0002646c
000264b0	Label	switchD_000264b0::switchD
000264b8	Label	switchD_000264b0::caseD_3
000264bc	Label	LAB_000264bc
000264d8	Label	LAB_000264d8
000264e8	Label	LAB_000264e8
00026504	Label	LAB_00026504
0002651c	Label	switchD_0002651c::switchD
00026524	Label	switchD_0002651c::caseD_3
00026528	Label	LAB_00026528
00026540	Label	LAB_00026540
0002655c	Label	LAB_0002655c
00026574	Label	switchD_00026574::switchD
0002657c	Label	switchD_00026574::caseD_2657c
00026580	Label	LAB_00026580
00026598	Label	LAB_00026598
000265b4	Label	LAB_000265b4
000265cc	Label	switchD_000265cc::switchD
000265d4	Label	switchD_000265cc::caseD_3
000265d8	Label	LAB_000265d8
000265f4	Label	LAB_000265f4
0002662c	Label	switchD_0002662c::switchD
00026634	Label	switchD_0002662c::caseD_1
0002663c	Label	LAB_0002663c
00026678	Label	switchD_0002662c::caseD_2
000266a4	Label	switchD_0002662c::caseD_4
000266a8	Label	LAB_000266a8
000266dc	Label	switchD_0002662c::caseD_3
000266e4	Label	switchD_000265cc::caseD_2
000266ec	Label	LAB_000266ec
0002677c	Label	switchD_000265cc::caseD_1
00026784	Label	LAB_00026784
00026814	Label	switchD_000265cc::caseD_0
00026838	Label	switchD_0002662c::caseD_0
00026868	Label	switchD_000265cc::caseD_4
00026870	Label	switchD_00026574::caseD_26870
00026878	Label	LAB_00026878
000268c8	Label	LAB_000268c8
000268d4	Label	switchD_00026574::caseD_268d4
000268dc	Label	LAB_000268dc
00026930	Label	switchD_00026574::caseD_26930
00026938	Label	switchD_00026574::caseD_26938
00026964	Label	LAB_00026964
00026980	Label	switchD_0002651c::caseD_2
00026988	Label	LAB_00026988
00026a14	Label	switchD_0002651c::caseD_1
00026a1c	Label	LAB_00026a1c
00026aa8	Label	switchD_0002651c::caseD_0
00026ad4	Label	LAB_00026ad4
00026aec	Label	switchD_0002651c::caseD_4
00026af4	Label	switchD_000264b0::caseD_2
00026b1c	Label	LAB_00026b1c
00026b40	Label	switchD_00026b40::switchD
00026b48	Label	switchD_000264b0::caseD_1
00026b6c	Label	switchD_000264b0::caseD_0
00026b80	Label	switchD_000264b0::caseD_4
00026b88	Label	switchD_00026448::caseD_2
00026ba4	Label	switchD_00026448::caseD_1
00026bc4	Label	switchD_00026448::caseD_0
00026bd8	Label	switchD_00026448::caseD_4
00026be0	Label	switchD_000263ec::caseD_26be0
00026c00	Label	switchD_000263ec::caseD_26c00
00026c08	Label	switchD_00026278::caseD_2
00026c38	Label	switchD_000263ec::caseD_26c38
00026c54	Label	switchD_00026278::caseD_1
00026c98	Label	LAB_00026c98
00026cb0	Label	switchD_00026278::caseD_4
00026cb8	Label	switchD_000261d0::caseD_1
00026d18	Label	LAB_00026d18
00026d30	Label	switchD_000261d0::caseD_4
00026d38	Label	switchD_00026164::caseD_26d38
00026d70	Label	LAB_00026d70
00026dac	Label	switchD_00026dac::switchD
00026db4	Label	switchD_00026164::caseD_26db4
00026dbc	Label	switchD_00026004::caseD_2
00026dd4	Label	LAB_00026dd4
00026dec	Label	switchD_00026004::caseD_1
00026e18	Label	LAB_00026e18
00026e34	Label	switchD_00026004::caseD_0
00026e50	Label	switchD_00026004::caseD_4
00026e58	Label	switchD_000261d0::caseD_2
00026e5c	Label	LAB_00026e5c
00026eac	Label	switchD_000261d0::caseD_0
00026eb4	Label	LAB_00026eb4
00026ebc	Label	LAB_00026ebc
00026ec8	Label	LAB_00026ec8
00026ed8	Label	switchD_00026278::caseD_0
00026f00	Label	switchD_000263ec::caseD_26f00
00026f14	Label	switchD_00026054::caseD_3
00026f18	Label	LAB_00026f18
00026f2c	Label	LAB_00026f2c
00026f58	Label	LAB_00026f58
00026f70	Label	switchD_00026f70::switchD
00026f78	Label	switchD_00026f70::caseD_3
00026f7c	Label	LAB_00026f7c
00026f94	Label	LAB_00026f94
00026fac	Label	LAB_00026fac
00026fc4	Label	switchD_00026fc4::switchD
00026fcc	Label	switchD_00026fc4::caseD_3
00026fd0	Label	LAB_00026fd0
00026fe4	Label	LAB_00026fe4
00026ffc	Label	LAB_00026ffc
00027014	Label	switchD_00027014::switchD
0002701c	Label	switchD_00027014::caseD_3
00027020	Label	LAB_00027020
00027040	Label	switchD_00027014::caseD_2
00027048	Label	LAB_00027048
00027098	Label	LAB_00027098
000270ac	Label	switchD_00027014::caseD_1
000270b4	Label	LAB_000270b4
00027108	Label	switchD_00027014::caseD_4
00027110	Label	switchD_00026fc4::caseD_2
00027118	Label	LAB_00027118
00027168	Label	LAB_00027168
00027174	Label	switchD_00026fc4::caseD_1
0002717c	Label	LAB_0002717c
000271d0	Label	switchD_00026fc4::caseD_4
000271d8	Label	switchD_00026f70::caseD_2
000271e8	Label	LAB_000271e8
00027218	Label	LAB_00027218
00027244	Label	LAB_00027244
00027264	Label	switchD_00026f70::caseD_1
00027278	Label	switchD_00026f70::caseD_4
00027280	Label	switchD_00026054::caseD_2
00027288	Label	LAB_00027288
000272d8	Label	LAB_000272d8
000272e4	Label	switchD_00026054::caseD_1
000272ec	Label	LAB_000272ec
00027340	Label	switchD_00026054::caseD_4
00027348	Label	switchD_00025f0c::caseD_3
0002734c	Label	LAB_0002734c
00027360	Label	LAB_00027360
00027390	Label	switchD_00027390::switchD
00027398	Label	switchD_00027390::caseD_3
0002739c	Label	LAB_0002739c
000273dc	Label	LAB_000273dc
000273f4	Label	switchD_00027390::caseD_2
000273fc	Label	LAB_000273fc
0002744c	Label	LAB_0002744c
00027458	Label	switchD_00027390::caseD_1
00027460	Label	LAB_00027460
000274b4	Label	switchD_00027390::caseD_4
000274bc	Label	switchD_00025f0c::caseD_2
000274c8	Label	LAB_000274c8
00027518	Label	LAB_00027518
00027528	Label	switchD_00025f0c::caseD_1
00027534	Label	LAB_00027534
00027588	Label	switchD_00025f0c::caseD_4
00027590	Label	switchD_00026b40::caseD_3
00027594	Label	LAB_00027594
000275ac	Label	LAB_000275ac
000275dc	Label	LAB_000275dc
000275f4	Label	switchD_00026b40::caseD_2
0002764c	Label	switchD_00026b40::caseD_1
000276a8	Label	switchD_00026b40::caseD_0
000276bc	Label	switchD_00026b40::caseD_4
000276c4	Label	switchD_0002662c::default
000276f4	Label	LAB_000276f4
00027710	Label	LAB_00027710
00027728	Label	switchD_00026278::default
00027748	Label	LAB_00027748
00027760	Label	LAB_00027760
00027778	Label	LAB_00027778
00027790	Label	LAB_00027790
000277a8	Label	switchD_00025e9c::caseD_0
000277b8	Label	LAB_000277b8
000277c8	Label	LAB_000277c8
000277e0	Label	LAB_000277e0
000277f8	Label	switchD_00026b40::default
00027810	Label	switchD_000262a8::caseD_3
00027814	Label	LAB_00027814
00027828	Label	LAB_00027828
00027854	Label	switchD_00027854::switchD
0002785c	Label	switchD_00027854::caseD_3
00027860	Label	LAB_00027860
00027880	Label	switchD_00027854::caseD_2
00027888	Label	LAB_00027888
000278d8	Label	LAB_000278d8
000278ec	Label	switchD_00027854::caseD_1
000278f4	Label	LAB_000278f4
00027948	Label	switchD_00027854::caseD_4
00027950	Label	switchD_000262a8::caseD_2
0002799c	Label	switchD_000262a8::caseD_1
000279e8	Label	switchD_000262a8::caseD_4
000279f0	Label	switchD_00026dac::caseD_3
000279f4	Label	LAB_000279f4
00027a10	Label	switchD_00026dac::caseD_2
00027a40	Label	switchD_00026dac::caseD_1
00027a6c	Label	switchD_00026dac::caseD_0
00027a84	Label	switchD_00026dac::caseD_4
00027a8c	Label	switchD_00026218::caseD_27a8c
00027a9c	Label	switchD_00027390::caseD_0
00027aac	Label	switchD_00026054::caseD_0
00027abc	Label	LAB_00027abc
00027ad4	Label	LAB_00027ad4
00027aec	Label	switchD_000262a8::caseD_0
00027af8	Label	LAB_00027af8
00027b0c	Label	switchD_00026dac::default
00027b24	Label	switchD_00026f70::caseD_0
00027b38	Label	switchD_00026164::caseD_27b38
00027b50	Label	switchD_00027854::caseD_0
00027b68	Label	switchD_00026164::caseD_27b68
00027b74	Label	switchD_00025f0c::caseD_0
00027b80	Label	switchD_00027014::caseD_0
00027b90	Label	switchD_00026fc4::caseD_0
00027ba0	Function	gb::serialize_firstrev
00027ba0	Label	_ZN2gb18serialize_firstrevER10serializer
00027c24	Label	switchD_00027c24::switchD
00027c2c	Label	switchD_00027c24::caseD_3
00027c30	Label	LAB_00027c30
00027c44	Label	LAB_00027c44
00027c58	Label	LAB_00027c58
00027c84	Label	switchD_00027c84::switchD
00027c8c	Label	switchD_00027c24::caseD_4
00027c94	Label	switchD_00027c24::caseD_1
00027cc8	Label	LAB_00027cc8
00027cf4	Label	switchD_00027cf4::switchD
00027cfc	Label	switchD_00027c24::caseD_2
00027d20	Label	switchD_00027c24::caseD_0
00027d44	Label	LAB_00027d44
00027d50	Label	LAB_00027d50
00027d58	Label	LAB_00027d58
00027d78	Label	LAB_00027d78
00027d80	Label	LAB_00027d80
00027d8c	Label	LAB_00027d8c
00027df0	Label	switchD_00027df0::switchD
00027df8	Label	switchD_00027df0::caseD_3
00027dfc	Label	LAB_00027dfc
00027e14	Label	LAB_00027e14
00027e24	Label	LAB_00027e24
00027e38	Label	switchD_00027e38::switchD
00027e40	Label	switchD_00027e38::caseD_27e40
00027e44	Label	LAB_00027e44
00027e60	Label	LAB_00027e60
00027ec4	Label	switchD_00027ec4::switchD
00027ecc	Label	switchD_00027ec4::caseD_3
00027ed0	Label	LAB_00027ed0
00027ee8	Label	LAB_00027ee8
00027f3c	Label	switchD_00027f3c::switchD
00027f44	Label	switchD_00027f3c::caseD_3
00027f48	Label	LAB_00027f48
00027f5c	Label	LAB_00027f5c
00027f6c	Label	LAB_00027f6c
00027f84	Label	switchD_00027f84::switchD
00027f8c	Label	switchD_00027f84::caseD_3
00027f90	Label	LAB_00027f90
00027fa4	Label	LAB_00027fa4
00027fac	Label	LAB_00027fac
00027fc0	Label	LAB_00027fc0
00027fd8	Label	switchD_00027fd8::switchD
00027fe0	Label	switchD_00027fd8::caseD_3
00027fe4	Label	LAB_00027fe4
00027ff8	Label	LAB_00027ff8
00028030	Label	switchD_00028030::switchD
00028038	Label	switchD_00028030::caseD_3
0002803c	Label	LAB_0002803c
00028054	Label	LAB_00028054
00028098	Label	switchD_00028098::switchD
000280a0	Label	switchD_00028098::caseD_3
000280a4	Label	LAB_000280a4
000280c4	Label	LAB_000280c4
000280fc	Label	switchD_000280fc::switchD
00028104	Label	switchD_000280fc::caseD_3
00028108	Label	LAB_00028108
00028120	Label	LAB_00028120
0002813c	Label	LAB_0002813c
00028154	Label	switchD_00028154::switchD
0002815c	Label	switchD_00028154::caseD_2815c
00028160	Label	LAB_00028160
00028178	Label	LAB_00028178
00028194	Label	LAB_00028194
000281ac	Label	switchD_000281ac::switchD
000281b4	Label	switchD_000281ac::caseD_3
000281b8	Label	LAB_000281b8
000281cc	Label	LAB_000281cc
000281ec	Label	switchD_000281ac::caseD_2
000281f4	Label	LAB_000281f4
00028280	Label	switchD_000281ac::caseD_1
00028288	Label	LAB_00028288
00028314	Label	switchD_000281ac::caseD_0
00028344	Label	switchD_000281ac::caseD_4
0002834c	Label	switchD_00028154::caseD_2834c
00028354	Label	LAB_00028354
000283a4	Label	LAB_000283a4
000283b0	Label	switchD_00028154::caseD_283b0
000283b8	Label	LAB_000283b8
0002840c	Label	switchD_000280fc::caseD_2
00028414	Label	LAB_00028414
000284a0	Label	switchD_000280fc::caseD_1
000284a8	Label	LAB_000284a8
00028534	Label	switchD_000280fc::caseD_0
00028560	Label	LAB_00028560
00028590	Label	LAB_00028590
000285c0	Label	switchD_00028154::caseD_285c0
000285d4	Label	switchD_00028154::caseD_285d4
000285dc	Label	switchD_000280fc::caseD_4
000285e4	Label	switchD_00028098::caseD_2
000285fc	Label	switchD_00028098::caseD_1
00028620	Label	switchD_00028098::caseD_0
00028634	Label	switchD_00028098::caseD_4
0002863c	Label	switchD_00028030::caseD_2
00028658	Label	switchD_00028030::caseD_1
00028678	Label	switchD_00028030::caseD_0
0002868c	Label	switchD_00028030::caseD_4
00028694	Label	switchD_00027fd8::caseD_2
000286b8	Label	switchD_00027fd8::caseD_1
000286dc	Label	switchD_00027fd8::caseD_4
000286e4	Label	switchD_00027f84::caseD_2
00028754	Label	LAB_00028754
00028778	Label	switchD_00028778::switchD
00028780	Label	switchD_00027f84::caseD_1
000287ec	Label	switchD_00027f84::caseD_4
000287f4	Label	switchD_00027f3c::caseD_2
00028854	Label	LAB_00028854
0002886c	Label	switchD_00027f3c::caseD_1
000288c0	Label	switchD_00027f3c::caseD_0
000288d0	Label	LAB_000288d0
000288e4	Label	LAB_000288e4
000288ec	Label	LAB_000288ec
000288f8	Label	switchD_00027f3c::caseD_4
00028900	Label	switchD_00027ec4::caseD_2
0002890c	Label	LAB_0002890c
00028950	Label	switchD_00027ec4::caseD_1
0002895c	Label	LAB_0002895c
000289a8	Label	switchD_00027ec4::caseD_0
000289bc	Label	switchD_00027ec4::caseD_4
000289c4	Label	switchD_00027e38::caseD_289c4
000289e8	Label	switchD_00027e38::caseD_289e8
000289f0	Label	switchD_00027df0::caseD_2
00028a08	Label	LAB_00028a08
00028a20	Label	switchD_00027df0::caseD_1
00028a4c	Label	LAB_00028a4c
00028a68	Label	switchD_00027df0::caseD_0
00028a84	Label	switchD_00027df0::caseD_4
00028a8c	Label	switchD_00027fd8::caseD_0
00028aa0	Label	switchD_00027c84::caseD_3
00028aa4	Label	LAB_00028aa4
00028ab8	Label	LAB_00028ab8
00028ae8	Label	switchD_00028ae8::switchD
00028af0	Label	switchD_00028ae8::caseD_3
00028af4	Label	LAB_00028af4
00028b08	Label	LAB_00028b08
00028b34	Label	LAB_00028b34
00028b4c	Label	switchD_00028b4c::switchD
00028b54	Label	switchD_00028b4c::caseD_3
00028b58	Label	LAB_00028b58
00028b70	Label	LAB_00028b70
00028b88	Label	LAB_00028b88
00028ba0	Label	switchD_00028ba0::switchD
00028ba8	Label	switchD_00028ba0::caseD_3
00028bac	Label	LAB_00028bac
00028bc0	Label	LAB_00028bc0
00028bd8	Label	LAB_00028bd8
00028bf0	Label	switchD_00028bf0::switchD
00028bf8	Label	switchD_00028bf0::caseD_3
00028bfc	Label	LAB_00028bfc
00028c1c	Label	switchD_00028bf0::caseD_2
00028c24	Label	LAB_00028c24
00028c74	Label	LAB_00028c74
00028c88	Label	switchD_00028bf0::caseD_1
00028c90	Label	LAB_00028c90
00028ce4	Label	switchD_00028bf0::caseD_4
00028cec	Label	switchD_00028ba0::caseD_2
00028cf4	Label	LAB_00028cf4
00028d44	Label	LAB_00028d44
00028d50	Label	switchD_00028ba0::caseD_1
00028d58	Label	LAB_00028d58
00028dac	Label	switchD_00028b4c::caseD_1
00028dbc	Label	LAB_00028dbc
00028dec	Label	LAB_00028dec
00028e18	Label	LAB_00028e18
00028e38	Label	switchD_00028b4c::caseD_4
00028e40	Label	switchD_00028b4c::caseD_2
00028e54	Label	switchD_00028ba0::caseD_4
00028e5c	Label	switchD_00028ae8::caseD_2
00028e64	Label	LAB_00028e64
00028eb4	Label	LAB_00028eb4
00028ec0	Label	switchD_00028ae8::caseD_1
00028ec8	Label	LAB_00028ec8
00028f1c	Label	switchD_00028ae8::caseD_4
00028f24	Label	switchD_00027c84::caseD_2
00028f2c	Label	LAB_00028f2c
00028f7c	Label	LAB_00028f7c
00028f88	Label	switchD_00027c84::caseD_1
00028f90	Label	LAB_00028f90
00028fe4	Label	switchD_00027c84::caseD_4
00028fec	Label	switchD_00027cf4::caseD_3
00028ff0	Label	LAB_00028ff0
00029004	Label	LAB_00029004
00029034	Label	switchD_00029034::switchD
0002903c	Label	switchD_00029034::caseD_3
00029040	Label	LAB_00029040
00029080	Label	LAB_00029080
00029098	Label	switchD_00029034::caseD_2
000290a0	Label	LAB_000290a0
000290f0	Label	LAB_000290f0
000290fc	Label	switchD_00029034::caseD_1
00029104	Label	LAB_00029104
00029158	Label	switchD_00029034::caseD_4
00029160	Label	switchD_00027cf4::caseD_2
0002916c	Label	LAB_0002916c
000291bc	Label	LAB_000291bc
000291cc	Label	switchD_00027cf4::caseD_1
000291d8	Label	LAB_000291d8
0002922c	Label	switchD_00027cf4::caseD_4
00029234	Label	switchD_00028778::caseD_3
00029238	Label	LAB_00029238
0002924c	Label	LAB_0002924c
00029278	Label	switchD_00029278::switchD
00029280	Label	switchD_00029278::caseD_3
00029284	Label	LAB_00029284
000292b0	Label	LAB_000292b0
000292c8	Label	switchD_00029278::caseD_2
000292d0	Label	LAB_000292d0
00029320	Label	LAB_00029320
00029330	Label	switchD_00029278::caseD_1
00029338	Label	LAB_00029338
0002938c	Label	switchD_00029278::caseD_4
00029394	Label	switchD_00028778::caseD_2
000293e0	Label	switchD_00028778::caseD_1
0002942c	Label	switchD_00028778::caseD_4
00029434	Label	switchD_00028098::default
00029454	Label	LAB_00029454
0002946c	Label	LAB_0002946c
00029484	Label	LAB_00029484
0002949c	Label	switchD_00027ec4::default
000294b4	Label	LAB_000294b4
000294cc	Label	LAB_000294cc
000294e4	Label	LAB_000294e4
000294fc	Label	switchD_00027c84::caseD_0
0002950c	Label	LAB_0002950c
0002951c	Label	LAB_0002951c
00029534	Label	LAB_00029534
0002954c	Label	LAB_0002954c
00029564	Label	LAB_00029564
00029580	Label	switchD_00028bf0::caseD_0
00029590	Label	switchD_00027f84::caseD_0
0002959c	Label	switchD_00027e38::caseD_2959c
000295a8	Label	switchD_00027e38::caseD_295a8
000295c0	Label	switchD_00028ba0::caseD_0
000295d0	Label	switchD_00028b4c::caseD_0
000295e4	Label	switchD_00028ae8::caseD_0
000295f4	Label	switchD_00029278::caseD_0
00029608	Label	switchD_00028778::caseD_0
0002961c	Label	switchD_00029034::caseD_0
0002962c	Label	switchD_00027cf4::caseD_0
00029638	Function	gb::serialize
00029638	Label	_ZN2gb9serializeER10serializer
00029684	Label	switchD_00029684::switchD
0002968c	Label	switchD_00029684::caseD_3
00029690	Label	LAB_00029690
000296a4	Label	LAB_000296a4
000296b4	Label	LAB_000296b4
000296ec	Label	LAB_000296ec
000297fc	Label	switchD_00029684::caseD_4
00029804	Label	switchD_00029684::caseD_0
00029820	Label	switchD_00029684::caseD_1
00029898	Label	LAB_00029898
000298b0	Label	switchD_00029684::caseD_2
0002991c	Label	LAB_0002991c
00029948	Function	gb::get_state_size
00029948	Label	_ZN2gb14get_state_sizeEv
0002998c	Function	gb::save_state_mem
0002998c	Label	_ZN2gb14save_state_memEPv
000299c8	Function	gb::restore_state_mem
000299c8	Label	_ZN2gb17restore_state_memEPv
00029a04	Function	gb::save_state
00029a04	Label	_ZN2gb10save_stateEP8_IO_FILE
00029a40	Function	gb::restore_state
00029a40	Label	_ZN2gb13restore_stateEP8_IO_FILE
00029a7c	Function	gb::refresh_pal
00029a7c	Label	_ZN2gb11refresh_palEv
00029aa0	Label	LAB_00029aa0
00029b04	Function	gb::run
00029b04	Label	_ZN2gb3runEv
00029b64	Label	LAB_00029b64
00029b78	Label	LAB_00029b78
00029b7c	Label	LAB_00029b7c
00029b94	Label	LAB_00029b94
00029bd4	Label	LAB_00029bd4
00029bdc	Label	LAB_00029bdc
00029c28	Label	LAB_00029c28
00029c30	Label	LAB_00029c30
00029c64	Label	LAB_00029c64
00029cb0	Label	LAB_00029cb0
00029ccc	Label	LAB_00029ccc
00029ce0	Label	LAB_00029ce0
00029d40	Label	LAB_00029d40
00029dd4	Label	LAB_00029dd4
00029e0c	Label	LAB_00029e0c
00029e20	Label	LAB_00029e20
00029e44	Label	LAB_00029e44
00029e5c	Label	LAB_00029e5c
00029e7c	Label	LAB_00029e7c
00029eb0	Label	LAB_00029eb0
00029ed4	Label	LAB_00029ed4
00029f00	Label	LAB_00029f00
00029f30	Label	LAB_00029f30
00029f48	Label	LAB_00029f48
00029f6c	Label	LAB_00029f6c
00029f7c	Label	LAB_00029f7c
00029fac	Label	LAB_00029fac
00029fcc	Label	LAB_00029fcc
0002a014	Label	LAB_0002a014
0002a024	Label	LAB_0002a024
0002a048	Label	LAB_0002a048
0002a074	Label	LAB_0002a074
0002a094	Label	LAB_0002a094
0002a0b8	Label	LAB_0002a0b8
0002a0d0	Function	lcd::~lcd
0002a0d0	Label	_ZN3lcdD1Ev
0002a0d0	Label	_ZN3lcdD2Ev
0002a0d8	Function	lcd::set_enable
0002a0d8	Label	_ZN3lcd10set_enableEib
0002a0e4	Function	lcd::get_enable
0002a0e4	Label	_ZN3lcd10get_enableEi
0002a0f0	Function	lcd::reset
0002a0f0	Label	_ZN3lcd5resetEv
0002a10c	Function	lcd::lcd
0002a10c	Label	_ZN3lcdC1EP2gb
0002a10c	Label	_ZN3lcdC2EP2gb
0002a174	Label	LAB_0002a174
0002a1d0	Label	LAB_0002a1d0
0002a1fc	Function	lcd::bg_render
0002a1fc	Label	_ZN3lcd9bg_renderEPvi
0002a240	Label	LAB_0002a240
0002a270	Label	LAB_0002a270
0002a27c	Label	LAB_0002a27c
0002a280	Label	LAB_0002a280
0002a2ac	Label	LAB_0002a2ac
0002a2d8	Label	LAB_0002a2d8
0002a3d8	Label	LAB_0002a3d8
0002a4ec	Label	LAB_0002a4ec
0002a544	Label	LAB_0002a544
0002a54c	Label	LAB_0002a54c
0002a64c	Label	LAB_0002a64c
0002a678	Label	LAB_0002a678
0002a6a4	Label	LAB_0002a6a4
0002a6b8	Label	LAB_0002a6b8
0002a6c8	Function	lcd::win_render
0002a6c8	Label	_ZN3lcd10win_renderEPvi
0002a6e0	Label	LAB_0002a6e0
0002a6e8	Label	LAB_0002a6e8
0002a818	Label	LAB_0002a818
0002a824	Label	LAB_0002a824
0002a924	Label	LAB_0002a924
0002a94c	Label	LAB_0002a94c
0002a974	Function	lcd::sprite_render
0002a974	Label	_ZN3lcd13sprite_renderEPvi
0002a98c	Label	LAB_0002a98c
0002a994	Label	LAB_0002a994
0002aac0	Label	LAB_0002aac0
0002aac8	Label	LAB_0002aac8
0002aacc	Label	LAB_0002aacc
0002aad4	Label	LAB_0002aad4
0002ab24	Label	LAB_0002ab24
0002ab3c	Label	LAB_0002ab3c
0002abc8	Label	LAB_0002abc8
0002ac00	Label	LAB_0002ac00
0002ac18	Label	LAB_0002ac18
0002ac34	Label	LAB_0002ac34
0002ac50	Label	LAB_0002ac50
0002ac6c	Label	LAB_0002ac6c
0002ac88	Label	LAB_0002ac88
0002aca0	Label	LAB_0002aca0
0002acc0	Label	LAB_0002acc0
0002acec	Label	LAB_0002acec
0002ad40	Label	LAB_0002ad40
0002ad50	Label	LAB_0002ad50
0002ad98	Label	LAB_0002ad98
0002ad9c	Label	LAB_0002ad9c
0002adb4	Label	LAB_0002adb4
0002add8	Label	LAB_0002add8
0002adf8	Label	LAB_0002adf8
0002ae04	Label	LAB_0002ae04
0002ae18	Label	LAB_0002ae18
0002ae3c	Label	LAB_0002ae3c
0002ae60	Label	LAB_0002ae60
0002ae84	Label	LAB_0002ae84
0002aea8	Label	LAB_0002aea8
0002aec8	Label	LAB_0002aec8
0002aecc	Label	LAB_0002aecc
0002aedc	Label	LAB_0002aedc
0002aef8	Label	LAB_0002aef8
0002af14	Label	LAB_0002af14
0002af2c	Label	LAB_0002af2c
0002af48	Label	LAB_0002af48
0002af64	Label	LAB_0002af64
0002af80	Label	LAB_0002af80
0002af9c	Label	LAB_0002af9c
0002afbc	Label	LAB_0002afbc
0002b004	Label	LAB_0002b004
0002b00c	Label	LAB_0002b00c
0002b024	Label	LAB_0002b024
0002b02c	Label	LAB_0002b02c
0002b034	Label	LAB_0002b034
0002b03c	Label	LAB_0002b03c
0002b044	Function	lcd::bg_render_color
0002b044	Label	_ZN3lcd15bg_render_colorEPvi
0002b0c8	Label	LAB_0002b0c8
0002b0d8	Label	LAB_0002b0d8
0002b0dc	Label	LAB_0002b0dc
0002b104	Label	LAB_0002b104
0002b114	Label	LAB_0002b114
0002b21c	Label	LAB_0002b21c
0002b2a0	Label	LAB_0002b2a0
0002b3bc	Label	LAB_0002b3bc
0002b440	Label	LAB_0002b440
0002b45c	Label	LAB_0002b45c
0002b4d0	Label	LAB_0002b4d0
0002b5d4	Label	LAB_0002b5d4
0002b60c	Label	LAB_0002b60c
0002b668	Label	LAB_0002b668
0002b6b8	Label	LAB_0002b6b8
0002b6d8	Label	LAB_0002b6d8
0002b6f0	Function	lcd::win_render_color
0002b6f0	Label	_ZN3lcd16win_render_colorEPvi
0002b708	Label	LAB_0002b708
0002b710	Label	LAB_0002b710
0002b820	Label	LAB_0002b820
0002b828	Label	LAB_0002b828
0002b8ac	Label	LAB_0002b8ac
0002b9b0	Label	LAB_0002b9b0
0002b9f8	Label	LAB_0002b9f8
0002ba24	Function	lcd::sprite_render_color
0002ba24	Label	_ZN3lcd19sprite_render_colorEPvi
0002ba3c	Label	LAB_0002ba3c
0002ba44	Label	LAB_0002ba44
0002bac8	Label	LAB_0002bac8
0002bad0	Label	LAB_0002bad0
0002bad4	Label	LAB_0002bad4
0002badc	Label	LAB_0002badc
0002bb38	Label	LAB_0002bb38
0002bb54	Label	LAB_0002bb54
0002bbe0	Label	LAB_0002bbe0
0002bc1c	Label	LAB_0002bc1c
0002bc34	Label	LAB_0002bc34
0002bc38	Label	LAB_0002bc38
0002bc54	Label	LAB_0002bc54
0002bc6c	Label	LAB_0002bc6c
0002bc70	Label	LAB_0002bc70
0002bc8c	Label	LAB_0002bc8c
0002bca8	Label	LAB_0002bca8
0002bcac	Label	LAB_0002bcac
0002bcc8	Label	LAB_0002bcc8
0002bce4	Label	LAB_0002bce4
0002bce8	Label	LAB_0002bce8
0002bd04	Label	LAB_0002bd04
0002bd20	Label	LAB_0002bd20
0002bd24	Label	LAB_0002bd24
0002bd40	Label	LAB_0002bd40
0002bd5c	Label	LAB_0002bd5c
0002bd60	Label	LAB_0002bd60
0002bd7c	Label	LAB_0002bd7c
0002bd94	Label	LAB_0002bd94
0002bdb4	Label	LAB_0002bdb4
0002bdd4	Label	LAB_0002bdd4
0002be00	Label	LAB_0002be00
0002be58	Label	LAB_0002be58
0002be68	Label	LAB_0002be68
0002beb0	Label	LAB_0002beb0
0002bed8	Label	LAB_0002bed8
0002bf00	Label	LAB_0002bf00
0002bf24	Label	LAB_0002bf24
0002bf30	Label	LAB_0002bf30
0002bf44	Label	LAB_0002bf44
0002bf68	Label	LAB_0002bf68
0002bf8c	Label	LAB_0002bf8c
0002bfb0	Label	LAB_0002bfb0
0002bfd4	Label	LAB_0002bfd4
0002bff4	Label	LAB_0002bff4
0002bff8	Label	LAB_0002bff8
0002c000	Label	LAB_0002c000
0002c004	Label	LAB_0002c004
0002c01c	Label	LAB_0002c01c
0002c03c	Label	LAB_0002c03c
0002c05c	Label	LAB_0002c05c
0002c07c	Label	LAB_0002c07c
0002c094	Label	LAB_0002c094
0002c098	Label	LAB_0002c098
0002c0b4	Label	LAB_0002c0b4
0002c0d0	Label	LAB_0002c0d0
0002c0d4	Label	LAB_0002c0d4
0002c0f0	Label	LAB_0002c0f0
0002c10c	Label	LAB_0002c10c
0002c110	Label	LAB_0002c110
0002c12c	Label	LAB_0002c12c
0002c148	Label	LAB_0002c148
0002c14c	Label	LAB_0002c14c
0002c168	Label	LAB_0002c168
0002c184	Label	LAB_0002c184
0002c188	Label	LAB_0002c188
0002c1a4	Label	LAB_0002c1a4
0002c1c0	Label	LAB_0002c1c0
0002c204	Label	LAB_0002c204
0002c21c	Label	LAB_0002c21c
0002c224	Label	LAB_0002c224
0002c22c	Label	LAB_0002c22c
0002c234	Label	LAB_0002c234
0002c23c	Label	LAB_0002c23c
0002c244	Function	lcd::render
0002c244	Label	_ZN3lcd6renderEPvi
0002c2a4	Label	LAB_0002c2a4
0002c2d0	Label	LAB_0002c2d0
0002c2dc	Label	LAB_0002c2dc
0002c2e8	Label	LAB_0002c2e8
0002c300	Label	LAB_0002c300
0002c318	Label	LAB_0002c318
0002c344	Label	LAB_0002c344
0002c350	Label	LAB_0002c350
0002c35c	Label	LAB_0002c35c
0002c360	Label	LAB_0002c360
0002c380	Label	LAB_0002c380
0002c3bc	Label	LAB_0002c3bc
0002c3f8	Label	LAB_0002c3f8
0002c410	Label	LAB_0002c410
0002c42c	Label	LAB_0002c42c
0002c444	Label	LAB_0002c444
0002c460	Function	lcd::serialize
0002c460	Label	_ZN3lcd9serializeER10serializer
0002c4ac	Label	switchD_0002c4ac::switchD
0002c4b4	Label	switchD_0002c4ac::caseD_3
0002c4b8	Label	LAB_0002c4b8
0002c4d0	Label	LAB_0002c4d0
0002c4e0	Label	LAB_0002c4e0
0002c518	Label	LAB_0002c518
0002c570	Label	LAB_0002c570
0002c5b8	Label	LAB_0002c5b8
0002c5f0	Label	LAB_0002c5f0
0002c648	Label	LAB_0002c648
0002c690	Label	LAB_0002c690
0002c6c8	Label	LAB_0002c6c8
0002c710	Label	LAB_0002c710
0002c758	Label	LAB_0002c758
0002c878	Label	LAB_0002c878
0002c8f4	Label	LAB_0002c8f4
0002c968	Label	LAB_0002c968
0002cb08	Label	LAB_0002cb08
0002cd18	Label	LAB_0002cd18
0002cea4	Label	switchD_0002c4ac::caseD_4
0002ceac	Label	switchD_0002c4ac::caseD_0
0002cf20	Label	switchD_0002c4ac::caseD_1
0002cf60	Label	LAB_0002cf60
0002cf78	Label	switchD_0002c4ac::caseD_2
0002cfac	Label	LAB_0002cfac
0002d090	Function	mbc::~mbc
0002d090	Label	_ZN3mbcD2Ev
0002d090	Label	_ZN3mbcD1Ev
0002d098	Function	mbc::reset
0002d098	Label	_ZN3mbc5resetEv
0002d10c	Label	LAB_0002d10c
0002d114	Function	mbc::mbc
0002d114	Label	_ZN3mbcC2EP2gb
0002d114	Label	_ZN3mbcC1EP2gb
0002d12c	Function	mbc::read
0002d12c	Label	_ZN3mbc4readEt
0002d134	Function	mbc::ext_read
0002d134	Label	_ZN3mbc8ext_readEt
0002d17c	Label	LAB_0002d17c
0002d188	Label	LAB_0002d188
0002d194	Label	LAB_0002d194
0002d198	Label	LAB_0002d198
0002d1a4	Label	LAB_0002d1a4
0002d1e8	Label	switchD_0002d1e8::switchD
0002d1f0	Label	LAB_0002d1f0
0002d23c	Label	LAB_0002d23c
0002d25c	Label	switchD_0002d1e8::default
0002d278	Label	LAB_0002d278
0002d2a8	Label	LAB_0002d2a8
0002d2bc	Label	LAB_0002d2bc
0002d2c4	Label	LAB_0002d2c4
0002d2e0	Label	LAB_0002d2e0
0002d2ec	Label	switchD_0002d1e8::caseD_3
0002d2f4	Label	switchD_0002d1e8::caseD_2
0002d2fc	Label	switchD_0002d1e8::caseD_1
0002d304	Label	switchD_0002d1e8::caseD_0
0002d30c	Label	switchD_0002d1e8::caseD_4
0002d314	Label	LAB_0002d314
0002d31c	Function	mbc::ext_write
0002d31c	Label	_ZN3mbc9ext_writeEth
0002d358	Label	LAB_0002d358
0002d360	Label	LAB_0002d360
0002d37c	Label	LAB_0002d37c
0002d3b8	Label	LAB_0002d3b8
0002d3f4	Label	LAB_0002d3f4
0002d43c	Label	LAB_0002d43c
0002d4a4	Label	LAB_0002d4a4
0002d4f4	Label	LAB_0002d4f4
0002d500	Label	LAB_0002d500
0002d50c	Label	LAB_0002d50c
0002d558	Label	LAB_0002d558
0002d560	Label	LAB_0002d560
0002d5cc	Label	LAB_0002d5cc
0002d5f4	Label	LAB_0002d5f4
0002d618	Label	LAB_0002d618
0002d620	Label	LAB_0002d620
0002d640	Label	LAB_0002d640
0002d684	Label	LAB_0002d684
0002d6a0	Label	LAB_0002d6a0
0002d6bc	Label	LAB_0002d6bc
0002d6cc	Label	LAB_0002d6cc
0002d6d4	Label	LAB_0002d6d4
0002d6f4	Label	LAB_0002d6f4
0002d70c	Label	LAB_0002d70c
0002d710	Label	LAB_0002d710
0002d754	Function	mbc::get_state
0002d754	Label	_ZN3mbc9get_stateEv
0002d7a0	Label	LAB_0002d7a0
0002d7d8	Label	LAB_0002d7d8
0002d850	Label	LAB_0002d850
0002d858	Label	LAB_0002d858
0002d860	Function	mbc::set_state
0002d860	Label	_ZN3mbc9set_stateEi
0002d8a4	Label	LAB_0002d8a4
0002d8d4	Label	LAB_0002d8d4
0002d924	Label	LAB_0002d924
0002d930	Label	LAB_0002d930
0002d938	Function	mbc::set_page
0002d938	Label	_ZN3mbc8set_pageEii
0002d964	Function	mbc::mbc1_write
0002d964	Label	_ZN3mbc10mbc1_writeEth
0002d998	Label	LAB_0002d998
0002d9a0	Label	LAB_0002d9a0
0002da0c	Label	LAB_0002da0c
0002da2c	Label	LAB_0002da2c
0002da90	Label	LAB_0002da90
0002daec	Label	LAB_0002daec
0002db04	Label	LAB_0002db04
0002db18	Function	mbc::mbc2_write
0002db18	Label	_ZN3mbc10mbc2_writeEth
0002db4c	Label	LAB_0002db4c
0002db54	Label	LAB_0002db54
0002db64	Function	mbc::mbc3_write
0002db64	Label	_ZN3mbc10mbc3_writeEth
0002dbb8	Label	LAB_0002dbb8
0002dbc8	Label	LAB_0002dbc8
0002dc20	Label	LAB_0002dc20
0002dc48	Label	LAB_0002dc48
0002dca4	Label	LAB_0002dca4
0002dcc0	Label	LAB_0002dcc0
0002dcc8	Label	LAB_0002dcc8
0002dcd0	Label	LAB_0002dcd0
0002dce8	Label	LAB_0002dce8
0002dd94	Function	mbc::mbc5_write
0002dd94	Label	_ZN3mbc10mbc5_writeEth
0002ddd4	Label	LAB_0002ddd4
0002de14	Label	LAB_0002de14
0002de70	Label	LAB_0002de70
0002de88	Label	LAB_0002de88
0002dedc	Label	LAB_0002dedc
0002dee4	Label	LAB_0002dee4
0002defc	Function	mbc::mbc7_write
0002defc	Label	_ZN3mbc10mbc7_writeEth
0002df34	Label	LAB_0002df34
0002df3c	Label	LAB_0002df3c
0002df8c	Label	LAB_0002df8c
0002dfb0	Function	mbc::huc1_write
0002dfb0	Label	_ZN3mbc10huc1_writeEth
0002dfe4	Label	LAB_0002dfe4
0002dfec	Label	LAB_0002dfec
0002e058	Label	LAB_0002e058
0002e078	Label	LAB_0002e078
0002e0d8	Label	LAB_0002e0d8
0002e130	Label	LAB_0002e130
0002e144	Label	LAB_0002e144
0002e14c	Label	LAB_0002e14c
0002e160	Function	mbc::huc3_write
0002e160	Label	_ZN3mbc10huc3_writeEth
0002e18c	Label	LAB_0002e18c
0002e194	Label	LAB_0002e194
0002e1a8	Label	LAB_0002e1a8
0002e1d8	Label	LAB_0002e1d8
0002e228	Label	LAB_0002e228
0002e230	Function	mbc::tama5_write
0002e230	Label	_ZN3mbc11tama5_writeEth
0002e238	Function	mbc::mmm01_write
0002e238	Label	_ZN3mbc11mmm01_writeEth
0002e26c	Label	LAB_0002e26c
0002e274	Label	LAB_0002e274
0002e2d8	Label	LAB_0002e2d8
0002e304	Label	LAB_0002e304
0002e368	Label	LAB_0002e368
0002e3c4	Label	LAB_0002e3c4
0002e3dc	Label	LAB_0002e3dc
0002e3ec	Label	LAB_0002e3ec
0002e3f4	Function	mbc::write
0002e3f4	Label	_ZN3mbc5writeEth
0002e448	Label	LAB_0002e448
0002e47c	Label	LAB_0002e47c
0002e498	Label	LAB_0002e498
0002e4a4	Label	LAB_0002e4a4
0002e4b0	Label	LAB_0002e4b0
0002e4bc	Label	LAB_0002e4bc
0002e4c8	Label	LAB_0002e4c8
0002e4e4	Label	LAB_0002e4e4
0002e4f0	Label	LAB_0002e4f0
0002e4f8	Function	mbc::serialize
0002e4f8	Label	_ZN3mbc9serializeER10serializer
0002e578	Label	switchD_0002e578::switchD
0002e580	Label	switchD_0002e578::caseD_3
0002e584	Label	LAB_0002e584
0002e5a0	Label	LAB_0002e5a0
0002e5d4	Label	LAB_0002e5d4
0002e5ec	Label	switchD_0002e5ec::switchD
0002e5f4	Label	switchD_0002e5ec::caseD_2e5f4
0002e5f8	Label	LAB_0002e5f8
0002e610	Label	LAB_0002e610
0002e658	Label	switchD_0002e658::switchD
0002e660	Label	switchD_0002e658::caseD_3
0002e664	Label	LAB_0002e664
0002e67c	Label	LAB_0002e67c
0002e6b8	Label	switchD_0002e6b8::switchD
0002e6c0	Label	switchD_0002e6b8::caseD_3
0002e6c4	Label	LAB_0002e6c4
0002e6d8	Label	LAB_0002e6d8
0002e6e8	Label	LAB_0002e6e8
0002e700	Label	switchD_0002e700::switchD
0002e708	Label	switchD_0002e700::caseD_3
0002e70c	Label	LAB_0002e70c
0002e720	Label	LAB_0002e720
0002e730	Label	LAB_0002e730
0002e748	Label	switchD_0002e748::switchD
0002e750	Label	switchD_0002e748::caseD_3
0002e754	Label	LAB_0002e754
0002e768	Label	LAB_0002e768
0002e778	Label	LAB_0002e778
0002e790	Label	switchD_0002e790::switchD
0002e798	Label	switchD_0002e790::caseD_3
0002e79c	Label	LAB_0002e79c
0002e7b0	Label	LAB_0002e7b0
0002e7c0	Label	LAB_0002e7c0
0002e7d8	Label	switchD_0002e7d8::switchD
0002e7e0	Label	switchD_0002e7d8::caseD_3
0002e7e4	Label	LAB_0002e7e4
0002e7f8	Label	LAB_0002e7f8
0002e808	Label	LAB_0002e808
0002e820	Label	switchD_0002e820::switchD
0002e828	Label	switchD_0002e820::caseD_3
0002e82c	Label	LAB_0002e82c
0002e840	Label	LAB_0002e840
0002e850	Label	LAB_0002e850
0002e868	Label	switchD_0002e868::switchD
0002e870	Label	switchD_0002e868::caseD_3
0002e874	Label	LAB_0002e874
0002e888	Label	LAB_0002e888
0002e898	Label	LAB_0002e898
0002e8b0	Label	switchD_0002e8b0::switchD
0002e8b8	Label	switchD_0002e8b0::caseD_3
0002e8bc	Label	LAB_0002e8bc
0002e8d0	Label	LAB_0002e8d0
0002e8e0	Label	LAB_0002e8e0
0002e8f8	Label	switchD_0002e8f8::switchD
0002e900	Label	switchD_0002e8f8::caseD_3
0002e904	Label	LAB_0002e904
0002e918	Label	LAB_0002e918
0002e928	Label	LAB_0002e928
0002e940	Label	switchD_0002e940::switchD
0002e948	Label	switchD_0002e940::caseD_3
0002e94c	Label	LAB_0002e94c
0002e960	Label	LAB_0002e960
0002e970	Label	LAB_0002e970
0002e988	Label	switchD_0002e988::switchD
0002e990	Label	switchD_0002e988::caseD_3
0002e994	Label	LAB_0002e994
0002e9a8	Label	LAB_0002e9a8
0002e9b8	Label	LAB_0002e9b8
0002e9d0	Label	switchD_0002e9d0::switchD
0002e9d8	Label	switchD_0002e9d0::caseD_3
0002e9dc	Label	LAB_0002e9dc
0002e9f0	Label	LAB_0002e9f0
0002ea00	Label	LAB_0002ea00
0002ea18	Label	switchD_0002ea18::switchD
0002ea20	Label	switchD_0002ea18::caseD_3
0002ea24	Label	LAB_0002ea24
0002ea38	Label	LAB_0002ea38
0002ea48	Label	LAB_0002ea48
0002ea60	Label	switchD_0002ea60::switchD
0002ea68	Label	switchD_0002ea60::caseD_3
0002ea6c	Label	LAB_0002ea6c
0002ea80	Label	LAB_0002ea80
0002ea90	Label	LAB_0002ea90
0002eaa8	Label	switchD_0002eaa8::switchD
0002eab0	Label	switchD_0002eaa8::caseD_3
0002eab4	Label	LAB_0002eab4
0002eac8	Label	LAB_0002eac8
0002ead8	Label	LAB_0002ead8
0002eaf0	Label	switchD_0002eaf0::switchD
0002eaf8	Label	switchD_0002eaf0::caseD_3
0002eafc	Label	LAB_0002eafc
0002eb10	Label	LAB_0002eb10
0002eb20	Label	LAB_0002eb20
0002eb38	Label	switchD_0002eb38::switchD
0002eb40	Label	switchD_0002eb38::caseD_3
0002eb44	Label	LAB_0002eb44
0002eb58	Label	LAB_0002eb58
0002eb68	Label	LAB_0002eb68
0002eb80	Label	switchD_0002eb80::switchD
0002eb88	Label	switchD_0002eb80::caseD_3
0002eb8c	Label	LAB_0002eb8c
0002eba0	Label	LAB_0002eba0
0002ebb0	Label	LAB_0002ebb0
0002ebc8	Label	switchD_0002ebc8::switchD
0002ebd0	Label	switchD_0002ebc8::caseD_3
0002ebd4	Label	LAB_0002ebd4
0002ebe8	Label	LAB_0002ebe8
0002ebf8	Label	LAB_0002ebf8
0002ec10	Label	switchD_0002ec10::switchD
0002ec18	Label	switchD_0002ec10::caseD_3
0002ec1c	Label	LAB_0002ec1c
0002ec30	Label	LAB_0002ec30
0002ec40	Label	LAB_0002ec40
0002ec58	Label	switchD_0002ec58::switchD
0002ec60	Label	switchD_0002ec58::caseD_3
0002ec64	Label	LAB_0002ec64
0002ec78	Label	LAB_0002ec78
0002ec88	Label	LAB_0002ec88
0002eca0	Label	switchD_0002eca0::switchD
0002eca8	Label	switchD_0002eca0::caseD_3
0002ecac	Label	LAB_0002ecac
0002ecc0	Label	LAB_0002ecc0
0002ecd0	Label	LAB_0002ecd0
0002ece8	Label	switchD_0002ece8::switchD
0002ecf0	Label	switchD_0002ece8::caseD_3
0002ecf4	Label	LAB_0002ecf4
0002ed08	Label	LAB_0002ed08
0002ed18	Label	LAB_0002ed18
0002ed30	Label	switchD_0002ed30::switchD
0002ed38	Label	switchD_0002ed30::caseD_3
0002ed3c	Label	LAB_0002ed3c
0002ed68	Label	switchD_0002ed30::caseD_2
0002ed9c	Label	switchD_0002ed30::caseD_1
0002edd0	Label	switchD_0002ed30::caseD_4
0002edd8	Label	switchD_0002ece8::caseD_2
0002ee00	Label	LAB_0002ee00
0002ee2c	Label	switchD_0002ece8::caseD_1
0002ee48	Label	switchD_0002ece8::caseD_4
0002ee50	Label	switchD_0002eca0::caseD_2
0002ee78	Label	LAB_0002ee78
0002ee90	Label	switchD_0002eca0::caseD_1
0002eeac	Label	switchD_0002eca0::caseD_4
0002eeb4	Label	switchD_0002ec58::caseD_2
0002eee4	Label	LAB_0002eee4
0002eefc	Label	switchD_0002ec58::caseD_1
0002ef20	Label	switchD_0002ec58::caseD_4
0002ef28	Label	switchD_0002ec10::caseD_2
0002ef50	Label	LAB_0002ef50
0002ef68	Label	switchD_0002ec10::caseD_1
0002ef84	Label	switchD_0002ec10::caseD_4
0002ef8c	Label	switchD_0002ebc8::caseD_2
0002efb4	Label	LAB_0002efb4
0002efcc	Label	switchD_0002ebc8::caseD_1
0002efe8	Label	switchD_0002ebc8::caseD_4
0002eff0	Label	switchD_0002eb80::caseD_2
0002f020	Label	LAB_0002f020
0002f038	Label	switchD_0002eb80::caseD_1
0002f05c	Label	switchD_0002eb80::caseD_4
0002f064	Label	switchD_0002eb38::caseD_2
0002f08c	Label	LAB_0002f08c
0002f0a4	Label	switchD_0002eb38::caseD_1
0002f0c0	Label	switchD_0002eb38::caseD_4
0002f0c8	Label	switchD_0002eaf0::caseD_2
0002f0f0	Label	LAB_0002f0f0
0002f108	Label	switchD_0002eaf0::caseD_1
0002f124	Label	switchD_0002eaf0::caseD_4
0002f12c	Label	switchD_0002eaa8::caseD_2
0002f154	Label	LAB_0002f154
0002f16c	Label	switchD_0002eaa8::caseD_1
0002f188	Label	switchD_0002eaa8::caseD_4
0002f190	Label	switchD_0002ea60::caseD_2
0002f1b8	Label	LAB_0002f1b8
0002f1d0	Label	switchD_0002ea60::caseD_1
0002f1ec	Label	switchD_0002ea60::caseD_4
0002f1f4	Label	switchD_0002ea18::caseD_2
0002f21c	Label	LAB_0002f21c
0002f234	Label	switchD_0002ea18::caseD_1
0002f250	Label	switchD_0002ea18::caseD_4
0002f258	Label	switchD_0002e9d0::caseD_2
0002f280	Label	LAB_0002f280
0002f298	Label	switchD_0002e9d0::caseD_1
0002f2b4	Label	switchD_0002e9d0::caseD_4
0002f2bc	Label	switchD_0002e988::caseD_2
0002f2ec	Label	LAB_0002f2ec
0002f304	Label	switchD_0002e988::caseD_1
0002f328	Label	switchD_0002e988::caseD_4
0002f330	Label	switchD_0002e940::caseD_2
0002f358	Label	LAB_0002f358
0002f370	Label	switchD_0002e940::caseD_1
0002f38c	Label	switchD_0002e940::caseD_4
0002f394	Label	switchD_0002e8f8::caseD_2
0002f3bc	Label	LAB_0002f3bc
0002f3d4	Label	switchD_0002e8f8::caseD_1
0002f3f0	Label	switchD_0002e8f8::caseD_4
0002f3f8	Label	switchD_0002e8b0::caseD_2
0002f420	Label	LAB_0002f420
0002f438	Label	switchD_0002e8b0::caseD_1
0002f454	Label	switchD_0002e8b0::caseD_4
0002f45c	Label	switchD_0002e868::caseD_2
0002f484	Label	LAB_0002f484
0002f49c	Label	switchD_0002e868::caseD_1
0002f4b8	Label	switchD_0002e868::caseD_4
0002f4c0	Label	switchD_0002e820::caseD_2
0002f4e8	Label	LAB_0002f4e8
0002f500	Label	switchD_0002e820::caseD_1
0002f51c	Label	switchD_0002e820::caseD_4
0002f524	Label	switchD_0002e7d8::caseD_2
0002f54c	Label	LAB_0002f54c
0002f564	Label	switchD_0002e7d8::caseD_1
0002f580	Label	switchD_0002e7d8::caseD_4
0002f588	Label	switchD_0002e790::caseD_2
0002f5b0	Label	LAB_0002f5b0
0002f5c8	Label	switchD_0002e790::caseD_1
0002f5e4	Label	switchD_0002e790::caseD_4
0002f5ec	Label	switchD_0002e748::caseD_2
0002f614	Label	LAB_0002f614
0002f62c	Label	switchD_0002e748::caseD_1
0002f648	Label	switchD_0002e748::caseD_4
0002f650	Label	switchD_0002e700::caseD_2
0002f678	Label	LAB_0002f678
0002f690	Label	switchD_0002e700::caseD_1
0002f6ac	Label	switchD_0002e700::caseD_4
0002f6b4	Label	switchD_0002e6b8::caseD_2
0002f6dc	Label	LAB_0002f6dc
0002f6f4	Label	switchD_0002e6b8::caseD_1
0002f710	Label	switchD_0002e6b8::caseD_0
0002f728	Label	LAB_0002f728
0002f730	Label	LAB_0002f730
0002f738	Label	LAB_0002f738
0002f740	Label	LAB_0002f740
0002f748	Label	LAB_0002f748
0002f750	Label	LAB_0002f750
0002f758	Label	LAB_0002f758
0002f760	Label	LAB_0002f760
0002f768	Label	LAB_0002f768
0002f770	Label	LAB_0002f770
0002f778	Label	LAB_0002f778
0002f780	Label	LAB_0002f780
0002f788	Label	LAB_0002f788
0002f790	Label	LAB_0002f790
0002f798	Label	LAB_0002f798
0002f7a0	Label	LAB_0002f7a0
0002f7a8	Label	LAB_0002f7a8
0002f7b0	Label	LAB_0002f7b0
0002f7b8	Label	LAB_0002f7b8
0002f7c0	Label	LAB_0002f7c0
0002f7c8	Label	LAB_0002f7c8
0002f7d0	Label	LAB_0002f7d0
0002f7d8	Label	LAB_0002f7d8
0002f7f4	Label	switchD_0002e6b8::caseD_4
0002f7fc	Label	switchD_0002e658::caseD_2
0002f818	Label	switchD_0002e658::caseD_1
0002f838	Label	switchD_0002e658::caseD_0
0002f84c	Label	switchD_0002e658::caseD_4
0002f854	Label	switchD_0002e5ec::caseD_2f854
0002f874	Label	switchD_0002e5ec::caseD_2f874
0002f87c	Label	switchD_0002e578::caseD_4
0002f884	Label	switchD_0002e578::caseD_0
0002f8c0	Label	switchD_0002e5ec::caseD_2f8c0
0002f8d4	Label	switchD_0002e578::caseD_1
0002f928	Label	LAB_0002f928
0002f940	Label	switchD_0002e578::caseD_2
0002f97c	Label	switchD_0002e5ec::caseD_2f97c
0002f998	Label	LAB_0002f998
0002f9b0	Label	switchD_0002e6b8::default
0002f9c8	Label	LAB_0002f9c8
0002f9e4	Label	switchD_0002ed30::caseD_0
0002f9f8	Label	switchD_0002ec58::caseD_0
0002fa0c	Label	switchD_0002eb80::caseD_0
0002fa20	Label	switchD_0002eaa8::caseD_0
0002fa34	Label	switchD_0002e9d0::caseD_0
0002fa48	Label	switchD_0002e8f8::caseD_0
0002fa5c	Label	switchD_0002e820::caseD_0
0002fa70	Label	switchD_0002e748::caseD_0
0002fa84	Label	switchD_0002e700::caseD_0
0002fa98	Label	switchD_0002e7d8::caseD_0
0002faac	Label	switchD_0002e790::caseD_0
0002fac0	Label	switchD_0002e8b0::caseD_0
0002fad4	Label	switchD_0002e868::caseD_0
0002fae8	Label	switchD_0002eb38::caseD_0
0002fafc	Label	switchD_0002eaf0::caseD_0
0002fb10	Label	switchD_0002ea60::caseD_0
0002fb24	Label	switchD_0002ea18::caseD_0
0002fb38	Label	switchD_0002e988::caseD_0
0002fb4c	Label	switchD_0002e940::caseD_0
0002fb60	Label	switchD_0002ec10::caseD_0
0002fb74	Label	switchD_0002ebc8::caseD_0
0002fb88	Label	switchD_0002ece8::caseD_0
0002fb9c	Label	switchD_0002eca0::caseD_0
0002fbb0	Function	rom::rom
0002fbb0	Label	_ZN3romC1Ev
0002fbb0	Label	_ZN3romC2Ev
0002fbc0	Function	rom::~rom
0002fbc0	Label	_ZN3romD2Ev
0002fbc0	Label	_ZN3romD1Ev
0002fc08	Function	rom::has_battery
0002fc08	Label	_ZN3rom11has_batteryEv
0002fc44	Label	LAB_0002fc44
0002fc4c	Function	rom::get_sram_size
0002fc4c	Label	_ZN3rom13get_sram_sizeEv
0002fc78	Function	rom::load_rom
0002fc78	Label	_ZN3rom8load_romEPhiS0_i
0002fd0c	Label	LAB_0002fd0c
0002fd98	Label	LAB_0002fd98
0002fddc	Label	LAB_0002fddc
0002fe50	Label	LAB_0002fe50
0002fe7c	Label	LAB_0002fe7c
0002fea0	Function	rom::serialize
0002fea0	Label	_ZN3rom9serializeER10serializer
0002fef0	Label	switchD_0002fef0::switchD
0002fef8	Label	switchD_0002fef0::caseD_3
0002fefc	Label	LAB_0002fefc
0002ff10	Label	LAB_0002ff10
00030000	Label	LAB_00030000
00030024	Label	switchD_0002fef0::caseD_4
0003002c	Label	switchD_0002fef0::caseD_0
00030040	Label	switchD_0002fef0::caseD_1
000300d4	Label	switchD_0002fef0::caseD_2
00030168	Label	LAB_00030168
0003018c	Label	LAB_0003018c
000301b0	Function	dmy_renderer::map_color
000301b0	Label	_ZN12dmy_renderer9map_colorEt
000301e0	Function	dmy_renderer::unmap_color
000301e0	Label	_ZN12dmy_renderer11unmap_colorEt
00030200	Function	dmy_renderer::check_pad
00030200	Label	_ZN12dmy_renderer9check_padEv
00030364	Function	dmy_renderer::get_time
00030364	Label	_ZN12dmy_renderer8get_timeEi
000303a0	Label	switchD_000303a0::switchD
000303a8	Label	switchD_000303a0::caseD_b
000303c4	Label	switchD_000303a0::caseD_c
000303e0	Label	switchD_000303a0::caseD_8
0003040c	Label	switchD_000303a0::caseD_9
00030444	Label	switchD_000303a0::caseD_a
00030484	Label	switchD_000303a0::default
0003048c	Function	dmy_renderer::set_time
0003048c	Label	_ZN12dmy_renderer8set_timeEih
000304c8	Label	switchD_000304c8::switchD
000304d0	Label	switchD_000304c8::caseD_c
00030500	Label	switchD_000304c8::default
0003050c	Label	switchD_000304c8::caseD_b
00030554	Label	switchD_000304c8::caseD_8
000305a4	Label	switchD_000304c8::caseD_9
00030624	Label	switchD_000304c8::caseD_a
000306a0	Function	dmy_renderer::refresh
000306a0	Label	_ZN12dmy_renderer7refreshEv
00030700	Label	LAB_00030700
00030704	Label	LAB_00030704
00030750	Label	LAB_00030750
0003078c	Label	LAB_0003078c
00030790	Label	LAB_00030790
000307b4	Label	LAB_000307b4
000307f0	Label	LAB_000307f0
00030820	Label	LAB_00030820
00030844	Function	dmy_renderer::render_screen
00030844	Label	_ZN12dmy_renderer13render_screenEPhiii
000308b0	Label	LAB_000308b0
000308dc	Label	LAB_000308dc
00030914	Label	LAB_00030914
00030920	Label	LAB_00030920
00030948	Label	LAB_00030948
00030954	Label	LAB_00030954
00030958	Label	LAB_00030958
00030964	Label	LAB_00030964
00030994	Label	LAB_00030994
000309c4	Label	LAB_000309c4
000309f0	Label	LAB_000309f0
00030a1c	Label	LAB_00030a1c
00030a3c	Label	LAB_00030a3c
00030a50	Label	LAB_00030a50
00030a6c	Label	LAB_00030a6c
00030aa4	Function	dmy_renderer::dmy_renderer
00030aa4	Label	_ZN12dmy_rendererC2Ei
00030aa4	Label	_ZN12dmy_rendererC1Ei
00030ad0	Function	dmy_renderer::~dmy_renderer
00030ad0	Label	_ZN12dmy_rendererD2Ev
00030ad0	Label	_ZN12dmy_rendererD1Ev
00030ad8	Function	dmy_renderer::reset
00030ad8	Label	_ZN12dmy_renderer5resetEv
00030ae0	Function	dmy_renderer::get_sensor
00030ae0	Label	_ZN12dmy_renderer10get_sensorEb
00030ae8	Function	dmy_renderer::output_log
00030ae8	Label	_ZN12dmy_renderer10output_logEPcz
00030af4	Function	dmy_renderer::set_bibrate
00030af4	Label	_ZN12dmy_renderer11set_bibrateEb
00030afc	Function	dmy_renderer::~dmy_renderer
00030afc	Label	_ZN12dmy_rendererD0Ev
00030b20	Function	check_variables
00030b20	Label	_ZL15check_variablesv
00030b7c	Label	LAB_00030b7c
00030b84	Label	LAB_00030b84
00030b88	Label	LAB_00030b88
00030bd0	Label	LAB_00030bd0
00030bd8	Label	LAB_00030bd8
00030c24	Label	LAB_00030c24
00030c2c	Label	LAB_00030c2c
00030c78	Label	LAB_00030c78
00030c90	Label	LAB_00030c90
00030c94	Label	LAB_00030c94
00030ca0	Label	LAB_00030ca0
00030d60	Label	LAB_00030d60
00030d68	Label	LAB_00030d68
00030d84	Label	LAB_00030d84
00030de4	Label	LAB_00030de4
00030e3c	Label	LAB_00030e3c
00030e60	Label	LAB_00030e60
00030e8c	Label	LAB_00030e8c
00030eb8	Label	LAB_00030eb8
00030edc	Label	LAB_00030edc
00030ee8	Label	LAB_00030ee8
00030ef8	Label	LAB_00030ef8
00030f08	Function	retro_get_system_info
00030f40	Function	retro_get_system_av_info
00030f7c	Label	LAB_00030f7c
00030f8c	Label	LAB_00030f8c
00030fc0	Label	LAB_00030fc0
00031030	Label	LAB_00031030
00031050	Label	LAB_00031050
00031064	Function	retro_init
000310ac	Label	LAB_000310ac
00031108	Label	LAB_00031108
00031118	Function	retro_deinit
0003115c	Function	retro_load_game
000311a8	Label	LAB_000311a8
00031374	Label	LAB_00031374
0003138c	Label	LAB_0003138c
000313ac	Label	LAB_000313ac
000313d0	Label	LAB_000313d0
00031408	Label	LAB_00031408
0003143c	Label	LAB_0003143c
00031468	Label	LAB_00031468
000314a8	Label	LAB_000314a8
000314c0	Label	LAB_000314c0
000314e0	Label	LAB_000314e0
00031504	Label	LAB_00031504
00031528	Label	LAB_00031528
00031538	Label	LAB_00031538
00031550	Label	LAB_00031550
00031564	Label	LAB_00031564
0003156c	Label	LAB_0003156c
00031574	Function	retro_load_game_special
000315b0	Label	LAB_000315b0
000315b4	Label	LAB_000315b4
000315e0	Label	LAB_000315e0
00031604	Label	LAB_00031604
000317fc	Label	LAB_000317fc
00031814	Label	LAB_00031814
00031834	Label	LAB_00031834
00031858	Label	LAB_00031858
00031888	Label	LAB_00031888
00031898	Label	LAB_00031898
000318b4	Label	LAB_000318b4
000318cc	Label	LAB_000318cc
000318ec	Label	LAB_000318ec
00031910	Label	LAB_00031910
00031934	Label	LAB_00031934
00031958	Label	LAB_00031958
00031960	Label	LAB_00031960
00031970	Label	LAB_00031970
00031988	Label	LAB_00031988
0003199c	Function	retro_unload_game
000319d8	Label	LAB_000319d8
00031a34	Label	LAB_00031a34
00031a38	Label	LAB_00031a38
00031a70	Label	LAB_00031a70
00031a84	Function	retro_reset
00031abc	Label	LAB_00031abc
00031ad8	Label	LAB_00031ad8
00031ae8	Function	SetFrameSkip
00031b24	Label	LAB_00031b24
00031b30	Function	retro_run
00031b58	Label	LAB_00031b58
00031b74	Label	LAB_00031b74
00031b8c	Label	LAB_00031b8c
00031ba4	Function	retro_get_memory_data
00031bcc	Label	LAB_00031bcc
00031c08	Label	LAB_00031c08
00031c14	Label	LAB_00031c14
00031c1c	Label	LAB_00031c1c
00031c5c	Label	LAB_00031c5c
00031c6c	Label	LAB_00031c6c
00031c7c	Label	LAB_00031c7c
00031c80	Label	LAB_00031c80
00031c90	Label	LAB_00031c90
00031c94	Label	LAB_00031c94
00031ca0	Function	retro_get_memory_size
00031cc8	Label	LAB_00031cc8
00031cf4	Label	LAB_00031cf4
00031cfc	Label	LAB_00031cfc
00031d08	Label	LAB_00031d08
00031d10	Label	LAB_00031d10
00031d5c	Label	LAB_00031d5c
00031d6c	Label	LAB_00031d6c
00031d90	Label	LAB_00031d90
00031da4	Function	retro_serialize_size
00031e00	Label	LAB_00031e00
00031e20	Label	LAB_00031e20
00031e38	Label	LAB_00031e38
00031e5c	Function	retro_serialize
00031eac	Label	LAB_00031eac
00031ed4	Label	LAB_00031ed4
00031ee8	Label	LAB_00031ee8
00031f00	Label	LAB_00031f00
00031f08	Function	retro_unserialize
00031f58	Label	LAB_00031f58
00031f80	Label	LAB_00031f80
00031f94	Label	LAB_00031f94
00031fac	Label	LAB_00031fac
00031fb4	Function	retro_cheat_reset
00031fec	Label	LAB_00031fec
0003200c	Label	LAB_0003200c
0003201c	Function	retro_cheat_set
00032024	Function	retro_api_version
0003202c	Function	retro_get_region
00032034	Function	retro_set_controller_port_device
0003203c	Function	retro_set_video_refresh
00032054	Function	retro_set_audio_sample
0003205c	Function	retro_set_audio_sample_batch
00032074	Function	retro_set_input_poll
0003208c	Function	retro_set_input_state
000320a4	Function	retro_set_environment
000320d0	Function	efuse_init
0003218c	Label	LAB_0003218c
000321d8	Label	LAB_000321d8
00032200	Label	LAB_00032200
0003220c	Label	LAB_0003220c
0003222c	Label	LAB_0003222c
000322a0	Label	LAB_000322a0
000322a4	Label	LAB_000322a4
000322cc	Label	LAB_000322cc
000322f4	Label	LAB_000322f4
000322fc	Label	LAB_000322fc
00032320	Label	LAB_00032320
00032338	Label	LAB_00032338
00032388	Label	LAB_00032388
000323b8	Label	LAB_000323b8
000323d4	Label	LAB_000323d4
00032400	Function	CheckEncrypty
00032434	Label	LAB_00032434
000324d4	Label	LAB_000324d4
00032558	Label	LAB_00032558
00032564	Label	LAB_00032564
000325b0	Label	LAB_000325b0
000325dc	Label	LAB_000325dc
00032620	Label	LAB_00032620
0003265c	Label	LAB_0003265c
00032698	Label	LAB_00032698
000326a0	Label	LAB_000326a0
000326f0	Label	LAB_000326f0
00032790	Label	LAB_00032790
00032820	Label	LAB_00032820
0003282c	Label	LAB_0003282c
00032854	Label	LAB_00032854
00032858	Label	LAB_00032858
00032870	Function	read_transfer_one
000328dc	Label	LAB_000328dc
000328f0	Label	LAB_000328f0
00032950	Label	LAB_00032950
00032964	Label	LAB_00032964
00032988	Label	LAB_00032988
000329ac	Label	LAB_000329ac
000329d4	Label	LAB_000329d4
000329e8	Label	LAB_000329e8
000329f4	Label	LAB_000329f4
00032a28	Label	LAB_00032a28
00032a68	Label	LAB_00032a68
00032a98	Function	wait_empty
00032b18	Label	LAB_00032b18
00032b94	Label	LAB_00032b94
00032bb0	Label	LAB_00032bb0
00032bb4	Label	LAB_00032bb4
00032bcc	Function	read_id
00032d10	Function	read_uid
00032e18	Label	LAB_00032e18
00032f18	Label	LAB_00032f18
00032f24	Label	LAB_00032f24
00032f28	Label	LAB_00032f28
00032f68	Function	read_otp
000330d4	Label	LAB_000330d4
000331b0	Label	LAB_000331b0
000331f0	Function	save_flash_st
0003329c	Function	recover_flash_st
00033338	Function	flash_init
000333a0	Function	check_encrypty
000335b4	Label	LAB_000335b4
000335c4	Label	LAB_000335c4
000335ec	Label	LAB_000335ec
0003360c	Label	LAB_0003360c
00033640	Label	LAB_00033640
0003366c	Label	LAB_0003366c
0003368c	Label	LAB_0003368c
000336ac	Label	LAB_000336ac
000336c0	Label	LAB_000336c0
000336e0	Label	LAB_000336e0
000336e8	Label	LAB_000336e8
00033700	Label	LAB_00033700
00033728	Label	LAB_00033728
00033730	Function	__do_global_ctors_aux
00033768	Label	LAB_00033768
0003377c	Label	LAB_0003377c
00033790	Function	strcmp
00033790	Label	_MIPS_STUBS_
00033790	Label	strcmp@@GLIBC_2.0
000337a0	Function	<EXTERNAL>::operator.delete
000337b0	Function	free
000337b0	Label	free@@GLIBC_2.0
000337c0	Function	memcpy
000337c0	Label	memcpy@@GLIBC_2.0
000337d0	Function	fgets
000337d0	Label	fgets@@GLIBC_2.0
000337e0	Function	time
000337e0	Label	time@@GLIBC_2.0
000337f0	Function	memcmp
000337f0	Label	memcmp@@GLIBC_2.0
00033800	Function	<EXTERNAL>::__cxa_guard_release
00033810	Function	<EXTERNAL>::operator.new
00033820	Function	perror
00033820	Label	perror@@GLIBC_2.0
00033830	Function	fwrite
00033830	Label	fwrite@@GLIBC_2.0
00033840	Function	usleep
00033840	Label	usleep@@GLIBC_2.0
00033850	Function	fread
00033850	Label	fread@@GLIBC_2.0
00033860	Function	strcpy
00033860	Label	strcpy@@GLIBC_2.0
00033870	Function	malloc
00033870	Label	malloc@@GLIBC_2.0
00033880	Function	puts
00033880	Label	puts@@GLIBC_2.0
00033890	Function	open
00033890	Label	open@@GLIBC_2.0
000338a0	Function	<EXTERNAL>::std::__detail::_List_node_base::_M_unhook
000338b0	Function	feof
000338b0	Label	feof@@GLIBC_2.0
000338c0	Function	mmap
000338c0	Label	mmap@@GLIBC_2.0
000338d0	Function	strlen
000338d0	Label	strlen@@GLIBC_2.0
000338e0	Function	fprintf
000338e0	Label	fprintf@@GLIBC_2.0
000338f0	Function	write
000338f0	Label	write@@GLIBC_2.0
00033900	Function	memset
00033900	Label	memset@@GLIBC_2.0
00033910	Function	isalpha
00033910	Label	isalpha@@GLIBC_2.0
00033920	Function	munmap
00033920	Label	munmap@@GLIBC_2.0
00033930	Function	toupper
00033930	Label	toupper@@GLIBC_2.0
00033940	Function	fputc
00033940	Label	fputc@@GLIBC_2.0
00033950	Function	sprintf
00033950	Label	sprintf@@GLIBC_2.0
00033960	Function	<EXTERNAL>::std::__detail::_List_node_base::_M_hook
00033970	Function	_Unwind_Resume
00033970	Label	_Unwind_Resume@@GCC_3.0
00033980	Function	close
00033980	Label	close@@GLIBC_2.0
00033990	Function	<EXTERNAL>::__cxa_guard_acquire
000339b0	Label	__DT_FINI
000339b0	Function	_fini
000339d0	Label	LAB_000339d0
00033a00	Label	DAT_00033a00
00033a04	Label	DAT_00033a04
00033a08	Label	DAT_00033a08
00033a0c	Label	DAT_00033a0c
00033a10	Label	DAT_00033a10
00033a14	Label	DAT_00033a14
00033a18	Label	DAT_00033a18
00033a1c	Label	DAT_00033a1c
00033a40	Label	switchD_00013c84::switchdataD_00033a40
00033a9c	Label	switchD_000152d4::switchdataD_00033a9c
00033ab0	Label	DAT_00033ab0
00033ac4	Label	DAT_00033ac4
00033ad8	Label	DAT_00033ad8
00033aec	Label	DAT_00033aec
00033b00	Label	DAT_00033b00
00033b14	Label	_ZL10sq_wav_dat
00033b14	Label	sq_wav_dat
00033ba0	Label	s_ERROR:_invalid_serializer!_00033ba0
00033bbc	Label	_ZTS14sound_renderer
00033bbc	Label	sound_renderer::typeinfo-name
00033bd0	Label	_ZTS7apu_snd
00033bd0	Label	apu_snd::typeinfo-name
00033bdc	Label	s_cheat_%03d_00033bdc
00033be8	Label	DAT_00033be8
00033bec	Label	s_%02X%02X%02X%02X_00033bec
00033c00	Label	DAT_00033c00
00034020	Label	switchD_000175fc::switchdataD_00034020
00034420	Label	switchD_0001c1f4::switchdataD_00034420
00034820	Label	switchD_00022b74::switchdataD_00034820
00034834	Label	switchD_00022bf8::switchdataD_00034834
00034848	Label	switchD_00022c5c::switchdataD_00034848
0003485c	Label	switchD_00022cb8::switchdataD_0003485c
00034870	Label	switchD_00022d4c::switchdataD_00034870
00034884	Label	switchD_00023098::switchdataD_00034884
00034898	Label	switchD_000230e8::switchdataD_00034898
000348ac	Label	switchD_00023134::switchdataD_000348ac
000348c0	Label	switchD_00023180::switchdataD_000348c0
000348d4	Label	switchD_000231cc::switchdataD_000348d4
000348e8	Label	switchD_00023218::switchdataD_000348e8
000348fc	Label	switchD_00023264::switchdataD_000348fc
00034910	Label	switchD_000232b0::switchdataD_00034910
00034924	Label	switchD_000232fc::switchdataD_00034924
00034938	Label	switchD_00023348::switchdataD_00034938
0003494c	Label	switchD_00023394::switchdataD_0003494c
00034960	Label	switchD_000233e0::switchdataD_00034960
00034974	Label	switchD_0002342c::switchdataD_00034974
00034988	Label	switchD_00023478::switchdataD_00034988
0003499c	Label	switchD_000234c4::switchdataD_0003499c
000349b0	Label	switchD_00023510::switchdataD_000349b0
000349c4	Label	switchD_0002355c::switchdataD_000349c4
000349d8	Label	switchD_000235a8::switchdataD_000349d8
000349ec	Label	switchD_000235f4::switchdataD_000349ec
00034a00	Label	switchD_00023640::switchdataD_00034a00
00034a14	Label	switchD_0002368c::switchdataD_00034a14
00034a28	Label	switchD_000236d8::switchdataD_00034a28
00034a3c	Label	switchD_00023724::switchdataD_00034a3c
00034a50	Label	switchD_00023770::switchdataD_00034a50
00034a64	Label	switchD_000237bc::switchdataD_00034a64
00034a78	Label	switchD_00023808::switchdataD_00034a78
00034a8c	Label	switchD_000247fc::switchdataD_00034a8c
00034aa0	Label	_ZZN3cpu4execEiE12timer_clocks
00034aa0	Label	cpu::exec(int)::timer_clocks
00034ab0	Label	_ZL6ZTable
00034ab0	Label	ZTable
00034bb0	Label	_ZL9cycles_cb
00034bb0	Label	cycles_cb
00034fb0	Label	_ZL6cycles
00034fb0	Label	cycles
000353b0	Label	switchD_00024d5c::switchdataD_000353b0
000357b0	Label	DAT_000357b0
000357d0	Label	switchD_00025234::switchdataD_000357d0
000357ec	Label	s_Invalid_000357ec
000357f4	Label	s_Gameboy_000357f4
000357fc	Label	s_SuperGameboy_000357fc
0003580c	Label	s_Gameboy_Color_0003580c
0003581c	Label	s_Gameboy_Advance_0003581c
00035850	Label	switchD_00025e3c::switchdataD_00035850
00035864	Label	switchD_00025e9c::switchdataD_00035864
00035878	Label	switchD_00025f0c::switchdataD_00035878
0003588c	Label	switchD_00026004::switchdataD_0003588c
000358a0	Label	switchD_00026054::switchdataD_000358a0
000358b4	Label	switchD_00026164::switchdataD_000358b4
000358c8	Label	switchD_000261d0::switchdataD_000358c8
000358dc	Label	switchD_00026218::switchdataD_000358dc
000358f0	Label	switchD_00026278::switchdataD_000358f0
00035904	Label	switchD_000262a8::switchdataD_00035904
00035918	Label	switchD_000263ec::switchdataD_00035918
0003592c	Label	switchD_00026448::switchdataD_0003592c
00035940	Label	switchD_000264b0::switchdataD_00035940
00035954	Label	switchD_0002651c::switchdataD_00035954
00035968	Label	switchD_00026574::switchdataD_00035968
0003597c	Label	switchD_000265cc::switchdataD_0003597c
00035990	Label	switchD_0002662c::switchdataD_00035990
000359a4	Label	switchD_00026b40::switchdataD_000359a4
000359b8	Label	switchD_00026dac::switchdataD_000359b8
000359cc	Label	switchD_00026f70::switchdataD_000359cc
000359e0	Label	switchD_00026fc4::switchdataD_000359e0
000359f4	Label	switchD_00027014::switchdataD_000359f4
00035a08	Label	switchD_00027390::switchdataD_00035a08
00035a1c	Label	switchD_00027854::switchdataD_00035a1c
00035a30	Label	switchD_00027c24::switchdataD_00035a30
00035a44	Label	switchD_00027c84::switchdataD_00035a44
00035a58	Label	switchD_00027cf4::switchdataD_00035a58
00035a6c	Label	switchD_00027df0::switchdataD_00035a6c
00035a80	Label	switchD_00027e38::switchdataD_00035a80
00035a94	Label	switchD_00027ec4::switchdataD_00035a94
00035aa8	Label	switchD_00027f3c::switchdataD_00035aa8
00035abc	Label	switchD_00027f84::switchdataD_00035abc
00035ad0	Label	switchD_00027fd8::switchdataD_00035ad0
00035ae4	Label	switchD_00028030::switchdataD_00035ae4
00035af8	Label	switchD_00028098::switchdataD_00035af8
00035b0c	Label	switchD_000280fc::switchdataD_00035b0c
00035b20	Label	switchD_00028154::switchdataD_00035b20
00035b34	Label	switchD_000281ac::switchdataD_00035b34
00035b48	Label	switchD_00028778::switchdataD_00035b48
00035b5c	Label	switchD_00028ae8::switchdataD_00035b5c
00035b70	Label	switchD_00028b4c::switchdataD_00035b70
00035b84	Label	switchD_00028ba0::switchdataD_00035b84
00035b98	Label	switchD_00028bf0::switchdataD_00035b98
00035bac	Label	switchD_00029034::switchdataD_00035bac
00035bc0	Label	switchD_00029278::switchdataD_00035bc0
00035bd4	Label	switchD_00029684::switchdataD_00035bd4
00035be8	Label	DAT_00035be8
00035c00	Label	switchD_0002c4ac::switchdataD_00035c00
00035c14	Label	DAT_00035c14
00035c28	Label	DAT_00035c28
00035c3c	Label	DAT_00035c3c
00035c50	Label	DAT_00035c50
00035c64	Label	DAT_00035c64
00035c78	Label	DAT_00035c78
00035c8c	Label	DAT_00035c8c
00035ca0	Label	DAT_00035ca0
00035cb4	Label	DAT_00035cb4
00035cc8	Label	DAT_00035cc8
00035ce0	Label	switchD_0002d1e8::switchdataD_00035ce0
00035cf4	Label	switchD_0002e578::switchdataD_00035cf4
00035d08	Label	switchD_0002e5ec::switchdataD_00035d08
00035d1c	Label	switchD_0002e658::switchdataD_00035d1c
00035d30	Label	switchD_0002e6b8::switchdataD_00035d30
00035d44	Label	switchD_0002e700::switchdataD_00035d44
00035d58	Label	switchD_0002e748::switchdataD_00035d58
00035d6c	Label	switchD_0002e790::switchdataD_00035d6c
00035d80	Label	switchD_0002e7d8::switchdataD_00035d80
00035d94	Label	switchD_0002e820::switchdataD_00035d94
00035da8	Label	switchD_0002e868::switchdataD_00035da8
00035dbc	Label	switchD_0002e8b0::switchdataD_00035dbc
00035dd0	Label	switchD_0002e8f8::switchdataD_00035dd0
00035de4	Label	switchD_0002e940::switchdataD_00035de4
00035df8	Label	switchD_0002e988::switchdataD_00035df8
00035e0c	Label	switchD_0002e9d0::switchdataD_00035e0c
00035e20	Label	switchD_0002ea18::switchdataD_00035e20
00035e34	Label	switchD_0002ea60::switchdataD_00035e34
00035e48	Label	switchD_0002eaa8::switchdataD_00035e48
00035e5c	Label	switchD_0002eaf0::switchdataD_00035e5c
00035e70	Label	switchD_0002eb38::switchdataD_00035e70
00035e84	Label	switchD_0002eb80::switchdataD_00035e84
00035e98	Label	switchD_0002ebc8::switchdataD_00035e98
00035eac	Label	switchD_0002ec10::switchdataD_00035eac
00035ec0	Label	switchD_0002ec58::switchdataD_00035ec0
00035ed4	Label	switchD_0002eca0::switchdataD_00035ed4
00035ee8	Label	switchD_0002ece8::switchdataD_00035ee8
00035efc	Label	switchD_0002ed30::switchdataD_00035efc
00035f10	Label	_ZL12ram_size_tbl
00035f10	Label	ram_size_tbl
00035f28	Label	_ZL12rom_size_tbl
00035f28	Label	rom_size_tbl
00035f50	Label	switchD_0002fef0::switchdataD_00035f50
00035f64	Label	DAT_00035f64
00035f78	Label	_ZZN3rom13get_sram_sizeEvE7tbl_ram
00035f78	Label	rom::get_sram_size()::tbl_ram
00035f90	Label	_ZZN3rom11has_batteryEvE7has_bat
00035f90	Label	rom::has_battery()::has_bat
00036030	Label	switchD_000303a0::switchdataD_00036030
00036044	Label	switchD_000304c8::switchdataD_00036044
00036060	Label	_ZTS8renderer
00036060	Label	renderer::typeinfo-name
0003606c	Label	_ZTS12dmy_renderer
0003606c	Label	dmy_renderer::typeinfo-name
0003607c	Label	s_tgbdual_gblink_enable_0003607c
00036094	Label	s_disabled_00036094
000360a0	Label	s_tgbdual_screen_placement_000360a0
000360bc	Label	s_top-down_000360bc
000360c8	Label	s_tgbdual_switch_screens_000360c8
000360e0	Label	s_switched_000360e0
000360ec	Label	s_tgbdual_single_screen_mp_000360ec
00036108	Label	s_player_1_only_00036108
00036118	Label	s_tgbdual_audio_output_00036118
00036130	Label	s_Game_Boy_#2_00036130
0003613c	Label	s_left-right_0003613c
00036148	Label	s_normal_00036148
00036150	Label	s_both_players_00036150
00036160	Label	s_Game_Boy_#1_00036160
0003616c	Label	s_TGB_Dual_0003616c
00036178	Label	s_v0.8.3_9be31d3_00036178
00036188	Label	s_gb|gbc|sgb_00036188
00036194	Label	s_D-Pad_Left_00036194
000361a0	Label	s_D-Pad_Up_000361a0
000361ac	Label	s_D-Pad_Down_000361ac
000361b8	Label	s_D-Pad_Right_000361b8
000361c4	Label	DAT_000361c4
000361c8	Label	DAT_000361c8
000361cc	Label	s_Select_000361cc
000361d4	Label	s_Start_000361d4
000361dc	Label	s_Prev_Audio_Mode_000361dc
000361ec	Label	s_Next_Audio_Mode_000361ec
00036270	Label	s_enabled_00036270
000362f4	Label	s_player_2_only_000362f4
0003632c	Label	DAT_0003632c
00036330	Label	DAT_00036330
00036334	Label	DAT_00036334
00036338	Label	DAT_00036338
00036340	Label	DAT_00036340
00036350	Label	s_/dev/mem_00036350
0003635c	Label	s_open(/dev/mem)_failed._0003635c
00036374	Label	s_mmap_base_failed._00036374
00036388	Label	s_aXDT8kluSPu6PvHIV2JhA1V4_00036388
000363a4	Label	s_this_is_D3000_000363a4
000363b4	Label	s_this_is_D3100_000363b4
000363c4	Label	s_this_is_D3101_000363c4
000363d4	Label	s_%08x%08x_000363d4
000363e0	Label	s_/sys/devices/platform/soc/1882e0_000363e0
00036410	Label	s_Open_lock_00036410
0003641c	Label	DAT_0003641c
00036424	Label	s_Write_lock_00036424
00036430	Label	s_unlock_00036430
00036438	Label	s_Write_unlock_00036438
00036450	Label	__GNU_EH_FRAME_HDR
000368dc	Label	cie_000368dc
000368f0	Label	fde_000368f0
00036904	Label	fde_00036904
00036918	Label	fde_00036918
0003692c	Label	fde_0003692c
00036940	Label	fde_00036940
00036954	Label	fde_00036954
00036968	Label	fde_00036968
0003697c	Label	fde_0003697c
00036990	Label	fde_00036990
000369c0	Label	fde_000369c0
000369d4	Label	cie_000369d4
000369f0	Label	fde_000369f0
00036a1c	Label	fde_00036a1c
00036a30	Label	fde_00036a30
00036a44	Label	fde_00036a44
00036a60	Label	fde_00036a60
00036a74	Label	fde_00036a74
00036aac	Label	fde_00036aac
00036ae8	Label	fde_00036ae8
00036b3c	Label	fde_00036b3c
00036b50	Label	fde_00036b50
00036b74	Label	fde_00036b74
00036ba0	Label	fde_00036ba0
00036bd8	Label	fde_00036bd8
00036bfc	Label	fde_00036bfc
00036c28	Label	fde_00036c28
00036c4c	Label	fde_00036c4c
00036c74	Label	fde_00036c74
00036ca0	Label	fde_00036ca0
00036cf4	Label	fde_00036cf4
00036d08	Label	fde_00036d08
00036d38	Label	fde_00036d38
00036d74	Label	fde_00036d74
00036d88	Label	fde_00036d88
00036db4	Label	fde_00036db4
00036dc8	Label	fde_00036dc8
00036ddc	Label	fde_00036ddc
00036df0	Label	fde_00036df0
00036e04	Label	fde_00036e04
00036e18	Label	fde_00036e18
00036e70	Label	fde_00036e70
00036e84	Label	fde_00036e84
00036eb8	Label	fde_00036eb8
00036ecc	Label	fde_00036ecc
00036ee0	Label	fde_00036ee0
00036efc	Label	fde_00036efc
00036f38	Label	fde_00036f38
00036f94	Label	fde_00036f94
00036fc0	Label	fde_00036fc0
00036fec	Label	fde_00036fec
0003701c	Label	fde_0003701c
00037030	Label	fde_00037030
00037044	Label	fde_00037044
00037058	Label	fde_00037058
00037078	Label	fde_00037078
000370d0	Label	fde_000370d0
0003711c	Label	fde_0003711c
00037144	Label	fde_00037144
00037160	Label	fde_00037160
0003717c	Label	fde_0003717c
00037198	Label	fde_00037198
000371b4	Label	fde_000371b4
000371d0	Label	fde_000371d0
000371fc	Label	fde_000371fc
00037238	Label	fde_00037238
0003724c	Label	fde_0003724c
00037260	Label	fde_00037260
00037274	Label	fde_00037274
00037288	Label	fde_00037288
000372c0	Label	fde_000372c0
000372fc	Label	fde_000372fc
00037330	Label	fde_00037330
00037368	Label	fde_00037368
000373b4	Label	fde_000373b4
000373ec	Label	fde_000373ec
00037424	Label	fde_00037424
00037458	Label	fde_00037458
000374ac	Label	fde_000374ac
000374c0	Label	fde_000374c0
000374d4	Label	fde_000374d4
000374e8	Label	fde_000374e8
000374fc	Label	fde_000374fc
00037528	Label	fde_00037528
0003753c	Label	fde_0003753c
00037550	Label	fde_00037550
00037564	Label	fde_00037564
00037578	Label	fde_00037578
0003758c	Label	fde_0003758c
000375a0	Label	fde_000375a0
000375e0	Label	fde_000375e0
000375f4	Label	fde_000375f4
00037608	Label	fde_00037608
0003761c	Label	fde_0003761c
00037630	Label	fde_00037630
00037644	Label	fde_00037644
00037658	Label	fde_00037658
0003766c	Label	fde_0003766c
000376c4	Label	fde_000376c4
000376d8	Label	fde_000376d8
000376f8	Label	fde_000376f8
0003770c	Label	fde_0003770c
00037720	Label	fde_00037720
0003775c	Label	fde_0003775c
000377b0	Label	fde_000377b0
000377c4	Label	fde_000377c4
000377d8	Label	fde_000377d8
000377ec	Label	fde_000377ec
00037800	Label	fde_00037800
00037814	Label	fde_00037814
00037828	Label	fde_00037828
0003783c	Label	fde_0003783c
00037864	Label	fde_00037864
00037878	Label	fde_00037878
0003788c	Label	fde_0003788c
000378b8	Label	fde_000378b8
000378fc	Label	fde_000378fc
00037910	Label	fde_00037910
00037924	Label	fde_00037924
00037968	Label	fde_00037968
0003797c	Label	fde_0003797c
00037990	Label	fde_00037990
000379b4	Label	fde_000379b4
000379d0	Label	fde_000379d0
00037a14	Label	fde_00037a14
00037a4c	Label	fde_00037a4c
00037a7c	Label	fde_00037a7c
00037aa4	Label	fde_00037aa4
00037ab8	Label	fde_00037ab8
00037adc	Label	fde_00037adc
00037af0	Label	fde_00037af0
00037b04	Label	fde_00037b04
00037b34	Label	fde_00037b34
00037b64	Label	fde_00037b64
00037b94	Label	fde_00037b94
00037bbc	Label	fde_00037bbc
00037bd0	Label	fde_00037bd0
00037be4	Label	fde_00037be4
00037bf8	Label	fde_00037bf8
00037c0c	Label	fde_00037c0c
00037c20	Label	fde_00037c20
00037c34	Label	fde_00037c34
00037c48	Label	fde_00037c48
00037c5c	Label	fde_00037c5c
00037c70	Label	fde_00037c70
00037c84	Label	fde_00037c84
00037ca0	Label	__FRAME_END__
00038260	Label	_GLOBAL_OFFSET_TABLE_
00040250	Label	_mips_gp0_value
00048000	Label	lsda_exception_table_00048000
00048010	Label	lsda_exception_table_00048010
0004801d	Label	lsda_exception_table_0004801d
00048065	Label	lsda_exception_table_00048065
0004809b	Label	lsda_exception_table_0004809b
000480d0	Label	uleb128_000480d0
000480d4	Label	__DT_INIT_ARRAY
000480d8	Label	__CTOR_LIST__
000480dc	Label	__CTOR_END__
000480e0	Label	__DTOR_LIST__
000480e4	Label	__DTOR_END__
000480e8	Label	__JCR_LIST__
000480e8	Label	__JCR_END__
000480ec	Label	_ZL10subsystems
000480ec	Label	subsystems
00048114	Label	_ZL7gb_roms
00048114	Label	gb_roms
0004813c	Label	_ZL10gb2_memory
0004813c	Label	gb2_memory
0004814c	Label	_ZL10gb1_memory
0004814c	Label	gb1_memory
0004815c	Label	_ZL9vars_dual
0004815c	Label	vars_dual
0004818c	Label	_ZL11vars_single
0004818c	Label	vars_single
0004819c	Label	_ZTI14sound_renderer
0004819c	Label	sound_renderer::typeinfo
000481a4	Label	_ZTI7apu_snd
000481a4	Label	apu_snd::typeinfo
000481b0	Label	_ZTV7apu_snd
000481b0	Label	apu_snd::vtable
000481b8	Label	PTR_render_000481b8
000481bc	Label	_ZTI8renderer
000481bc	Label	renderer::typeinfo
000481c4	Label	_ZTI12dmy_renderer
000481c4	Label	dmy_renderer::typeinfo
000481d0	Label	_ZTV12dmy_renderer
000481d0	Label	dmy_renderer::vtable
000481d8	Label	PTR_reset_000481d8
00048210	Label	_fdata
00048210	Label	_ZZL6_mrandmE9shift_reg
00048210	Label	_mrand(unsigned_long)::shift_reg
00048220	Label	_ZZN7apu_snd11noi_produceEiE10cur_sample
00048220	Label	apu_snd::noi_produce(int)::cur_sample
00048224	Label	DW.ref.__gxx_personality_v0
00048230	Label	_show_player_screens
00048240	Label	Key3Offset
00048250	Label	key1
00048260	Label	__DT_PLTGOT
00048260	Label	__TMC_END__
00048268	Label	PTR___TMC_END___00048268
0004826c	Label	PTR_filter[31356]_0004826c
00048270	Label	PTR___dso_handle_00048270
00048274	Label	PTR___DTOR_END___00048274
00048278	Label	PTR_00048278
0004827c	Label	PTR_LAB_0004827c
00048290	Label	PTR___cxa_guard_acquire_00048290
00048294	Label	PTR_read_00048294
00048298	Label	PTR_bef_sample_00048298
0004829c	Label	PTR_get_sram_size_0004829c
000482a0	Label	PTR_environ_cb_000482a0
000482a4	Label	PTR_~mbc_000482a4
000482a8	Label	PTR_close_000482a8
000482ac	Label	PTR_apu_snd_000482ac
000482b0	Label	PTR_vtable_000482b0
000482b8	Label	PTR_write_000482b8
000482bc	Label	PTR_huc3_write_000482bc
000482c0	Label	PTR__ITM_registerTMCloneTable_000482c0
000482c4	Label	PTR_cur_sample_000482c4
000482c8	Label	PTR_input_poll_cb_000482c8
000482cc	Label	PTR__M_hook_000482cc
000482d0	Label	PTR_save_state_000482d0
000482d4	Label	PTR_cheat_read_000482d4
000482d8	Label	PTR_my_av_info_000482d8
000482dc	Label	PTR_reset_000482dc
000482e0	Label	PTR_sprintf_000482e0
000482e4	Label	PTR_video_cb_000482e4
000482e8	Label	PTR_win_render_color_000482e8
000482ec	Label	PTR_reset_000482ec
000482f0	Label	PTR__Jv_RegisterClasses_000482f0
000482f4	Label	PTR_~gb_000482f4
000482f8	Label	PTR_fputc_000482f8
000482fc	Label	PTR_cheat_000482fc
00048300	Label	PTR_get_mem_00048300
00048304	Label	PTR_toupper_00048304
00048308	Label	PTR_load_rom_00048308
0004830c	Label	PTR_munmap_0004830c
00048310	Label	PTR_create_cheat_map_00048310
00048314	Label	PTR_huc1_write_00048314
00048318	Label	PTR_dmy_renderer_00048318
0004831c	Label	PTR_isalpha_0004831c
00048320	Label	PTR_audio_batch_cb_00048320
00048324	Label	PTR_input_state_cb_00048324
00048328	Label	PTR_run_00048328
0004832c	Label	PTR_mmm01_write_0004832c
00048330	Label	PTR_restore_state_ex_00048330
00048334	Label	PTR_serialize_00048334
00048338	Label	PTR_update_00048338
0004833c	Label	PTR_serialize_0004833c
00048340	Label	PTR_restore_state_mem_00048340
00048344	Label	PTR_check_encrypty_00048344
00048348	Label	PTR_read_direct_00048348
0004834c	Label	PTR_mbc2_write_0004834c
00048350	Label	PTR__show_player_screens_00048350
00048354	Label	PTR_irq_00048354
00048358	Label	PTR_memset_00048358
0004835c	Label	PTR_serialize_0004835c
00048364	Label	PTR_load_rom_00048364
00048368	Label	PTR_save_state_mem_00048368
0004836c	Label	PTR_~cpu_0004836c
00048370	Label	PTR_gblink_enable_00048370
00048374	Label	PTR_already_checked_options_00048374
00048378	Label	PTR_write_00048378
0004837c	Label	PTR_fprintf_0004837c
00048380	Label	PTR_strlen_00048380
00048384	Label	PTR_serialize_00048384
00048388	Label	PTR_seri_send_00048388
0004838c	Label	PTR_mmap_0004838c
00048390	Label	PTR_bg_render_color_00048390
00048394	Label	PTR_cpu_00048394
00048398	Label	PTR_feof_00048398
0004839c	Label	PTR_serialize_0004839c
000483a0	Label	PTR_mbc_000483a0
000483a4	Label	PTR__M_unhook_000483a4
000483a8	Label	PTR__screen_2p_vertical_000483a8
000483ac	Label	PTR_open_000483ac
000483b4	Label	PTR_serialize_000483b4
000483b8	Label	PTR_log_cb_000483b8
000483bc	Label	PTR___gmon_start___000483bc
000483c0	Label	PTR__screen_switched_000483c0
000483c4	Label	PTR_mbc1_write_000483c4
000483c8	Label	PTR_g_gb_000483c8
000483cc	Label	PTR_ext_write_000483cc
000483d0	Label	PTR_puts_000483d0
000483d4	Label	PTR_mbc7_write_000483d4
000483d8	Label	PTR_malloc_000483d8
000483dc	Label	PTR_g_frame_index_000483dc
000483e0	Label	PTR_clear_000483e0
000483e4	Label	PTR_bg_render_000483e4
000483e8	Label	PTR_gb_000483e8
000483ec	Label	PTR_audio_2p_mode_000483ec
000483f0	Label	PTR_restore_state_000483f0
000483f4	Label	PTR_write_000483f4
000483f8	Label	PTR_io_write_000483f8
000483fc	Label	PTR_strcpy_000483fc
00048400	Label	PTR_fread_00048400
00048404	Label	PTR_mbc3_write_00048404
00048408	Label	PTR_set_state_00048408
0004840c	Label	PTR_usleep_0004840c
00048410	Label	PTR_add_cheat_00048410
00048414	Label	PTR_fwrite_00048414
00048418	Label	PTR_reset_00048418
0004841c	Label	PTR_perror_0004841c
00048420	Label	PTR_operator.new_00048420
00048424	Label	PTR_get_stat_cpy_00048424
00048428	Label	PTR_apu_00048428
0004842c	Label	PTR_~rom_0004842c
00048430	Label	PTR_render_00048430
00048434	Label	PTR_win_render_00048434
00048438	Label	PTR___cxa_guard_release_00048438
0004843c	Label	PTR_sprite_render_color_0004843c
00048440	Label	PTR_sprite_render_00048440
00048444	Label	PTR_Key3Offset_00048444
00048448	Label	PTR_cur_sample_00048448
0004844c	Label	PTR_cur_sample_0004844c
00048450	Label	PTR_get_state_size_00048450
00048454	Label	PTR_~apu_00048454
00048458	Label	PTR_~lcd_00048458
0004845c	Label	PTR_g_frame_addr_0004845c
00048460	Label	PTR_lcd_00048460
00048464	Label	PTR_save_state_ex_00048464
00048468	Label	PTR_process_00048468
0004846c	Label	PTR_reset_0004846c
00048470	Label	PTR_memcmp_00048470
00048474	Label	PTR_reset_00048474
00048478	Label	PTR_render_00048478
0004847c	Label	PTR_video_buf_0004847c
00048480	Label	PTR_vtable_00048480
00048484	Label	PTR_time_00048484
00048488	Label	PTR_retro_serialize_size_00048488
0004848c	Label	PTR_fgets_0004848c
00048490	Label	PTR_cur_pos2_00048490
00048494	Label	PTR_exec_00048494
00048498	Label	PTR_memcpy_00048498
0004849c	Label	PTR_mbc5_write_0004849c
000484a0	Label	PTR_~dmy_renderer_000484a0
000484a4	Label	PTR_free_000484a4
000484a8	Label	PTR_set_page_000484a8
000484ac	Label	PTR_cur_sample_000484ac
000484b0	Label	PTR_reset_000484b0
000484b4	Label	PTR_get_stat_000484b4
000484b8	Label	PTR__ITM_deregisterTMCloneTable_000484b8
000484bc	Label	PTR_operator.delete_000484bc
000484c0	Label	PTR_rom_000484c0
000484c4	Label	PTR_serialize_000484c4
000484c8	Label	PTR___cxa_finalize_000484c8
000484cc	Label	PTR_strcmp_000484cc
000484d0	Label	PTR_get_state_000484d0
000484d4	Label	PTR_tama5_write_000484d4
000484d8	Label	PTR_write_000484d8
0004853c	Label	__dso_handle
00048540	Label	_edata
00048540	Label	__bss_start
00048540	Label	_fbss
00048540	Label	completed.6286
00048544	Label	dtor_idx.6288
00048550	Label	_ZZN7apu_snd6renderEPsiE12bef_sample_r
00048550	Label	apu_snd::render(short*,int)::bef_sample_r
00048554	Label	DAT_00048554
00048558	Label	DAT_00048558
0004855c	Label	DAT_0004855c
00048560	Label	DAT_00048560
00048564	Label	_ZZN7apu_snd6renderEPsiE12bef_sample_l
00048564	Label	apu_snd::render(short*,int)::bef_sample_l
00048568	Label	DAT_00048568
0004856c	Label	DAT_0004856c
00048570	Label	DAT_00048570
00048574	Label	DAT_00048574
00048578	Label	_ZZN7apu_snd6renderEPsiE8now_time
00048578	Label	apu_snd::render(short*,int)::now_time
0004857c	Label	_ZZN7apu_snd6renderEPsiE10tmp_sample
0004857c	Label	apu_snd::render(short*,int)::tmp_sample
00048580	Label	_ZZN7apu_snd6renderEPsiE7counter
00048580	Label	apu_snd::render(short*,int)::counter
00048584	Label	_ZZN7apu_snd6renderEPsiE6filter
00048584	Label	apu_snd::render(short*,int)::filter
00048586	Label	filter[2]
00050000	Label	filter[31356]
00050250	Label	_gp
00050f54	Label	_ZZN7apu_snd6updateEvE7counter
00050f54	Label	apu_snd::update()::counter
00050f58	Label	_ZZL6_mrandmE10bef_degree
00050f58	Label	_mrand(unsigned_long)::bef_degree
00050f5c	Label	_ZZN3apu5writeEthiE6clocks
00050f5c	Label	apu::write(unsigned_short,unsigned_char,int)::clocks
00050f60	Label	_ZGVZN3apu5writeEthiE9bef_clock
00050f60	Label	apu::write(unsigned_short,unsigned_char,int)::bef_clock
00050f68	Label	_ZZN3apu5writeEthiE9bef_clock
00050f68	Label	apu::write(unsigned_short,unsigned_char,int)::bef_clock
00050f6c	Label	_ZL11noi_cur_pos
00050f6c	Label	noi_cur_pos
00050f70	Label	_ZL11wav_cur_pos
00050f70	Label	wav_cur_pos
00050f74	Label	_ZL11sq2_cur_pos
00050f74	Label	sq2_cur_pos
00050f78	Label	_ZL11sq1_cur_pos
00050f78	Label	sq1_cur_pos
00050f80	Label	_ZZN7apu_snd11wav_produceEibE10cur_sample
00050f80	Label	apu_snd::wav_produce(int,bool)::cur_sample
00050f81	Label	_ZZN7apu_snd11wav_produceEibE10bef_sample
00050f81	Label	apu_snd::wav_produce(int,bool)::bef_sample
00050f84	Label	_ZZN7apu_snd11wav_produceEibE8cur_pos2
00050f84	Label	apu_snd::wav_produce(int,bool)::cur_pos2
00050f88	Label	_ZZN7apu_snd11sq2_produceEiE10cur_sample
00050f88	Label	apu_snd::sq2_produce(int)::cur_sample
00050f8c	Label	_ZZN7apu_snd11sq1_produceEiE10cur_sample
00050f8c	Label	apu_snd::sq1_produce(int)::cur_sample
00050f90	Label	file
00050fa0	Label	_screen_switched
00050fa1	Label	_screen_2p_vertical
00050fa8	Label	_ZGVZN12dmy_renderer13render_screenEPhiiiE10joined_buf
00050fa8	Label	dmy_renderer::render_screen(unsigned_char*,int,int,int)::joined_buf
00050fb0	Label	_ZZN12dmy_renderer13render_screenEPhiiiE10joined_buf
00050fb0	Label	dmy_renderer::render_screen(unsigned_char*,int,int,int)::joined_buf
00050fb4	Label	_ZZN12dmy_renderer7refreshEvE6stream
00050fb4	Label	dmy_renderer::refresh()::stream
00050fb8	Label	stream[4]
00051b30	Label	my_av_info
00051b34	Label	already_checked_options
00051b38	Label	audio_2p_mode
00051b3c	Label	gblink_enable
00051b40	Label	input_state_cb
00051b44	Label	input_poll_cb
00051b48	Label	environ_cb
00051b4c	Label	audio_batch_cb
00051b50	Label	video_cb
00051b54	Label	log_cb
00051b58	Label	render
00051b5c	Label	DAT_00051b5c
00051b60	Label	g_gb
00051b64	Label	DAT_00051b64
00051b68	Label	video_buf
00051b6c	Label	g_frame_addr
00051b70	Label	DAT_00051b70
00051b74	Label	g_frame_index
00051b78	Label	_ZL15_serialize_size
00051b78	Label	_serialize_size
00051b7c	Label	DAT_00051b7c
00051b80	Label	_ZL4mode
00051b80	Label	mode
00051b90	Label	efuse_register
00051b94	Label	efuse_bitmap
00051b98	Label	DAT_00051b98
00051b9c	Label	DAT_00051b9c
00051b9d	Label	DAT_00051b9c+1
00051ba0	Label	DAT_00051ba0
00051ba4	Label	DAT_00051ba4
00051ba8	Label	DAT_00051ba8
00051bac	Label	DAT_00051bac
00051bb0	Label	DAT_00051bb0
00051bb4	Label	UniqueID
00051bb8	Label	DAT_00051bb8
00051bbc	Label	reg_98
00051bbd	Label	reg_99
00051bbe	Label	reg_9a
00051bbf	Label	reg_9b
00051bc0	Label	reg_9c
00051bc1	Label	reg_c8
00051bc4	Label	efuse_inited.4146
00051bd0	Label	_end
00052000	Function	<EXTERNAL>::_ITM_registerTMCloneTable
00052004	Function	<EXTERNAL>::_Jv_RegisterClasses
00052008	Function	<EXTERNAL>::__gmon_start__
0005200c	Function	<EXTERNAL>::_ITM_deregisterTMCloneTable
00052010	Function	<EXTERNAL>::__cxa_finalize
00052014	Label	__gxx_personality_v0
00052018	Label	_ZTVN10__cxxabiv120__si_class_type_infoE
00052018	Label	__cxxabiv1::__si_class_type_info::vtable
0005201c	Label	_ZTVN10__cxxabiv117__class_type_infoE
0005201c	Label	__cxxabiv1::__class_type_info::vtable
80010000	Label	DAT_80010000
fffffffe	Label	SUB_fffffffe
.comment::00000000	Label	ElfComment[0]
.debug_abbrev::00000000	Label	DAT_.debug_abbrev__00000000
.debug_aranges::00000000	Label	DAT_.debug_aranges__00000000
.debug_info::00000000	Label	DAT_.debug_info__00000000
.debug_line::00000000	Label	DAT_.debug_line__00000000
.debug_ranges::00000000	Label	DAT_.debug_ranges__00000000
.debug_str::00000000	Label	s_../sysdeps/mips/mips32/crti.S_.debug_str__00000000
.gnu.attributes::00000000	Label	DAT_.gnu.attributes__00000000
.pdr::00000000	Label	DAT_.pdr__00000000
.shstrtab::00000000	Label	DAT_.shstrtab__00000000
.strtab::00000000	Label	DAT_.strtab__00000000
.symtab::00000000	Label	Elf32_Sym_ARRAY_.symtab__00000000
_elfSectionHeaders::00000000	Label	Elf32_Shdr_ARRAY__elfSectionHeaders__00000000
