address	type	name
EXTERNAL:00000001	Function	<EXTERNAL>::open
EXTERNAL:00000002	Function	<EXTERNAL>::getrusage
EXTERNAL:00000003	Function	<EXTERNAL>::fread
EXTERNAL:00000004	Function	<EXTERNAL>::SDL_Quit
EXTERNAL:00000005	Function	<EXTERNAL>::fileno
EXTERNAL:00000006	Function	<EXTERNAL>::__ctype_toupper_loc
EXTERNAL:00000007	Function	<EXTERNAL>::fseeko
EXTERNAL:00000008	Function	<EXTERNAL>::sscanf
EXTERNAL:00000009	Function	<EXTERNAL>::access
EXTERNAL:0000000a	Function	<EXTERNAL>::strstr
EXTERNAL:0000000b	Function	<EXTERNAL>::fopen
EXTERNAL:0000000c	Function	<EXTERNAL>::gzseek
EXTERNAL:0000000d	Function	<EXTERNAL>::strncasecmp
EXTERNAL:0000000e	Function	<EXTERNAL>::uncompress
EXTERNAL:0000000f	Function	<EXTERNAL>::sysconf
EXTERNAL:00000010	Function	<EXTERNAL>::SDL_JoystickOpen
EXTERNAL:00000011	Function	<EXTERNAL>::__fxstat
EXTERNAL:00000012	Function	<EXTERNAL>::fgets
EXTERNAL:00000013	Function	<EXTERNAL>::fwrite
EXTERNAL:00000014	Function	<EXTERNAL>::memcpy
EXTERNAL:00000015	Function	<EXTERNAL>::strlen
EXTERNAL:00000016	Function	<EXTERNAL>::munmap
EXTERNAL:00000017	Function	<EXTERNAL>::usleep
EXTERNAL:00000018	Function	<EXTERNAL>::fprintf
EXTERNAL:00000019	Function	<EXTERNAL>::readdir
EXTERNAL:0000001a	Function	<EXTERNAL>::sprintf
EXTERNAL:0000001b	Function	<EXTERNAL>::__xstat
EXTERNAL:0000001c	Function	<EXTERNAL>::SDL_Delay
EXTERNAL:0000001d	Function	<EXTERNAL>::strcmp
EXTERNAL:0000001e	Function	<EXTERNAL>::time
EXTERNAL:0000001f	Function	<EXTERNAL>::fsync
EXTERNAL:00000020	Function	<EXTERNAL>::__errno_location
EXTERNAL:00000021	Function	<EXTERNAL>::inflate
EXTERNAL:00000022	Function	<EXTERNAL>::fclose
EXTERNAL:00000023	Function	<EXTERNAL>::strncpy
EXTERNAL:00000024	Function	<EXTERNAL>::fflush
EXTERNAL:00000025	Function	<EXTERNAL>::dup
EXTERNAL:00000026	Function	<EXTERNAL>::memcmp
EXTERNAL:00000027	Function	<EXTERNAL>::strrchr
EXTERNAL:00000028	Function	<EXTERNAL>::inflateInit2_
EXTERNAL:00000029	Function	<EXTERNAL>::fseek
EXTERNAL:0000002a	Function	<EXTERNAL>::SDL_JoystickEventState
EXTERNAL:0000002b	Function	<EXTERNAL>::SDL_InitSubSystem
EXTERNAL:0000002c	Function	<EXTERNAL>::strchr
EXTERNAL:0000002d	Function	<EXTERNAL>::__libc_start_main
EXTERNAL:0000002e	Function	<EXTERNAL>::ftruncate
EXTERNAL:0000002f	Function	<EXTERNAL>::gettimeofday
EXTERNAL:00000030	Function	<EXTERNAL>::_IO_getc
EXTERNAL:00000031	Function	<EXTERNAL>::__ctype_b_loc
EXTERNAL:00000032	Function	<EXTERNAL>::strtol
EXTERNAL:00000033	Function	<EXTERNAL>::pthread_create
EXTERNAL:00000034	Function	<EXTERNAL>::strncmp
EXTERNAL:00000035	Function	<EXTERNAL>::ctime_r
EXTERNAL:00000036	Function	<EXTERNAL>::shm_unlink
EXTERNAL:00000037	Function	<EXTERNAL>::pthread_exit
EXTERNAL:00000038	Function	<EXTERNAL>::strcasecmp
EXTERNAL:00000039	Function	<EXTERNAL>::fgetc
EXTERNAL:0000003a	Function	<EXTERNAL>::opendir
EXTERNAL:0000003b	Function	<EXTERNAL>::pthread_join
EXTERNAL:0000003c	Function	<EXTERNAL>::inflateReset
EXTERNAL:0000003d	Function	<EXTERNAL>::closedir
EXTERNAL:0000003e	Function	<EXTERNAL>::exit
EXTERNAL:0000003f	Function	<EXTERNAL>::printf
EXTERNAL:00000040	Function	<EXTERNAL>::gzwrite
EXTERNAL:00000041	Function	<EXTERNAL>::strerror
EXTERNAL:00000042	Function	<EXTERNAL>::strtok
EXTERNAL:00000043	Function	<EXTERNAL>::puts
EXTERNAL:00000044	Function	<EXTERNAL>::perror
EXTERNAL:00000045	Function	<EXTERNAL>::memset
EXTERNAL:00000046	Function	<EXTERNAL>::putchar
EXTERNAL:00000047	Function	<EXTERNAL>::ftello
EXTERNAL:00000048	Function	<EXTERNAL>::gzclose
EXTERNAL:00000049	Function	<EXTERNAL>::snprintf
EXTERNAL:0000004a	Function	<EXTERNAL>::close
EXTERNAL:0000004b	Function	<EXTERNAL>::abort
EXTERNAL:0000004c	Function	<EXTERNAL>::gzdopen
EXTERNAL:0000004d	Function	<EXTERNAL>::memmove
EXTERNAL:0000004e	Function	<EXTERNAL>::shm_open
EXTERNAL:0000004f	Function	<EXTERNAL>::gzread
EXTERNAL:00000050	Function	<EXTERNAL>::strcpy
EXTERNAL:00000051	Function	<EXTERNAL>::mmap
EXTERNAL:00000052	Function	<EXTERNAL>::__assert_fail
EXTERNAL:00000053	Function	<EXTERNAL>::ftell
EXTERNAL:00000054	Function	<EXTERNAL>::__gmon_start__
EXTERNAL:00000055	Function	<EXTERNAL>::alphasort
EXTERNAL:00000056	Function	<EXTERNAL>::longjmp
EXTERNAL:00000057	Function	<EXTERNAL>::realloc
EXTERNAL:00000058	Function	<EXTERNAL>::png_get_image_height
EXTERNAL:00000059	Function	<EXTERNAL>::strtod
EXTERNAL:0000005a	Function	<EXTERNAL>::system
EXTERNAL:0000005b	Function	<EXTERNAL>::png_init_io
EXTERNAL:0000005c	Function	<EXTERNAL>::ioctl
EXTERNAL:0000005d	Function	<EXTERNAL>::__isoc99_fscanf
EXTERNAL:0000005e	Function	<EXTERNAL>::png_read_png
EXTERNAL:0000005f	Function	<EXTERNAL>::pthread_once
EXTERNAL:00000060	Function	<EXTERNAL>::FT_New_Face
EXTERNAL:00000061	Function	<EXTERNAL>::vfprintf
EXTERNAL:00000062	Function	<EXTERNAL>::png_create_info_struct
EXTERNAL:00000063	Function	<EXTERNAL>::shmget
EXTERNAL:00000064	Function	<EXTERNAL>::read
EXTERNAL:00000065	Function	<EXTERNAL>::__strdup
EXTERNAL:00000066	Function	<EXTERNAL>::remove
EXTERNAL:00000067	Function	<EXTERNAL>::pthread_self
EXTERNAL:00000068	Function	<EXTERNAL>::png_malloc
EXTERNAL:00000069	Function	<EXTERNAL>::png_set_IHDR
EXTERNAL:0000006a	Function	<EXTERNAL>::hcfota_url
EXTERNAL:0000006b	Function	<EXTERNAL>::_IO_putc
EXTERNAL:0000006c	Function	<EXTERNAL>::readlink
EXTERNAL:0000006d	Function	<EXTERNAL>::stpcpy
EXTERNAL:0000006e	Function	<EXTERNAL>::dlclose
EXTERNAL:0000006f	Function	<EXTERNAL>::png_get_color_type
EXTERNAL:00000070	Function	<EXTERNAL>::pthread_key_delete
EXTERNAL:00000071	Function	<EXTERNAL>::free
EXTERNAL:00000072	Function	<EXTERNAL>::pthread_mutex_lock
EXTERNAL:00000073	Function	<EXTERNAL>::dlerror
EXTERNAL:00000074	Function	<EXTERNAL>::png_set_longjmp_fn
EXTERNAL:00000075	Function	<EXTERNAL>::png_write_end
EXTERNAL:00000076	Function	<EXTERNAL>::vsnprintf
EXTERNAL:00000077	Function	<EXTERNAL>::pthread_mutex_unlock
EXTERNAL:00000078	Function	<EXTERNAL>::__isoc99_sscanf
EXTERNAL:00000079	Function	<EXTERNAL>::shmat
EXTERNAL:0000007a	Function	<EXTERNAL>::pthread_detach
EXTERNAL:0000007b	Function	<EXTERNAL>::islower
EXTERNAL:0000007c	Function	<EXTERNAL>::_setjmp
EXTERNAL:0000007d	Function	<EXTERNAL>::png_destroy_write_struct
EXTERNAL:0000007e	Function	<EXTERNAL>::__cxa_atexit
EXTERNAL:0000007f	Function	<EXTERNAL>::png_get_rows
EXTERNAL:00000080	Function	<EXTERNAL>::FT_Init_FreeType
EXTERNAL:00000081	Function	<EXTERNAL>::dlsym
EXTERNAL:00000082	Function	<EXTERNAL>::png_sig_cmp
EXTERNAL:00000083	Function	<EXTERNAL>::png_get_image_width
EXTERNAL:00000084	Function	<EXTERNAL>::png_free
EXTERNAL:00000085	Function	<EXTERNAL>::png_write_info
EXTERNAL:00000086	Function	<EXTERNAL>::pthread_setspecific
EXTERNAL:00000087	Function	<EXTERNAL>::png_destroy_read_struct
EXTERNAL:00000088	Function	<EXTERNAL>::malloc
EXTERNAL:00000089	Function	<EXTERNAL>::write
EXTERNAL:0000008a	Function	<EXTERNAL>::FT_Load_Char
EXTERNAL:0000008b	Function	<EXTERNAL>::fputc
EXTERNAL:0000008c	Function	<EXTERNAL>::FT_Set_Transform
EXTERNAL:0000008d	Function	<EXTERNAL>::calloc
EXTERNAL:0000008e	Function	<EXTERNAL>::dlopen
EXTERNAL:0000008f	Function	<EXTERNAL>::png_create_write_struct
EXTERNAL:00000090	Function	<EXTERNAL>::pthread_key_create
EXTERNAL:00000091	Function	<EXTERNAL>::scandir
EXTERNAL:00000092	Function	<EXTERNAL>::mkdir
EXTERNAL:00000093	Function	<EXTERNAL>::compress
EXTERNAL:00000094	Function	<EXTERNAL>::shmdt
EXTERNAL:00000095	Function	<EXTERNAL>::FT_Set_Pixel_Sizes
EXTERNAL:00000096	Function	<EXTERNAL>::png_create_read_struct
EXTERNAL:00000097	Function	<EXTERNAL>::strcat
EXTERNAL:00000098	Function	<EXTERNAL>::rewind
EXTERNAL:00000099	Function	<EXTERNAL>::pthread_getspecific
EXTERNAL:0000009a	Function	<EXTERNAL>::png_write_image
00400000	Label	__DT_MIPS_BASE_ADDRESS
00400034	Label	Elf32_Phdr_ARRAY_00400034
00400154	Label	s_/lib/ld.so.1_00400154
00400164	Label	NoteAbiTag_00400164
00400188	Label	DAT_00400188
004001a0	Label	_DYNAMIC
00400318	Label	__DT_HASH
00401594	Label	__DT_SYMTAB
00403ed4	Label	__DT_STRTAB
00405f64	Label	__DT_VERSYM
0040648c	Label	__DT_VERNEED
0040657c	Label	__DT_REL
00406594	Label	__DT_JMPREL
0040682c	Label	__DT_INIT
0040682c	Function	_init
0040685c	Label	LAB_0040685c
00406864	Label	LAB_00406864
0040687c	Label	LAB_0040687c
004068a0	Function	_ftext
004068b0	Function	FUN_004068b0
004068c0	Function	FUN_004068c0
004068d0	Label	LAB_004068d0
004068e0	Function	FUN_004068e0
004068f0	Function	FUN_004068f0
00406900	Function	FUN_00406900
00406910	Function	FUN_00406910
00406920	Function	FUN_00406920
00406930	Function	FUN_00406930
00406940	Function	FUN_00406940
00406968	Function	FUN_00406968
00406990	Function	FUN_00406990
004069b4	Function	_FINI_0
00406a04	Label	LAB_00406a04
00406a18	Label	LAB_00406a18
00406a28	Function	FUN_00406a28
00406ba8	Label	LAB_00406ba8
00406be0	Label	LAB_00406be0
00406c90	Label	LAB_00406c90
00406cf4	Label	LAB_00406cf4
00406d0c	Label	LAB_00406d0c
00406d20	Label	LAB_00406d20
00406d3c	Label	LAB_00406d3c
00406d50	Function	entry
00406d98	Label	LAB_00406d98
00406da0	Function	FUN_00406da0
00406dd4	Label	LAB_00406dd4
00406ddc	Function	FUN_00406ddc
00406e1c	Label	LAB_00406e1c
00406e24	Function	FUN_00406e24
00406e80	Label	LAB_00406e80
00406ea8	Label	LAB_00406ea8
00406eb8	Label	LAB_00406eb8
00406ed4	Function	FUN_00406ed4
00406ee8	Label	LAB_00406ee8
00406ef0	Label	LAB_00406ef0
00406f20	Function	RARCH_LOG_V
00406f6c	Label	LAB_00406f6c
00406fbc	Function	RARCH_LOG
00407000	Function	GetConfig
004070f8	Label	LAB_004070f8
00407160	Label	LAB_00407160
004071b4	Label	LAB_004071b4
00407248	Label	LAB_00407248
004072a4	Label	LAB_004072a4
004072d8	Label	LAB_004072d8
00407324	Label	LAB_00407324
00407370	Label	LAB_00407370
004073bc	Label	LAB_004073bc
00407408	Label	LAB_00407408
00407454	Label	LAB_00407454
004074a8	Label	LAB_004074a8
00407504	Label	LAB_00407504
00407508	Label	LAB_00407508
00407538	Label	LAB_00407538
00407548	Label	LAB_00407548
00407558	Label	LAB_00407558
00407568	Label	LAB_00407568
0040757c	Label	LAB_0040757c
00407588	Label	LAB_00407588
004075a8	Label	LAB_004075a8
00407634	Label	LAB_00407634
00407694	Label	LAB_00407694
004076a0	Label	LAB_004076a0
004076b4	Label	LAB_004076b4
004076c4	Label	LAB_004076c4
004076e8	Label	LAB_004076e8
00407720	Label	LAB_00407720
00407744	Label	LAB_00407744
00407750	Label	LAB_00407750
00407770	Label	LAB_00407770
0040778c	Label	LAB_0040778c
004077ac	Function	get_executable_path
0040784c	Label	LAB_0040784c
0040786c	Function	dispmeninfo
00407904	Label	LAB_00407904
00407950	Label	LAB_00407950
0040798c	Label	LAB_0040798c
004079ac	Function	outputxy1
00407a08	Label	LAB_00407a08
00407a4c	Label	LAB_00407a4c
00407a5c	Label	LAB_00407a5c
00407a70	Label	LAB_00407a70
00407a98	Label	LAB_00407a98
00407ab0	Label	LAB_00407ab0
00407abc	Label	LAB_00407abc
00407ae8	Label	LAB_00407ae8
00407b18	Label	LAB_00407b18
00407b20	Label	LAB_00407b20
00407b78	Function	spi_printf
00407bf8	Label	LAB_00407bf8
00407c04	Function	ShareMemCreat
00407c88	Label	LAB_00407c88
00407c9c	Label	LAB_00407c9c
00407cac	Label	LAB_00407cac
00407d30	Function	FUN_00407d30
00407d94	Label	LAB_00407d94
00407dd4	Label	LAB_00407dd4
00407df4	Label	LAB_00407df4
00407dfc	Label	LAB_00407dfc
00407e14	Function	FUN_00407e14
00407e6c	Function	FUN_00407e6c
00407ed8	Function	FUN_00407ed8
00407f28	Label	LAB_00407f28
00407fe8	Label	LAB_00407fe8
00408000	Function	FUN_00408000
004080a8	Label	LAB_004080a8
0040810c	Label	LAB_0040810c
00408194	Label	LAB_00408194
004081d8	Label	LAB_004081d8
00408240	Label	LAB_00408240
0040824c	Label	LAB_0040824c
0040828c	Label	LAB_0040828c
00408290	Label	LAB_00408290
004082a8	Function	FUN_004082a8
004082dc	Label	LAB_004082dc
00408374	Label	LAB_00408374
004083f0	Label	LAB_004083f0
004083fc	Label	LAB_004083fc
00408448	Label	LAB_00408448
00408454	Label	LAB_00408454
004084ac	Label	LAB_004084ac
004084f4	Label	LAB_004084f4
00408564	Label	LAB_00408564
00408600	Label	LAB_00408600
0040868c	Label	LAB_0040868c
00408698	Label	LAB_00408698
004086c0	Label	LAB_004086c0
004086c4	Label	LAB_004086c4
004086dc	Function	FUN_004086dc
0040874c	Label	LAB_0040874c
0040875c	Label	LAB_0040875c
004087a8	Label	LAB_004087a8
004087b8	Label	LAB_004087b8
004087e0	Label	LAB_004087e0
00408800	Label	LAB_00408800
0040882c	Label	LAB_0040882c
0040883c	Label	LAB_0040883c
00408848	Label	LAB_00408848
0040887c	Label	LAB_0040887c
004088bc	Label	LAB_004088bc
004088e8	Function	FUN_004088e8
00408968	Label	LAB_00408968
004089e4	Label	LAB_004089e4
00408a00	Label	LAB_00408a00
00408a04	Label	LAB_00408a04
00408a1c	Function	FUN_00408a1c
00408b60	Function	FUN_00408b60
00408c88	Label	LAB_00408c88
00408d88	Label	LAB_00408d88
00408d94	Label	LAB_00408d94
00408d98	Label	LAB_00408d98
00408dd8	Function	FUN_00408dd8
00408f44	Label	LAB_00408f44
00409020	Label	LAB_00409020
00409060	Function	FUN_00409060
0040910c	Function	FUN_0040910c
004091a8	Function	FUN_004091a8
0040920c	Function	spi_driver_init
004092cc	Label	LAB_004092cc
00409450	Label	LAB_00409450
00409460	Label	LAB_00409460
004094a0	Label	LAB_004094a0
004094d0	Label	LAB_004094d0
00409518	Label	LAB_00409518
00409520	Label	LAB_00409520
00409544	Label	LAB_00409544
00409574	Label	LAB_00409574
00409588	Label	LAB_00409588
004095a0	Label	LAB_004095a0
004095c8	Label	LAB_004095c8
004095cc	Label	LAB_004095cc
004095fc	Label	LAB_004095fc
00409604	Function	sfc_init
0040960c	Function	sfc_uninit
00409614	Function	FUN_00409614
00409664	Label	LAB_00409664
00409668	Label	LAB_00409668
00409674	Label	LAB_00409674
00409698	Label	LAB_00409698
00409720	Label	LAB_00409720
00409728	Label	LAB_00409728
00409730	Function	upgrade_detect
00409794	Label	LAB_00409794
004097a8	Label	LAB_004097a8
004097c8	Function	UpdateROM
00409800	Label	LAB_00409800
00409818	Function	xintiao
0040985c	Label	LAB_0040985c
00409864	Label	LAB_00409864
0040987c	Function	XintiaoThread
004098a8	Label	LAB_004098a8
004098b8	Label	LAB_004098b8
004098f4	Function	TestUSBJoy
00409a4c	Label	LAB_00409a4c
00409a70	Label	LAB_00409a70
00409aa8	Label	LAB_00409aa8
00409ac4	Label	LAB_00409ac4
00409ad4	Label	LAB_00409ad4
00409adc	Label	LAB_00409adc
00409b1c	Label	LAB_00409b1c
00409b84	Label	LAB_00409b84
00409ba4	Label	LAB_00409ba4
00409c20	Label	LAB_00409c20
00409c5c	Label	LAB_00409c5c
00409c84	Function	myStrrstr
00409cf0	Label	LAB_00409cf0
00409d14	Label	LAB_00409d14
00409d28	Label	LAB_00409d28
00409d30	Label	LAB_00409d30
00409d4c	Label	LAB_00409d4c
00409d5c	Label	LAB_00409d5c
00409d60	Label	LAB_00409d60
00409d78	Label	LAB_00409d78
00409da0	Function	pinmux_init
00409e10	Function	pinmux_deinit
00409e40	Function	pinmux_configure
00409e64	Label	LAB_00409e64
00409e70	Label	LAB_00409e70
00409e98	Label	LAB_00409e98
00409eb8	Label	LAB_00409eb8
00409edc	Label	LAB_00409edc
00409ef8	Label	LAB_00409ef8
00409f20	Label	LAB_00409f20
00409f30	Function	gpio_init
00409f60	Label	LAB_00409f60
00409f64	Label	LAB_00409f64
00409f78	Label	LAB_00409f78
0040a01c	Label	LAB_0040a01c
0040a024	Label	LAB_0040a024
0040a030	Function	gpio_deinit
0040a06c	Label	LAB_0040a06c
0040a080	Function	FUN_0040a080
0040a0b0	Label	LAB_0040a0b0
0040a0cc	Function	gpio_set_output
0040a120	Label	LAB_0040a120
0040a130	Label	LAB_0040a130
0040a138	Function	gpio_get_input
0040a178	Label	LAB_0040a178
0040a180	Function	gpio_configure
0040a1f0	Label	LAB_0040a1f0
0040a22c	Label	LAB_0040a22c
0040a274	Label	LAB_0040a274
0040a27c	Function	gpio_get_configure
0040a2c4	Label	LAB_0040a2c4
0040a2d0	Function	FUN_0040a2d0
0040a3a4	Function	sunxi_gpio_set_cfgpin
0040a3dc	Label	LAB_0040a3dc
0040a3f4	Function	FUN_0040a3f4
0040a428	Function	sunxi_gpio_output
0040a460	Label	LAB_0040a460
0040a478	Function	sunxi_gpio_input
0040a4b4	Function	OS_Delay
0040a4d0	Label	LAB_0040a4d0
0040a4dc	Label	LAB_0040a4dc
0040a4f0	Label	LAB_0040a4f0
0040a50c	Label	LAB_0040a50c
0040a538	Function	FUN_0040a538
0040a5f0	Label	LAB_0040a5f0
0040a66c	Label	LAB_0040a66c
0040a6e8	Label	LAB_0040a6e8
0040a764	Label	LAB_0040a764
0040a7e0	Label	LAB_0040a7e0
0040a85c	Label	LAB_0040a85c
0040a8d8	Label	LAB_0040a8d8
0040a954	Label	LAB_0040a954
0040a9d0	Label	LAB_0040a9d0
0040aa4c	Label	LAB_0040aa4c
0040aac8	Label	LAB_0040aac8
0040ab44	Label	LAB_0040ab44
0040abf8	Label	LAB_0040abf8
0040ac24	Label	LAB_0040ac24
0040ac40	Function	FUN_0040ac40
0040ace8	Function	FUN_0040ace8
0040ad30	Label	LAB_0040ad30
0040ad4c	Label	LAB_0040ad4c
0040ad5c	Label	LAB_0040ad5c
0040ad74	Label	LAB_0040ad74
0040ad94	Label	LAB_0040ad94
0040add4	Label	LAB_0040add4
0040adec	Label	LAB_0040adec
0040ae0c	Label	LAB_0040ae0c
0040ae34	Label	LAB_0040ae34
0040ae54	Label	LAB_0040ae54
0040ae60	Label	LAB_0040ae60
0040ae78	Label	LAB_0040ae78
0040ae98	Label	LAB_0040ae98
0040aee0	Label	LAB_0040aee0
0040aef4	Function	ReadJoystickProc
0040af30	Label	LAB_0040af30
0040af74	Label	LAB_0040af74
0040af98	Function	processvblank
0040afa0	Function	FUN_0040afa0
0040afec	Label	LAB_0040afec
0040aff0	Label	LAB_0040aff0
0040affc	Label	LAB_0040affc
0040b034	Label	LAB_0040b034
0040b084	Function	InitJoystick
0040b0bc	Function	FUN_0040b0bc
0040b0dc	Label	LAB_0040b0dc
0040b0f8	Function	ReadJoystick
0040b13c	Label	LAB_0040b13c
0040b14c	Label	LAB_0040b14c
0040b164	Label	LAB_0040b164
0040b198	Label	LAB_0040b198
0040b1a4	Label	LAB_0040b1a4
0040b1c0	Label	LAB_0040b1c0
0040b1c4	Label	LAB_0040b1c4
0040b1d0	Label	LAB_0040b1d0
0040b1e8	Label	LAB_0040b1e8
0040b200	Label	LAB_0040b200
0040b230	Function	FUN_0040b230
0040b284	Label	LAB_0040b284
0040b294	Label	LAB_0040b294
0040b2b0	Function	PCSXSetColorMode
0040b304	Function	InitDisplay
0040b3ec	Label	LAB_0040b3ec
0040b400	Label	LAB_0040b400
0040b4dc	Label	LAB_0040b4dc
0040b500	Label	LAB_0040b500
0040b524	Label	LAB_0040b524
0040b550	Label	LAB_0040b550
0040b58c	Label	LAB_0040b58c
0040b5a4	Label	LAB_0040b5a4
0040b5bc	Label	LAB_0040b5bc
0040b5d4	Label	LAB_0040b5d4
0040b5ec	Label	LAB_0040b5ec
0040b604	Label	LAB_0040b604
0040b61c	Label	LAB_0040b61c
0040b634	Label	LAB_0040b634
0040b650	Label	LAB_0040b650
0040b66c	Function	dispFlip
0040b690	Label	LAB_0040b690
0040b698	Function	video_driver_set_rotation
0040b6f0	Label	LAB_0040b6f0
0040b700	Function	video_driver_set_colormode
0040b760	Function	DeinitDisplay
0040b7a8	Function	InitSound
0040b87c	Label	LAB_0040b87c
0040b88c	Label	LAB_0040b88c
0040b898	Label	LAB_0040b898
0040b8a8	Label	LAB_0040b8a8
0040b8b8	Label	LAB_0040b8b8
0040b8c8	Label	LAB_0040b8c8
0040b8d8	Function	DeinitSound
0040b8f8	Function	PlaySound
0040b91c	Label	LAB_0040b91c
0040b924	Function	StopSound
0040b92c	Function	FUN_0040b92c
0040b950	Label	LAB_0040b950
0040b958	Function	exit_game
0040b978	Function	enter_multios_app
0040b9fc	Label	LAB_0040b9fc
0040ba10	Label	LAB_0040ba10
0040ba40	Function	FUN_0040ba40
0040ba6c	Label	LAB_0040ba6c
0040bb90	Label	LAB_0040bb90
0040bba0	Label	LAB_0040bba0
0040bbc8	Label	LAB_0040bbc8
0040bbd0	Label	LAB_0040bbd0
0040bbd8	Function	FUN_0040bbd8
0040bbf0	Function	FUN_0040bbf0
0040bc0c	Function	inflate_flush
0040bc68	Label	LAB_0040bc68
0040bcc0	Label	LAB_0040bcc0
0040bce0	Label	LAB_0040bce0
0040bcec	Label	LAB_0040bcec
0040bd24	Label	LAB_0040bd24
0040bd58	Label	LAB_0040bd58
0040bd8c	Label	LAB_0040bd8c
0040bdc4	Label	LAB_0040bdc4
0040be18	Label	LAB_0040be18
0040be24	Function	inflate_codes_new
0040be80	Label	LAB_0040be80
0040be9c	Function	inflate_codes
0040bf0c	Label	LAB_0040bf0c
0040bf2c	Label	LAB_0040bf2c
0040bf44	Label	switchD_0040bf44::switchD
0040bf4c	Label	LAB_0040bf4c
0040bf58	Label	switchD_0040bf44::default
0040bf60	Label	LAB_0040bf60
0040bf8c	Label	LAB_0040bf8c
0040bf90	Label	LAB_0040bf90
0040bfc0	Label	LAB_0040bfc0
0040bfc4	Label	LAB_0040bfc4
0040c008	Label	LAB_0040c008
0040c01c	Label	LAB_0040c01c
0040c020	Label	LAB_0040c020
0040c050	Label	LAB_0040c050
0040c058	Label	LAB_0040c058
0040c060	Label	LAB_0040c060
0040c074	Label	LAB_0040c074
0040c078	Label	switchD_0040bf44::caseD_0
0040c08c	Label	LAB_0040c08c
0040c0a4	Label	LAB_0040c0a4
0040c0c4	Label	LAB_0040c0c4
0040c0d0	Label	LAB_0040c0d0
0040c0f4	Label	LAB_0040c0f4
0040c0f8	Label	LAB_0040c0f8
0040c128	Label	LAB_0040c128
0040c130	Label	switchD_0040bf44::caseD_8
0040c13c	Label	LAB_0040c13c
0040c15c	Label	LAB_0040c15c
0040c164	Label	switchD_0040bf44::caseD_7
0040c17c	Label	LAB_0040c17c
0040c1a8	Label	switchD_0040bf44::caseD_5
0040c1ac	Label	LAB_0040c1ac
0040c1cc	Label	LAB_0040c1cc
0040c1e0	Label	LAB_0040c1e0
0040c1ec	Label	LAB_0040c1ec
0040c1f0	Label	LAB_0040c1f0
0040c220	Label	LAB_0040c220
0040c228	Label	LAB_0040c228
0040c230	Label	LAB_0040c230
0040c24c	Label	LAB_0040c24c
0040c260	Label	LAB_0040c260
0040c284	Label	LAB_0040c284
0040c28c	Label	LAB_0040c28c
0040c2ac	Label	LAB_0040c2ac
0040c2bc	Label	LAB_0040c2bc
0040c2c8	Label	LAB_0040c2c8
0040c2e0	Label	switchD_0040bf44::caseD_4
0040c304	Label	LAB_0040c304
0040c310	Label	LAB_0040c310
0040c334	Label	LAB_0040c334
0040c364	Label	switchD_0040bf44::caseD_3
0040c368	Label	LAB_0040c368
0040c388	Label	LAB_0040c388
0040c394	Label	LAB_0040c394
0040c3b8	Label	LAB_0040c3b8
0040c3f8	Label	LAB_0040c3f8
0040c414	Label	LAB_0040c414
0040c42c	Label	switchD_0040bf44::caseD_2
0040c450	Label	LAB_0040c450
0040c45c	Label	LAB_0040c45c
0040c480	Label	LAB_0040c480
0040c4c0	Label	switchD_0040bf44::caseD_1
0040c4c8	Label	LAB_0040c4c8
0040c4d0	Label	LAB_0040c4d0
0040c4d8	Label	LAB_0040c4d8
0040c500	Label	LAB_0040c500
0040c52c	Label	LAB_0040c52c
0040c548	Label	LAB_0040c548
0040c554	Label	LAB_0040c554
0040c590	Label	LAB_0040c590
0040c5dc	Label	LAB_0040c5dc
0040c5fc	Label	LAB_0040c5fc
0040c61c	Label	LAB_0040c61c
0040c63c	Label	LAB_0040c63c
0040c650	Label	LAB_0040c650
0040c668	Label	LAB_0040c668
0040c670	Label	LAB_0040c670
0040c6a8	Label	LAB_0040c6a8
0040c6dc	Label	LAB_0040c6dc
0040c71c	Label	LAB_0040c71c
0040c748	Label	LAB_0040c748
0040c77c	Label	LAB_0040c77c
0040c7b4	Label	LAB_0040c7b4
0040c804	Label	LAB_0040c804
0040c818	Label	LAB_0040c818
0040c848	Label	LAB_0040c848
0040c864	Label	LAB_0040c864
0040c88c	Label	LAB_0040c88c
0040c898	Label	LAB_0040c898
0040c8a4	Label	LAB_0040c8a4
0040c8b0	Label	LAB_0040c8b0
0040c8d0	Label	LAB_0040c8d0
0040c8e0	Label	LAB_0040c8e0
0040c8e4	Label	LAB_0040c8e4
0040c8f0	Label	LAB_0040c8f0
0040c914	Label	LAB_0040c914
0040c97c	Label	LAB_0040c97c
0040c980	Label	LAB_0040c980
0040c99c	Label	LAB_0040c99c
0040c9a4	Label	LAB_0040c9a4
0040c9c0	Label	LAB_0040c9c0
0040c9dc	Label	LAB_0040c9dc
0040ca04	Label	LAB_0040ca04
0040ca0c	Label	LAB_0040ca0c
0040ca3c	Label	LAB_0040ca3c
0040ca48	Label	LAB_0040ca48
0040ca6c	Label	switchD_0040bf44::caseD_9
0040ca78	Label	switchD_0040bf44::caseD_6
0040ca80	Function	inflate_codes_free
0040ca94	Function	inflate_blocks_reset
0040cac8	Label	LAB_0040cac8
0040cadc	Label	LAB_0040cadc
0040caec	Label	LAB_0040caec
0040cb20	Label	LAB_0040cb20
0040cb34	Label	LAB_0040cb34
0040cb48	Label	LAB_0040cb48
0040cb64	Function	inflate_blocks_new
0040cc14	Label	LAB_0040cc14
0040cc18	Label	LAB_0040cc18
0040cc34	Label	LAB_0040cc34
0040cc50	Label	LAB_0040cc50
0040cc7c	Function	inflate_blocks_free
0040ccf8	Function	FUN_0040ccf8
0040cd58	Label	LAB_0040cd58
0040cd78	Label	LAB_0040cd78
0040cd80	Function	FUN_0040cd80
0040cdc4	Label	LAB_0040cdc4
0040cde0	Label	LAB_0040cde0
0040cdec	Label	LAB_0040cdec
0040cdfc	Label	LAB_0040cdfc
0040ce18	Label	LAB_0040ce18
0040ce34	Label	LAB_0040ce34
0040ce4c	Label	LAB_0040ce4c
0040ce54	Function	huft_build
0040cee0	Label	LAB_0040cee0
0040cf20	Label	LAB_0040cf20
0040cf3c	Label	LAB_0040cf3c
0040cf4c	Label	LAB_0040cf4c
0040cf88	Label	LAB_0040cf88
0040cf90	Label	LAB_0040cf90
0040cfb0	Label	LAB_0040cfb0
0040cfb8	Label	LAB_0040cfb8
0040cfe0	Label	LAB_0040cfe0
0040d048	Label	LAB_0040d048
0040d054	Label	LAB_0040d054
0040d070	Label	LAB_0040d070
0040d0cc	Label	LAB_0040d0cc
0040d0dc	Label	LAB_0040d0dc
0040d0f4	Label	LAB_0040d0f4
0040d0f8	Label	LAB_0040d0f8
0040d10c	Label	LAB_0040d10c
0040d15c	Label	LAB_0040d15c
0040d178	Label	LAB_0040d178
0040d1c8	Label	LAB_0040d1c8
0040d1dc	Label	LAB_0040d1dc
0040d20c	Label	LAB_0040d20c
0040d214	Label	LAB_0040d214
0040d21c	Label	LAB_0040d21c
0040d244	Label	LAB_0040d244
0040d290	Label	LAB_0040d290
0040d2a0	Label	LAB_0040d2a0
0040d2b0	Label	LAB_0040d2b0
0040d2d4	Label	LAB_0040d2d4
0040d2e4	Label	LAB_0040d2e4
0040d2e8	Label	LAB_0040d2e8
0040d308	Label	LAB_0040d308
0040d324	Label	LAB_0040d324
0040d330	Label	LAB_0040d330
0040d344	Label	LAB_0040d344
0040d368	Label	LAB_0040d368
0040d388	Label	LAB_0040d388
0040d390	Label	LAB_0040d390
0040d3c8	Label	LAB_0040d3c8
0040d400	Label	LAB_0040d400
0040d414	Label	LAB_0040d414
0040d430	Label	LAB_0040d430
0040d440	Function	inflate_trees_bits
0040d504	Label	LAB_0040d504
0040d514	Label	LAB_0040d514
0040d53c	Label	LAB_0040d53c
0040d54c	Label	LAB_0040d54c
0040d55c	Label	LAB_0040d55c
0040d564	Function	inflate_trees_dynamic
0040d63c	Label	LAB_0040d63c
0040d640	Label	LAB_0040d640
0040d64c	Label	LAB_0040d64c
0040d680	Label	LAB_0040d680
0040d690	Label	LAB_0040d690
0040d6a0	Label	LAB_0040d6a0
0040d6b0	Label	LAB_0040d6b0
0040d718	Label	LAB_0040d718
0040d734	Label	LAB_0040d734
0040d744	Label	LAB_0040d744
0040d754	Label	LAB_0040d754
0040d768	Label	LAB_0040d768
0040d770	Function	inflate_trees_fixed
0040d7a4	Function	inflate_blocks
0040d814	Label	LAB_0040d814
0040d830	Label	LAB_0040d830
0040d84c	Label	switchD_0040d84c::switchD
0040d854	Label	LAB_0040d854
0040d860	Label	LAB_0040d860
0040d868	Label	LAB_0040d868
0040d88c	Label	LAB_0040d88c
0040d8a0	Label	LAB_0040d8a0
0040d8cc	Label	LAB_0040d8cc
0040d8dc	Label	switchD_0040d84c::caseD_40d8dc
0040d8f8	Label	LAB_0040d8f8
0040d8fc	Label	LAB_0040d8fc
0040d930	Label	LAB_0040d930
0040d938	Label	LAB_0040d938
0040d940	Label	LAB_0040d940
0040d9a0	Label	switchD_0040d84c::caseD_40d9a0
0040d9ac	Label	LAB_0040d9ac
0040d9d0	Label	LAB_0040d9d0
0040da0c	Label	switchD_0040d84c::caseD_40da0c
0040da2c	Label	LAB_0040da2c
0040da38	Label	LAB_0040da38
0040da5c	Label	LAB_0040da5c
0040da8c	Label	switchD_0040d84c::caseD_40da8c
0040dab8	Label	LAB_0040dab8
0040dac0	Label	LAB_0040dac0
0040dac8	Label	switchD_0040d84c::caseD_40dac8
0040dad4	Label	LAB_0040dad4
0040dad8	Label	LAB_0040dad8
0040db04	Label	LAB_0040db04
0040db0c	Label	LAB_0040db0c
0040dba4	Label	switchD_0040d84c::caseD_40dba4
0040dc28	Label	LAB_0040dc28
0040dc40	Label	LAB_0040dc40
0040dc4c	Label	switchD_0040d84c::caseD_40dc4c
0040dc50	Label	LAB_0040dc50
0040dc5c	Label	LAB_0040dc5c
0040dca0	Label	LAB_0040dca0
0040dcac	Label	LAB_0040dcac
0040dccc	Label	LAB_0040dccc
0040dd20	Label	switchD_0040d84c::caseD_40dd20
0040dd2c	Label	switchD_0040d84c::caseD_40dd2c
0040dd48	Label	LAB_0040dd48
0040dd4c	Label	LAB_0040dd4c
0040dd7c	Label	LAB_0040dd7c
0040ddc4	Label	LAB_0040ddc4
0040ddd0	Label	LAB_0040ddd0
0040de00	Label	LAB_0040de00
0040de44	Label	LAB_0040de44
0040de54	Label	switchD_0040d84c::caseD_40de54
0040de74	Label	LAB_0040de74
0040de80	Label	LAB_0040de80
0040dea4	Label	LAB_0040dea4
0040df00	Label	LAB_0040df00
0040df0c	Label	LAB_0040df0c
0040df18	Label	LAB_0040df18
0040df28	Label	LAB_0040df28
0040df4c	Label	LAB_0040df4c
0040df58	Label	LAB_0040df58
0040df78	Label	LAB_0040df78
0040dfb4	Label	LAB_0040dfb4
0040dfbc	Label	LAB_0040dfbc
0040dfc0	Label	LAB_0040dfc0
0040dfe0	Label	LAB_0040dfe0
0040dfe8	Label	LAB_0040dfe8
0040e028	Label	LAB_0040e028
0040e048	Label	LAB_0040e048
0040e0a0	Label	LAB_0040e0a0
0040e0ac	Label	LAB_0040e0ac
0040e0cc	Label	LAB_0040e0cc
0040e0dc	Label	LAB_0040e0dc
0040e100	Label	LAB_0040e100
0040e11c	Label	LAB_0040e11c
0040e140	Label	LAB_0040e140
0040e17c	Label	LAB_0040e17c
0040e188	Label	LAB_0040e188
0040e194	Label	LAB_0040e194
0040e1cc	Label	LAB_0040e1cc
0040e21c	Label	LAB_0040e21c
0040e238	Label	LAB_0040e238
0040e244	Label	LAB_0040e244
0040e250	Label	LAB_0040e250
0040e264	Function	inflateInit2
0040e2a8	Label	LAB_0040e2a8
0040e334	Label	LAB_0040e334
0040e348	Label	LAB_0040e348
0040e364	Label	LAB_0040e364
0040e374	Label	LAB_0040e374
0040e37c	Label	LAB_0040e37c
0040e384	Label	LAB_0040e384
0040e39c	Label	LAB_0040e39c
0040e3a4	Function	lufopen
0040e420	Label	LAB_0040e420
0040e440	Label	LAB_0040e440
0040e464	Label	LAB_0040e464
0040e4ac	Label	LAB_0040e4ac
0040e4b4	Label	LAB_0040e4b4
0040e4e0	Label	LAB_0040e4e0
0040e4f0	Function	lufclose
0040e520	Label	LAB_0040e520
0040e540	Label	LAB_0040e540
0040e554	Label	LAB_0040e554
0040e55c	Function	luferror
0040e574	Label	LAB_0040e574
0040e57c	Function	luftell
0040e5a8	Label	LAB_0040e5a8
0040e5b0	Label	LAB_0040e5b0
0040e5e8	Function	lufseek
0040e628	Label	LAB_0040e628
0040e658	Label	LAB_0040e658
0040e664	Label	LAB_0040e664
0040e66c	Label	LAB_0040e66c
0040e678	Label	LAB_0040e678
0040e680	Label	LAB_0040e680
0040e69c	Label	LAB_0040e69c
0040e6b0	Label	LAB_0040e6b0
0040e6c4	Function	lufread
0040e734	Label	LAB_0040e734
0040e750	Label	LAB_0040e750
0040e764	Label	LAB_0040e764
0040e77c	Label	LAB_0040e77c
0040e7b0	Function	FUN_0040e7b0
0040e828	Label	LAB_0040e828
0040e844	Label	LAB_0040e844
0040e8dc	Label	LAB_0040e8dc
0040e904	Label	LAB_0040e904
0040e930	Label	LAB_0040e930
0040e990	Label	LAB_0040e990
0040e99c	Label	LAB_0040e99c
0040e9d8	Label	switchD_0040e9d8::switchD
0040e9e0	Label	switchD_0040e9d8::caseD_b
0040e9e8	Label	LAB_0040e9e8
0040ea48	Label	switchD_0040e9d8::caseD_d
0040ea58	Label	LAB_0040ea58
0040ea78	Label	LAB_0040ea78
0040ea7c	Label	LAB_0040ea7c
0040eaac	Label	LAB_0040eaac
0040eab8	Label	switchD_0040e9d8::caseD_c
0040eb1c	Label	switchD_0040e9d8::caseD_a
0040eb24	Label	LAB_0040eb24
0040eb70	Label	switchD_0040e9d8::caseD_9
0040eb78	Label	LAB_0040eb78
0040ebc4	Label	switchD_0040e9d8::caseD_6
0040ebe4	Label	LAB_0040ebe4
0040ebf4	Label	switchD_0040e9d8::caseD_5
0040ec08	Label	LAB_0040ec08
0040ec44	Label	switchD_0040e9d8::caseD_4
0040ec5c	Label	switchD_0040e9d8::caseD_2
0040ec6c	Label	LAB_0040ec6c
0040eca4	Label	switchD_0040e9d8::caseD_1
0040ecac	Label	LAB_0040ecac
0040ed40	Label	LAB_0040ed40
0040ed58	Label	LAB_0040ed58
0040ed78	Label	switchD_0040e9d8::caseD_0
0040edd4	Label	switchD_0040e9d8::caseD_3
0040ede8	Label	LAB_0040ede8
0040ee1c	Label	LAB_0040ee1c
0040ee50	Label	LAB_0040ee50
0040ee54	Label	LAB_0040ee54
0040ee8c	Label	switchD_0040e9d8::default
0040ee94	Label	LAB_0040ee94
0040eed4	Label	switchD_0040e9d8::caseD_7
0040eef4	Label	LAB_0040eef4
0040ef30	Label	LAB_0040ef30
0040ef74	Label	switchD_0040e9d8::caseD_8
0040ef7c	Label	LAB_0040ef7c
0040efb8	Label	LAB_0040efb8
0040eff0	Label	LAB_0040eff0
0040effc	Label	LAB_0040effc
0040f010	Label	LAB_0040f010
0040f018	Label	LAB_0040f018
0040f020	Label	LAB_0040f020
0040f028	Label	LAB_0040f028
0040f034	Function	unzlocal_getByte
0040f0a8	Label	LAB_0040f0a8
0040f0c8	Function	unzlocal_getShort
0040f10c	Label	LAB_0040f10c
0040f128	Label	LAB_0040f128
0040f168	Function	unzlocal_getLong
0040f1b8	Label	LAB_0040f1b8
0040f1e0	Label	LAB_0040f1e0
0040f274	Function	strcmpcasenosensitive_internal
0040f278	Label	LAB_0040f278
0040f2ac	Label	LAB_0040f2ac
0040f2c0	Label	LAB_0040f2c0
0040f2d4	Label	LAB_0040f2d4
0040f2dc	Label	LAB_0040f2dc
0040f2f4	Label	LAB_0040f2f4
0040f300	Label	LAB_0040f300
0040f308	Function	unzlocal_SearchCentralDir
0040f360	Label	LAB_0040f360
0040f398	Label	LAB_0040f398
0040f3e0	Label	LAB_0040f3e0
0040f3f0	Label	LAB_0040f3f0
0040f45c	Label	LAB_0040f45c
0040f46c	Label	LAB_0040f46c
0040f478	Label	LAB_0040f478
0040f47c	Label	LAB_0040f47c
0040f488	Label	LAB_0040f488
0040f48c	Label	LAB_0040f48c
0040f494	Label	LAB_0040f494
0040f49c	Label	LAB_0040f49c
0040f4b8	Label	LAB_0040f4b8
0040f4f0	Label	LAB_0040f4f0
0040f4f8	Label	LAB_0040f4f8
0040f538	Label	LAB_0040f538
0040f570	Function	unzlocal_DosDateToTmuDate
0040f5b0	Function	unzlocal_GetCurrentFileInfoInternal
0040f624	Label	LAB_0040f624
0040f62c	Label	LAB_0040f62c
0040f7e0	Label	LAB_0040f7e0
0040f7f4	Label	LAB_0040f7f4
0040f7f8	Label	LAB_0040f7f8
0040f814	Label	LAB_0040f814
0040f818	Label	LAB_0040f818
0040f828	Label	LAB_0040f828
0040f834	Label	LAB_0040f834
0040f880	Label	LAB_0040f880
0040f88c	Label	LAB_0040f88c
0040f894	Label	LAB_0040f894
0040f89c	Label	LAB_0040f89c
0040f8d0	Label	LAB_0040f8d0
0040f8e0	Label	LAB_0040f8e0
0040f8e8	Label	LAB_0040f8e8
0040f914	Label	LAB_0040f914
0040f920	Label	LAB_0040f920
0040f924	Label	LAB_0040f924
0040f954	Label	LAB_0040f954
0040f95c	Label	LAB_0040f95c
0040f97c	Label	LAB_0040f97c
0040f98c	Label	LAB_0040f98c
0040f9b8	Label	LAB_0040f9b8
0040f9dc	Label	LAB_0040f9dc
0040f9e0	Label	LAB_0040f9e0
0040fa10	Label	LAB_0040fa10
0040fa38	Label	LAB_0040fa38
0040fa6c	Label	LAB_0040fa6c
0040faa0	Label	LAB_0040faa0
0040faac	Label	LAB_0040faac
0040fac0	Label	LAB_0040fac0
0040fae4	Label	LAB_0040fae4
0040faec	Function	FUN_0040faec
0040fb60	Label	LAB_0040fb60
0040fb68	Function	unzOpenInternal
0040fbe0	Label	LAB_0040fbe0
0040fc6c	Label	LAB_0040fc6c
0040fc70	Label	LAB_0040fc70
0040fce4	Label	LAB_0040fce4
0040fcf8	Label	LAB_0040fcf8
0040fd20	Label	LAB_0040fd20
0040fd28	Label	LAB_0040fd28
0040fd40	Label	LAB_0040fd40
0040fd48	Label	LAB_0040fd48
0040fd7c	Label	LAB_0040fd7c
0040fde0	Label	LAB_0040fde0
0040fdec	Function	FUN_0040fdec
0040fe84	Label	LAB_0040fe84
0040fe94	Label	LAB_0040fe94
0040fe9c	Label	LAB_0040fe9c
0040fea4	Function	FUN_0040fea4
0040ff68	Label	LAB_0040ff68
0040ff78	Label	LAB_0040ff78
0040ff8c	Label	LAB_0040ff8c
0040ffe0	Label	LAB_0040ffe0
00410000	Label	LAB_00410000
00410010	Label	LAB_00410010
00410048	Label	LAB_00410048
00410050	Label	LAB_00410050
00410058	Label	LAB_00410058
00410060	Function	unzlocal_CheckCurrentFileCoherencyHeader
00410118	Label	LAB_00410118
00410164	Label	LAB_00410164
004101bc	Label	LAB_004101bc
004101d4	Label	LAB_004101d4
004101ec	Label	LAB_004101ec
004101f0	Label	LAB_004101f0
00410204	Label	LAB_00410204
0041020c	Label	LAB_0041020c
00410258	Label	LAB_00410258
00410280	Label	LAB_00410280
004102ac	Label	LAB_004102ac
004102bc	Label	LAB_004102bc
004102c4	Label	LAB_004102c4
004102cc	Label	LAB_004102cc
004102f4	Label	LAB_004102f4
004102f8	Label	LAB_004102f8
0041030c	Label	LAB_0041030c
0041032c	Label	LAB_0041032c
00410334	Label	LAB_00410334
00410338	Label	LAB_00410338
00410370	Label	LAB_00410370
00410374	Label	LAB_00410374
004103ac	Label	LAB_004103ac
004103b0	Label	LAB_004103b0
004103e0	Label	LAB_004103e0
004103e8	Function	FUN_004103e8
00410438	Label	LAB_00410438
004104d0	Label	LAB_004104d0
004104d4	Label	LAB_004104d4
004104fc	Label	LAB_004104fc
00410500	Label	LAB_00410500
00410518	Label	LAB_00410518
00410544	Label	LAB_00410544
0041054c	Label	LAB_0041054c
00410554	Label	LAB_00410554
0041055c	Label	LAB_0041055c
00410574	Function	timet2filetime
00410584	Function	FUN_00410584
004105f4	Label	LAB_004105f4
00410608	Label	LAB_00410608
00410630	Label	LAB_00410630
00410688	Label	LAB_00410688
0041068c	Label	LAB_0041068c
004106b8	Label	LAB_004106b8
004106c0	Label	LAB_004106c0
00410728	Label	LAB_00410728
0041074c	Label	LAB_0041074c
00410750	Label	LAB_00410750
004107a4	Label	LAB_004107a4
00410800	Label	LAB_00410800
00410860	Label	LAB_00410860
004108b4	Label	LAB_004108b4
004108c8	Label	LAB_004108c8
004108dc	Label	LAB_004108dc
004108ec	Label	LAB_004108ec
004108f8	Label	LAB_004108f8
00410910	Label	LAB_00410910
0041095c	Label	LAB_0041095c
00410974	Label	LAB_00410974
004109b0	Label	LAB_004109b0
004109b8	Label	LAB_004109b8
004109c0	Label	LAB_004109c0
004109d0	Label	LAB_004109d0
004109e0	Label	LAB_004109e0
00410a34	Label	LAB_00410a34
00410a40	Label	LAB_00410a40
00410a68	Label	LAB_00410a68
00410a94	Label	LAB_00410a94
00410ac4	Function	Open
00410b28	Label	LAB_00410b28
00410b3c	Function	Get
00410b98	Label	LAB_00410b98
00410ba0	Label	LAB_00410ba0
00410bc8	Label	LAB_00410bc8
00410bec	Function	FUN_00410bec
00410c50	Label	LAB_00410c50
00410c6c	Label	LAB_00410c6c
00410c88	Label	LAB_00410c88
00410c98	Label	LAB_00410c98
00410cb8	Label	LAB_00410cb8
00410ce0	Label	LAB_00410ce0
00410d4c	Label	LAB_00410d4c
00410d64	Label	LAB_00410d64
00410d94	Label	LAB_00410d94
00410db8	Label	LAB_00410db8
00410de8	Label	LAB_00410de8
00410e14	Label	LAB_00410e14
00410e40	Label	LAB_00410e40
00410e54	Label	LAB_00410e54
00410e7c	Label	LAB_00410e7c
00410e94	Label	LAB_00410e94
00410ea0	Label	LAB_00410ea0
00410eac	Label	LAB_00410eac
00410ed0	Label	LAB_00410ed0
00410ef0	Label	LAB_00410ef0
00410f04	Label	LAB_00410f04
00410f14	Label	LAB_00410f14
00410f30	Label	LAB_00410f30
00410f50	Label	LAB_00410f50
00410f8c	Function	Find
00410ff8	Label	LAB_00410ff8
0041101c	Label	LAB_0041101c
00411040	Label	LAB_00411040
00411070	Label	LAB_00411070
00411080	Label	LAB_00411080
004110ac	Label	LAB_004110ac
004110d4	Function	Unzip
004110f8	Label	LAB_004110f8
00411108	Function	Close
00411154	Label	LAB_00411154
00411180	Label	LAB_00411180
004111a4	Label	LAB_004111a4
004111bc	Function	FUN_004111bc
004111ec	Label	LAB_004111ec
00411244	Label	LAB_00411244
00411290	Label	LAB_00411290
0041129c	Label	LAB_0041129c
004112d0	Label	LAB_004112d0
00411308	Label	LAB_00411308
0041132c	Label	LAB_0041132c
00411350	Label	LAB_00411350
00411368	Label	LAB_00411368
00411380	Label	LAB_00411380
004113bc	Label	LAB_004113bc
004113d4	Label	LAB_004113d4
004113e4	Label	LAB_004113e4
004113f4	Label	LAB_004113f4
004113f8	Label	LAB_004113f8
00411404	Label	LAB_00411404
00411414	Label	LAB_00411414
00411424	Label	LAB_00411424
00411434	Label	LAB_00411434
00411444	Label	LAB_00411444
00411454	Label	LAB_00411454
00411464	Label	LAB_00411464
00411474	Label	LAB_00411474
00411484	Label	LAB_00411484
00411494	Label	LAB_00411494
004114a4	Label	LAB_004114a4
004114b4	Function	OpenZipU
004115a4	Label	LAB_004115a4
004115d8	Function	GetZipItemA
00411624	Label	LAB_00411624
00411644	Label	LAB_00411644
00411674	Label	LAB_00411674
004116dc	Function	FUN_004116dc
0041171c	Label	LAB_0041171c
0041173c	Label	LAB_0041173c
0041176c	Label	LAB_0041176c
004117b8	Label	LAB_004117b8
004117cc	Label	LAB_004117cc
00411834	Function	FindZipItemA
00411884	Label	LAB_00411884
004118a8	Label	LAB_004118a8
004118dc	Label	LAB_004118dc
00411950	Function	FUN_00411950
00411994	Label	LAB_00411994
004119b8	Label	LAB_004119b8
004119ec	Label	LAB_004119ec
00411a44	Label	LAB_00411a44
00411a58	Label	LAB_00411a58
00411ac8	Function	UnzipItem
00411b18	Label	LAB_00411b18
00411b3c	Label	LAB_00411b3c
00411b70	Label	LAB_00411b70
00411bd8	Function	CloseZipU
00411c20	Label	LAB_00411c20
00411c3c	Label	LAB_00411c3c
00411c68	Label	LAB_00411c68
00411d00	Function	WaitNMI
00411d94	Label	LAB_00411d94
00411da8	Function	FUN_00411da8
00411de8	Label	LAB_00411de8
00411e5c	Label	LAB_00411e5c
00411e74	Function	blockcopy_8888
00411eb4	Label	LAB_00411eb4
00411f28	Label	LAB_00411f28
00411f40	Function	ReadJoystickC
00411fb4	Function	cube_set_backlight_brightness
00411ff0	Label	LAB_00411ff0
00412028	Function	cube_get_backlight_brightness
004120ac	Label	LAB_004120ac
004120e4	Function	cube_set_volume
00412108	Function	cube_get_volume
0041214c	Function	FUN_0041214c
00412170	Function	InitScr
004121c8	Label	LAB_004121c8
004121f4	Function	FUN_004121f4
004122ec	Function	Letterbitmap
0041235c	Label	LAB_0041235c
00412374	Label	LAB_00412374
004123d0	Label	LAB_004123d0
004123dc	Label	LAB_004123dc
00412418	Label	LAB_00412418
00412424	Label	LAB_00412424
00412448	Function	GetFileFormZip
004124e0	Label	LAB_004124e0
00412508	Label	LAB_00412508
00412538	Label	LAB_00412538
00412568	Function	BgFadeIn
004125b4	Label	LAB_004125b4
004125c0	Label	LAB_004125c0
00412628	Label	LAB_00412628
0041263c	Label	LAB_0041263c
00412644	Function	LoadFileToBuffer
004126b8	Label	LAB_004126b8
004126fc	Label	LAB_004126fc
00412740	Label	LAB_00412740
00412760	Function	DrawIcon
004127cc	Label	LAB_004127cc
004127e0	Label	LAB_004127e0
00412838	Label	LAB_00412838
0041283c	Label	LAB_0041283c
00412848	Label	LAB_00412848
00412858	Label	LAB_00412858
0041286c	Function	DrowVolume
004129bc	Function	DrawUIPrep
00412a20	Label	LAB_00412a20
00412a50	Label	LAB_00412a50
00412c98	Label	LAB_00412c98
00412ccc	Label	LAB_00412ccc
00412d44	Label	LAB_00412d44
00412f54	Label	LAB_00412f54
00412f8c	Label	LAB_00412f8c
004130b8	Label	LAB_004130b8
004130f0	Label	LAB_004130f0
00413198	Label	LAB_00413198
004131f4	Label	LAB_004131f4
00413234	Label	LAB_00413234
00413384	Label	LAB_00413384
00413430	Label	LAB_00413430
004134d8	Label	LAB_004134d8
00413580	Label	LAB_00413580
004135e0	Label	LAB_004135e0
0041360c	Label	LAB_0041360c
004136d8	Label	LAB_004136d8
004136ec	Label	LAB_004136ec
00413718	Label	LAB_00413718
00413744	Label	LAB_00413744
00413770	Label	LAB_00413770
0041379c	Label	LAB_0041379c
004137c8	Label	LAB_004137c8
004137f4	Label	LAB_004137f4
004138cc	Label	LAB_004138cc
004138f8	Label	LAB_004138f8
004139d0	Function	ShowAreYouSureMsg
00413a6c	Label	LAB_00413a6c
00413ae4	Label	LAB_00413ae4
00413b24	Label	LAB_00413b24
00413b5c	Label	LAB_00413b5c
00413b6c	Label	LAB_00413b6c
00413bbc	Label	LAB_00413bbc
00413c1c	Label	LAB_00413c1c
00413c40	Label	LAB_00413c40
00413c50	Label	LAB_00413c50
00413cdc	Function	InitKekMapping
00413d4c	Label	LAB_00413d4c
00413da8	Label	LAB_00413da8
00413dfc	Label	LAB_00413dfc
00413e4c	Label	LAB_00413e4c
00413e7c	Function	FreeAllUIBuffer
00413eb8	Label	LAB_00413eb8
00413ec8	Function	main_ui
00414058	Label	LAB_00414058
00414060	Label	LAB_00414060
004140bc	Label	LAB_004140bc
00414174	Label	LAB_00414174
00414190	Label	LAB_00414190
004141b4	Label	LAB_004141b4
004141e0	Label	LAB_004141e0
0041422c	Label	LAB_0041422c
00414238	Label	LAB_00414238
00414260	Label	LAB_00414260
00414264	Label	LAB_00414264
00414274	Label	LAB_00414274
00414288	Label	LAB_00414288
0041428c	Label	LAB_0041428c
004142f4	Label	LAB_004142f4
00414300	Label	LAB_00414300
0041430c	Label	LAB_0041430c
0041435c	Label	LAB_0041435c
004143c4	Label	LAB_004143c4
004143e0	Label	LAB_004143e0
004143e4	Label	LAB_004143e4
004143f4	Label	LAB_004143f4
00414400	Label	LAB_00414400
00414448	Label	LAB_00414448
004144b0	Label	LAB_004144b0
004144c8	Label	LAB_004144c8
0041450c	Label	LAB_0041450c
00414788	Label	LAB_00414788
0041478c	Label	LAB_0041478c
004147c0	Label	LAB_004147c0
0041480c	Label	LAB_0041480c
0041481c	Label	LAB_0041481c
00414820	Label	LAB_00414820
0041485c	Label	LAB_0041485c
00414890	Label	LAB_00414890
00414934	Label	LAB_00414934
00414970	Label	LAB_00414970
004149b4	Label	LAB_004149b4
00414a10	Label	LAB_00414a10
00414a68	Label	LAB_00414a68
00414b44	Label	LAB_00414b44
00414b8c	Label	LAB_00414b8c
00414b9c	Label	LAB_00414b9c
00414bb4	Label	LAB_00414bb4
00414bcc	Label	LAB_00414bcc
00414bf8	Label	LAB_00414bf8
00414c40	Label	LAB_00414c40
00414c88	Label	LAB_00414c88
00414d08	Label	LAB_00414d08
00414d50	Label	LAB_00414d50
00414db8	Label	LAB_00414db8
00414de4	Label	LAB_00414de4
00414e10	Label	LAB_00414e10
00414e64	Label	LAB_00414e64
00414e88	Label	LAB_00414e88
00414ebc	Label	LAB_00414ebc
00414eec	Label	LAB_00414eec
00414f30	Label	LAB_00414f30
00414fd8	Label	LAB_00414fd8
00415020	Label	LAB_00415020
00415078	Label	LAB_00415078
004150b0	Label	LAB_004150b0
004150f4	Label	LAB_004150f4
00415124	Label	LAB_00415124
004151a4	Label	LAB_004151a4
004151d4	Label	LAB_004151d4
004151e8	Label	LAB_004151e8
004151fc	Label	LAB_004151fc
00415218	Label	LAB_00415218
00415234	Label	LAB_00415234
00415258	Label	LAB_00415258
00415298	Label	LAB_00415298
004152b8	Label	LAB_004152b8
004152c0	Label	LAB_004152c0
004152ec	Label	LAB_004152ec
004152f4	Label	LAB_004152f4
00415308	Label	LAB_00415308
00415450	Label	LAB_00415450
004155a8	Label	LAB_004155a8
004155bc	Label	LAB_004155bc
004155c8	Label	LAB_004155c8
004155e0	Label	LAB_004155e0
0041563c	Label	LAB_0041563c
00415654	Label	LAB_00415654
00415794	Label	LAB_00415794
004158dc	Label	LAB_004158dc
00415904	Label	LAB_00415904
004159f8	Label	LAB_004159f8
00415b7c	Label	LAB_00415b7c
00415c00	Label	LAB_00415c00
00415c18	Label	LAB_00415c18
00415d04	Label	LAB_00415d04
00415d0c	Label	LAB_00415d0c
00415dd4	Label	LAB_00415dd4
00415dd8	Label	LAB_00415dd8
00415de8	Label	LAB_00415de8
00415e18	Label	LAB_00415e18
00415e1c	Label	LAB_00415e1c
00415e2c	Label	LAB_00415e2c
00415eb8	Label	LAB_00415eb8
00415fb0	Label	LAB_00415fb0
00415ffc	Label	LAB_00415ffc
00416000	Label	LAB_00416000
00416034	Label	LAB_00416034
00416064	Label	LAB_00416064
004160d0	Label	LAB_004160d0
00416184	Label	LAB_00416184
004161b4	Label	LAB_004161b4
00416218	Label	LAB_00416218
00416298	Label	LAB_00416298
004162f0	Label	LAB_004162f0
00416468	Label	LAB_00416468
004164a0	Label	LAB_004164a0
004164d0	Label	LAB_004164d0
00416588	Label	LAB_00416588
004165d4	Label	LAB_004165d4
00416604	Label	LAB_00416604
00416634	Label	LAB_00416634
0041664c	Label	LAB_0041664c
00416668	Label	LAB_00416668
004166c0	Label	LAB_004166c0
004166f0	Label	LAB_004166f0
00416700	Label	LAB_00416700
00416760	Label	LAB_00416760
00416828	Label	LAB_00416828
00416830	Label	LAB_00416830
00416838	Label	LAB_00416838
00416844	Label	LAB_00416844
00416850	Label	LAB_00416850
00416860	Label	LAB_00416860
00416878	Label	LAB_00416878
004168d0	Label	LAB_004168d0
004168dc	Function	remove_all_scf
0041691c	Label	LAB_0041691c
00416924	Label	LAB_00416924
00416980	Label	LAB_00416980
004169a0	Function	InitFileinfo
00416a34	Label	LAB_00416a34
00416a44	Label	LAB_00416a44
00416b70	Label	LAB_00416b70
00416bb4	Label	LAB_00416bb4
00416be4	Label	LAB_00416be4
00416c78	Label	LAB_00416c78
00416c80	Label	LAB_00416c80
00416d20	Label	LAB_00416d20
00416da4	Label	LAB_00416da4
00416e00	Label	LAB_00416e00
00416e44	Label	LAB_00416e44
00416eb8	Label	LAB_00416eb8
00416ebc	Label	LAB_00416ebc
00416ee0	Label	LAB_00416ee0
00416f24	Label	LAB_00416f24
00416f28	Label	LAB_00416f28
00416f30	Label	LAB_00416f30
00416f40	Label	LAB_00416f40
00416f78	Label	LAB_00416f78
00416f88	Label	LAB_00416f88
00416f98	Label	LAB_00416f98
00416fac	Label	LAB_00416fac
00416fb8	Label	LAB_00416fb8
00416fc4	Label	LAB_00416fc4
00416fe8	Label	LAB_00416fe8
00416ffc	Label	LAB_00416ffc
00417000	Label	LAB_00417000
00417008	Label	LAB_00417008
00417014	Label	LAB_00417014
00417024	Label	LAB_00417024
0041702c	Label	LAB_0041702c
00417050	Label	LAB_00417050
0041705c	Label	LAB_0041705c
00417068	Label	LAB_00417068
00417124	Label	LAB_00417124
00417130	Label	LAB_00417130
00417150	Label	LAB_00417150
00417194	Label	LAB_00417194
004171d8	Label	LAB_004171d8
004171e8	Label	LAB_004171e8
004171ec	Label	LAB_004171ec
00417314	Label	LAB_00417314
00417348	Label	LAB_00417348
00417374	Label	LAB_00417374
00417388	Label	LAB_00417388
004173ac	Label	LAB_004173ac
004173c4	Label	LAB_004173c4
004173f0	Label	LAB_004173f0
0041743c	Label	LAB_0041743c
00417490	Label	LAB_00417490
004174a0	Label	LAB_004174a0
004174cc	Label	LAB_004174cc
004174e0	Label	LAB_004174e0
004175b4	Label	LAB_004175b4
004175c0	Label	LAB_004175c0
004175d8	Label	LAB_004175d8
004175ec	Label	LAB_004175ec
004175f4	Label	LAB_004175f4
00417608	Label	LAB_00417608
00417624	Label	LAB_00417624
00417630	Label	LAB_00417630
00417668	Label	LAB_00417668
00417678	Label	LAB_00417678
0041768c	Label	LAB_0041768c
004176a0	Label	LAB_004176a0
004176b0	Label	LAB_004176b0
004176f4	Label	LAB_004176f4
0041770c	Label	LAB_0041770c
00417724	Label	LAB_00417724
0041773c	Label	LAB_0041773c
00417754	Label	LAB_00417754
00417770	Label	LAB_00417770
004177a8	Label	LAB_004177a8
004177b4	Label	LAB_004177b4
004177f8	Label	LAB_004177f8
0041783c	Label	LAB_0041783c
00417850	Label	LAB_00417850
00417870	Label	LAB_00417870
0041789c	Label	LAB_0041789c
004178b0	Label	LAB_004178b0
004178b4	Label	LAB_004178b4
004179c4	Label	LAB_004179c4
004179e0	Label	LAB_004179e0
00417a08	Label	LAB_00417a08
00417a5c	Label	LAB_00417a5c
00417a74	Label	LAB_00417a74
00417a8c	Function	load_png_image
00417b74	Label	LAB_00417b74
00417b94	Label	LAB_00417b94
00417bb8	Label	LAB_00417bb8
00417cc0	Label	LAB_00417cc0
00417d30	Label	LAB_00417d30
00417d8c	Label	LAB_00417d8c
00417e30	Label	LAB_00417e30
00417e38	Label	LAB_00417e38
00417e58	Label	LAB_00417e58
00417e74	Label	LAB_00417e74
00417e78	Label	LAB_00417e78
00417ec0	Label	LAB_00417ec0
00417ec4	Label	LAB_00417ec4
00417ecc	Label	LAB_00417ecc
00417f08	Label	LAB_00417f08
00417f68	Label	LAB_00417f68
00417f78	Label	LAB_00417f78
00417fe0	Label	LAB_00417fe0
00417ff0	Label	LAB_00417ff0
00418014	Label	LAB_00418014
0041804c	Function	writePng
00418174	Label	LAB_00418174
00418184	Label	LAB_00418184
00418204	Label	LAB_00418204
00418214	Label	LAB_00418214
00418238	Label	LAB_00418238
00418250	Label	LAB_00418250
0041827c	Label	LAB_0041827c
00418284	Function	SaveDefaultSnap
00418308	Label	LAB_00418308
00418320	Label	LAB_00418320
00418334	Label	LAB_00418334
00418344	Label	LAB_00418344
00418378	Label	LAB_00418378
00418384	Label	LAB_00418384
004183f0	Label	LAB_004183f0
00418440	Label	LAB_00418440
004184c4	Label	LAB_004184c4
00418504	Label	LAB_00418504
00418518	Label	LAB_00418518
00418528	Label	LAB_00418528
00418554	Label	LAB_00418554
00418560	Label	LAB_00418560
00418574	Label	LAB_00418574
004185a0	Label	LAB_004185a0
004185e4	Label	LAB_004185e4
004185f0	Label	LAB_004185f0
00418604	Label	LAB_00418604
00418630	Label	LAB_00418630
00418650	Function	FUN_00418650
00418690	Label	LAB_00418690
0041869c	Label	LAB_0041869c
004186d0	Label	LAB_004186d0
004186f0	Function	FUN_004186f0
00418744	Label	LAB_00418744
004187b0	Label	LAB_004187b0
004187b8	Function	FUN_004187b8
004187f8	Label	LAB_004187f8
0041886c	Label	LAB_0041886c
00418884	Function	FUN_00418884
004188d8	Label	LAB_004188d8
0041893c	Label	LAB_0041893c
0041895c	Function	FUN_0041895c
004189b0	Label	LAB_004189b0
00418a0c	Label	LAB_00418a0c
00418a2c	Function	FUN_00418a2c
00418a94	Label	LAB_00418a94
00418ac8	Label	LAB_00418ac8
00418adc	Label	LAB_00418adc
00418b14	Label	LAB_00418b14
00418b40	Function	FUN_00418b40
00418b4c	Function	FUN_00418b4c
00418b7c	Label	LAB_00418b7c
00418bbc	Label	LAB_00418bbc
00418bc8	Label	LAB_00418bc8
00418bcc	Label	LAB_00418bcc
00418bdc	Label	LAB_00418bdc
00418bfc	Label	LAB_00418bfc
00418c0c	Label	LAB_00418c0c
00418c10	Label	LAB_00418c10
00418c2c	Label	LAB_00418c2c
00418c34	Label	LAB_00418c34
00418c54	Label	LAB_00418c54
00418c78	Label	LAB_00418c78
00418c9c	Label	LAB_00418c9c
00418cb8	Label	LAB_00418cb8
00418cf4	Label	LAB_00418cf4
00418d0c	Label	LAB_00418d0c
00418d10	Label	LAB_00418d10
00418d2c	Label	LAB_00418d2c
00418d58	Label	LAB_00418d58
00418d5c	Label	LAB_00418d5c
00418d78	Label	LAB_00418d78
00418d9c	Label	LAB_00418d9c
00418dc8	Label	LAB_00418dc8
00418dd4	Label	LAB_00418dd4
00418dd8	Label	LAB_00418dd8
00418df4	Label	LAB_00418df4
00418df8	Label	LAB_00418df8
00418e14	Function	FUN_00418e14
00418e50	Label	LAB_00418e50
00418e90	Label	LAB_00418e90
00418e9c	Label	LAB_00418e9c
00418ea0	Label	LAB_00418ea0
00418eb0	Label	LAB_00418eb0
00418ed0	Label	LAB_00418ed0
00418ee0	Label	LAB_00418ee0
00418ee4	Label	LAB_00418ee4
00418f00	Label	LAB_00418f00
00418f08	Label	LAB_00418f08
00418f28	Label	LAB_00418f28
00418f4c	Label	LAB_00418f4c
00418f70	Label	LAB_00418f70
00418f8c	Label	LAB_00418f8c
00418fbc	Label	LAB_00418fbc
00418fd0	Label	LAB_00418fd0
00418fd4	Label	LAB_00418fd4
00419000	Label	LAB_00419000
00419010	Label	LAB_00419010
00419020	Label	LAB_00419020
00419024	Label	LAB_00419024
00419028	Label	LAB_00419028
00419044	Label	LAB_00419044
0041904c	Label	LAB_0041904c
00419050	Label	LAB_00419050
0041906c	Label	LAB_0041906c
0041907c	Label	LAB_0041907c
0041908c	Label	LAB_0041908c
0041909c	Label	LAB_0041909c
004190b0	Label	LAB_004190b0
004190c0	Label	LAB_004190c0
004190e4	Label	LAB_004190e4
004190f4	Function	FUN_004190f4
00419184	Label	LAB_00419184
004191b4	Label	LAB_004191b4
00419204	Label	LAB_00419204
00419218	Label	LAB_00419218
00419248	Label	LAB_00419248
0041924c	Label	LAB_0041924c
0041927c	Function	FUN_0041927c
004192bc	Label	LAB_004192bc
004192c8	Label	LAB_004192c8
004192e8	Label	LAB_004192e8
004192f0	Label	LAB_004192f0
004192fc	Function	strupr
00419334	Label	LAB_00419334
0041936c	Label	LAB_0041936c
00419370	Label	LAB_00419370
00419380	Label	LAB_00419380
0041939c	Function	FUN_0041939c
00419470	Label	LAB_00419470
00419498	Label	LAB_00419498
004194c4	Label	LAB_004194c4
004194c8	Label	LAB_004194c8
00419504	Label	LAB_00419504
0041952c	Label	LAB_0041952c
0041955c	Label	LAB_0041955c
00419560	Label	LAB_00419560
00419564	Label	LAB_00419564
004195c0	Label	LAB_004195c0
004195d4	Label	LAB_004195d4
004195e0	Label	LAB_004195e0
004195e4	Label	LAB_004195e4
004195f4	Label	LAB_004195f4
0041960c	Label	LAB_0041960c
00419690	Label	LAB_00419690
004196a4	Label	LAB_004196a4
00419708	Label	LAB_00419708
00419724	Label	LAB_00419724
00419830	Label	LAB_00419830
0041984c	Label	LAB_0041984c
00419854	Label	LAB_00419854
0041985c	Function	GetWorkPath
00419870	Function	FUN_00419870
004198c4	Label	LAB_004198c4
004198dc	Label	LAB_004198dc
004198e8	Label	LAB_004198e8
00419908	Label	LAB_00419908
00419910	Label	LAB_00419910
00419920	Label	LAB_00419920
00419930	Label	LAB_00419930
00419934	Label	LAB_00419934
00419964	Label	LAB_00419964
0041996c	Label	LAB_0041996c
0041997c	Label	LAB_0041997c
0041998c	Label	LAB_0041998c
004199ac	Label	LAB_004199ac
004199d4	Label	LAB_004199d4
004199e4	Label	LAB_004199e4
004199f4	Label	LAB_004199f4
00419a0c	Label	LAB_00419a0c
00419a18	Label	LAB_00419a18
00419a20	Label	LAB_00419a20
00419a34	Label	LAB_00419a34
00419a3c	Label	LAB_00419a3c
00419a44	Label	LAB_00419a44
00419a58	Label	LAB_00419a58
00419a68	Label	LAB_00419a68
00419b54	Label	LAB_00419b54
00419b5c	Label	LAB_00419b5c
00419b64	Function	FUN_00419b64
00419d44	Label	LAB_00419d44
00419d9c	Label	LAB_00419d9c
00419dfc	Label	LAB_00419dfc
00419f84	Label	LAB_00419f84
00419fc8	Label	LAB_00419fc8
0041a144	Label	LAB_0041a144
0041a150	Label	LAB_0041a150
0041a1c4	Label	LAB_0041a1c4
0041a22c	Label	LAB_0041a22c
0041a308	Label	LAB_0041a308
0041a36c	Label	LAB_0041a36c
0041a398	Label	LAB_0041a398
0041a3b4	Label	LAB_0041a3b4
0041a454	Label	LAB_0041a454
0041a474	Label	LAB_0041a474
0041a478	Label	LAB_0041a478
0041a4b0	Label	LAB_0041a4b0
0041a510	Label	LAB_0041a510
0041a620	Label	LAB_0041a620
0041a630	Label	LAB_0041a630
0041a648	Label	LAB_0041a648
0041a72c	Label	LAB_0041a72c
0041a758	Label	LAB_0041a758
0041a7cc	Label	LAB_0041a7cc
0041a818	Label	LAB_0041a818
0041a82c	Label	LAB_0041a82c
0041a8e8	Label	LAB_0041a8e8
0041a8f0	Label	LAB_0041a8f0
0041a910	Label	LAB_0041a910
0041a92c	Function	FUN_0041a92c
0041a9c8	Label	LAB_0041a9c8
0041aa30	Label	LAB_0041aa30
0041aa74	Label	LAB_0041aa74
0041aaa0	Label	LAB_0041aaa0
0041aacc	Label	LAB_0041aacc
0041aaec	Label	LAB_0041aaec
0041ab28	Function	GetTicks
0041ab8c	Function	strtrimr
0041abd8	Label	LAB_0041abd8
0041abe4	Label	LAB_0041abe4
0041ac04	Label	LAB_0041ac04
0041ac20	Function	strtriml
0041ac70	Label	LAB_0041ac70
0041ac7c	Label	LAB_0041ac7c
0041aca0	Label	LAB_0041aca0
0041acb0	Label	LAB_0041acb0
0041acc8	Function	strtrim
0041ad04	Function	get_item_from_line
0041add8	Label	LAB_0041add8
0041ae2c	Label	LAB_0041ae2c
0041ae48	Function	get_items_from_file
0041aea4	Label	LAB_0041aea4
0041aeb4	Label	LAB_0041aeb4
0041aee8	Label	LAB_0041aee8
0041af08	Label	LAB_0041af08
0041af10	Function	get_items_from_zipfile
0041b018	Label	LAB_0041b018
0041b030	Label	LAB_0041b030
0041b034	Label	LAB_0041b034
0041b040	Label	LAB_0041b040
0041b070	Label	LAB_0041b070
0041b094	Label	LAB_0041b094
0041b0d0	Label	LAB_0041b0d0
0041b128	Label	LAB_0041b128
0041b130	Label	LAB_0041b130
0041b178	Function	get_value_from_items
0041b1c0	Label	LAB_0041b1c0
0041b1c8	Label	LAB_0041b1c8
0041b1f8	Label	LAB_0041b1f8
0041b218	Label	LAB_0041b218
0041b220	Label	LAB_0041b220
0041b248	Function	FUN_0041b248
0041b340	Label	LAB_0041b340
0041b370	Label	LAB_0041b370
0041b3a0	Label	LAB_0041b3a0
0041b3dc	Label	LAB_0041b3dc
0041b3fc	Label	LAB_0041b3fc
0041b430	Label	LAB_0041b430
0041b4a0	Label	LAB_0041b4a0
0041b4e0	Label	LAB_0041b4e0
0041b510	Label	LAB_0041b510
0041b540	Label	LAB_0041b540
0041b570	Label	LAB_0041b570
0041b5a0	Label	LAB_0041b5a0
0041b5d0	Label	LAB_0041b5d0
0041b608	Label	LAB_0041b608
0041b654	Label	LAB_0041b654
0041b704	Label	LAB_0041b704
0041b734	Label	LAB_0041b734
0041b764	Label	LAB_0041b764
0041b794	Label	LAB_0041b794
0041b7c4	Label	LAB_0041b7c4
0041b7f4	Label	LAB_0041b7f4
0041b824	Label	LAB_0041b824
0041b858	Label	LAB_0041b858
0041b8a0	Label	LAB_0041b8a0
0041b8e8	Label	LAB_0041b8e8
0041b918	Label	LAB_0041b918
0041b948	Label	LAB_0041b948
0041b978	Label	LAB_0041b978
0041b9a8	Label	LAB_0041b9a8
0041b9d8	Label	LAB_0041b9d8
0041ba04	Label	LAB_0041ba04
0041ba0c	Label	LAB_0041ba0c
0041ba88	Label	LAB_0041ba88
0041bad0	Label	LAB_0041bad0
0041bb00	Label	LAB_0041bb00
0041bb30	Label	LAB_0041bb30
0041bb64	Label	LAB_0041bb64
0041bb9c	Label	LAB_0041bb9c
0041bbcc	Label	LAB_0041bbcc
0041bbfc	Label	LAB_0041bbfc
0041bc44	Label	LAB_0041bc44
0041bc74	Label	LAB_0041bc74
0041bca4	Label	LAB_0041bca4
0041bcec	Label	LAB_0041bcec
0041bd1c	Label	LAB_0041bd1c
0041bd4c	Label	LAB_0041bd4c
0041bd7c	Label	LAB_0041bd7c
0041bdac	Label	LAB_0041bdac
0041bddc	Label	LAB_0041bddc
0041be0c	Label	LAB_0041be0c
0041be54	Label	LAB_0041be54
0041be84	Label	LAB_0041be84
0041beb4	Label	LAB_0041beb4
0041bf00	Label	LAB_0041bf00
0041bf48	Label	LAB_0041bf48
0041bf5c	Label	LAB_0041bf5c
0041bf74	Label	LAB_0041bf74
0041bfbc	Label	LAB_0041bfbc
0041bfd0	Label	LAB_0041bfd0
0041bfe8	Label	LAB_0041bfe8
0041c088	Label	LAB_0041c088
0041c0d0	Label	LAB_0041c0d0
0041c118	Label	LAB_0041c118
0041c148	Label	LAB_0041c148
0041c178	Label	LAB_0041c178
0041c1a0	Label	LAB_0041c1a0
0041c1a8	Label	LAB_0041c1a8
0041c25c	Label	LAB_0041c25c
0041c28c	Label	LAB_0041c28c
0041c2b0	Label	LAB_0041c2b0
0041c2f4	Label	LAB_0041c2f4
0041c318	Label	LAB_0041c318
0041c334	Label	LAB_0041c334
0041c378	Label	LAB_0041c378
0041c39c	Label	LAB_0041c39c
0041c3c0	Label	LAB_0041c3c0
0041c404	Label	LAB_0041c404
0041c428	Label	LAB_0041c428
0041c44c	Label	LAB_0041c44c
0041c470	Label	LAB_0041c470
0041c494	Label	LAB_0041c494
0041c4b8	Label	LAB_0041c4b8
0041c4dc	Label	LAB_0041c4dc
0041c520	Label	LAB_0041c520
0041c544	Label	LAB_0041c544
0041c568	Label	LAB_0041c568
0041c5ac	Label	LAB_0041c5ac
0041c5d0	Label	LAB_0041c5d0
0041c5f4	Label	LAB_0041c5f4
0041c618	Label	LAB_0041c618
0041c63c	Label	LAB_0041c63c
0041c660	Label	LAB_0041c660
0041c684	Label	LAB_0041c684
0041c6e8	Label	LAB_0041c6e8
0041c70c	Label	LAB_0041c70c
0041c730	Label	LAB_0041c730
0041c754	Label	LAB_0041c754
0041c778	Label	LAB_0041c778
0041c79c	Label	LAB_0041c79c
0041c800	Label	LAB_0041c800
0041c844	Label	LAB_0041c844
0041c868	Label	LAB_0041c868
0041c88c	Label	LAB_0041c88c
0041c8b0	Label	LAB_0041c8b0
0041c8d4	Label	LAB_0041c8d4
0041c8f8	Label	LAB_0041c8f8
0041c91c	Label	LAB_0041c91c
0041c940	Label	LAB_0041c940
0041c960	Label	LAB_0041c960
0041c980	Label	LAB_0041c980
0041c9a4	Label	LAB_0041c9a4
0041c9c8	Label	LAB_0041c9c8
0041c9ec	Label	LAB_0041c9ec
0041ca50	Label	LAB_0041ca50
0041ca74	Label	LAB_0041ca74
0041ca98	Label	LAB_0041ca98
0041cafc	Label	LAB_0041cafc
0041cb50	Label	LAB_0041cb50
0041cbc4	Function	LoadMenuLog
0041cc78	Label	LAB_0041cc78
0041cca0	Label	LAB_0041cca0
0041ccb8	Label	LAB_0041ccb8
0041cccc	Label	LAB_0041cccc
0041ccf8	Label	LAB_0041ccf8
0041cd10	Label	LAB_0041cd10
0041cd24	Label	LAB_0041cd24
0041cd88	Label	LAB_0041cd88
0041ce00	Label	LAB_0041ce00
0041ce40	Label	LAB_0041ce40
0041ce58	Function	SaveMenuLog
0041cf10	Label	LAB_0041cf10
0041cf20	Function	draw_footbar
0041cf60	Label	LAB_0041cf60
0041cfd4	Function	mui_InitFont
0041d004	Label	LAB_0041d004
0041d070	Label	LAB_0041d070
0041d080	Label	LAB_0041d080
0041d098	Function	draw_Letterbitmap
0041d148	Label	LAB_0041d148
0041d164	Label	LAB_0041d164
0041d1d8	Label	LAB_0041d1d8
0041d1e8	Label	LAB_0041d1e8
0041d1f8	Label	LAB_0041d1f8
0041d224	Label	LAB_0041d224
0041d22c	Function	FUN_0041d22c
0041d2d8	Label	LAB_0041d2d8
0041d30c	Label	LAB_0041d30c
0041d3a0	Label	LAB_0041d3a0
0041d3b4	Label	LAB_0041d3b4
0041d3e4	Label	LAB_0041d3e4
0041d424	Label	LAB_0041d424
0041d45c	Function	FUN_0041d45c
0041d4a8	Label	LAB_0041d4a8
0041d518	Label	LAB_0041d518
0041d594	Label	LAB_0041d594
0041d5ac	Label	LAB_0041d5ac
0041d5f8	Function	FUN_0041d5f8
0041d678	Label	LAB_0041d678
0041d734	Label	LAB_0041d734
0041d738	Label	LAB_0041d738
0041d760	Label	LAB_0041d760
0041d7e8	Label	LAB_0041d7e8
0041d8cc	Function	FUN_0041d8cc
0041d928	Label	LAB_0041d928
0041d94c	Label	LAB_0041d94c
0041d96c	Label	LAB_0041d96c
0041d994	Function	FUN_0041d994
0041da14	Label	LAB_0041da14
0041da64	Label	LAB_0041da64
0041daac	Label	LAB_0041daac
0041db00	Function	mui_ReadJoystick
0041db34	Function	mui_WaitNMI
0041dbc8	Label	LAB_0041dbc8
0041dbdc	Function	mui_extract_basename
0041dc24	Label	LAB_0041dc24
0041dc3c	Label	LAB_0041dc3c
0041dc80	Label	LAB_0041dc80
0041dc94	Label	LAB_0041dc94
0041dc9c	Label	LAB_0041dc9c
0041dcb8	Function	FUN_0041dcb8
0041dd28	Label	LAB_0041dd28
0041dd4c	Label	LAB_0041dd4c
0041ddbc	Label	LAB_0041ddbc
0041de00	Label	LAB_0041de00
0041de04	Label	LAB_0041de04
0041de0c	Label	LAB_0041de0c
0041de1c	Label	LAB_0041de1c
0041de2c	Label	LAB_0041de2c
0041de3c	Label	LAB_0041de3c
0041de44	Label	LAB_0041de44
0041de58	Label	LAB_0041de58
0041de60	Label	LAB_0041de60
0041de94	Label	LAB_0041de94
0041df2c	Label	LAB_0041df2c
0041df30	Label	LAB_0041df30
0041df34	Label	LAB_0041df34
0041df3c	Label	LAB_0041df3c
0041df44	Label	LAB_0041df44
0041df4c	Label	LAB_0041df4c
0041df58	Label	LAB_0041df58
0041df5c	Label	LAB_0041df5c
0041df60	Label	LAB_0041df60
0041df70	Label	LAB_0041df70
0041dfa4	Label	LAB_0041dfa4
0041dfe0	Label	LAB_0041dfe0
0041dff0	Label	LAB_0041dff0
0041e000	Label	LAB_0041e000
0041e014	Label	LAB_0041e014
0041e024	Label	LAB_0041e024
0041e034	Label	LAB_0041e034
0041e05c	Label	LAB_0041e05c
0041e080	Label	LAB_0041e080
0041e08c	Label	LAB_0041e08c
0041e0b8	Label	LAB_0041e0b8
0041e0c0	Label	LAB_0041e0c0
0041e0c4	Label	LAB_0041e0c4
0041e0f4	Label	LAB_0041e0f4
0041e108	Label	LAB_0041e108
0041e110	Label	LAB_0041e110
0041e144	Label	LAB_0041e144
0041e158	Label	LAB_0041e158
0041e168	Label	LAB_0041e168
0041e180	Label	LAB_0041e180
0041e1ac	Label	LAB_0041e1ac
0041e1cc	Label	LAB_0041e1cc
0041e1f0	Label	LAB_0041e1f0
0041e218	Label	LAB_0041e218
0041e234	Label	LAB_0041e234
0041e250	Label	LAB_0041e250
0041e268	Label	LAB_0041e268
0041e288	Label	LAB_0041e288
0041e2a4	Label	LAB_0041e2a4
0041e2c4	Function	mui_extract_basepath
0041e30c	Label	LAB_0041e30c
0041e330	Label	LAB_0041e330
0041e344	Label	LAB_0041e344
0041e370	Function	FUN_0041e370
0041e438	Label	LAB_0041e438
0041e488	Label	LAB_0041e488
0041e4f4	Label	LAB_0041e4f4
0041e504	Label	LAB_0041e504
0041e518	Label	LAB_0041e518
0041e540	Label	LAB_0041e540
0041e598	Label	LAB_0041e598
0041e5c4	Label	LAB_0041e5c4
0041e5d0	Label	LAB_0041e5d0
0041e608	Label	LAB_0041e608
0041e628	Label	LAB_0041e628
0041e640	Function	mui_DisplayThumbnailThread
0041e6e8	Label	LAB_0041e6e8
0041e6f8	Label	LAB_0041e6f8
0041e708	Label	LAB_0041e708
0041e710	Label	LAB_0041e710
0041e718	Label	LAB_0041e718
0041e768	Label	LAB_0041e768
0041e778	Label	LAB_0041e778
0041e7d8	Label	LAB_0041e7d8
0041e80c	Label	LAB_0041e80c
0041e86c	Label	LAB_0041e86c
0041e87c	Label	LAB_0041e87c
0041e888	Label	LAB_0041e888
0041e894	Label	LAB_0041e894
0041e8cc	Function	FUN_0041e8cc
0041e93c	Label	LAB_0041e93c
0041e960	Label	LAB_0041e960
0041e9b8	Label	LAB_0041e9b8
0041e9c4	Label	LAB_0041e9c4
0041e9dc	Label	LAB_0041e9dc
0041e9e8	Label	LAB_0041e9e8
0041ea3c	Label	LAB_0041ea3c
0041ea58	Label	LAB_0041ea58
0041ea8c	Label	LAB_0041ea8c
0041ea9c	Label	LAB_0041ea9c
0041eaa8	Label	LAB_0041eaa8
0041eabc	Label	LAB_0041eabc
0041eac0	Label	LAB_0041eac0
0041eac8	Label	LAB_0041eac8
0041eadc	Label	LAB_0041eadc
0041eaec	Label	LAB_0041eaec
0041eb00	Label	LAB_0041eb00
0041eb2c	Label	LAB_0041eb2c
0041eb48	Label	LAB_0041eb48
0041eb64	Label	LAB_0041eb64
0041eb80	Label	LAB_0041eb80
0041eb90	Label	LAB_0041eb90
0041ebb0	Label	LAB_0041ebb0
0041ebe4	Label	LAB_0041ebe4
0041ebf8	Label	LAB_0041ebf8
0041ec00	Label	LAB_0041ec00
0041ec04	Label	LAB_0041ec04
0041ec18	Label	LAB_0041ec18
0041ec38	Label	LAB_0041ec38
0041ec4c	Label	LAB_0041ec4c
0041ecc4	Label	LAB_0041ecc4
0041eccc	Label	LAB_0041eccc
0041ecf4	Label	LAB_0041ecf4
0041ed1c	Label	LAB_0041ed1c
0041ed44	Label	LAB_0041ed44
0041ed6c	Label	LAB_0041ed6c
0041ed8c	Label	LAB_0041ed8c
0041eda8	Label	LAB_0041eda8
0041edc0	Label	LAB_0041edc0
0041ede0	Label	LAB_0041ede0
0041ee14	Label	LAB_0041ee14
0041ee30	Label	LAB_0041ee30
0041ee3c	Label	LAB_0041ee3c
0041ee5c	Label	LAB_0041ee5c
0041ee7c	Label	LAB_0041ee7c
0041ee9c	Function	FUN_0041ee9c
0041ef0c	Label	LAB_0041ef0c
0041ef2c	Label	LAB_0041ef2c
0041ef80	Label	LAB_0041ef80
0041ef8c	Label	LAB_0041ef8c
0041efa4	Label	LAB_0041efa4
0041efb0	Label	LAB_0041efb0
0041f004	Label	LAB_0041f004
0041f020	Label	LAB_0041f020
0041f054	Label	LAB_0041f054
0041f064	Label	LAB_0041f064
0041f070	Label	LAB_0041f070
0041f084	Label	LAB_0041f084
0041f088	Label	LAB_0041f088
0041f090	Label	LAB_0041f090
0041f0a4	Label	LAB_0041f0a4
0041f0b4	Label	LAB_0041f0b4
0041f0c8	Label	LAB_0041f0c8
0041f0f4	Label	LAB_0041f0f4
0041f110	Label	LAB_0041f110
0041f12c	Label	LAB_0041f12c
0041f148	Label	LAB_0041f148
0041f158	Label	LAB_0041f158
0041f178	Label	LAB_0041f178
0041f1ac	Label	LAB_0041f1ac
0041f1c0	Label	LAB_0041f1c0
0041f1c8	Label	LAB_0041f1c8
0041f1cc	Label	LAB_0041f1cc
0041f1e0	Label	LAB_0041f1e0
0041f200	Label	LAB_0041f200
0041f214	Label	LAB_0041f214
0041f28c	Label	LAB_0041f28c
0041f294	Label	LAB_0041f294
0041f2bc	Label	LAB_0041f2bc
0041f2e4	Label	LAB_0041f2e4
0041f30c	Label	LAB_0041f30c
0041f334	Label	LAB_0041f334
0041f354	Label	LAB_0041f354
0041f370	Label	LAB_0041f370
0041f388	Label	LAB_0041f388
0041f3a8	Label	LAB_0041f3a8
0041f3dc	Label	LAB_0041f3dc
0041f3f8	Label	LAB_0041f3f8
0041f404	Label	LAB_0041f404
0041f424	Label	LAB_0041f424
0041f444	Label	LAB_0041f444
0041f464	Function	FUN_0041f464
0041f530	Label	LAB_0041f530
0041f534	Label	LAB_0041f534
0041f53c	Label	LAB_0041f53c
0041f554	Label	LAB_0041f554
0041f560	Label	LAB_0041f560
0041f584	Label	LAB_0041f584
0041f588	Label	LAB_0041f588
0041f594	Label	LAB_0041f594
0041f5b4	Label	LAB_0041f5b4
0041f604	Label	LAB_0041f604
0041f644	Label	LAB_0041f644
0041f654	Label	LAB_0041f654
0041f660	Label	LAB_0041f660
0041f674	Label	LAB_0041f674
0041f69c	Label	LAB_0041f69c
0041f6d0	Label	LAB_0041f6d0
0041f704	Label	LAB_0041f704
0041f718	Label	LAB_0041f718
0041f760	Label	LAB_0041f760
0041f774	Label	LAB_0041f774
0041f7d8	Label	LAB_0041f7d8
0041f810	Label	LAB_0041f810
0041f86c	Label	LAB_0041f86c
0041f890	Function	mui_SearchThread
0041f8ec	Label	LAB_0041f8ec
0041f8fc	Label	LAB_0041f8fc
0041f90c	Label	LAB_0041f90c
0041f910	Label	LAB_0041f910
0041f96c	Label	LAB_0041f96c
0041f9ac	Label	LAB_0041f9ac
0041f9f4	Function	utf8_to_ansi
0041fa10	Label	LAB_0041fa10
0041fa1c	Label	LAB_0041fa1c
0041fa28	Label	LAB_0041fa28
0041faa4	Label	LAB_0041faa4
0041faac	Function	FUN_0041faac
0041fb54	Label	LAB_0041fb54
0041fb60	Label	LAB_0041fb60
0041fb6c	Label	LAB_0041fb6c
0041fbac	Label	LAB_0041fbac
0041fbc0	Label	LAB_0041fbc0
0041fc0c	Label	LAB_0041fc0c
0041fc24	Label	LAB_0041fc24
0041fc28	Label	LAB_0041fc28
0041fc64	Label	LAB_0041fc64
0041fc68	Label	LAB_0041fc68
0041fc78	Label	LAB_0041fc78
0041fc84	Label	LAB_0041fc84
0041fcb8	Label	LAB_0041fcb8
0041fcec	Label	LAB_0041fcec
0041fcf4	Label	LAB_0041fcf4
0041fcfc	Label	LAB_0041fcfc
0041fd68	Function	outputblankxy
0041fdf8	Label	LAB_0041fdf8
0041fe08	Label	LAB_0041fe08
0041fe48	Label	LAB_0041fe48
0041fe58	Label	LAB_0041fe58
0041fe60	Function	DisplayLine_list
0041fec8	Label	LAB_0041fec8
0041fef4	Label	LAB_0041fef4
0041ff20	Label	LAB_0041ff20
0041ff44	Label	LAB_0041ff44
00420000	Label	LAB_00420000
004200c0	Label	LAB_004200c0
004200c8	Label	LAB_004200c8
004200f0	Label	LAB_004200f0
00420110	Function	EmuCore_Blank
00420168	Label	LAB_00420168
00420174	Label	LAB_00420174
00420184	Label	LAB_00420184
00420198	Label	LAB_00420198
004201a0	Function	EmuCore_Line
00420260	Label	LAB_00420260
00420310	Function	EmuCore_list
004203e0	Label	LAB_004203e0
00420404	Label	LAB_00420404
00420424	Function	FUN_00420424
004205e8	Label	LAB_004205e8
00420608	Label	LAB_00420608
00420630	Label	LAB_00420630
0042064c	Label	LAB_0042064c
0042065c	Label	LAB_0042065c
00420668	Label	LAB_00420668
00420670	Label	LAB_00420670
00420680	Label	LAB_00420680
00420694	Label	LAB_00420694
004206a0	Label	LAB_004206a0
004207b0	Label	LAB_004207b0
004207cc	Label	LAB_004207cc
004207e4	Label	LAB_004207e4
00420818	Label	LAB_00420818
00420824	Label	LAB_00420824
00420834	Label	LAB_00420834
00420858	Label	LAB_00420858
00420878	Label	LAB_00420878
00420a34	Label	LAB_00420a34
00420a94	Label	LAB_00420a94
00420ab8	Label	LAB_00420ab8
00420b80	Label	LAB_00420b80
00420b88	Label	LAB_00420b88
00420ba4	Label	LAB_00420ba4
00420c30	Label	LAB_00420c30
00420c58	Label	LAB_00420c58
00420ca8	Label	LAB_00420ca8
00420cac	Label	LAB_00420cac
00420ccc	Label	LAB_00420ccc
00420cec	Label	LAB_00420cec
00420d80	Label	LAB_00420d80
00420e18	Label	LAB_00420e18
00420e2c	Label	LAB_00420e2c
00420e88	Label	LAB_00420e88
00420e98	Label	LAB_00420e98
00420eb4	Label	LAB_00420eb4
00420ebc	Label	LAB_00420ebc
004210f0	Function	FUN_004210f0
0042114c	Label	LAB_0042114c
00421168	Label	LAB_00421168
00421198	Label	LAB_00421198
004211a8	Label	LAB_004211a8
004211d0	Label	LAB_004211d0
004211e0	Label	LAB_004211e0
004211f0	Function	mui_DisplayLine_list
00421268	Label	LAB_00421268
004212e4	Label	LAB_004212e4
00421310	Label	LAB_00421310
00421398	Function	mui_DisplayPage_list
004213f8	Label	LAB_004213f8
00421400	Label	LAB_00421400
0042142c	Label	LAB_0042142c
00421448	Label	LAB_00421448
00421450	Function	mui_dir_serial_list
004214b8	Label	LAB_004214b8
004214dc	Label	LAB_004214dc
00421540	Label	LAB_00421540
00421564	Label	LAB_00421564
00421570	Label	LAB_00421570
00421620	Label	LAB_00421620
0042163c	Label	LAB_0042163c
0042167c	Label	LAB_0042167c
00421680	Label	LAB_00421680
004216bc	Label	LAB_004216bc
004216c0	Label	LAB_004216c0
004216dc	Label	LAB_004216dc
004216f4	Label	LAB_004216f4
004216fc	Label	LAB_004216fc
00421700	Label	LAB_00421700
0042170c	Label	LAB_0042170c
00421740	Label	LAB_00421740
0042177c	Label	LAB_0042177c
004217a4	Label	LAB_004217a4
004217e4	Label	LAB_004217e4
004217ec	Label	LAB_004217ec
00421820	Function	GetFileType
00421848	Label	LAB_00421848
00421888	Label	LAB_00421888
004218ac	Label	LAB_004218ac
004218c0	Function	mui_setlanguage
00421990	Label	LAB_00421990
00421a18	Label	LAB_00421a18
00421aa8	Label	LAB_00421aa8
00421ac4	Label	LAB_00421ac4
00421ae4	Label	LAB_00421ae4
00421b04	Function	mui_GetLanguage
00421b1c	Function	mui_Search_list
00421b98	Label	LAB_00421b98
00421ba0	Label	LAB_00421ba0
00421bc0	Label	LAB_00421bc0
00421bc8	Label	LAB_00421bc8
00421bf0	Label	LAB_00421bf0
00421bf8	Label	LAB_00421bf8
00421c04	Label	LAB_00421c04
00421c0c	Label	LAB_00421c0c
00421c40	Label	LAB_00421c40
00421c48	Label	LAB_00421c48
00421c5c	Label	LAB_00421c5c
00421c6c	Label	LAB_00421c6c
00421cb8	Label	LAB_00421cb8
00421cc0	Label	LAB_00421cc0
00421cd0	Label	LAB_00421cd0
00421ce4	Label	LAB_00421ce4
00421cfc	Label	LAB_00421cfc
00421d1c	Label	LAB_00421d1c
00421d3c	Label	LAB_00421d3c
00421d5c	Label	LAB_00421d5c
00421d78	Function	GetFileCore
00421de8	Label	LAB_00421de8
00421e48	Label	LAB_00421e48
00421e58	Label	LAB_00421e58
00421e80	Label	LAB_00421e80
00421eb4	Function	FUN_00421eb4
00421ecc	Function	SoundClose
00421f44	Label	LAB_00421f44
00421f60	Label	LAB_00421f60
00421f78	Label	LAB_00421f78
00421fb0	Function	FUN_00421fb0
00421fe0	Label	LAB_00421fe0
00421ff8	Label	LAB_00421ff8
00422028	Label	LAB_00422028
00422040	Label	LAB_00422040
00422050	Function	SoundPlay
004220f0	Label	LAB_004220f0
00422180	Label	LAB_00422180
004221a0	Label	LAB_004221a0
004221a4	Label	LAB_004221a4
00422244	Label	LAB_00422244
0042225c	Function	FUN_0042225c
004223b0	Label	LAB_004223b0
00422474	Label	LAB_00422474
004224a0	Label	LAB_004224a0
004224b0	Label	LAB_004224b0
004224d0	Label	LAB_004224d0
004224dc	Label	LAB_004224dc
004224e8	Label	LAB_004224e8
004224ec	Label	LAB_004224ec
004224f4	Label	LAB_004224f4
00422528	Label	LAB_00422528
00422604	Label	LAB_00422604
00422694	Label	LAB_00422694
0042269c	Label	LAB_0042269c
004226ac	Label	LAB_004226ac
004226c4	Label	LAB_004226c4
004226fc	Label	LAB_004226fc
0042270c	Label	LAB_0042270c
00422718	Label	LAB_00422718
00422724	Label	LAB_00422724
00422754	Label	LAB_00422754
00422764	Label	LAB_00422764
00422774	Label	LAB_00422774
00422784	Label	LAB_00422784
0042279c	Label	LAB_0042279c
004227b0	Label	LAB_004227b0
004227d4	Label	LAB_004227d4
00422804	Label	LAB_00422804
00422820	Label	LAB_00422820
00422834	Label	LAB_00422834
0042285c	Label	LAB_0042285c
00422894	Label	LAB_00422894
004228a8	Label	LAB_004228a8
004228bc	Label	LAB_004228bc
00422910	Label	LAB_00422910
00422928	Label	LAB_00422928
00422940	Label	LAB_00422940
0042295c	Label	LAB_0042295c
00422974	Label	LAB_00422974
00422990	Function	FUN_00422990
00422aec	Label	LAB_00422aec
00422b04	Label	LAB_00422b04
00422b34	Label	LAB_00422b34
00422b4c	Label	LAB_00422b4c
00422bf0	Label	LAB_00422bf0
00422c00	Label	LAB_00422c00
00422c2c	Label	LAB_00422c2c
00422c48	Label	LAB_00422c48
00422c64	Label	LAB_00422c64
00422c80	Label	LAB_00422c80
00422c9c	Label	LAB_00422c9c
00422cb8	Label	LAB_00422cb8
00422cd4	Label	LAB_00422cd4
00422cf8	Label	LAB_00422cf8
00422d4c	Label	LAB_00422d4c
00422d6c	Label	LAB_00422d6c
00422d94	Label	LAB_00422d94
00422dbc	Label	LAB_00422dbc
00422e20	Label	LAB_00422e20
00422e50	Label	LAB_00422e50
00422f48	Label	LAB_00422f48
00422fd8	Label	LAB_00422fd8
0042300c	Label	LAB_0042300c
00423020	Label	LAB_00423020
00423044	Label	LAB_00423044
00423050	Label	LAB_00423050
00423064	Label	LAB_00423064
00423068	Label	LAB_00423068
00423070	Label	LAB_00423070
004230a4	Label	LAB_004230a4
004230ec	Label	LAB_004230ec
00423104	Label	LAB_00423104
0042311c	Label	LAB_0042311c
00423144	Label	LAB_00423144
00423150	Label	LAB_00423150
00423164	Label	LAB_00423164
00423180	Label	LAB_00423180
004231c4	Label	LAB_004231c4
004231cc	Label	LAB_004231cc
004231d8	Label	LAB_004231d8
004231e4	Label	LAB_004231e4
004231f0	Label	LAB_004231f0
00423220	Label	LAB_00423220
00423234	Label	LAB_00423234
0042324c	Label	LAB_0042324c
00423270	Label	LAB_00423270
00423298	Label	LAB_00423298
004232b4	Label	LAB_004232b4
004232d4	Label	LAB_004232d4
004232ec	Label	LAB_004232ec
00423338	Label	LAB_00423338
00423354	Label	LAB_00423354
00423368	Label	LAB_00423368
00423390	Label	LAB_00423390
004233a4	Label	LAB_004233a4
004233c0	Label	LAB_004233c0
004233dc	Label	LAB_004233dc
004233fc	Label	LAB_004233fc
00423404	Label	LAB_00423404
0042341c	Label	LAB_0042341c
00423464	Label	LAB_00423464
0042346c	Label	LAB_0042346c
00423488	Function	FUN_00423488
00423548	Label	LAB_00423548
00423560	Label	LAB_00423560
00423590	Label	LAB_00423590
004235a8	Label	LAB_004235a8
0042365c	Label	LAB_0042365c
0042366c	Label	LAB_0042366c
004236a4	Label	LAB_004236a4
004236c0	Label	LAB_004236c0
004236dc	Label	LAB_004236dc
004236f8	Label	LAB_004236f8
00423714	Label	LAB_00423714
00423730	Label	LAB_00423730
00423760	Label	LAB_00423760
00423788	Label	LAB_00423788
004237b0	Label	LAB_004237b0
004237fc	Label	LAB_004237fc
00423830	Label	LAB_00423830
0042384c	Label	LAB_0042384c
00423864	Label	LAB_00423864
0042387c	Label	LAB_0042387c
004238b0	Label	LAB_004238b0
004238f4	Function	FUN_004238f4
0042397c	Label	LAB_0042397c
00423a78	Label	LAB_00423a78
00423a9c	Label	LAB_00423a9c
00423ac0	Label	LAB_00423ac0
00423ad4	Label	LAB_00423ad4
00423ae0	Label	LAB_00423ae0
00423aec	Label	LAB_00423aec
00423b20	Label	LAB_00423b20
00423b2c	Label	LAB_00423b2c
00423b38	Label	LAB_00423b38
00423b78	Label	LAB_00423b78
00423c28	Label	LAB_00423c28
00423c44	Label	LAB_00423c44
00423c58	Label	LAB_00423c58
00423c6c	Label	LAB_00423c6c
00423ce8	Label	LAB_00423ce8
00423d28	Label	LAB_00423d28
00423d44	Label	LAB_00423d44
00423d74	Label	LAB_00423d74
00423d80	Label	LAB_00423d80
00423db8	Label	LAB_00423db8
00423de8	Label	LAB_00423de8
00423dec	Label	LAB_00423dec
00423e08	Label	LAB_00423e08
00423e38	Label	LAB_00423e38
00423e44	Label	LAB_00423e44
00423e64	Label	LAB_00423e64
00423e84	Label	LAB_00423e84
00423ebc	Label	LAB_00423ebc
00423edc	Label	LAB_00423edc
00423ee4	Label	LAB_00423ee4
00423ef0	Label	LAB_00423ef0
00423f20	Label	LAB_00423f20
00423f2c	Label	LAB_00423f2c
00423f54	Label	LAB_00423f54
00423f74	Label	LAB_00423f74
00423f78	Label	LAB_00423f78
00423ffc	Label	LAB_00423ffc
00424050	Label	LAB_00424050
00424060	Label	LAB_00424060
00424080	Label	LAB_00424080
00424084	Label	LAB_00424084
004240a4	Label	LAB_004240a4
004240c8	Label	LAB_004240c8
00424104	Label	LAB_00424104
00424120	Label	LAB_00424120
00424154	Label	LAB_00424154
00424170	Label	LAB_00424170
00424174	Label	LAB_00424174
00424180	Label	LAB_00424180
00424188	Label	LAB_00424188
004241a0	Label	LAB_004241a0
004241bc	Label	LAB_004241bc
004241e4	Label	LAB_004241e4
00424318	Label	LAB_00424318
0042433c	Label	LAB_0042433c
00424344	Label	LAB_00424344
00424350	Label	LAB_00424350
00424378	Label	LAB_00424378
0042438c	Label	LAB_0042438c
004243c8	Label	LAB_004243c8
004243cc	Label	LAB_004243cc
00424414	Label	LAB_00424414
00424434	Label	LAB_00424434
00424470	Label	LAB_00424470
00424490	Label	LAB_00424490
00424518	Label	LAB_00424518
00424520	Label	LAB_00424520
0042459c	Label	LAB_0042459c
004245cc	Label	LAB_004245cc
004245e4	Label	LAB_004245e4
00424670	Label	LAB_00424670
004246ec	Label	LAB_004246ec
00424718	Label	LAB_00424718
00424734	Label	LAB_00424734
00424760	Label	LAB_00424760
004247a4	Label	LAB_004247a4
004247b0	Label	LAB_004247b0
00424808	Label	LAB_00424808
00424890	Label	LAB_00424890
0042489c	Label	LAB_0042489c
004248bc	Label	LAB_004248bc
004248e4	Label	LAB_004248e4
0042492c	Label	LAB_0042492c
0042496c	Label	LAB_0042496c
0042498c	Label	LAB_0042498c
004249e4	Label	LAB_004249e4
00424a10	Label	LAB_00424a10
00424a6c	Label	LAB_00424a6c
00424ac4	Label	LAB_00424ac4
00424b1c	Label	LAB_00424b1c
00424b5c	Label	LAB_00424b5c
00424bd8	Label	LAB_00424bd8
00424bf0	Label	LAB_00424bf0
00424c10	Label	LAB_00424c10
00424c38	Label	LAB_00424c38
00424c54	Label	LAB_00424c54
00424cc0	Label	LAB_00424cc0
00424cdc	Label	LAB_00424cdc
00424cf8	Label	LAB_00424cf8
00424d18	Label	LAB_00424d18
00424d3c	Label	LAB_00424d3c
00424d74	Label	LAB_00424d74
00424dc4	Label	LAB_00424dc4
00424dd0	Label	LAB_00424dd0
00424dd8	Label	LAB_00424dd8
00424e5c	Label	LAB_00424e5c
00424e7c	Label	LAB_00424e7c
00424ea4	Label	LAB_00424ea4
00424ec8	Label	LAB_00424ec8
00424ef4	Label	LAB_00424ef4
00424f14	Label	LAB_00424f14
00424f38	Label	LAB_00424f38
00424f60	Label	LAB_00424f60
00424f7c	Label	LAB_00424f7c
00424f90	Label	LAB_00424f90
00424fa8	Label	LAB_00424fa8
00424fc4	Label	LAB_00424fc4
00424fe8	Label	LAB_00424fe8
00425094	Label	LAB_00425094
00425100	Label	LAB_00425100
00425160	Label	LAB_00425160
0042519c	Label	LAB_0042519c
004251f0	Label	LAB_004251f0
00425210	Label	LAB_00425210
0042527c	Label	LAB_0042527c
004252c0	Label	LAB_004252c0
004252d8	Label	LAB_004252d8
004252e4	Label	LAB_004252e4
00425308	Label	LAB_00425308
004253d0	Label	LAB_004253d0
004253f0	Label	LAB_004253f0
0042540c	Label	LAB_0042540c
00425430	Label	LAB_00425430
00425434	Label	LAB_00425434
00425488	Label	LAB_00425488
004254bc	Label	LAB_004254bc
004254d4	Label	LAB_004254d4
00425500	Label	LAB_00425500
00425518	Label	LAB_00425518
00425548	Label	LAB_00425548
0042559c	Label	LAB_0042559c
004255dc	Label	LAB_004255dc
00425600	Label	LAB_00425600
00425670	Label	LAB_00425670
00425694	Label	LAB_00425694
004256b0	Label	LAB_004256b0
004256c0	Label	LAB_004256c0
004256c8	Label	LAB_004256c8
004256e8	Function	Mp3DecodeLoop
00425750	Label	LAB_00425750
0042576c	Label	LAB_0042576c
0042578c	Label	LAB_0042578c
00425804	Label	LAB_00425804
00425834	Label	LAB_00425834
0042585c	Label	LAB_0042585c
0042586c	Label	LAB_0042586c
00425878	Label	LAB_00425878
004258a4	Label	LAB_004258a4
004258d4	Label	LAB_004258d4
00425914	Function	AudioProcess
0042594c	Label	LAB_0042594c
00425968	Label	LAB_00425968
0042596c	Label	LAB_0042596c
00425998	Label	LAB_00425998
004259a8	Label	LAB_004259a8
004259d4	Label	LAB_004259d4
004259f4	Label	LAB_004259f4
00425a10	Label	LAB_00425a10
00425a38	Label	LAB_00425a38
00425a60	Label	LAB_00425a60
00425a7c	Label	LAB_00425a7c
00425aa4	Label	LAB_00425aa4
00425aa8	Label	LAB_00425aa8
00425ab8	Label	LAB_00425ab8
00425b6c	Label	LAB_00425b6c
00425b7c	Label	LAB_00425b7c
00425b90	Label	LAB_00425b90
00425ba4	Function	mui_SoundplayThread
00425bfc	Label	LAB_00425bfc
00425c04	Label	LAB_00425c04
00425c30	Label	LAB_00425c30
00425c60	Label	LAB_00425c60
00425ca0	Label	LAB_00425ca0
00425cb4	Function	LoadDefaultState
00425d70	Label	LAB_00425d70
00425d9c	Function	SaveDefaultState
00425e14	Label	LAB_00425e14
00425ea4	Label	LAB_00425ea4
00425f4c	Label	LAB_00425f4c
00425f64	Function	InitKeyMapping0fEmuType
00426044	Label	LAB_00426044
0042608c	Label	LAB_0042608c
00426090	Label	LAB_00426090
004260a8	Label	LAB_004260a8
004260d8	Label	LAB_004260d8
00426188	Label	LAB_00426188
004261cc	Label	LAB_004261cc
004261dc	Function	SaveKeyMappingConfigFile
004261f4	Function	blockadaptive
00426268	Label	LAB_00426268
004262a0	Label	LAB_004262a0
004262cc	Label	LAB_004262cc
004262d8	Label	LAB_004262d8
004262f8	Function	popwindows
004263d8	Label	LAB_004263d8
00426404	Label	LAB_00426404
00426410	Label	LAB_00426410
004264b4	Label	LAB_004264b4
004264d0	Label	LAB_004264d0
004264f8	Label	LAB_004264f8
00426504	Label	LAB_00426504
0042650c	Label	LAB_0042650c
00426514	Label	LAB_00426514
00426524	Label	LAB_00426524
00426534	Label	LAB_00426534
00426564	Label	LAB_00426564
00426570	Label	LAB_00426570
00426574	Label	LAB_00426574
004265b4	Label	LAB_004265b4
00426610	Label	LAB_00426610
0042663c	Label	LAB_0042663c
00426644	Label	LAB_00426644
00426648	Label	LAB_00426648
0042666c	Label	LAB_0042666c
00426680	Label	LAB_00426680
00426694	Label	LAB_00426694
004266c4	Label	LAB_004266c4
004266dc	Function	popoffwindows
00426734	Label	LAB_00426734
0042674c	Label	LAB_0042674c
004267a8	Label	LAB_004267a8
00426858	Label	LAB_00426858
00426874	Label	LAB_00426874
0042689c	Label	LAB_0042689c
004268a8	Label	LAB_004268a8
004268b0	Label	LAB_004268b0
004268b8	Label	LAB_004268b8
004268c8	Label	LAB_004268c8
004268d8	Label	LAB_004268d8
00426908	Label	LAB_00426908
00426914	Label	LAB_00426914
00426918	Label	LAB_00426918
00426968	Label	LAB_00426968
00426970	Label	LAB_00426970
00426974	Label	LAB_00426974
00426998	Label	LAB_00426998
004269ac	Label	LAB_004269ac
004269c0	Function	mui_popwindows
00426a9c	Label	LAB_00426a9c
00426ac4	Label	LAB_00426ac4
00426af8	Label	LAB_00426af8
00426c20	Label	LAB_00426c20
00426c50	Label	LAB_00426c50
00426c70	Function	mui_popoffwindows
00426d08	Label	LAB_00426d08
00426d18	Label	LAB_00426d18
00426d78	Label	LAB_00426d78
00426e78	Label	LAB_00426e78
00426eb4	Function	blockcopy
00426ef4	Label	LAB_00426ef4
00426f68	Label	LAB_00426f68
00426f80	Function	FUN_00426f80
00426fc4	Label	LAB_00426fc4
00426fd4	Label	LAB_00426fd4
00426fec	Label	LAB_00426fec
0042700c	Label	LAB_0042700c
00427038	Label	LAB_00427038
00427044	Label	LAB_00427044
00427058	Label	LAB_00427058
00427074	Label	LAB_00427074
004270b8	Label	LAB_004270b8
004270c0	Function	disp_state_tumble
004271bc	Label	LAB_004271bc
00427378	Label	LAB_00427378
00427394	Label	LAB_00427394
004273c8	Label	LAB_004273c8
004274a0	Label	LAB_004274a0
00427510	Function	mui_save_state
00427568	Label	LAB_00427568
00427574	Label	LAB_00427574
004276fc	Label	LAB_004276fc
004277d0	Label	LAB_004277d0
004277f4	Label	LAB_004277f4
00427800	Label	LAB_00427800
00427828	Label	LAB_00427828
00427840	Label	LAB_00427840
004278c8	Label	LAB_004278c8
00427934	Label	LAB_00427934
00427968	Label	LAB_00427968
0042798c	Label	LAB_0042798c
004279a0	Label	LAB_004279a0
004279d0	Label	LAB_004279d0
00427a0c	Label	LAB_00427a0c
00427acc	Label	LAB_00427acc
00427ae0	Label	LAB_00427ae0
00427b20	Label	LAB_00427b20
00427b60	Label	LAB_00427b60
00427bd8	Label	LAB_00427bd8
00427db4	Label	LAB_00427db4
00427dd8	Label	LAB_00427dd8
00427df4	Label	LAB_00427df4
00427e1c	Label	LAB_00427e1c
00427e34	Label	LAB_00427e34
00427e4c	Label	LAB_00427e4c
00427e70	Function	mui_load_state
00427f08	Label	LAB_00427f08
00428000	Label	LAB_00428000
0042809c	Label	LAB_0042809c
004280c0	Label	LAB_004280c0
004280cc	Label	LAB_004280cc
004280f4	Label	LAB_004280f4
00428128	Label	LAB_00428128
0042814c	Label	LAB_0042814c
004281d4	Label	LAB_004281d4
00428240	Label	LAB_00428240
00428274	Label	LAB_00428274
00428298	Label	LAB_00428298
004282ac	Label	LAB_004282ac
004282dc	Label	LAB_004282dc
00428318	Label	LAB_00428318
004283e0	Function	mui_game_exit
00428488	Label	LAB_00428488
00428494	Label	LAB_00428494
004284a0	Label	LAB_004284a0
00428620	Label	LAB_00428620
00428644	Label	LAB_00428644
00428670	Label	LAB_00428670
004286b0	Label	LAB_004286b0
004286fc	Label	LAB_004286fc
00428718	Label	LAB_00428718
00428740	Label	LAB_00428740
00428770	Label	LAB_00428770
00428868	Function	PauseMenu
004288ec	Label	LAB_004288ec
00428920	Label	LAB_00428920
00428954	Label	LAB_00428954
00428984	Label	LAB_00428984
004289bc	Label	LAB_004289bc
00428a00	Label	LAB_00428a00
00428a40	Label	LAB_00428a40
00428a64	Label	LAB_00428a64
00428b28	Label	LAB_00428b28
00428b34	Label	LAB_00428b34
00428b40	Label	LAB_00428b40
00428b88	Label	LAB_00428b88
00428be4	Label	LAB_00428be4
00428be8	Label	LAB_00428be8
00428d48	Label	LAB_00428d48
00428d70	Label	LAB_00428d70
00428d74	Label	LAB_00428d74
00428d98	Label	LAB_00428d98
00428dcc	Label	LAB_00428dcc
00428dd4	Label	LAB_00428dd4
00428df0	Label	LAB_00428df0
00428e00	Label	LAB_00428e00
00428e18	Label	LAB_00428e18
00428e44	Label	LAB_00428e44
00428ea4	Label	LAB_00428ea4
00428eb4	Label	LAB_00428eb4
00428ecc	Label	LAB_00428ecc
00428ef0	Label	LAB_00428ef0
00428f08	Label	LAB_00428f08
00428f18	Label	LAB_00428f18
00428f30	Label	LAB_00428f30
00428f68	Label	LAB_00428f68
00428f74	Label	LAB_00428f74
00428fac	Label	LAB_00428fac
00428fbc	Label	LAB_00428fbc
00428fcc	Label	LAB_00428fcc
00428fdc	Label	LAB_00428fdc
00428fe8	Label	LAB_00428fe8
00428ff0	Label	LAB_00428ff0
0042900c	Label	LAB_0042900c
0042901c	Label	LAB_0042901c
00429038	Label	LAB_00429038
00429078	Label	LAB_00429078
004290b0	Label	LAB_004290b0
004290c0	Label	LAB_004290c0
004290d8	Label	LAB_004290d8
0042912c	Label	LAB_0042912c
00429174	Label	LAB_00429174
00429188	Label	LAB_00429188
004291a0	Label	LAB_004291a0
004291bc	Label	LAB_004291bc
004291d8	Label	LAB_004291d8
004291e8	Label	LAB_004291e8
00429200	Label	LAB_00429200
00429214	Label	LAB_00429214
00429228	Label	LAB_00429228
00429238	Label	LAB_00429238
00429260	Label	LAB_00429260
0042926c	Label	LAB_0042926c
00429280	Label	LAB_00429280
0042928c	Label	LAB_0042928c
004292a0	Label	LAB_004292a0
004292ec	Label	LAB_004292ec
00429304	Label	LAB_00429304
0042935c	Label	LAB_0042935c
00429370	Label	LAB_00429370
004293a4	Label	LAB_004293a4
004293b4	Label	LAB_004293b4
004293c4	Label	LAB_004293c4
004293cc	Label	LAB_004293cc
00429414	Label	LAB_00429414
00429420	Label	LAB_00429420
00429434	Label	LAB_00429434
00429440	Label	LAB_00429440
00429454	Label	LAB_00429454
00429470	Label	LAB_00429470
0042947c	Label	LAB_0042947c
0042948c	Label	LAB_0042948c
004294a0	Label	LAB_004294a0
004294b0	Label	LAB_004294b0
004294c4	Label	LAB_004294c4
00429508	Function	spi_memcpy
00429510	Function	FUN_00429510
004295fc	Label	LAB_004295fc
00429678	Label	LAB_00429678
004296a8	Label	LAB_004296a8
004296b4	Label	LAB_004296b4
004296e8	Label	LAB_004296e8
00429768	Label	LAB_00429768
0042977c	Label	LAB_0042977c
004297b0	Function	joykey_explaned
00429800	Label	LAB_00429800
00429824	Label	LAB_00429824
0042982c	Label	LAB_0042982c
00429864	Label	LAB_00429864
00429874	Label	LAB_00429874
0042987c	Label	LAB_0042987c
00429898	Label	LAB_00429898
004298d8	Function	JoystickTest
00429948	Label	LAB_00429948
00429964	Label	LAB_00429964
00429a5c	Label	LAB_00429a5c
00429acc	Label	LAB_00429acc
00429ad0	Label	LAB_00429ad0
00429b98	Label	LAB_00429b98
00429c10	Label	LAB_00429c10
00429c28	Label	LAB_00429c28
00429c30	Label	LAB_00429c30
00429c38	Label	LAB_00429c38
00429c44	Label	LAB_00429c44
00429c64	Label	LAB_00429c64
00429c6c	Label	LAB_00429c6c
00429c70	Label	LAB_00429c70
00429c8c	Label	LAB_00429c8c
00429c94	Label	LAB_00429c94
00429ca4	Label	LAB_00429ca4
00429cb8	Label	LAB_00429cb8
00429cc8	Label	LAB_00429cc8
00429cd0	Label	LAB_00429cd0
00429ce4	Label	LAB_00429ce4
00429cf0	Label	LAB_00429cf0
00429cf8	Label	LAB_00429cf8
00429d0c	Label	LAB_00429d0c
00429d18	Label	LAB_00429d18
00429d20	Label	LAB_00429d20
00429d34	Label	LAB_00429d34
00429d40	Label	LAB_00429d40
00429d48	Label	LAB_00429d48
00429d5c	Label	LAB_00429d5c
00429d68	Label	LAB_00429d68
00429d70	Label	LAB_00429d70
00429d84	Label	LAB_00429d84
00429d90	Label	LAB_00429d90
00429d98	Label	LAB_00429d98
00429dac	Label	LAB_00429dac
00429db8	Label	LAB_00429db8
00429dc0	Label	LAB_00429dc0
00429dd4	Label	LAB_00429dd4
00429ddc	Label	LAB_00429ddc
00429de8	Label	LAB_00429de8
00429dfc	Label	LAB_00429dfc
00429e04	Label	LAB_00429e04
00429e08	Label	LAB_00429e08
00429e1c	Label	LAB_00429e1c
00429e24	Label	LAB_00429e24
00429e30	Label	LAB_00429e30
00429e50	Label	LAB_00429e50
00429e5c	Label	LAB_00429e5c
00429e64	Label	LAB_00429e64
00429e78	Label	LAB_00429e78
00429e80	Label	LAB_00429e80
00429e90	Label	LAB_00429e90
00429ea4	Label	LAB_00429ea4
00429eb4	Label	LAB_00429eb4
00429ebc	Label	LAB_00429ebc
00429ed0	Label	LAB_00429ed0
00429edc	Label	LAB_00429edc
00429ee4	Label	LAB_00429ee4
00429ef8	Label	LAB_00429ef8
00429f04	Label	LAB_00429f04
00429f0c	Label	LAB_00429f0c
00429f20	Label	LAB_00429f20
00429f2c	Label	LAB_00429f2c
00429f34	Label	LAB_00429f34
00429f48	Label	LAB_00429f48
00429f54	Label	LAB_00429f54
00429f5c	Label	LAB_00429f5c
00429f70	Label	LAB_00429f70
00429f7c	Label	LAB_00429f7c
00429f84	Label	LAB_00429f84
00429f98	Label	LAB_00429f98
00429fa4	Label	LAB_00429fa4
00429fac	Label	LAB_00429fac
00429fc0	Label	LAB_00429fc0
00429fd0	Label	LAB_00429fd0
00429fdc	Label	LAB_00429fdc
00429fe8	Label	LAB_00429fe8
00429ff8	Label	LAB_00429ff8
0042a000	Label	LAB_0042a000
0042a028	Label	LAB_0042a028
0042a054	Label	LAB_0042a054
0042a080	Label	LAB_0042a080
0042a09c	Label	LAB_0042a09c
0042a0d8	Label	LAB_0042a0d8
0042a0f8	Label	LAB_0042a0f8
0042a118	Label	LAB_0042a118
0042a138	Label	LAB_0042a138
0042a154	Label	LAB_0042a154
0042a174	Label	LAB_0042a174
0042a190	Label	LAB_0042a190
0042a1ac	Label	LAB_0042a1ac
0042a1c8	Label	LAB_0042a1c8
0042a1e4	Label	LAB_0042a1e4
0042a200	Label	LAB_0042a200
0042a21c	Label	LAB_0042a21c
0042a238	Label	LAB_0042a238
0042a254	Label	LAB_0042a254
0042a270	Label	LAB_0042a270
0042a28c	Label	LAB_0042a28c
0042a2a8	Label	LAB_0042a2a8
0042a2c4	Label	LAB_0042a2c4
0042a2e0	Label	LAB_0042a2e0
0042a2fc	Label	LAB_0042a2fc
0042a30c	Label	LAB_0042a30c
0042a328	Label	LAB_0042a328
0042a334	Label	LAB_0042a334
0042a350	Label	LAB_0042a350
0042a35c	Label	LAB_0042a35c
0042a378	Label	LAB_0042a378
0042a384	Label	LAB_0042a384
0042a3a0	Label	LAB_0042a3a0
0042a3ac	Label	LAB_0042a3ac
0042a3c8	Label	LAB_0042a3c8
0042a3d4	Label	LAB_0042a3d4
0042a3f0	Label	LAB_0042a3f0
0042a3fc	Label	LAB_0042a3fc
0042a418	Label	LAB_0042a418
0042a424	Label	LAB_0042a424
0042a440	Label	LAB_0042a440
0042a44c	Label	LAB_0042a44c
0042a46c	Label	LAB_0042a46c
0042a490	Label	LAB_0042a490
0042a4b4	Label	LAB_0042a4b4
0042a4d4	Label	LAB_0042a4d4
0042a4f8	Label	LAB_0042a4f8
0042a51c	Label	LAB_0042a51c
0042a540	Label	LAB_0042a540
0042a564	Label	LAB_0042a564
0042a580	Label	LAB_0042a580
0042a58c	Label	LAB_0042a58c
0042a5a8	Label	LAB_0042a5a8
0042a5b8	Label	LAB_0042a5b8
0042a5d4	Label	LAB_0042a5d4
0042a5e0	Label	LAB_0042a5e0
0042a5fc	Label	LAB_0042a5fc
0042a608	Label	LAB_0042a608
0042a624	Label	LAB_0042a624
0042a630	Label	LAB_0042a630
0042a64c	Label	LAB_0042a64c
0042a658	Label	LAB_0042a658
0042a674	Label	LAB_0042a674
0042a680	Label	LAB_0042a680
0042a69c	Label	LAB_0042a69c
0042a6a8	Label	LAB_0042a6a8
0042a6c4	Label	LAB_0042a6c4
0042a6d0	Label	LAB_0042a6d0
0042a6e4	Label	LAB_0042a6e4
0042a6f8	Label	LAB_0042a6f8
0042a70c	Label	LAB_0042a70c
0042a710	Label	LAB_0042a710
0042a71c	Label	LAB_0042a71c
0042a724	Label	LAB_0042a724
0042a748	Label	LAB_0042a748
0042a76c	Label	LAB_0042a76c
0042a790	Label	LAB_0042a790
0042a7b4	Label	LAB_0042a7b4
0042a7d8	Label	LAB_0042a7d8
0042a7fc	Label	LAB_0042a7fc
0042a820	Label	LAB_0042a820
0042a844	Label	LAB_0042a844
0042a858	Label	LAB_0042a858
0042a874	Label	LAB_0042a874
0042a898	Label	LAB_0042a898
0042a8bc	Label	LAB_0042a8bc
0042a8e0	Label	LAB_0042a8e0
0042a904	Label	LAB_0042a904
0042a928	Label	LAB_0042a928
0042a94c	Label	LAB_0042a94c
0042a960	Label	LAB_0042a960
0042a990	Label	LAB_0042a990
0042a9a8	Label	LAB_0042a9a8
0042a9c0	Label	LAB_0042a9c0
0042a9fc	Label	LAB_0042a9fc
0042aa04	Label	LAB_0042aa04
0042aa18	Label	LAB_0042aa18
0042aa38	Label	LAB_0042aa38
0042aa60	Label	LAB_0042aa60
0042aa8c	Label	LAB_0042aa8c
0042aab4	Label	LAB_0042aab4
0042aae4	Label	LAB_0042aae4
0042ab00	Label	LAB_0042ab00
0042ab20	Label	LAB_0042ab20
0042ab3c	Label	LAB_0042ab3c
0042ab58	Label	LAB_0042ab58
0042ab74	Label	LAB_0042ab74
0042abe8	Label	LAB_0042abe8
0042abfc	Label	LAB_0042abfc
0042ac54	Label	LAB_0042ac54
0042acac	Label	LAB_0042acac
0042acbc	Label	LAB_0042acbc
0042accc	Label	LAB_0042accc
0042acd4	Label	LAB_0042acd4
0042ad08	Label	LAB_0042ad08
0042ad54	Function	FUN_0042ad54
0042ae74	Label	LAB_0042ae74
0042aef4	Label	LAB_0042aef4
0042af14	Label	LAB_0042af14
0042af44	Function	FUN_0042af44
0042af5c	Function	mui_SaveScreen
0042b078	Label	LAB_0042b078
0042b0f8	Label	LAB_0042b0f8
0042b118	Label	LAB_0042b118
0042b148	Function	mui_Restore
0042b1b0	Label	LAB_0042b1b0
0042b1f4	Label	LAB_0042b1f4
0042b294	Label	LAB_0042b294
0042b2b0	Label	LAB_0042b2b0
0042b34c	Label	LAB_0042b34c
0042b428	Label	LAB_0042b428
0042b4bc	Function	mui_GetScreen
0042b4d4	Function	FUN_0042b4d4
0042b4ec	Function	FUN_0042b4ec
0042b60c	Label	LAB_0042b60c
0042b68c	Label	LAB_0042b68c
0042b6ac	Label	LAB_0042b6ac
0042b6dc	Function	progress
0042b6fc	Label	LAB_0042b6fc
0042b7b4	Label	LAB_0042b7b4
0042b7b8	Label	LAB_0042b7b8
0042b86c	Label	LAB_0042b86c
0042b8a0	Label	LAB_0042b8a0
0042b904	Function	FlyOut_LR
0042b9b4	Label	LAB_0042b9b4
0042b9e4	Label	LAB_0042b9e4
0042ba1c	Label	LAB_0042ba1c
0042ba64	Label	LAB_0042ba64
0042ba9c	Function	FUN_0042ba9c
0042bb24	Label	LAB_0042bb24
0042bb44	Label	LAB_0042bb44
0042bb54	Label	LAB_0042bb54
0042bc34	Label	LAB_0042bc34
0042bc48	Label	LAB_0042bc48
0042bd70	Label	LAB_0042bd70
0042bdbc	Label	LAB_0042bdbc
0042be54	Label	LAB_0042be54
0042be58	Label	LAB_0042be58
0042be60	Label	LAB_0042be60
0042be74	Label	LAB_0042be74
0042be88	Label	LAB_0042be88
0042be8c	Label	LAB_0042be8c
0042bec4	Label	LAB_0042bec4
0042bec8	Label	LAB_0042bec8
0042bf04	Label	LAB_0042bf04
0042bf34	Label	LAB_0042bf34
0042bf38	Label	LAB_0042bf38
0042bf58	Label	LAB_0042bf58
0042bf7c	Label	LAB_0042bf7c
0042bfe0	Label	LAB_0042bfe0
0042c05c	Label	LAB_0042c05c
0042c09c	Label	LAB_0042c09c
0042c0b4	Label	LAB_0042c0b4
0042c0d0	Label	LAB_0042c0d0
0042c0dc	Label	LAB_0042c0dc
0042c158	Label	LAB_0042c158
0042c18c	Label	LAB_0042c18c
0042c1b0	Label	LAB_0042c1b0
0042c228	Label	LAB_0042c228
0042c24c	Label	LAB_0042c24c
0042c29c	Label	LAB_0042c29c
0042c2ec	Label	LAB_0042c2ec
0042c318	Label	LAB_0042c318
0042c33c	Label	LAB_0042c33c
0042c340	Label	LAB_0042c340
0042c354	Label	LAB_0042c354
0042c36c	Label	LAB_0042c36c
0042c370	Label	LAB_0042c370
0042c388	Label	LAB_0042c388
0042c3d8	Label	LAB_0042c3d8
0042c3fc	Label	LAB_0042c3fc
0042c400	Label	LAB_0042c400
0042c420	Label	LAB_0042c420
0042c42c	Label	LAB_0042c42c
0042c438	Label	LAB_0042c438
0042c458	Label	LAB_0042c458
0042c48c	Label	LAB_0042c48c
0042c4ac	Label	LAB_0042c4ac
0042c4e0	Label	LAB_0042c4e0
0042c4ec	Label	LAB_0042c4ec
0042c500	Label	LAB_0042c500
0042c540	Label	LAB_0042c540
0042c55c	Label	LAB_0042c55c
0042c5b0	Label	LAB_0042c5b0
0042c670	Label	LAB_0042c670
0042c698	Label	LAB_0042c698
0042c6a4	Label	LAB_0042c6a4
0042c6c0	Label	LAB_0042c6c0
0042c704	Label	LAB_0042c704
0042c71c	Label	LAB_0042c71c
0042c740	Function	FUN_0042c740
0042c7c4	Label	LAB_0042c7c4
0042c7dc	Label	LAB_0042c7dc
0042c7ec	Label	LAB_0042c7ec
0042c8b0	Label	LAB_0042c8b0
0042c950	Label	LAB_0042c950
0042c9b0	Label	LAB_0042c9b0
0042ca84	Label	LAB_0042ca84
0042cab0	Label	LAB_0042cab0
0042cac8	Label	LAB_0042cac8
0042cb10	Label	LAB_0042cb10
0042cb58	Label	LAB_0042cb58
0042cb70	Label	LAB_0042cb70
0042cb88	Label	LAB_0042cb88
0042cb94	Label	LAB_0042cb94
0042cc1c	Label	LAB_0042cc1c
0042cc78	Label	LAB_0042cc78
0042cc9c	Label	LAB_0042cc9c
0042cdc4	Label	LAB_0042cdc4
0042ce2c	Label	LAB_0042ce2c
0042ce40	Label	LAB_0042ce40
0042cfa4	Label	LAB_0042cfa4
0042cfb4	Label	LAB_0042cfb4
0042cfd4	Label	LAB_0042cfd4
0042cfec	Label	LAB_0042cfec
0042cff0	Label	LAB_0042cff0
0042cff8	Label	LAB_0042cff8
0042d034	Label	LAB_0042d034
0042d0b8	Label	LAB_0042d0b8
0042d0f4	Label	LAB_0042d0f4
0042d124	Label	LAB_0042d124
0042d144	Label	LAB_0042d144
0042d148	Label	LAB_0042d148
0042d158	Label	LAB_0042d158
0042d164	Label	LAB_0042d164
0042d178	Label	LAB_0042d178
0042d18c	Label	LAB_0042d18c
0042d190	Label	LAB_0042d190
0042d1c8	Label	LAB_0042d1c8
0042d1cc	Label	LAB_0042d1cc
0042d218	Label	LAB_0042d218
0042d22c	Label	LAB_0042d22c
0042d240	Label	LAB_0042d240
0042d25c	Label	LAB_0042d25c
0042d284	Label	LAB_0042d284
0042d2cc	Label	LAB_0042d2cc
0042d348	Label	LAB_0042d348
0042d36c	Label	LAB_0042d36c
0042d3bc	Label	LAB_0042d3bc
0042d40c	Label	LAB_0042d40c
0042d438	Label	LAB_0042d438
0042d4b0	Label	LAB_0042d4b0
0042d4e4	Label	LAB_0042d4e4
0042d52c	Label	LAB_0042d52c
0042d58c	Label	LAB_0042d58c
0042d5ac	Label	LAB_0042d5ac
0042d5b0	Label	LAB_0042d5b0
0042d680	Label	LAB_0042d680
0042d6a4	Label	LAB_0042d6a4
0042d6ac	Label	LAB_0042d6ac
0042d6b8	Label	LAB_0042d6b8
0042d704	Label	LAB_0042d704
0042d728	Label	LAB_0042d728
0042d72c	Label	LAB_0042d72c
0042d748	Label	LAB_0042d748
0042d750	Label	LAB_0042d750
0042d758	Label	LAB_0042d758
0042d7e0	Label	LAB_0042d7e0
0042d814	Label	LAB_0042d814
0042d848	Label	LAB_0042d848
0042d854	Label	LAB_0042d854
0042d870	Label	LAB_0042d870
0042d8b4	Label	LAB_0042d8b4
0042d8c0	Label	LAB_0042d8c0
0042d8d0	Label	LAB_0042d8d0
0042d8e0	Label	LAB_0042d8e0
0042d914	Label	LAB_0042d914
0042d9a0	Label	LAB_0042d9a0
0042d9cc	Label	LAB_0042d9cc
0042da10	Label	LAB_0042da10
0042da28	Label	LAB_0042da28
0042da40	Label	LAB_0042da40
0042da64	Label	LAB_0042da64
0042da80	Label	LAB_0042da80
0042da98	Label	LAB_0042da98
0042daa8	Label	LAB_0042daa8
0042dab0	Label	LAB_0042dab0
0042dabc	Label	LAB_0042dabc
0042dac8	Label	LAB_0042dac8
0042dad4	Label	LAB_0042dad4
0042db04	Label	LAB_0042db04
0042db14	Label	LAB_0042db14
0042db28	Label	LAB_0042db28
0042db40	Label	LAB_0042db40
0042db58	Label	LAB_0042db58
0042db74	Label	LAB_0042db74
0042dbbc	Label	LAB_0042dbbc
0042dbd0	Label	LAB_0042dbd0
0042dbf8	Label	LAB_0042dbf8
0042dc10	Label	LAB_0042dc10
0042dc24	Label	LAB_0042dc24
0042dc38	Label	LAB_0042dc38
0042dc50	Label	LAB_0042dc50
0042dc68	Function	FUN_0042dc68
0042dce4	Label	LAB_0042dce4
0042dcf8	Label	LAB_0042dcf8
0042dd08	Label	LAB_0042dd08
0042dda4	Label	LAB_0042dda4
0042ddbc	Label	LAB_0042ddbc
0042ddcc	Label	LAB_0042ddcc
0042de84	Label	LAB_0042de84
0042deb0	Label	LAB_0042deb0
0042dec8	Label	LAB_0042dec8
0042df14	Label	LAB_0042df14
0042df68	Label	LAB_0042df68
0042df74	Label	LAB_0042df74
0042df88	Label	LAB_0042df88
0042df9c	Label	LAB_0042df9c
0042dfa0	Label	LAB_0042dfa0
0042dfd8	Label	LAB_0042dfd8
0042dfdc	Label	LAB_0042dfdc
0042e024	Label	LAB_0042e024
0042e038	Label	LAB_0042e038
0042e048	Label	LAB_0042e048
0042e064	Label	LAB_0042e064
0042e08c	Label	LAB_0042e08c
0042e0dc	Label	LAB_0042e0dc
0042e158	Label	LAB_0042e158
0042e198	Label	LAB_0042e198
0042e1b0	Label	LAB_0042e1b0
0042e1c8	Label	LAB_0042e1c8
0042e1d4	Label	LAB_0042e1d4
0042e258	Label	LAB_0042e258
0042e290	Label	LAB_0042e290
0042e2bc	Label	LAB_0042e2bc
0042e2cc	Label	LAB_0042e2cc
0042e2e8	Label	LAB_0042e2e8
0042e36c	Label	LAB_0042e36c
0042e384	Label	LAB_0042e384
0042e3fc	Label	LAB_0042e3fc
0042e474	Label	LAB_0042e474
0042e498	Label	LAB_0042e498
0042e4e8	Label	LAB_0042e4e8
0042e538	Label	LAB_0042e538
0042e564	Label	LAB_0042e564
0042e57c	Label	LAB_0042e57c
0042e580	Label	LAB_0042e580
0042e594	Label	LAB_0042e594
0042e5f4	Label	LAB_0042e5f4
0042e614	Label	LAB_0042e614
0042e660	Label	LAB_0042e660
0042e664	Label	LAB_0042e664
0042e738	Label	LAB_0042e738
0042e760	Label	LAB_0042e760
0042e768	Label	LAB_0042e768
0042e770	Label	LAB_0042e770
0042e7a4	Label	LAB_0042e7a4
0042e7f0	Label	LAB_0042e7f0
0042e800	Label	LAB_0042e800
0042e824	Label	LAB_0042e824
0042e828	Label	LAB_0042e828
0042e840	Label	LAB_0042e840
0042e848	Label	LAB_0042e848
0042e850	Label	LAB_0042e850
0042e884	Label	LAB_0042e884
0042e964	Label	LAB_0042e964
0042e980	Label	LAB_0042e980
0042e9b4	Label	LAB_0042e9b4
0042e9c0	Label	LAB_0042e9c0
0042e9f4	Label	LAB_0042e9f4
0042ea10	Label	LAB_0042ea10
0042ea5c	Label	LAB_0042ea5c
0042eae8	Label	LAB_0042eae8
0042eb0c	Label	LAB_0042eb0c
0042eb30	Label	LAB_0042eb30
0042eb74	Label	LAB_0042eb74
0042eb8c	Function	FUN_0042eb8c
0042ec98	Label	LAB_0042ec98
0042ecac	Label	LAB_0042ecac
0042eccc	Label	LAB_0042eccc
0042eddc	Label	LAB_0042eddc
0042ee44	Label	LAB_0042ee44
0042eee0	Label	LAB_0042eee0
0042ef1c	Label	LAB_0042ef1c
0042f070	Label	LAB_0042f070
0042f09c	Label	LAB_0042f09c
0042f0e8	Label	LAB_0042f0e8
0042f1c4	Label	LAB_0042f1c4
0042f200	Label	LAB_0042f200
0042f2dc	Label	LAB_0042f2dc
0042f2e8	Label	LAB_0042f2e8
0042f2fc	Label	LAB_0042f2fc
0042f310	Label	LAB_0042f310
0042f314	Label	LAB_0042f314
0042f34c	Label	LAB_0042f34c
0042f350	Label	LAB_0042f350
0042f410	Label	LAB_0042f410
0042f454	Label	LAB_0042f454
0042f470	Label	LAB_0042f470
0042f480	Label	LAB_0042f480
0042f484	Label	LAB_0042f484
0042f48c	Label	LAB_0042f48c
0042f490	Label	LAB_0042f490
0042f4a0	Label	LAB_0042f4a0
0042f4a4	Label	LAB_0042f4a4
0042f4c4	Label	LAB_0042f4c4
0042f4e8	Label	LAB_0042f4e8
0042f528	Label	LAB_0042f528
0042f540	Label	LAB_0042f540
0042f5dc	Label	LAB_0042f5dc
0042f60c	Label	LAB_0042f60c
0042f6c0	Label	LAB_0042f6c0
0042f6f0	Label	LAB_0042f6f0
0042f710	Label	LAB_0042f710
0042f730	Label	LAB_0042f730
0042f734	Label	LAB_0042f734
0042f744	Label	LAB_0042f744
0042f758	Label	LAB_0042f758
0042f7c4	Label	LAB_0042f7c4
0042f80c	Label	LAB_0042f80c
0042f844	Label	LAB_0042f844
0042f850	Label	LAB_0042f850
0042f94c	Label	LAB_0042f94c
0042f958	Label	LAB_0042f958
0042f9a0	Label	LAB_0042f9a0
0042fa80	Label	LAB_0042fa80
0042fa88	Label	LAB_0042fa88
0042fa94	Label	LAB_0042fa94
0042faac	Label	LAB_0042faac
0042fad0	Label	LAB_0042fad0
0042fb08	Label	LAB_0042fb08
0042fb10	Label	LAB_0042fb10
0042fb1c	Label	LAB_0042fb1c
0042fbf0	Label	LAB_0042fbf0
0042fcbc	Label	LAB_0042fcbc
0042fcc8	Label	LAB_0042fcc8
0042fcdc	Label	LAB_0042fcdc
0042fcec	Label	LAB_0042fcec
0042fcf8	Label	LAB_0042fcf8
0042fd28	Label	LAB_0042fd28
0042fd30	Label	LAB_0042fd30
0042fd4c	Label	LAB_0042fd4c
0042fd6c	Label	LAB_0042fd6c
0042fdc4	Label	LAB_0042fdc4
0042fe94	Label	LAB_0042fe94
0042feb4	Label	LAB_0042feb4
0042feb8	Label	LAB_0042feb8
0042ff20	Label	LAB_0042ff20
0042ff4c	Label	LAB_0042ff4c
0042ff88	Label	LAB_0042ff88
00430000	Label	LAB_00430000
00430058	Label	LAB_00430058
004300f4	Label	LAB_004300f4
00430130	Label	LAB_00430130
00430150	Label	LAB_00430150
004301a0	Label	LAB_004301a0
004301b0	Function	FUN_004301b0
00430364	Label	LAB_00430364
00430380	Label	LAB_00430380
0043039c	Label	LAB_0043039c
004303b0	Label	LAB_004303b0
004303e0	Label	LAB_004303e0
00430434	Label	LAB_00430434
004304dc	Label	LAB_004304dc
004304e0	Label	LAB_004304e0
00430500	Label	LAB_00430500
00430510	Label	LAB_00430510
004305d8	Label	LAB_004305d8
00430608	Label	LAB_00430608
004306a4	Label	LAB_004306a4
004306fc	Label	LAB_004306fc
004307cc	Label	LAB_004307cc
004307d8	Label	LAB_004307d8
004307e4	Label	LAB_004307e4
00430814	Label	LAB_00430814
00430864	Label	LAB_00430864
00430878	Label	LAB_00430878
00430894	Label	LAB_00430894
00430898	Label	LAB_00430898
004308b8	Label	LAB_004308b8
004308dc	Label	LAB_004308dc
00430920	Label	LAB_00430920
00430958	Label	LAB_00430958
004309ec	Label	LAB_004309ec
00430a2c	Label	LAB_00430a2c
00430a44	Label	LAB_00430a44
00430a5c	Label	LAB_00430a5c
00430a68	Label	LAB_00430a68
00430a88	Label	LAB_00430a88
00430a9c	Label	LAB_00430a9c
00430aa0	Label	LAB_00430aa0
00430ad8	Label	LAB_00430ad8
00430adc	Label	LAB_00430adc
00430b2c	Label	LAB_00430b2c
00430b6c	Label	LAB_00430b6c
00430b94	Label	LAB_00430b94
00430bd8	Label	LAB_00430bd8
00430c48	Label	LAB_00430c48
00430c80	Label	LAB_00430c80
00430cb8	Label	LAB_00430cb8
00430d4c	Label	LAB_00430d4c
00430d70	Label	LAB_00430d70
00430d88	Label	LAB_00430d88
00430da0	Label	LAB_00430da0
00430dcc	Label	LAB_00430dcc
00430de0	Label	LAB_00430de0
00430e64	Label	LAB_00430e64
00430eb0	Label	LAB_00430eb0
00430eb4	Label	LAB_00430eb4
00430f7c	Label	LAB_00430f7c
00430fcc	Label	LAB_00430fcc
00430fd8	Label	LAB_00430fd8
00430ff8	Label	LAB_00430ff8
00431028	Label	LAB_00431028
00431058	Label	LAB_00431058
00431084	Label	LAB_00431084
004310a4	Label	LAB_004310a4
004310f0	Label	LAB_004310f0
00431114	Label	LAB_00431114
00431134	Label	LAB_00431134
00431164	Label	LAB_00431164
00431170	Label	LAB_00431170
004311ac	Label	LAB_004311ac
004311d4	Label	LAB_004311d4
004311d8	Label	LAB_004311d8
00431208	Label	LAB_00431208
00431224	Label	LAB_00431224
00431278	Label	LAB_00431278
004312bc	Label	LAB_004312bc
004312d4	Function	main_menu
004313fc	Label	LAB_004313fc
0043143c	Label	LAB_0043143c
004314d0	Label	LAB_004314d0
00431580	Label	switchD_00431630::caseD_431580
00431584	Label	LAB_00431584
0043158c	Label	LAB_0043158c
004315a4	Label	LAB_004315a4
004315b0	Label	LAB_004315b0
00431630	Label	switchD_00431630::switchD
00431638	Label	switchD_00431630::caseD_431638
0043164c	Label	switchD_00431630::caseD_43164c
00431660	Label	switchD_00431630::caseD_431660
00431674	Label	switchD_00431630::caseD_431674
00431688	Label	switchD_00431630::caseD_431688
0043169c	Label	switchD_00431630::caseD_43169c
004316e0	Label	switchD_00431630::caseD_4316e0
004316f4	Label	LAB_004316f4
00431704	Label	LAB_00431704
00431724	Label	LAB_00431724
00431730	Label	LAB_00431730
0043173c	Function	GetGameSum
00431774	Label	LAB_00431774
00431788	Label	LAB_00431788
004317a4	Label	LAB_004317a4
004317c0	Label	LAB_004317c0
004317e4	Label	LAB_004317e4
00431818	Label	LAB_00431818
00431838	Label	LAB_00431838
00431930	Label	LAB_00431930
00431960	Function	PlayFrame
00431994	Function	gpsp_unzip
00431a98	Label	LAB_00431a98
00431a9c	Label	LAB_00431a9c
00431ab8	Label	LAB_00431ab8
00431acc	Label	LAB_00431acc
00431af4	Function	environment
00431b58	Label	LAB_00431b58
00431b5c	Label	LAB_00431b5c
00431b74	Label	LAB_00431b74
00431bb0	Label	LAB_00431bb0
00431bcc	Label	LAB_00431bcc
00431bf4	Label	LAB_00431bf4
00431c08	Label	LAB_00431c08
00431c70	Label	LAB_00431c70
00431cc0	Label	LAB_00431cc0
00431ce8	Label	LAB_00431ce8
00431d08	Label	LAB_00431d08
00431d2c	Label	LAB_00431d2c
00431d58	Label	LAB_00431d58
00431d78	Label	LAB_00431d78
00431da4	Label	LAB_00431da4
00431db8	Label	LAB_00431db8
00431dcc	Label	LAB_00431dcc
00431e18	Label	LAB_00431e18
00431e20	Function	joystick_poll
00431e58	Label	LAB_00431e58
00431e78	Label	LAB_00431e78
00431eac	Label	LAB_00431eac
00431eb8	Function	pcsx_Thread
00431f08	Function	joystick_input
00431f44	Label	LAB_00431f44
00431f5c	Label	LAB_00431f5c
00431f78	Label	LAB_00431f78
00431fb0	Label	LAB_00431fb0
00431fcc	Label	LAB_00431fcc
00431fe8	Label	LAB_00431fe8
00432008	Label	LAB_00432008
00432018	Function	FUN_00432018
0043205c	Label	LAB_0043205c
004320d8	Function	UIDebug
0043211c	Label	LAB_0043211c
00432148	Label	LAB_00432148
004321c4	Label	LAB_004321c4
00432234	Label	LAB_00432234
0043224c	Label	LAB_0043224c
0043225c	Label	LAB_0043225c
00432270	Label	LAB_00432270
00432298	Label	LAB_00432298
004322b4	Label	LAB_004322b4
004322d4	Label	LAB_004322d4
004322e0	Label	LAB_004322e0
004322e8	Function	DrawFrame
00432394	Label	LAB_00432394
004323c0	Label	LAB_004323c0
004323ec	Label	LAB_004323ec
004323f4	Label	LAB_004323f4
0043240c	Label	LAB_0043240c
00432414	Label	LAB_00432414
00432438	Label	LAB_00432438
0043244c	Label	LAB_0043244c
00432458	Label	LAB_00432458
0043247c	Label	LAB_0043247c
00432488	Label	LAB_00432488
0043249c	Label	LAB_0043249c
004324a8	Label	LAB_004324a8
004324ac	Label	LAB_004324ac
004324bc	Label	LAB_004324bc
004324fc	Label	LAB_004324fc
00432508	Label	LAB_00432508
0043251c	Label	LAB_0043251c
00432530	Label	LAB_00432530
00432538	Function	rgb8888_to_rgb565
00432544	Label	LAB_00432544
0043258c	Label	LAB_0043258c
00432594	Function	GetCoreIndex
004325d8	Label	LAB_004325d8
004325f4	Label	LAB_004325f4
0043260c	Label	LAB_0043260c
00432634	Label	LAB_00432634
0043267c	Function	GetFilenameExt
004326cc	Label	LAB_004326cc
004326d8	Label	LAB_004326d8
004326e8	Label	LAB_004326e8
004326fc	Label	LAB_004326fc
00432700	Label	LAB_00432700
00432710	Function	extract_basepath
00432758	Label	LAB_00432758
0043277c	Label	LAB_0043277c
00432790	Label	LAB_00432790
004327bc	Function	get_filetype
00432858	Label	LAB_00432858
0043286c	Label	LAB_0043286c
00432870	Label	LAB_00432870
00432890	Label	LAB_00432890
00432968	Label	LAB_00432968
0043297c	Label	LAB_0043297c
0043299c	Label	LAB_0043299c
004329b8	Function	gameType
004329d8	Label	LAB_004329d8
004329f0	Label	LAB_004329f0
004329f8	Function	init_user_joy_key_mask
00432a50	Label	LAB_00432a50
00432a60	Label	LAB_00432a60
00432a7c	Label	LAB_00432a7c
00432aa0	Label	LAB_00432aa0
00432abc	Label	LAB_00432abc
00432ac4	Label	LAB_00432ac4
00432ac8	Label	LAB_00432ac8
00432ae4	Label	LAB_00432ae4
00432b10	Label	LAB_00432b10
00432b40	Label	LAB_00432b40
00432b54	Label	LAB_00432b54
00432b64	Label	LAB_00432b64
00432ba0	Label	LAB_00432ba0
00432bc0	Label	LAB_00432bc0
00432bd4	Label	LAB_00432bd4
00432be4	Label	LAB_00432be4
00432bf0	Label	LAB_00432bf0
00432c00	Label	LAB_00432c00
00432c10	Label	LAB_00432c10
00432c20	Function	TurboKeyProcess
00432c50	Label	LAB_00432c50
00432c60	Label	LAB_00432c60
00432c88	Label	LAB_00432c88
00432c9c	Label	LAB_00432c9c
00432cc0	Label	LAB_00432cc0
00432ccc	Label	LAB_00432ccc
00432cdc	Label	LAB_00432cdc
00432d04	Label	LAB_00432d04
00432d1c	Label	LAB_00432d1c
00432d24	Label	LAB_00432d24
00432d44	Label	LAB_00432d44
00432d50	Label	LAB_00432d50
00432dd4	Label	LAB_00432dd4
00432de0	Label	LAB_00432de0
00432e00	Label	LAB_00432e00
00432e14	Label	LAB_00432e14
00432e30	Label	LAB_00432e30
00432e50	Label	LAB_00432e50
00432e70	Label	LAB_00432e70
00432e90	Function	run_process
00432ef0	Label	LAB_00432ef0
00432f04	Label	LAB_00432f04
00432f24	Label	LAB_00432f24
00432f40	Function	RetroInitSound
00432f48	Function	Load_Proc1
00432fd8	Label	LAB_00432fd8
00432ff4	Label	LAB_00432ff4
00432ff8	Label	LAB_00432ff8
00433008	Label	LAB_00433008
00433094	Label	LAB_00433094
004330b8	Label	LAB_004330b8
004330f0	Function	Load_Proc2
004331f8	Label	LAB_004331f8
0043320c	Label	LAB_0043320c
00433290	Label	LAB_00433290
004332a8	Label	LAB_004332a8
004332d4	Label	LAB_004332d4
00433320	Label	LAB_00433320
00433360	Label	LAB_00433360
00433370	Label	LAB_00433370
0043339c	Label	LAB_0043339c
0043345c	Label	LAB_0043345c
00433468	Label	LAB_00433468
00433474	Label	LAB_00433474
004334cc	Label	LAB_004334cc
004334d8	Label	LAB_004334d8
00433528	Label	LAB_00433528
0043352c	Label	LAB_0043352c
00433598	Label	LAB_00433598
004335f0	Label	LAB_004335f0
00433630	Function	FUN_00433630
004336cc	Label	LAB_004336cc
004336d0	Label	LAB_004336d0
004336e8	Label	LAB_004336e8
00433718	Label	LAB_00433718
00433760	Label	LAB_00433760
00433778	Label	LAB_00433778
00433844	Label	LAB_00433844
00433858	Label	LAB_00433858
00433870	Label	LAB_00433870
00433884	Label	LAB_00433884
00433ff0	Function	FUN_00433ff0
00434028	Label	LAB_00434028
00434034	Label	LAB_00434034
00434068	Label	LAB_00434068
0043408c	Function	FUN_0043408c
004340c4	Label	LAB_004340c4
004340d0	Label	LAB_004340d0
00434104	Label	LAB_00434104
00434128	Function	FUN_00434128
00434168	Label	LAB_00434168
00434174	Label	LAB_00434174
004341a4	Label	LAB_004341a4
004341ac	Label	LAB_004341ac
004341cc	Function	wise_mem_deinit
0043420c	Label	LAB_0043420c
00434248	Label	LAB_00434248
0043426c	Function	wise_mem_init
00434274	Function	FUN_00434274
00434280	Function	FUN_00434280
0043431c	Label	LAB_0043431c
00434340	Function	FUN_00434340
00434378	Function	FUN_00434378
0043439c	Label	LAB_0043439c
004343a4	Function	PCSX_Load
00434440	Label	LAB_00434440
00434460	Function	FBA_Load
004345b4	Label	LAB_004345b4
004345fc	Label	LAB_004345fc
00434630	Label	LAB_00434630
004346a8	Label	LAB_004346a8
004346ac	Label	LAB_004346ac
004346dc	Label	LAB_004346dc
00434750	Label	LAB_00434750
00434784	Label	LAB_00434784
004347e8	Label	LAB_004347e8
004347f4	Label	LAB_004347f4
00434808	Label	LAB_00434808
00434810	Label	LAB_00434810
00434824	Function	Core_Load
00434988	Label	LAB_00434988
004349c0	Label	LAB_004349c0
00434a00	Label	LAB_00434a00
00434ab0	Label	LAB_00434ab0
00434af0	Label	LAB_00434af0
00434afc	Label	LAB_00434afc
00434b2c	Label	LAB_00434b2c
00434b50	Label	LAB_00434b50
00434b8c	Label	LAB_00434b8c
00434bd4	Label	LAB_00434bd4
00434bec	Label	LAB_00434bec
00434bf4	Label	LAB_00434bf4
00434c40	Label	LAB_00434c40
00434c98	Label	LAB_00434c98
00434cc8	Label	LAB_00434cc8
00434ce0	Function	Gpsp_Load
00434da8	Label	LAB_00434da8
00434de0	Label	LAB_00434de0
00434e2c	Label	LAB_00434e2c
00434e4c	Label	LAB_00434e4c
00434e68	Label	LAB_00434e68
00434e7c	Label	LAB_00434e7c
00434e94	Function	run_game
00434ff8	Label	LAB_00434ff8
00434ffc	Label	LAB_00434ffc
00435048	Label	LAB_00435048
00435058	Label	LAB_00435058
00435088	Label	LAB_00435088
00435104	Label	LAB_00435104
00435114	Label	LAB_00435114
0043513c	Label	LAB_0043513c
00435144	Label	LAB_00435144
0043516c	Label	LAB_0043516c
004351ac	Label	LAB_004351ac
004351c4	Label	LAB_004351c4
004351ec	Label	LAB_004351ec
004351f8	Label	LAB_004351f8
0043520c	Label	LAB_0043520c
0043521c	Label	LAB_0043521c
00435260	Label	LAB_00435260
0043527c	Label	LAB_0043527c
00435320	Label	LAB_00435320
00435340	Label	LAB_00435340
00435438	Label	LAB_00435438
00435440	Label	LAB_00435440
00435458	Label	LAB_00435458
00435464	Label	LAB_00435464
00435480	Label	LAB_00435480
00435514	Label	LAB_00435514
00435534	Label	LAB_00435534
0043554c	Label	LAB_0043554c
00435564	Function	autorun
004355d4	Label	LAB_004355d4
00435600	Function	FUN_00435600
004356b0	Label	LAB_004356b0
004356b4	Label	LAB_004356b4
004356cc	Label	LAB_004356cc
004356fc	Label	LAB_004356fc
00435744	Label	LAB_00435744
0043575c	Label	LAB_0043575c
00435828	Label	LAB_00435828
0043583c	Label	LAB_0043583c
00435854	Label	LAB_00435854
00435868	Label	LAB_00435868
00435ffc	Function	pcsx_save_state
004360a0	Label	LAB_004360a0
004360ec	Label	LAB_004360ec
004360f4	Function	pcsx_load_state
00436158	Function	retro_save_state
004362f0	Label	LAB_004362f0
00436300	Label	LAB_00436300
0043631c	Label	LAB_0043631c
00436344	Label	LAB_00436344
00436364	Label	LAB_00436364
0043637c	Label	LAB_0043637c
00436394	Function	retro_load_state
004364ec	Label	LAB_004364ec
00436530	Label	LAB_00436530
00436534	Label	LAB_00436534
00436554	Label	LAB_00436554
00436588	Label	LAB_00436588
004365b4	Label	LAB_004365b4
00436640	Function	MP3InitDecoder
00436658	Function	MP3FreeDecoder
00436674	Label	LAB_00436674
0043667c	Function	MP3FindSyncWord
00436698	Label	LAB_00436698
0043669c	Label	LAB_0043669c
004366a4	Label	LAB_004366a4
004366c8	Label	LAB_004366c8
004366d0	Function	MP3GetLastFrameInfo
004366f0	Label	LAB_004366f0
00436710	Label	LAB_00436710
00436760	Function	FUN_00436760
004367dc	Label	LAB_004367dc
004367f4	Label	LAB_004367f4
004367fc	Function	MP3Decode
004368d0	Label	LAB_004368d0
004368d4	Label	LAB_004368d4
0043698c	Label	LAB_0043698c
00436994	Label	LAB_00436994
004369c4	Label	LAB_004369c4
004369e4	Label	LAB_004369e4
004369fc	Label	LAB_004369fc
00436a48	Label	LAB_00436a48
00436aa0	Label	LAB_00436aa0
00436aa4	Label	LAB_00436aa4
00436ad4	Label	LAB_00436ad4
00436ae0	Label	LAB_00436ae0
00436b08	Label	LAB_00436b08
00436b8c	Label	LAB_00436b8c
00436bc8	Label	LAB_00436bc8
00436bf4	Label	LAB_00436bf4
00436c04	Label	LAB_00436c04
00436c54	Label	LAB_00436c54
00436c88	Label	LAB_00436c88
00436cd0	Label	LAB_00436cd0
00436cd8	Label	LAB_00436cd8
00436ce0	Label	LAB_00436ce0
00436d28	Label	LAB_00436d28
00436d30	Label	LAB_00436d30
00436d38	Label	LAB_00436d38
00436d40	Label	LAB_00436d40
00436d48	Label	LAB_00436d48
00436d50	Function	xmp3_UnpackScaleFactors
00436dfc	Label	LAB_00436dfc
00436ec4	Label	LAB_00436ec4
00436edc	Label	LAB_00436edc
00436f18	Label	LAB_00436f18
00436f34	Label	LAB_00436f34
00436f70	Label	LAB_00436f70
00436f8c	Label	LAB_00436f8c
00436fc8	Label	LAB_00436fc8
00436fe4	Label	LAB_00436fe4
00437010	Label	LAB_00437010
0043705c	Label	LAB_0043705c
004370a4	Label	LAB_004370a4
004370b8	Label	LAB_004370b8
004370f4	Label	LAB_004370f4
00437140	Label	LAB_00437140
0043714c	Label	LAB_0043714c
004371c8	Label	LAB_004371c8
004371f4	Label	LAB_004371f4
00437220	Label	LAB_00437220
00437264	Label	LAB_00437264
00437268	Label	LAB_00437268
004372d8	Label	LAB_004372d8
00437308	Label	LAB_00437308
0043731c	Label	LAB_0043731c
004373a4	Label	LAB_004373a4
004373c4	Label	LAB_004373c4
004373f0	Label	LAB_004373f0
00437418	Label	LAB_00437418
00437454	Label	LAB_00437454
00437498	Label	LAB_00437498
004374a8	Label	LAB_004374a8
004374d0	Label	LAB_004374d0
004374e0	Label	LAB_004374e0
00437528	Label	LAB_00437528
00437554	Label	LAB_00437554
00437598	Label	LAB_00437598
004375d4	Label	LAB_004375d4
00437628	Label	LAB_00437628
00437654	Label	LAB_00437654
00437684	Label	LAB_00437684
004376a0	Label	LAB_004376a0
004376e8	Label	LAB_004376e8
00437760	Label	LAB_00437760
004377b8	Label	LAB_004377b8
004377d8	Label	LAB_004377d8
00437804	Label	LAB_00437804
00437830	Label	LAB_00437830
0043785c	Label	LAB_0043785c
00437888	Label	LAB_00437888
004378b4	Label	LAB_004378b4
004378e0	Label	LAB_004378e0
0043790c	Label	LAB_0043790c
00437944	Label	LAB_00437944
0043796c	Label	LAB_0043796c
00437984	Label	LAB_00437984
00437990	Label	LAB_00437990
00437a00	Label	LAB_00437a00
00437a08	Label	LAB_00437a08
00437a50	Function	xmp3_MidSideProc
00437a60	Label	LAB_00437a60
00437aa4	Label	LAB_00437aa4
00437ac0	Function	xmp3_IntensityProcMPEG1
00437b84	Label	LAB_00437b84
00437b98	Label	LAB_00437b98
00437bb8	Label	LAB_00437bb8
00437bc0	Label	LAB_00437bc0
00437c10	Label	LAB_00437c10
00437c2c	Label	LAB_00437c2c
00437c38	Label	LAB_00437c38
00437c3c	Label	LAB_00437c3c
00437c40	Label	LAB_00437c40
00437c74	Label	LAB_00437c74
00437c90	Label	LAB_00437c90
00437d1c	Label	LAB_00437d1c
00437d30	Label	LAB_00437d30
00437d58	Label	LAB_00437d58
00437db0	Label	LAB_00437db0
00437db8	Label	LAB_00437db8
00437ec4	Label	LAB_00437ec4
00437ed8	Label	LAB_00437ed8
00437f00	Label	LAB_00437f00
00437f30	Label	LAB_00437f30
00437f3c	Function	xmp3_IntensityProcMPEG2
00437fb0	Label	LAB_00437fb0
00437fd8	Label	LAB_00437fd8
00437fec	Label	LAB_00437fec
00438074	Label	LAB_00438074
00438094	Label	LAB_00438094
0043809c	Label	LAB_0043809c
004380cc	Label	LAB_004380cc
0043811c	Label	LAB_0043811c
00438148	Label	LAB_00438148
00438154	Label	LAB_00438154
00438160	Label	LAB_00438160
00438164	Label	LAB_00438164
0043819c	Label	LAB_0043819c
004381c8	Label	LAB_004381c8
00438238	Label	LAB_00438238
00438258	Label	LAB_00438258
00438260	Label	LAB_00438260
0043828c	Label	LAB_0043828c
004382d8	Label	LAB_004382d8
004382f8	Label	LAB_004382f8
00438304	Label	LAB_00438304
00438310	Label	LAB_00438310
00438360	Function	xmp3_Subband
004383e4	Label	LAB_004383e4
00438428	Label	LAB_00438428
00438458	Label	LAB_00438458
00438474	Label	LAB_00438474
00438514	Label	LAB_00438514
00438520	Function	FUN_00438520
00438574	Label	LAB_00438574
004385d0	Label	LAB_004385d0
0043875c	Function	FUN_0043875c
004387e0	Label	LAB_004387e0
004387fc	Label	LAB_004387fc
00438890	Label	LAB_00438890
004388a4	Label	LAB_004388a4
00438934	Label	LAB_00438934
0043893c	Function	xmp3_IMDCT
00438a9c	Label	LAB_00438a9c
00438b30	Label	LAB_00438b30
00438f14	Label	LAB_00438f14
00438f38	Label	LAB_00438f38
004390c8	Label	LAB_004390c8
004390e8	Label	LAB_004390e8
00439128	Label	LAB_00439128
0043916c	Label	LAB_0043916c
00439574	Label	LAB_00439574
00439580	Label	LAB_00439580
00439614	Label	LAB_00439614
00439694	Label	LAB_00439694
0043972c	Label	LAB_0043972c
00439764	Label	LAB_00439764
0043979c	Label	LAB_0043979c
00439b28	Label	LAB_00439b28
00439c64	Label	LAB_00439c64
00439c94	Label	LAB_00439c94
00439cc0	Label	LAB_00439cc0
00439cf0	Label	LAB_00439cf0
00439cf4	Label	LAB_00439cf4
00439d8c	Label	LAB_00439d8c
00439dd0	Label	LAB_00439dd0
00439e0c	Label	LAB_00439e0c
00439e88	Label	LAB_00439e88
00439ea4	Label	LAB_00439ea4
00439eac	Label	LAB_00439eac
00439ec8	Label	LAB_00439ec8
00439ee0	Label	LAB_00439ee0
00439ee4	Label	LAB_00439ee4
00439ef0	Label	LAB_00439ef0
00439f44	Label	LAB_00439f44
00439f74	Label	LAB_00439f74
00439fe0	Label	LAB_00439fe0
00439fec	Label	LAB_00439fec
0043a08c	Label	LAB_0043a08c
0043a09c	Label	LAB_0043a09c
0043a0a4	Label	LAB_0043a0a4
0043a0d4	Label	LAB_0043a0d4
0043a0dc	Label	LAB_0043a0dc
0043a10c	Label	LAB_0043a10c
0043a130	Label	LAB_0043a130
0043a138	Label	LAB_0043a138
0043a150	Label	LAB_0043a150
0043a158	Label	LAB_0043a158
0043a160	Function	xmp3_DecodeHuffman
0043a220	Label	LAB_0043a220
0043a278	Label	LAB_0043a278
0043a36c	Label	LAB_0043a36c
0043a3ac	Label	LAB_0043a3ac
0043a3c4	Label	LAB_0043a3c4
0043a3e0	Label	LAB_0043a3e0
0043a438	Label	LAB_0043a438
0043a440	Label	LAB_0043a440
0043a448	Label	LAB_0043a448
0043a44c	Label	LAB_0043a44c
0043a478	Label	LAB_0043a478
0043a484	Label	LAB_0043a484
0043a4e0	Label	LAB_0043a4e0
0043a52c	Label	LAB_0043a52c
0043a53c	Label	LAB_0043a53c
0043a548	Label	LAB_0043a548
0043a588	Label	LAB_0043a588
0043a590	Label	LAB_0043a590
0043a5a0	Label	LAB_0043a5a0
0043a5a8	Label	LAB_0043a5a8
0043a5b4	Label	LAB_0043a5b4
0043a5c8	Label	LAB_0043a5c8
0043a5f0	Label	LAB_0043a5f0
0043a600	Label	LAB_0043a600
0043a610	Label	LAB_0043a610
0043a64c	Label	LAB_0043a64c
0043a68c	Label	LAB_0043a68c
0043a6a0	Label	LAB_0043a6a0
0043a6cc	Label	LAB_0043a6cc
0043a6fc	Label	LAB_0043a6fc
0043a710	Label	LAB_0043a710
0043a750	Label	LAB_0043a750
0043a770	Label	LAB_0043a770
0043a780	Label	LAB_0043a780
0043a790	Label	LAB_0043a790
0043a800	Label	LAB_0043a800
0043a830	Label	LAB_0043a830
0043a874	Label	LAB_0043a874
0043a890	Label	LAB_0043a890
0043a8ac	Label	LAB_0043a8ac
0043a8c8	Label	LAB_0043a8c8
0043a8e4	Label	LAB_0043a8e4
0043a910	Label	LAB_0043a910
0043a940	Label	LAB_0043a940
0043a94c	Label	LAB_0043a94c
0043a958	Label	LAB_0043a958
0043a964	Label	LAB_0043a964
0043a9a8	Label	LAB_0043a9a8
0043a9b8	Label	LAB_0043a9b8
0043aa08	Label	LAB_0043aa08
0043aa64	Label	LAB_0043aa64
0043aa7c	Label	LAB_0043aa7c
0043aab4	Label	LAB_0043aab4
0043aad0	Label	LAB_0043aad0
0043aaec	Label	LAB_0043aaec
0043ab08	Label	LAB_0043ab08
0043ab10	Label	LAB_0043ab10
0043ab28	Label	LAB_0043ab28
0043ab64	Label	LAB_0043ab64
0043ab6c	Label	LAB_0043ab6c
0043aba8	Label	LAB_0043aba8
0043abc8	Label	LAB_0043abc8
0043abfc	Label	LAB_0043abfc
0043ac38	Label	LAB_0043ac38
0043ac58	Label	LAB_0043ac58
0043ac60	Label	LAB_0043ac60
0043ac68	Label	LAB_0043ac68
0043ac70	Label	LAB_0043ac70
0043acc4	Label	LAB_0043acc4
0043acf0	Function	FUN_0043acf0
0043ad74	Label	LAB_0043ad74
0043ae08	Label	LAB_0043ae08
0043ae14	Label	LAB_0043ae14
0043ae34	Label	LAB_0043ae34
0043ae88	Label	LAB_0043ae88
0043aeb4	Label	LAB_0043aeb4
0043aee0	Label	LAB_0043aee0
0043aee8	Label	LAB_0043aee8
0043af00	Label	LAB_0043af00
0043af18	Label	LAB_0043af18
0043af30	Label	LAB_0043af30
0043af60	Label	LAB_0043af60
0043afd0	Label	LAB_0043afd0
0043afec	Label	LAB_0043afec
0043aff8	Label	LAB_0043aff8
0043b000	Label	LAB_0043b000
0043b014	Label	LAB_0043b014
0043b01c	Function	xmp3_DequantChannel
0043b084	Label	LAB_0043b084
0043b0bc	Label	LAB_0043b0bc
0043b0fc	Label	LAB_0043b0fc
0043b104	Label	LAB_0043b104
0043b138	Label	LAB_0043b138
0043b17c	Label	LAB_0043b17c
0043b198	Label	LAB_0043b198
0043b1e0	Label	LAB_0043b1e0
0043b1e4	Label	LAB_0043b1e4
0043b1f0	Label	LAB_0043b1f0
0043b220	Label	LAB_0043b220
0043b240	Label	LAB_0043b240
0043b260	Label	LAB_0043b260
0043b2b0	Label	LAB_0043b2b0
0043b304	Label	LAB_0043b304
0043b354	Label	LAB_0043b354
0043b398	Label	LAB_0043b398
0043b3c4	Label	LAB_0043b3c4
0043b400	Label	LAB_0043b400
0043b408	Label	LAB_0043b408
0043b450	Label	LAB_0043b450
0043b474	Label	LAB_0043b474
0043b478	Label	LAB_0043b478
0043b4a8	Label	LAB_0043b4a8
0043b4b0	Label	LAB_0043b4b0
0043b518	Label	LAB_0043b518
0043b51c	Label	LAB_0043b51c
0043b558	Label	LAB_0043b558
0043b564	Label	LAB_0043b564
0043b580	Label	LAB_0043b580
0043b590	Function	xmp3_Dequantize
0043b670	Label	LAB_0043b670
0043b6c0	Label	LAB_0043b6c0
0043b6e4	Label	LAB_0043b6e4
0043b724	Label	LAB_0043b724
0043b728	Label	LAB_0043b728
0043b72c	Label	LAB_0043b72c
0043b758	Label	LAB_0043b758
0043b76c	Label	LAB_0043b76c
0043b790	Label	LAB_0043b790
0043b7fc	Label	LAB_0043b7fc
0043b820	Label	LAB_0043b820
0043b824	Label	LAB_0043b824
0043b830	Label	LAB_0043b830
0043b84c	Label	LAB_0043b84c
0043b850	Label	LAB_0043b850
0043b85c	Label	LAB_0043b85c
0043b87c	Label	LAB_0043b87c
0043b8ac	Label	LAB_0043b8ac
0043b8d4	Label	LAB_0043b8d4
0043b93c	Label	LAB_0043b93c
0043b964	Label	LAB_0043b964
0043b968	Label	LAB_0043b968
0043b974	Label	LAB_0043b974
0043b99c	Label	LAB_0043b99c
0043b9c8	Label	LAB_0043b9c8
0043b9cc	Label	LAB_0043b9cc
0043b9d8	Label	LAB_0043b9d8
0043b9f8	Label	LAB_0043b9f8
0043ba1c	Label	LAB_0043ba1c
0043ba24	Label	LAB_0043ba24
0043ba2c	Label	LAB_0043ba2c
0043ba34	Label	LAB_0043ba34
0043ba40	Function	xmp3_FDCT32
0043baa0	Label	LAB_0043baa0
0043bab8	Label	LAB_0043bab8
0043c0a0	Label	LAB_0043c0a0
0043c20c	Label	LAB_0043c20c
0043c258	Label	LAB_0043c258
0043c4e8	Label	LAB_0043c4e8
0043c500	Label	LAB_0043c500
0043c530	Label	LAB_0043c530
0043c560	Label	LAB_0043c560
0043c58c	Label	LAB_0043c58c
0043c5b8	Label	LAB_0043c5b8
0043c5c0	Function	xmp3_SetBitstreamPointer
0043c5d4	Function	xmp3_GetBits
0043c608	Label	LAB_0043c608
0043c62c	Label	LAB_0043c62c
0043c660	Label	LAB_0043c660
0043c66c	Label	LAB_0043c66c
0043c67c	Label	LAB_0043c67c
0043c6ec	Label	LAB_0043c6ec
0043c6f8	Function	xmp3_CalcBitsUsed
0043c714	Function	xmp3_CheckPadBit
0043c734	Label	LAB_0043c734
0043c73c	Function	xmp3_UnpackFrameHeader
0043c790	Label	LAB_0043c790
0043c86c	Label	LAB_0043c86c
0043c870	Label	LAB_0043c870
0043c964	Label	LAB_0043c964
0043c988	Label	LAB_0043c988
0043c990	Label	LAB_0043c990
0043c998	Label	LAB_0043c998
0043c9a4	Label	LAB_0043c9a4
0043c9ac	Function	xmp3_UnpackSideInfo
0043ca88	Label	LAB_0043ca88
0043ca8c	Label	LAB_0043ca8c
0043caa0	Label	LAB_0043caa0
0043cab4	Label	LAB_0043cab4
0043cc04	Label	LAB_0043cc04
0043cc14	Label	LAB_0043cc14
0043cc18	Label	LAB_0043cc18
0043cc64	Label	LAB_0043cc64
0043cc74	Label	LAB_0043cc74
0043cc80	Label	LAB_0043cc80
0043ccb4	Label	LAB_0043ccb4
0043cd34	Label	LAB_0043cd34
0043cd3c	Label	LAB_0043cd3c
0043cd78	Label	LAB_0043cd78
0043ce00	Label	LAB_0043ce00
0043ce14	Label	LAB_0043ce14
0043ce20	Label	LAB_0043ce20
0043ce2c	Label	LAB_0043ce2c
0043ce48	Label	LAB_0043ce48
0043ce4c	Label	LAB_0043ce4c
0043ce60	Function	ClearBuffer
0043ce68	Label	LAB_0043ce68
0043ce78	Label	LAB_0043ce78
0043ce80	Function	xmp3_AllocateBuffers
0043cfb8	Function	xmp3_FreeBuffers
0043cfc0	Function	FUN_0043cfc0
0043d1bc	Label	LAB_0043d1bc
0043d530	Function	xmp3_PolyphaseStereo
0043d8b8	Label	LAB_0043d8b8
0043dfe0	Function	FUN_0043dfe0
0043e03c	Label	LAB_0043e03c
0043e044	Label	LAB_0043e044
0043e078	Label	LAB_0043e078
0043e080	Label	LAB_0043e080
0043e0ac	Label	LAB_0043e0ac
0043e0c4	Label	LAB_0043e0c4
0043e134	Label	LAB_0043e134
0043e14c	Label	LAB_0043e14c
0043e198	Function	FUN_0043e198
0043e1d4	Label	LAB_0043e1d4
0043e1e0	Label	LAB_0043e1e0
0043e238	Label	LAB_0043e238
0043e244	Label	LAB_0043e244
0043e248	Label	LAB_0043e248
0043e268	Function	mxmlElementGetAttr
0043e2c0	Label	LAB_0043e2c0
0043e2c8	Label	LAB_0043e2c8
0043e300	Label	LAB_0043e300
0043e304	Label	LAB_0043e304
0043e31c	Label	LAB_0043e31c
0043e324	Function	mxmlElementSetAttr
0043e384	Label	LAB_0043e384
0043e3b8	Label	LAB_0043e3b8
0043e3c0	Label	LAB_0043e3c0
0043e3e0	Label	LAB_0043e3e0
0043e3f4	Function	FUN_0043e3f4
0043e474	Label	LAB_0043e474
0043e478	Label	LAB_0043e478
0043e48c	Label	LAB_0043e48c
0043e4a0	Label	LAB_0043e4a0
0043e540	Function	mxmlEntityGetName
0043e584	Label	LAB_0043e584
0043e58c	Label	LAB_0043e58c
0043e5a4	Label	LAB_0043e5a4
0043e5ac	Label	LAB_0043e5ac
0043e5b4	Function	mxmlEntityGetValue
0043e600	Label	LAB_0043e600
0043e610	Label	LAB_0043e610
0043e644	Label	LAB_0043e644
0043e664	Function	FUN_0043e664
0043e6ac	Label	LAB_0043e6ac
0043e6b8	Label	LAB_0043e6b8
0043e6c4	Label	LAB_0043e6c4
0043e6d4	Label	LAB_0043e6d4
0043e6d8	Label	LAB_0043e6d8
0043e718	Function	_mxml_entity_cb
0043e760	Label	LAB_0043e760
0043e788	Label	LAB_0043e788
0043e7e8	Label	LAB_0043e7e8
0043e80c	Label	LAB_0043e80c
0043e834	Label	LAB_0043e834
0043e860	Label	LAB_0043e860
0043e880	Label	LAB_0043e880
0043e88c	Function	FUN_0043e88c
0043e8ec	Label	LAB_0043e8ec
0043e8f8	Label	LAB_0043e8f8
0043e908	Label	LAB_0043e908
0043e938	Label	LAB_0043e938
0043e93c	Label	LAB_0043e93c
0043e964	Label	LAB_0043e964
0043e980	Label	LAB_0043e980
0043e994	Label	LAB_0043e994
0043e9bc	Function	FUN_0043e9bc
0043ea2c	Label	LAB_0043ea2c
0043ea34	Label	LAB_0043ea34
0043eabc	Label	LAB_0043eabc
0043eac0	Label	LAB_0043eac0
0043eac4	Label	LAB_0043eac4
0043eacc	Label	LAB_0043eacc
0043eafc	Label	LAB_0043eafc
0043eb84	Label	LAB_0043eb84
0043ebb0	Label	LAB_0043ebb0
0043ebf4	Label	LAB_0043ebf4
0043ec0c	Label	LAB_0043ec0c
0043ec84	Label	LAB_0043ec84
0043ec94	Label	LAB_0043ec94
0043eca0	Label	LAB_0043eca0
0043ecac	Label	LAB_0043ecac
0043ece0	Label	LAB_0043ece0
0043ed10	Label	LAB_0043ed10
0043ed14	Label	LAB_0043ed14
0043ed2c	Label	LAB_0043ed2c
0043edac	Function	FUN_0043edac
0043ee14	Label	LAB_0043ee14
0043ee48	Label	LAB_0043ee48
0043ee54	Label	LAB_0043ee54
0043ee78	Label	LAB_0043ee78
0043ee7c	Label	LAB_0043ee7c
0043ee88	Label	LAB_0043ee88
0043eea8	Label	LAB_0043eea8
0043eeb4	Label	LAB_0043eeb4
0043eed0	Label	LAB_0043eed0
0043ef0c	Label	LAB_0043ef0c
0043ef20	Label	LAB_0043ef20
0043ef34	Label	LAB_0043ef34
0043ef38	Label	LAB_0043ef38
0043ef68	Label	LAB_0043ef68
0043ef8c	Label	LAB_0043ef8c
0043efa8	Label	LAB_0043efa8
0043efc4	Label	LAB_0043efc4
0043efcc	Label	LAB_0043efcc
0043efd4	Label	LAB_0043efd4
0043efe0	Label	LAB_0043efe0
0043f000	Label	LAB_0043f000
0043f008	Label	LAB_0043f008
0043f010	Function	FUN_0043f010
0043f074	Label	LAB_0043f074
0043f0a4	Label	LAB_0043f0a4
0043f114	Label	LAB_0043f114
0043f12c	Label	LAB_0043f12c
0043f148	Label	LAB_0043f148
0043f154	Label	LAB_0043f154
0043f1a8	Label	LAB_0043f1a8
0043f1d4	Label	LAB_0043f1d4
0043f20c	Label	LAB_0043f20c
0043f238	Label	LAB_0043f238
0043f290	Label	LAB_0043f290
0043f2c4	Label	LAB_0043f2c4
0043f2c8	Label	LAB_0043f2c8
0043f2cc	Label	LAB_0043f2cc
0043f2f8	Label	LAB_0043f2f8
0043f39c	Label	LAB_0043f39c
0043f40c	Label	LAB_0043f40c
0043f45c	Label	LAB_0043f45c
0043f478	Label	LAB_0043f478
0043f494	Label	LAB_0043f494
0043f4a4	Label	LAB_0043f4a4
0043f4ac	Label	LAB_0043f4ac
0043f508	Label	LAB_0043f508
0043f5ac	Label	LAB_0043f5ac
0043f5c8	Label	LAB_0043f5c8
0043f5e0	Label	LAB_0043f5e0
0043f5f8	Label	LAB_0043f5f8
0043f624	Label	LAB_0043f624
0043f664	Function	FUN_0043f664
0043f670	Function	FUN_0043f670
0043f6a4	Label	LAB_0043f6a4
0043f6bc	Label	LAB_0043f6bc
0043f6e4	Label	LAB_0043f6e4
0043f708	Label	LAB_0043f708
0043f710	Label	LAB_0043f710
0043f714	Label	LAB_0043f714
0043f730	Label	LAB_0043f730
0043f738	Function	FUN_0043f738
0043f788	Label	LAB_0043f788
0043f798	Label	LAB_0043f798
0043f7d4	Label	LAB_0043f7d4
0043f7d8	Label	LAB_0043f7d8
0043f7f4	Label	LAB_0043f7f4
0043f810	Label	LAB_0043f810
0043f818	Function	FUN_0043f818
0043f850	Label	LAB_0043f850
0043f860	Label	LAB_0043f860
0043f874	Label	LAB_0043f874
0043f894	Label	LAB_0043f894
0043f8d0	Function	FUN_0043f8d0
0043f8e8	Label	LAB_0043f8e8
0043f8f0	Function	FUN_0043f8f0
0043f998	Label	LAB_0043f998
0043f9c4	Label	LAB_0043f9c4
0043f9c8	Label	LAB_0043f9c8
0043fa14	Label	LAB_0043fa14
0043fa38	Label	LAB_0043fa38
0043fa4c	Label	LAB_0043fa4c
0043fa58	Label	LAB_0043fa58
0043fa5c	Label	LAB_0043fa5c
0043fa74	Label	LAB_0043fa74
0043fa9c	Label	LAB_0043fa9c
0043faa0	Label	LAB_0043faa0
0043fabc	Label	LAB_0043fabc
0043fac0	Label	LAB_0043fac0
0043fadc	Label	LAB_0043fadc
0043fae0	Label	LAB_0043fae0
0043fb0c	Label	LAB_0043fb0c
0043fb10	Label	LAB_0043fb10
0043fb30	Label	switchD_0043fb30::switchD
0043fb38	Label	LAB_0043fb38
0043fb68	Label	LAB_0043fb68
0043fb78	Label	LAB_0043fb78
0043fbd4	Label	LAB_0043fbd4
0043fbd8	Label	LAB_0043fbd8
0043fbf4	Label	LAB_0043fbf4
0043fc60	Label	LAB_0043fc60
0043fcc0	Label	LAB_0043fcc0
0043fcd4	Label	LAB_0043fcd4
0043fd10	Label	LAB_0043fd10
0043fd5c	Label	LAB_0043fd5c
0043fd7c	Label	LAB_0043fd7c
0043fd90	Label	LAB_0043fd90
0043fd9c	Label	LAB_0043fd9c
0043fdac	Label	LAB_0043fdac
0043fdc4	Label	LAB_0043fdc4
0043fdc8	Label	LAB_0043fdc8
0043fdd0	Label	switchD_0043fb30::caseD_1
0043fe00	Label	LAB_0043fe00
0043fe40	Label	LAB_0043fe40
0043fe4c	Label	LAB_0043fe4c
0043fe58	Label	LAB_0043fe58
0043fe88	Label	LAB_0043fe88
0043fe98	Label	LAB_0043fe98
0043fea4	Label	LAB_0043fea4
0043fec4	Label	LAB_0043fec4
0043fee0	Label	LAB_0043fee0
0043ff24	Label	LAB_0043ff24
0043ff48	Label	LAB_0043ff48
0043ff60	Label	LAB_0043ff60
0043ff84	Label	LAB_0043ff84
0043ff88	Label	LAB_0043ff88
0043ffb8	Label	LAB_0043ffb8
0043ffbc	Label	LAB_0043ffbc
0043ffc0	Label	LAB_0043ffc0
0043ffd4	Label	LAB_0043ffd4
00440000	Label	LAB_00440000
00440048	Label	LAB_00440048
00440070	Label	LAB_00440070
00440094	Label	LAB_00440094
004400b0	Label	LAB_004400b0
004400b4	Label	LAB_004400b4
004400c8	Label	LAB_004400c8
004400dc	Label	LAB_004400dc
0044010c	Label	LAB_0044010c
00440128	Label	LAB_00440128
00440160	Label	LAB_00440160
0044016c	Label	LAB_0044016c
004401b8	Label	LAB_004401b8
004401c0	Label	LAB_004401c0
004401dc	Label	LAB_004401dc
004401e4	Label	LAB_004401e4
004401fc	Label	switchD_0043fb30::caseD_4
0044021c	Label	switchD_0043fb30::caseD_5
00440268	Label	LAB_00440268
00440294	Label	switchD_0043fb30::caseD_2
004402b0	Label	switchD_0043fb30::caseD_3
004402e4	Label	switchD_0043fb30::caseD_0
004402ec	Label	LAB_004402ec
004402f8	Label	LAB_004402f8
00440300	Label	LAB_00440300
00440318	Label	LAB_00440318
0044033c	Label	LAB_0044033c
00440354	Label	LAB_00440354
00440360	Label	LAB_00440360
0044038c	Label	LAB_0044038c
004403a0	Label	LAB_004403a0
004403ac	Label	LAB_004403ac
004403c0	Label	LAB_004403c0
004403c4	Label	LAB_004403c4
004403dc	Label	LAB_004403dc
004403e8	Label	LAB_004403e8
004403f8	Label	LAB_004403f8
00440410	Label	LAB_00440410
00440438	Label	LAB_00440438
00440448	Label	LAB_00440448
00440464	Label	LAB_00440464
00440474	Label	LAB_00440474
004404a4	Label	LAB_004404a4
004404a8	Label	LAB_004404a8
004404c0	Label	LAB_004404c0
004404f4	Label	LAB_004404f4
00440544	Label	LAB_00440544
00440548	Label	LAB_00440548
004405d8	Label	LAB_004405d8
004405dc	Label	LAB_004405dc
004405f8	Label	LAB_004405f8
00440694	Label	LAB_00440694
00440698	Label	LAB_00440698
004406bc	Label	LAB_004406bc
004406c4	Label	LAB_004406c4
00440710	Label	LAB_00440710
00440714	Label	LAB_00440714
00440734	Label	LAB_00440734
00440740	Label	LAB_00440740
00440754	Label	LAB_00440754
00440758	Label	LAB_00440758
004407a0	Label	LAB_004407a0
004407dc	Label	LAB_004407dc
004407f0	Label	LAB_004407f0
004407f4	Label	LAB_004407f4
00440818	Label	LAB_00440818
00440838	Label	LAB_00440838
00440854	Label	LAB_00440854
00440858	Label	LAB_00440858
00440878	Label	LAB_00440878
00440884	Label	LAB_00440884
0044089c	Label	LAB_0044089c
004408d0	Label	LAB_004408d0
004408f0	Label	LAB_004408f0
0044090c	Label	LAB_0044090c
0044094c	Label	LAB_0044094c
00440954	Label	LAB_00440954
0044096c	Label	LAB_0044096c
00440970	Label	LAB_00440970
004409b4	Label	LAB_004409b4
004409b8	Label	LAB_004409b8
004409d8	Label	LAB_004409d8
004409e4	Label	LAB_004409e4
00440a08	Label	LAB_00440a08
00440a20	Label	LAB_00440a20
00440a48	Label	LAB_00440a48
00440a50	Label	LAB_00440a50
00440a9c	Label	LAB_00440a9c
00440aa4	Label	LAB_00440aa4
00440abc	Label	LAB_00440abc
00440acc	Label	LAB_00440acc
00440ad0	Label	LAB_00440ad0
00440b34	Label	LAB_00440b34
00440b38	Label	LAB_00440b38
00440b58	Label	LAB_00440b58
00440be8	Label	LAB_00440be8
00440c0c	Label	LAB_00440c0c
00440c14	Label	LAB_00440c14
00440c68	Label	LAB_00440c68
00440c8c	Label	LAB_00440c8c
00440c9c	Label	LAB_00440c9c
00440ca0	Label	LAB_00440ca0
00440cbc	Label	LAB_00440cbc
00440d10	Label	LAB_00440d10
00440d24	Label	LAB_00440d24
00440d30	Label	LAB_00440d30
00440d48	Label	LAB_00440d48
00440d5c	Label	LAB_00440d5c
00440da8	Label	LAB_00440da8
00440db8	Label	LAB_00440db8
00440dc0	Label	LAB_00440dc0
00440de8	Label	LAB_00440de8
00440df4	Label	LAB_00440df4
00440e0c	Label	LAB_00440e0c
00440e18	Label	LAB_00440e18
00440e34	Label	LAB_00440e34
00440e38	Label	LAB_00440e38
00440e50	Label	LAB_00440e50
00440e78	Label	LAB_00440e78
00440eb4	Label	LAB_00440eb4
00440ed8	Label	LAB_00440ed8
00440ee4	Label	LAB_00440ee4
00440ef0	Label	LAB_00440ef0
00440f08	Label	LAB_00440f08
00440f14	Label	LAB_00440f14
00440f20	Label	LAB_00440f20
00440f3c	Label	LAB_00440f3c
00440f60	Label	LAB_00440f60
00440f6c	Label	LAB_00440f6c
00440f84	Label	LAB_00440f84
00440f98	Label	LAB_00440f98
00440fb8	Label	LAB_00440fb8
00440fc0	Label	LAB_00440fc0
00440fe0	Label	LAB_00440fe0
00440fe8	Label	LAB_00440fe8
00440ff4	Label	LAB_00440ff4
0044100c	Label	LAB_0044100c
00441014	Label	LAB_00441014
0044101c	Label	LAB_0044101c
00441024	Label	LAB_00441024
00441030	Label	LAB_00441030
00441058	Label	LAB_00441058
00441070	Label	LAB_00441070
004410a0	Label	LAB_004410a0
004410a8	Function	FUN_004410a8
004410e0	Label	LAB_004410e0
004410e4	Label	LAB_004410e4
0044111c	Label	LAB_0044111c
0044113c	Label	LAB_0044113c
0044116c	Function	FUN_0044116c
004411c0	Label	LAB_004411c0
004411ec	Label	LAB_004411ec
0044120c	Label	LAB_0044120c
00441210	Label	LAB_00441210
00441238	Label	LAB_00441238
00441294	Label	LAB_00441294
004412dc	Label	LAB_004412dc
00441324	Label	LAB_00441324
00441348	Label	LAB_00441348
004413b8	Label	LAB_004413b8
004413c8	Label	LAB_004413c8
0044143c	Label	LAB_0044143c
00441460	Label	LAB_00441460
0044148c	Label	LAB_0044148c
004414a4	Label	LAB_004414a4
004414b4	Label	LAB_004414b4
004414bc	Label	LAB_004414bc
00441504	Label	LAB_00441504
00441518	Label	LAB_00441518
0044158c	Label	LAB_0044158c
004415b8	Label	LAB_004415b8
004415d0	Label	LAB_004415d0
004415fc	Label	LAB_004415fc
00441618	Label	LAB_00441618
00441638	Label	LAB_00441638
00441658	Label	LAB_00441658
00441680	Label	LAB_00441680
004416b0	Label	LAB_004416b0
00441708	Label	LAB_00441708
0044175c	Label	LAB_0044175c
0044178c	Label	LAB_0044178c
00441794	Label	LAB_00441794
004417ac	Label	LAB_004417ac
004417d0	Label	LAB_004417d0
00441810	Function	FUN_00441810
0044181c	Function	FUN_0044181c
00441868	Label	LAB_00441868
0044187c	Label	LAB_0044187c
004418a8	Label	LAB_004418a8
004418ac	Label	LAB_004418ac
004418cc	Label	LAB_004418cc
004418d0	Label	LAB_004418d0
004418f0	Label	LAB_004418f0
00441910	Label	LAB_00441910
00441938	Label	LAB_00441938
0044195c	Label	LAB_0044195c
00441974	Label	LAB_00441974
0044197c	Function	FUN_0044197c
004419e8	Label	switchD_004419e8::switchD
004419f0	Label	switchD_004419e8::caseD_4
00441a18	Label	LAB_00441a18
00441a34	Label	LAB_00441a34
00441a38	Label	LAB_00441a38
00441a98	Label	switchD_004419e8::caseD_5
00441b08	Label	LAB_00441b08
00441b14	Label	LAB_00441b14
00441b48	Label	switchD_004419e8::caseD_0
00441bd4	Label	LAB_00441bd4
00441bdc	Label	LAB_00441bdc
00441c18	Label	LAB_00441c18
00441c1c	Label	LAB_00441c1c
00441c34	Label	LAB_00441c34
00441cac	Label	LAB_00441cac
00441cbc	Label	LAB_00441cbc
00441ce8	Label	LAB_00441ce8
00441d24	Label	LAB_00441d24
00441d34	Label	LAB_00441d34
00441d38	Label	LAB_00441d38
00441d4c	Label	LAB_00441d4c
00441d50	Label	switchD_004419e8::default
00441d84	Label	switchD_004419e8::caseD_1
00441da4	Label	LAB_00441da4
00441dc0	Label	LAB_00441dc0
00441de0	Label	LAB_00441de0
00441e44	Label	switchD_004419e8::caseD_2
00441ea4	Label	switchD_004419e8::caseD_3
00441ec4	Label	LAB_00441ec4
00441ee0	Label	LAB_00441ee0
00441f08	Label	LAB_00441f08
00441f28	Label	LAB_00441f28
00441f30	Label	LAB_00441f30
00441f48	Label	LAB_00441f48
00441f60	Label	LAB_00441f60
00441f78	Label	LAB_00441f78
00441f8c	Label	LAB_00441f8c
00441fe8	Label	LAB_00441fe8
00441ff4	Label	LAB_00441ff4
00442028	Label	LAB_00442028
004420e8	Label	LAB_004420e8
00442100	Label	LAB_00442100
0044215c	Label	LAB_0044215c
0044216c	Label	LAB_0044216c
004421e0	Function	mxmlLoadFile
00442220	Function	FUN_00442220
00442268	Function	FUN_00442268
00442310	Label	LAB_00442310
00442320	Label	LAB_00442320
0044232c	Label	LAB_0044232c
00442348	Label	LAB_00442348
00442368	Label	LAB_00442368
00442370	Label	LAB_00442370
0044237c	Function	mxmlSaveFile
00442404	Label	LAB_00442404
0044241c	Label	LAB_0044241c
00442424	Function	mxmlSaveString
004424c0	Label	LAB_004424c0
004424c8	Label	LAB_004424c8
004424d8	Label	LAB_004424d8
004424dc	Label	LAB_004424dc
004424f8	Label	LAB_004424f8
00442504	Label	LAB_00442504
00442518	Label	LAB_00442518
00442520	Label	LAB_00442520
00442664	Function	FUN_00442664
004426a8	Function	FUN_004426a8
004426f4	Function	FUN_004426f4
00442740	Function	FUN_00442740
0044277c	Function	FUN_0044277c
004427d8	Function	mxmlRemove
00442808	Label	LAB_00442808
0044280c	Label	LAB_0044280c
00442818	Label	LAB_00442818
00442820	Label	LAB_00442820
00442828	Label	LAB_00442828
00442830	Function	mxmlAdd
0044288c	Label	LAB_0044288c
004428bc	Label	LAB_004428bc
004428c8	Label	LAB_004428c8
004428cc	Label	LAB_004428cc
004428e4	Label	LAB_004428e4
004428ec	Label	LAB_004428ec
00442908	Label	LAB_00442908
00442914	Label	LAB_00442914
00442918	Label	LAB_00442918
00442934	Label	LAB_00442934
00442940	Label	LAB_00442940
0044294c	Label	LAB_0044294c
00442958	Label	LAB_00442958
00442964	Label	LAB_00442964
00442988	Label	LAB_00442988
004429ac	Label	LAB_004429ac
004429b8	Label	LAB_004429b8
004429c4	Function	FUN_004429c4
00442a34	Label	LAB_00442a34
00442a50	Function	FUN_00442a50
00442aac	Label	LAB_00442aac
00442ac4	Label	LAB_00442ac4
00442acc	Function	mxmlNewCustom
00442b14	Label	LAB_00442b14
00442b28	Function	mxmlNewElement
00442b7c	Label	LAB_00442b7c
00442b94	Label	LAB_00442b94
00442b9c	Function	mxmlNewInteger
00442bd8	Label	LAB_00442bd8
00442be8	Function	mxmlNewOpaque
00442c3c	Label	LAB_00442c3c
00442c54	Label	LAB_00442c54
00442c5c	Function	mxmlNewReal
00442ca0	Label	LAB_00442ca0
00442cac	Function	mxmlNewText
00442d0c	Label	LAB_00442d0c
00442d28	Label	LAB_00442d28
00442d3c	Function	FUN_00442d3c
00442d9c	Label	LAB_00442d9c
00442db8	Label	LAB_00442db8
00442dc0	Function	mxmlDelete
00442e04	Label	LAB_00442e04
00442e1c	Label	LAB_00442e1c
00442e68	Label	LAB_00442e68
00442e6c	Label	LAB_00442e6c
00442e70	Label	LAB_00442e70
00442e88	Label	LAB_00442e88
00442ea8	Label	LAB_00442ea8
00442ec4	Label	LAB_00442ec4
00442ef0	Label	LAB_00442ef0
00442f10	Label	LAB_00442f10
00442f20	Label	LAB_00442f20
00442f34	Label	LAB_00442f34
00442f3c	Label	LAB_00442f3c
00442f48	Label	LAB_00442f48
00442f74	Label	LAB_00442f74
00442ff8	Function	mxmlRelease
00443024	Label	LAB_00443024
0044304c	Label	LAB_0044304c
00443080	Function	<EXTERNAL>::free
00443098	Label	LAB_00443098
004430dc	Function	_mxml_global
0044314c	Label	LAB_0044314c
004431a8	Function	mxml_error
00443224	Label	LAB_00443224
0044323c	Label	LAB_0044323c
00443270	Function	mxmlWalkNext
0044328c	Label	LAB_0044328c
004432a8	Label	LAB_004432a8
004432c4	Label	LAB_004432c4
004432d8	Label	LAB_004432d8
004432ec	Label	LAB_004432ec
004432f4	Label	LAB_004432f4
004432fc	Function	mxmlFindElement
0044334c	Label	LAB_0044334c
00443374	Label	LAB_00443374
00443380	Label	LAB_00443380
004433b0	Label	LAB_004433b0
004433e8	Label	LAB_004433e8
0044340c	Label	LAB_0044340c
00443410	Label	LAB_00443410
0044343c	Label	LAB_0044343c
00443460	Function	FUN_00443460
004434a8	Label	LAB_004434a8
004434b8	Label	LAB_004434b8
00443524	Label	LAB_00443524
0044354c	Label	LAB_0044354c
0044358c	Label	LAB_0044358c
00443590	Label	LAB_00443590
004435b4	Label	LAB_004435b4
004435e8	Label	LAB_004435e8
00443660	Function	_mxml_vstrdupf
004436f0	Label	LAB_004436f0
00443710	Label	LAB_00443710
00443740	Function	_mxml_strdupf
00443790	Function	FUN_00443790
004437dc	Label	LAB_004437dc
004437e0	Label	LAB_004437e0
004437e4	Label	LAB_004437e4
004437f4	Label	LAB_004437f4
00443834	Label	LAB_00443834
00443848	Label	LAB_00443848
00443850	Label	LAB_00443850
00443874	Function	FUN_00443874
004438dc	Label	LAB_004438dc
00443910	Function	<EXTERNAL>::gzseek
00443918	Function	<EXTERNAL>::gzwrite
00443920	Function	<EXTERNAL>::gzread
00443928	Function	FUN_00443928
00443950	Label	LAB_00443950
004439cc	Label	LAB_004439cc
004439d8	Label	LAB_004439d8
004439e8	Label	LAB_004439e8
00443a10	Label	LAB_00443a10
00443a2c	Label	LAB_00443a2c
00443a54	Label	LAB_00443a54
00443a7c	Label	LAB_00443a7c
00443a94	Function	FUN_00443a94
00443bf0	Function	FUN_00443bf0
00443c54	Label	LAB_00443c54
00443c80	Label	LAB_00443c80
00443c84	Label	LAB_00443c84
00443c8c	Label	LAB_00443c8c
00443e1c	Label	LAB_00443e1c
00443e20	Label	LAB_00443e20
00443e50	Label	LAB_00443e50
00443fa8	Label	LAB_00443fa8
004440b0	Label	LAB_004440b0
0044412c	Label	LAB_0044412c
00444174	Label	LAB_00444174
004441c0	Label	LAB_004441c0
004441d4	Label	LAB_004441d4
004441dc	Function	FUN_004441dc
00444218	Label	LAB_00444218
0044423c	Label	LAB_0044423c
0044426c	Label	LAB_0044426c
00444270	Label	LAB_00444270
004442a0	Label	LAB_004442a0
004442dc	Label	LAB_004442dc
00444488	Label	LAB_00444488
00444588	Label	LAB_00444588
00444604	Label	LAB_00444604
004446b4	Label	LAB_004446b4
004446d0	Label	LAB_004446d0
004446e8	Label	LAB_004446e8
00444718	Label	LAB_00444718
00444798	Label	LAB_00444798
004447e0	Label	LAB_004447e0
004448b4	Label	LAB_004448b4
00444930	Label	LAB_00444930
00444980	Label	LAB_00444980
004449a0	Label	LAB_004449a0
004449cc	Label	LAB_004449cc
004449d0	Label	LAB_004449d0
004449d4	Label	LAB_004449d4
00444a00	Label	LAB_00444a00
00444a0c	Label	LAB_00444a0c
00444a48	Label	LAB_00444a48
00444a5c	Label	LAB_00444a5c
00444aa4	Label	LAB_00444aa4
00444ae8	Label	LAB_00444ae8
00444afc	Label	LAB_00444afc
00444b04	Label	LAB_00444b04
00444b20	Label	LAB_00444b20
00444b2c	Label	LAB_00444b2c
00444b54	Label	LAB_00444b54
00444b78	Label	LAB_00444b78
00444b98	Label	LAB_00444b98
00444bac	Label	LAB_00444bac
00444bc8	Function	FUN_00444bc8
00444db4	Label	LAB_00444db4
00444eb4	Label	LAB_00444eb4
00444f30	Label	LAB_00444f30
00444fc8	Label	LAB_00444fc8
00445084	Label	LAB_00445084
0044513c	Label	LAB_0044513c
004451d0	Label	LAB_004451d0
0044521c	Label	LAB_0044521c
00445230	Label	LAB_00445230
00445260	Label	LAB_00445260
00445290	Label	LAB_00445290
004452d8	Label	LAB_004452d8
00445314	Label	LAB_00445314
00445328	Label	LAB_00445328
0044533c	Function	FUN_0044533c
00445574	Label	LAB_00445574
00445674	Label	LAB_00445674
004456f0	Label	LAB_004456f0
004457ac	Label	LAB_004457ac
004457b0	Label	LAB_004457b0
004457f8	Label	LAB_004457f8
0044580c	Label	LAB_0044580c
00445830	Label	LAB_00445830
00445838	Label	LAB_00445838
00445844	Label	LAB_00445844
00445868	Label	LAB_00445868
00445894	Label	LAB_00445894
004458a4	Label	LAB_004458a4
00445904	Label	LAB_00445904
0044594c	Label	LAB_0044594c
004459a4	Label	LAB_004459a4
004459bc	Label	LAB_004459bc
004459d8	Label	LAB_004459d8
00445a04	Label	LAB_00445a04
00445a18	Label	LAB_00445a18
00445a2c	Label	LAB_00445a2c
00445a78	Label	LAB_00445a78
00445a8c	Label	LAB_00445a8c
00445a94	Label	LAB_00445a94
00445ab0	Label	LAB_00445ab0
00445abc	Label	LAB_00445abc
00445ae8	Function	FUN_00445ae8
00445bec	Label	LAB_00445bec
00445c28	Label	LAB_00445c28
00445c68	Label	LAB_00445c68
00445d0c	Label	LAB_00445d0c
00445d30	Label	LAB_00445d30
00445d34	Label	LAB_00445d34
00445d6c	Label	LAB_00445d6c
00445d98	Label	LAB_00445d98
00445e00	Label	LAB_00445e00
00445e04	Label	LAB_00445e04
00445e14	Label	LAB_00445e14
00445e38	Label	LAB_00445e38
00445ec0	Label	LAB_00445ec0
00445ec8	Label	LAB_00445ec8
00445edc	Label	LAB_00445edc
00445ee4	Label	LAB_00445ee4
00445ef4	Label	LAB_00445ef4
00445f08	Label	LAB_00445f08
00445f1c	Label	LAB_00445f1c
00445f34	Function	FUN_00445f34
00445f5c	Label	LAB_00445f5c
00445f70	Label	LAB_00445f70
00445f94	Label	LAB_00445f94
00445fac	Function	SaveState
00446098	Label	LAB_00446098
004460a8	Label	LAB_004460a8
00446100	Label	LAB_00446100
00446104	Label	LAB_00446104
00446108	Label	LAB_00446108
00446130	Label	LAB_00446130
00446138	Label	LAB_00446138
00446158	Label	LAB_00446158
00446180	Label	LAB_00446180
004461a4	Label	LAB_004461a4
004461ec	Label	LAB_004461ec
004461f4	Label	LAB_004461f4
0044620c	Label	LAB_0044620c
00446220	Label	LAB_00446220
00446230	Label	LAB_00446230
00446368	Function	LoadState
004463d4	Label	LAB_004463d4
004463d8	Label	LAB_004463d8
004463dc	Label	LAB_004463dc
00446410	Label	LAB_00446410
00446440	Label	LAB_00446440
004465c0	Label	LAB_004465c0
0044661c	Label	LAB_0044661c
004466fc	Label	LAB_004466fc
00446740	Label	LAB_00446740
00446758	Label	LAB_00446758
00446768	Label	LAB_00446768
00446778	Label	LAB_00446778
00446a50	Function	FUN_00446a50
00446a64	Label	LAB_00446a64
00446a6c	Label	LAB_00446a6c
00446b50	Function	FUN_00446b50
00446b84	Label	LAB_00446b84
00446b94	Label	LAB_00446b94
00446ba4	Label	LAB_00446ba4
00446bb4	Label	LAB_00446bb4
00446bc4	Label	LAB_00446bc4
00446bd4	Label	LAB_00446bd4
00446be4	Label	LAB_00446be4
00446c2c	Label	LAB_00446c2c
00446c50	Label	LAB_00446c50
00446c78	Label	LAB_00446c78
00446cd4	Label	LAB_00446cd4
00446ec0	Label	LAB_00446ec0
00446ee8	Label	LAB_00446ee8
00446f44	Label	LAB_00446f44
00446fc4	Label	LAB_00446fc4
00446fe0	Label	LAB_00446fe0
00446ffc	Label	LAB_00446ffc
00447018	Label	LAB_00447018
00447034	Label	LAB_00447034
00447038	Label	LAB_00447038
0044706c	Label	LAB_0044706c
0044707c	Label	LAB_0044707c
0044708c	Label	LAB_0044708c
0044709c	Function	FUN_0044709c
00447118	Label	LAB_00447118
0044711c	Label	LAB_0044711c
00447124	Label	LAB_00447124
00447128	Label	LAB_00447128
00447154	Label	LAB_00447154
00447188	Label	LAB_00447188
00447190	Label	LAB_00447190
004471a4	Label	LAB_004471a4
004471d8	Label	LAB_004471d8
00447254	Label	LAB_00447254
0044727c	Label	LAB_0044727c
00447290	Label	LAB_00447290
004472b4	Label	LAB_004472b4
004472d0	Function	FUN_004472d0
004472f0	Label	LAB_004472f0
00447300	Label	LAB_00447300
00447310	Label	LAB_00447310
00447330	Label	LAB_00447330
00447374	Label	LAB_00447374
00447388	Label	LAB_00447388
0044739c	Label	LAB_0044739c
004473b0	Function	FUN_004473b0
004473f8	Label	LAB_004473f8
00447418	Label	LAB_00447418
00447420	Label	LAB_00447420
00447428	Function	FUN_00447428
00447470	Label	LAB_00447470
00447490	Label	LAB_00447490
00447498	Label	LAB_00447498
004474a0	Function	FUN_004474a0
004474e8	Label	LAB_004474e8
00447508	Label	LAB_00447508
00447510	Label	LAB_00447510
00447518	Label	LAB_00447518
00447578	Label	LAB_00447578
00447594	Label	LAB_00447594
0044759c	Label	LAB_0044759c
004475a4	Label	LAB_004475a4
00447604	Label	LAB_00447604
00447620	Label	LAB_00447620
00447628	Label	LAB_00447628
00447630	Function	FUN_00447630
00447658	Label	LAB_00447658
00447698	Label	LAB_00447698
004476c0	Label	LAB_004476c0
00447718	Label	LAB_00447718
00447774	Label	LAB_00447774
00447814	Label	LAB_00447814
00447830	Label	LAB_00447830
00447840	Label	LAB_00447840
00447848	Function	FUN_00447848
004478b8	Label	LAB_004478b8
00447964	Function	FUN_00447964
004479c0	Label	LAB_004479c0
004479dc	Label	LAB_004479dc
004479e8	Label	LAB_004479e8
00447a0c	Label	LAB_00447a0c
00447a20	Label	LAB_00447a20
00447c20	Function	FUN_00447c20
00447c4c	Label	LAB_00447c4c
00447c98	Function	FUN_00447c98
00447cbc	Label	LAB_00447cbc
00447cd4	Label	LAB_00447cd4
00447d0c	Label	LAB_00447d0c
00447d24	Label	LAB_00447d24
00447d28	Label	LAB_00447d28
00447d3c	Label	LAB_00447d3c
00447d44	Label	LAB_00447d44
00447d4c	Label	LAB_00447d4c
00447d54	Function	FUN_00447d54
00447d78	Label	LAB_00447d78
00447d90	Function	FUN_00447d90
00447de4	Label	LAB_00447de4
00447de8	Label	LAB_00447de8
00447e0c	Label	LAB_00447e0c
00447e18	Label	LAB_00447e18
00447e58	Label	LAB_00447e58
00447e88	Label	LAB_00447e88
00447e98	Label	LAB_00447e98
00447ea8	Label	LAB_00447ea8
00447eb4	Label	LAB_00447eb4
00447ed0	Label	LAB_00447ed0
00447ee0	Label	LAB_00447ee0
00447ef0	Label	LAB_00447ef0
00447f00	Label	LAB_00447f00
00447f10	Label	LAB_00447f10
00447f20	Label	LAB_00447f20
00447f30	Label	LAB_00447f30
00447f3c	Label	LAB_00447f3c
00447f48	Label	LAB_00447f48
00447f54	Function	FUN_00447f54
00447f78	Label	LAB_00447f78
00447f90	Label	LAB_00447f90
00447fd8	Label	LAB_00447fd8
00447fec	Label	LAB_00447fec
00448024	Label	LAB_00448024
004480b4	Label	LAB_004480b4
004480c4	Label	LAB_004480c4
004480cc	Label	LAB_004480cc
004480d4	Label	LAB_004480d4
004480dc	Label	LAB_004480dc
004480f8	Label	LAB_004480f8
00448100	Label	LAB_00448100
00448108	Label	LAB_00448108
00448110	Label	LAB_00448110
00448118	Label	LAB_00448118
00448120	Label	LAB_00448120
00448128	Label	LAB_00448128
00448130	Label	LAB_00448130
00448138	Label	LAB_00448138
00448154	Function	FUN_00448154
004481a8	Label	LAB_004481a8
004481ac	Label	LAB_004481ac
004481d0	Label	LAB_004481d0
004481f4	Label	LAB_004481f4
00448204	Label	LAB_00448204
00448214	Label	LAB_00448214
00448224	Function	FUN_00448224
004482a4	Label	LAB_004482a4
004482e8	Label	LAB_004482e8
00448308	Label	LAB_00448308
0044832c	Label	LAB_0044832c
00448354	Label	LAB_00448354
00448368	Label	LAB_00448368
00448370	Label	LAB_00448370
00448378	Label	LAB_00448378
00448398	Label	LAB_00448398
004483a0	Label	LAB_004483a0
004483b8	Label	LAB_004483b8
004483d4	Label	LAB_004483d4
004483e0	Label	LAB_004483e0
004483e8	Label	LAB_004483e8
004483f0	Label	LAB_004483f0
004483f8	Label	LAB_004483f8
00448400	Label	LAB_00448400
00448408	Label	LAB_00448408
00448410	Label	LAB_00448410
00448418	Label	LAB_00448418
00448430	Label	LAB_00448430
00448440	Function	FUN_00448440
00448478	Label	LAB_00448478
0044847c	Label	LAB_0044847c
00448490	Label	LAB_00448490
00448504	Label	LAB_00448504
0044852c	Label	LAB_0044852c
00448570	Label	LAB_00448570
0044858c	Label	LAB_0044858c
004485a4	Label	LAB_004485a4
0044860c	Label	LAB_0044860c
00448650	Label	LAB_00448650
00448668	Label	LAB_00448668
004486ac	Label	LAB_004486ac
004486d8	Label	LAB_004486d8
004486e4	Label	LAB_004486e4
00448724	Label	LAB_00448724
00448728	Label	LAB_00448728
00448740	Label	LAB_00448740
00448768	Label	LAB_00448768
004487b8	Label	LAB_004487b8
004487c8	Label	LAB_004487c8
004487cc	Label	LAB_004487cc
004487f4	Label	LAB_004487f4
0044880c	Label	LAB_0044880c
00448810	Label	LAB_00448810
0044882c	Label	LAB_0044882c
00448868	Label	LAB_00448868
00448874	Label	LAB_00448874
0044888c	Label	LAB_0044888c
00448890	Label	LAB_00448890
00448898	Label	LAB_00448898
004488b4	Label	LAB_004488b4
004488d0	Label	LAB_004488d0
004488d8	Label	LAB_004488d8
0044891c	Label	LAB_0044891c
00448924	Label	LAB_00448924
0044892c	Label	LAB_0044892c
00448970	Label	LAB_00448970
00448978	Label	LAB_00448978
004489bc	Label	LAB_004489bc
004489d0	Label	LAB_004489d0
004489ec	Label	LAB_004489ec
00448a28	Function	FUN_00448a28
00448a30	Function	FUN_00448a30
00448a64	Label	LAB_00448a64
00448ab8	Label	LAB_00448ab8
00448ad4	Label	LAB_00448ad4
00448afc	Label	LAB_00448afc
00448b14	Label	LAB_00448b14
00448b40	Label	LAB_00448b40
00448b74	Label	LAB_00448b74
00448ba0	Label	LAB_00448ba0
00448ba4	Label	LAB_00448ba4
00448bc8	Label	LAB_00448bc8
00448bd0	Label	LAB_00448bd0
00448bec	Label	LAB_00448bec
00448c08	Label	LAB_00448c08
00448c60	Label	LAB_00448c60
00448c78	Label	LAB_00448c78
00448c90	Label	LAB_00448c90
00448ccc	Label	LAB_00448ccc
00448cfc	Label	LAB_00448cfc
00448d00	Label	LAB_00448d00
00448d1c	Label	LAB_00448d1c
00448d40	Label	LAB_00448d40
00448d50	Label	LAB_00448d50
00448da0	Label	LAB_00448da0
00448dc4	Label	LAB_00448dc4
00448de8	Label	LAB_00448de8
00448df4	Label	LAB_00448df4
00448e24	Label	LAB_00448e24
00448e44	Label	LAB_00448e44
00448e64	Label	LAB_00448e64
00448e84	Label	LAB_00448e84
00448e94	Label	LAB_00448e94
00448eb4	Label	LAB_00448eb4
00448f10	Label	LAB_00448f10
00448f34	Label	LAB_00448f34
00448f4c	Label	LAB_00448f4c
00448f5c	Label	LAB_00448f5c
00448f6c	Label	LAB_00448f6c
00448f7c	Label	LAB_00448f7c
00448f88	Label	LAB_00448f88
00448fc4	Label	LAB_00448fc4
0044903c	Label	LAB_0044903c
00449050	Label	LAB_00449050
00449070	Label	LAB_00449070
00449080	Function	FUN_00449080
004490d8	Label	LAB_004490d8
00449138	Label	LAB_00449138
0044915c	Label	LAB_0044915c
00449180	Label	LAB_00449180
00449184	Label	LAB_00449184
00449188	Label	LAB_00449188
00449190	Label	LAB_00449190
004491b0	Label	LAB_004491b0
004491d0	Label	LAB_004491d0
004491f0	Label	LAB_004491f0
00449200	Label	LAB_00449200
0044920c	Label	LAB_0044920c
0044921c	Function	FUN_0044921c
00449250	Label	LAB_00449250
00449278	Label	LAB_00449278
0044927c	Label	LAB_0044927c
004492e0	Label	LAB_004492e0
00449304	Label	LAB_00449304
00449328	Label	LAB_00449328
0044932c	Label	LAB_0044932c
00449330	Label	LAB_00449330
00449338	Label	LAB_00449338
00449358	Label	LAB_00449358
00449378	Label	LAB_00449378
00449398	Label	LAB_00449398
004493a8	Label	LAB_004493a8
004493e8	Label	LAB_004493e8
004493f4	Label	LAB_004493f4
00449408	Label	LAB_00449408
00449458	Label	LAB_00449458
00449460	Label	LAB_00449460
00449468	Label	LAB_00449468
00449470	Label	LAB_00449470
00449480	Function	FUN_00449480
004494c4	Label	LAB_004494c4
004494f4	Label	LAB_004494f4
00449554	Label	LAB_00449554
00449578	Label	LAB_00449578
0044959c	Label	LAB_0044959c
004495a0	Label	LAB_004495a0
004495a4	Label	LAB_004495a4
004495ac	Label	LAB_004495ac
004495cc	Label	LAB_004495cc
004495ec	Label	LAB_004495ec
0044960c	Label	LAB_0044960c
0044961c	Label	LAB_0044961c
00449628	Label	LAB_00449628
00449638	Function	FUN_00449638
00449674	Label	LAB_00449674
00449690	Label	LAB_00449690
00449698	Label	LAB_00449698
004496ac	Function	FUN_004496ac
004496d8	Function	FUN_004496d8
004496f8	Function	FUN_004496f8
00449830	Label	LAB_00449830
00449844	Label	LAB_00449844
00449858	Label	LAB_00449858
0044985c	Label	LAB_0044985c
00449860	Label	LAB_00449860
00449868	Label	LAB_00449868
00449878	Label	LAB_00449878
00449888	Label	LAB_00449888
00449898	Label	LAB_00449898
004498a8	Label	LAB_004498a8
004498b8	Function	FUN_004498b8
004498f4	Label	LAB_004498f4
0044994c	Label	LAB_0044994c
00449958	Label	LAB_00449958
004499c0	Label	LAB_004499c0
004499cc	Label	LAB_004499cc
00449a10	Label	LAB_00449a10
00449a60	Label	LAB_00449a60
00449ab8	Label	LAB_00449ab8
00449acc	Label	LAB_00449acc
00449ae4	Label	LAB_00449ae4
00449ae8	Label	LAB_00449ae8
00449aec	Label	LAB_00449aec
00449b14	Label	LAB_00449b14
00449b40	Label	LAB_00449b40
00449b4c	Label	LAB_00449b4c
00449b68	Label	LAB_00449b68
00449bac	Label	LAB_00449bac
00449bb8	Label	LAB_00449bb8
00449bc4	Label	LAB_00449bc4
00449be0	Label	LAB_00449be0
00449bf4	Label	LAB_00449bf4
00449c08	Label	LAB_00449c08
00449c18	Label	LAB_00449c18
00449c48	Label	LAB_00449c48
00449c58	Function	FUN_00449c58
00449d10	Label	LAB_00449d10
00449d30	Label	LAB_00449d30
00449d48	Function	FUN_00449d48
00449d90	Label	LAB_00449d90
00449de4	Label	LAB_00449de4
00449df0	Label	LAB_00449df0
00449df8	Function	FUN_00449df8
00449e94	Label	LAB_00449e94
00449ebc	Label	LAB_00449ebc
00449ec0	Label	LAB_00449ec0
00449f08	Label	LAB_00449f08
00449f14	Label	LAB_00449f14
00449f28	Label	LAB_00449f28
00449f88	Function	FUN_00449f88
00449fc4	Label	LAB_00449fc4
0044a010	Label	LAB_0044a010
0044a01c	Label	LAB_0044a01c
0044a034	Label	LAB_0044a034
0044a084	Label	LAB_0044a084
0044a0b4	Label	LAB_0044a0b4
0044a0cc	Label	LAB_0044a0cc
0044a0d0	Label	LAB_0044a0d0
0044a0d4	Label	LAB_0044a0d4
0044a108	Label	LAB_0044a108
0044a148	Label	LAB_0044a148
0044a170	Label	LAB_0044a170
0044a1c0	Label	LAB_0044a1c0
0044a214	Label	LAB_0044a214
0044a220	Label	LAB_0044a220
0044a234	Function	FUN_0044a234
0044a248	Label	LAB_0044a248
0044a290	Label	LAB_0044a290
0044a29c	Label	LAB_0044a29c
0044a2a4	Label	LAB_0044a2a4
0044a2e0	Label	LAB_0044a2e0
0044a300	Label	LAB_0044a300
0044a32c	Label	LAB_0044a32c
0044a388	Label	LAB_0044a388
0044a394	Label	LAB_0044a394
0044a3a0	Label	LAB_0044a3a0
0044a3e8	Label	LAB_0044a3e8
0044a3f8	Label	LAB_0044a3f8
0044a40c	Label	LAB_0044a40c
0044a420	Label	LAB_0044a420
0044a448	Label	LAB_0044a448
0044a47c	Label	LAB_0044a47c
0044a4a4	Label	LAB_0044a4a4
0044a4c0	Label	LAB_0044a4c0
0044a4ec	Label	LAB_0044a4ec
0044a4f4	Label	LAB_0044a4f4
0044a508	Label	LAB_0044a508
0044a518	Label	LAB_0044a518
0044a524	Label	LAB_0044a524
0044a53c	Label	LAB_0044a53c
0044a544	Label	LAB_0044a544
0044a54c	Label	LAB_0044a54c
0044a554	Label	LAB_0044a554
0044a5f0	Label	LAB_0044a5f0
0044a68c	Function	FUN_0044a68c
0044a6c8	Label	LAB_0044a6c8
0044a6f8	Label	LAB_0044a6f8
0044a704	Label	LAB_0044a704
0044a72c	Label	LAB_0044a72c
0044a73c	Label	LAB_0044a73c
0044a754	Label	LAB_0044a754
0044a7ac	Label	LAB_0044a7ac
0044a7b8	Label	LAB_0044a7b8
0044a7f8	Label	LAB_0044a7f8
0044a810	Label	LAB_0044a810
0044a828	Label	LAB_0044a828
0044a834	Label	LAB_0044a834
0044a848	Label	LAB_0044a848
0044a8a4	Label	LAB_0044a8a4
0044a8bc	Label	LAB_0044a8bc
0044a8cc	Label	LAB_0044a8cc
0044a904	Label	LAB_0044a904
0044a91c	Label	LAB_0044a91c
0044a928	Label	LAB_0044a928
0044a93c	Label	LAB_0044a93c
0044a944	Label	LAB_0044a944
0044a97c	Function	FUN_0044a97c
0044aa08	Label	LAB_0044aa08
0044aa18	Label	LAB_0044aa18
0044aa28	Label	LAB_0044aa28
0044aa44	Label	LAB_0044aa44
0044aa60	Label	LAB_0044aa60
0044aa68	Label	LAB_0044aa68
0044aa78	Label	LAB_0044aa78
0044aa98	Label	LAB_0044aa98
0044aaa0	Label	LAB_0044aaa0
0044aae4	Label	LAB_0044aae4
0044aaf8	Label	LAB_0044aaf8
0044ab04	Label	LAB_0044ab04
0044ab40	Label	LAB_0044ab40
0044ab48	Label	LAB_0044ab48
0044ab74	Label	LAB_0044ab74
0044ab80	Function	FUN_0044ab80
0044abcc	Label	LAB_0044abcc
0044abe4	Label	LAB_0044abe4
0044abec	Label	LAB_0044abec
0044ac00	Label	LAB_0044ac00
0044ac18	Label	LAB_0044ac18
0044ac30	Label	LAB_0044ac30
0044ac8c	Label	LAB_0044ac8c
0044aca4	Label	LAB_0044aca4
0044acac	Label	LAB_0044acac
0044acb8	Label	LAB_0044acb8
0044acbc	Label	LAB_0044acbc
0044accc	Label	LAB_0044accc
0044ace4	Label	LAB_0044ace4
0044ad40	Label	LAB_0044ad40
0044ad58	Label	LAB_0044ad58
0044ad60	Label	LAB_0044ad60
0044ad6c	Label	LAB_0044ad6c
0044ad7c	Label	LAB_0044ad7c
0044ad80	Label	LAB_0044ad80
0044ad90	Label	LAB_0044ad90
0044adec	Label	LAB_0044adec
0044ae10	Label	LAB_0044ae10
0044ae24	Label	LAB_0044ae24
0044ae34	Label	LAB_0044ae34
0044ae40	Label	LAB_0044ae40
0044ae50	Label	LAB_0044ae50
0044ae60	Label	LAB_0044ae60
0044ae64	Label	LAB_0044ae64
0044ae78	Label	LAB_0044ae78
0044ae80	Label	LAB_0044ae80
0044aea0	Label	LAB_0044aea0
0044aeb0	Label	LAB_0044aeb0
0044aed0	Label	LAB_0044aed0
0044aee0	Label	LAB_0044aee0
0044af40	Label	LAB_0044af40
0044af50	Label	LAB_0044af50
0044af68	Label	LAB_0044af68
0044af78	Label	LAB_0044af78
0044af94	Label	LAB_0044af94
0044b018	Label	LAB_0044b018
0044b038	Label	LAB_0044b038
0044b044	Label	LAB_0044b044
0044b04c	Label	LAB_0044b04c
0044b078	Label	LAB_0044b078
0044b0bc	Label	LAB_0044b0bc
0044b0e8	Label	LAB_0044b0e8
0044b124	Label	LAB_0044b124
0044b130	Label	LAB_0044b130
0044b160	Label	LAB_0044b160
0044b1a8	Label	LAB_0044b1a8
0044b214	Label	LAB_0044b214
0044b244	Function	FUN_0044b244
0044b29c	Label	LAB_0044b29c
0044b2b4	Label	LAB_0044b2b4
0044b2f0	Label	LAB_0044b2f0
0044b2fc	Label	LAB_0044b2fc
0044b314	Label	LAB_0044b314
0044b368	Label	LAB_0044b368
0044b390	Label	LAB_0044b390
0044b3e0	Label	LAB_0044b3e0
0044b400	Label	LAB_0044b400
0044b4d0	Label	LAB_0044b4d0
0044b4d8	Label	LAB_0044b4d8
0044b50c	Label	LAB_0044b50c
0044b520	Label	LAB_0044b520
0044b52c	Label	LAB_0044b52c
0044b530	Label	LAB_0044b530
0044b538	Label	LAB_0044b538
0044b544	Label	LAB_0044b544
0044b550	Label	LAB_0044b550
0044b55c	Label	LAB_0044b55c
0044b568	Label	LAB_0044b568
0044b574	Label	LAB_0044b574
0044b580	Label	LAB_0044b580
0044b58c	Label	LAB_0044b58c
0044b598	Label	LAB_0044b598
0044b5a4	Label	LAB_0044b5a4
0044b5b0	Label	LAB_0044b5b0
0044b5bc	Label	LAB_0044b5bc
0044b5c8	Label	LAB_0044b5c8
0044b5d0	Label	LAB_0044b5d0
0044b5d8	Label	LAB_0044b5d8
0044b5e0	Label	LAB_0044b5e0
0044b624	Label	LAB_0044b624
0044b670	Label	LAB_0044b670
0044b684	Label	LAB_0044b684
0044b698	Label	LAB_0044b698
0044b6e0	Label	LAB_0044b6e0
0044b728	Label	LAB_0044b728
0044b768	Label	LAB_0044b768
0044b77c	Label	LAB_0044b77c
0044b800	Label	LAB_0044b800
0044b82c	Label	LAB_0044b82c
0044b850	Label	LAB_0044b850
0044b86c	Label	LAB_0044b86c
0044b888	Label	LAB_0044b888
0044b8c8	Label	LAB_0044b8c8
0044b9b4	Label	LAB_0044b9b4
0044b9d4	Label	LAB_0044b9d4
0044b9d8	Label	LAB_0044b9d8
0044ba00	Label	LAB_0044ba00
0044ba0c	Label	LAB_0044ba0c
0044ba14	Label	LAB_0044ba14
0044ba1c	Label	LAB_0044ba1c
0044ba24	Label	LAB_0044ba24
0044ba2c	Label	LAB_0044ba2c
0044ba34	Label	LAB_0044ba34
0044ba3c	Label	LAB_0044ba3c
0044ba44	Label	LAB_0044ba44
0044ba4c	Label	LAB_0044ba4c
0044ba54	Label	LAB_0044ba54
0044ba5c	Label	LAB_0044ba5c
0044ba64	Label	LAB_0044ba64
0044ba6c	Label	LAB_0044ba6c
0044ba74	Label	LAB_0044ba74
0044ba7c	Label	LAB_0044ba7c
0044ba84	Label	LAB_0044ba84
0044ba8c	Label	LAB_0044ba8c
0044bad8	Label	LAB_0044bad8
0044bae4	Label	LAB_0044bae4
0044bb18	Label	LAB_0044bb18
0044bb34	Label	LAB_0044bb34
0044bb50	Label	LAB_0044bb50
0044bb64	Label	LAB_0044bb64
0044bb7c	Label	LAB_0044bb7c
0044bb94	Label	LAB_0044bb94
0044bba8	Function	FUN_0044bba8
0044bbbc	Label	LAB_0044bbbc
0044bc08	Label	LAB_0044bc08
0044bc90	Label	LAB_0044bc90
0044bc94	Label	LAB_0044bc94
0044bca8	Label	LAB_0044bca8
0044bcf0	Label	LAB_0044bcf0
0044bd08	Label	LAB_0044bd08
0044bd0c	Label	LAB_0044bd0c
0044bd20	Label	LAB_0044bd20
0044bd68	Label	LAB_0044bd68
0044bd7c	Label	LAB_0044bd7c
0044bd84	Label	LAB_0044bd84
0044bd8c	Label	LAB_0044bd8c
0044bda8	Label	LAB_0044bda8
0044bdc4	Label	LAB_0044bdc4
0044bde4	Label	LAB_0044bde4
0044be00	Label	LAB_0044be00
0044be1c	Label	LAB_0044be1c
0044be50	Label	LAB_0044be50
0044be80	Label	LAB_0044be80
0044bed4	Label	LAB_0044bed4
0044bee8	Label	LAB_0044bee8
0044bf00	Function	FUN_0044bf00
0044bf90	Label	LAB_0044bf90
0044bfb0	Function	FUN_0044bfb0
0044c024	Label	LAB_0044c024
0044c030	Label	LAB_0044c030
0044c044	Label	LAB_0044c044
0044c058	Label	LAB_0044c058
0044c080	Label	LAB_0044c080
0044c08c	Label	LAB_0044c08c
0044c0a8	Label	LAB_0044c0a8
0044c0c4	Label	LAB_0044c0c4
0044c0d8	Label	LAB_0044c0d8
0044c0f0	Label	LAB_0044c0f0
0044c10c	Label	LAB_0044c10c
0044c11c	Label	LAB_0044c11c
0044c124	Label	LAB_0044c124
0044c138	Label	LAB_0044c138
0044c16c	Label	LAB_0044c16c
0044c170	Label	LAB_0044c170
0044c180	Label	LAB_0044c180
0044c188	Label	LAB_0044c188
0044c1b0	Label	LAB_0044c1b0
0044c1b8	Label	LAB_0044c1b8
0044c1c4	Label	LAB_0044c1c4
0044c218	Label	LAB_0044c218
0044c250	Label	LAB_0044c250
0044c258	Label	LAB_0044c258
0044c2c0	Label	LAB_0044c2c0
0044c2d0	Function	FUN_0044c2d0
0044c304	Label	LAB_0044c304
0044c320	Label	LAB_0044c320
0044c394	Label	LAB_0044c394
0044c3b8	Function	FUN_0044c3b8
0044c4ac	Label	LAB_0044c4ac
0044c4ec	Label	LAB_0044c4ec
0044c504	Label	LAB_0044c504
0044c520	Label	LAB_0044c520
0044c530	Label	LAB_0044c530
0044c598	Label	switchD_0044c598::switchD
0044c5a0	Label	switchD_0044c598::caseD_4e
0044c5e8	Label	LAB_0044c5e8
0044c604	Label	switchD_0044c598::caseD_1
0044c604	Label	switchD_0044c598::caseD_2
0044c604	Label	switchD_0044c598::caseD_3
0044c604	Label	switchD_0044c598::caseD_4
0044c604	Label	switchD_0044c598::caseD_5
0044c604	Label	switchD_0044c598::caseD_6
0044c604	Label	switchD_0044c598::caseD_7
0044c604	Label	switchD_0044c598::caseD_8
0044c604	Label	switchD_0044c598::caseD_9
0044c604	Label	switchD_0044c598::caseD_a
0044c604	Label	switchD_0044c598::caseD_b
0044c604	Label	switchD_0044c598::caseD_c
0044c604	Label	switchD_0044c598::caseD_d
0044c604	Label	switchD_0044c598::caseD_e
0044c604	Label	switchD_0044c598::caseD_f
0044c604	Label	switchD_0044c598::caseD_10
0044c604	Label	switchD_0044c598::caseD_11
0044c604	Label	switchD_0044c598::caseD_12
0044c604	Label	switchD_0044c598::caseD_13
0044c604	Label	switchD_0044c598::caseD_14
0044c604	Label	switchD_0044c598::caseD_15
0044c604	Label	switchD_0044c598::caseD_16
0044c604	Label	switchD_0044c598::caseD_17
0044c604	Label	switchD_0044c598::caseD_18
0044c604	Label	switchD_0044c598::caseD_19
0044c604	Label	switchD_0044c598::caseD_1a
0044c604	Label	switchD_0044c598::caseD_1b
0044c604	Label	switchD_0044c598::caseD_1d
0044c604	Label	switchD_0044c598::caseD_1e
0044c604	Label	switchD_0044c598::caseD_23
0044c604	Label	switchD_0044c598::caseD_24
0044c604	Label	switchD_0044c598::caseD_25
0044c604	Label	switchD_0044c598::caseD_26
0044c604	Label	switchD_0044c598::caseD_27
0044c604	Label	switchD_0044c598::caseD_28
0044c604	Label	switchD_0044c598::caseD_29
0044c604	Label	switchD_0044c598::caseD_2b
0044c604	Label	switchD_0044c598::caseD_2c
0044c604	Label	switchD_0044c598::caseD_2d
0044c604	Label	switchD_0044c598::caseD_2e
0044c604	Label	switchD_0044c598::caseD_2f
0044c604	Label	switchD_0044c598::caseD_30
0044c604	Label	switchD_0044c598::caseD_31
0044c604	Label	switchD_0044c598::caseD_32
0044c604	Label	switchD_0044c598::caseD_34
0044c604	Label	switchD_0044c598::caseD_35
0044c604	Label	switchD_0044c598::caseD_36
0044c604	Label	switchD_0044c598::caseD_37
0044c604	Label	switchD_0044c598::caseD_38
0044c604	Label	switchD_0044c598::caseD_39
0044c604	Label	switchD_0044c598::caseD_3a
0044c604	Label	switchD_0044c598::caseD_3b
0044c604	Label	switchD_0044c598::caseD_3d
0044c604	Label	switchD_0044c598::caseD_43
0044c604	Label	switchD_0044c598::caseD_45
0044c604	Label	switchD_0044c598::caseD_46
0044c604	Label	switchD_0044c598::caseD_47
0044c604	Label	switchD_0044c598::caseD_48
0044c604	Label	switchD_0044c598::caseD_49
0044c604	Label	switchD_0044c598::caseD_4c
0044c604	Label	switchD_0044c598::caseD_4d
0044c604	Label	switchD_0044c598::caseD_4f
0044c604	Label	switchD_0044c598::caseD_51
0044c604	Label	switchD_0044c598::caseD_52
0044c608	Label	LAB_0044c608
0044c620	Label	LAB_0044c620
0044c658	Label	LAB_0044c658
0044c6a0	Label	switchD_0044c598::caseD_3e
0044c6d4	Label	switchD_0044c598::caseD_21
0044c6d4	Label	switchD_0044c598::caseD_41
0044c6fc	Label	LAB_0044c6fc
0044c724	Label	switchD_0044c598::caseD_0
0044c73c	Label	switchD_0044c598::caseD_1f
0044c73c	Label	switchD_0044c598::caseD_2a
0044c73c	Label	switchD_0044c598::caseD_33
0044c73c	Label	switchD_0044c598::caseD_3f
0044c73c	Label	switchD_0044c598::caseD_44
0044c73c	Label	switchD_0044c598::caseD_4a
0044c73c	Label	switchD_0044c598::caseD_4b
0044c73c	Label	switchD_0044c598::caseD_50
0044c73c	Label	switchD_0044c598::caseD_53
0044c770	Label	switchD_0044c598::caseD_1c
0044c770	Label	switchD_0044c598::caseD_20
0044c770	Label	switchD_0044c598::caseD_22
0044c770	Label	switchD_0044c598::caseD_3c
0044c770	Label	switchD_0044c598::caseD_40
0044c770	Label	switchD_0044c598::caseD_42
0044c798	Label	LAB_0044c798
0044c7b8	Label	LAB_0044c7b8
0044c7cc	Label	LAB_0044c7cc
0044c7d4	Label	LAB_0044c7d4
0044c7dc	Label	LAB_0044c7dc
0044c860	Label	LAB_0044c860
0044c88c	Label	LAB_0044c88c
0044c8b8	Function	FUN_0044c8b8
0044c924	Label	LAB_0044c924
0044c928	Label	LAB_0044c928
0044c944	Label	LAB_0044c944
0044c94c	Label	LAB_0044c94c
0044c9b8	Label	LAB_0044c9b8
0044ca58	Label	LAB_0044ca58
0044ca8c	Function	FUN_0044ca8c
0044cac0	Function	FUN_0044cac0
0044cb08	Label	LAB_0044cb08
0044cb20	Label	LAB_0044cb20
0044cb40	Function	FUN_0044cb40
0044cb9c	Function	FUN_0044cb9c
0044cca0	Function	FUN_0044cca0
0044cd2c	Function	FUN_0044cd2c
0044cda0	Function	FUN_0044cda0
0044cdd0	Function	FUN_0044cdd0
0044ce3c	Label	LAB_0044ce3c
0044ce60	Label	LAB_0044ce60
0044ce74	Label	LAB_0044ce74
0044ce8c	Label	LAB_0044ce8c
0044ce90	Label	LAB_0044ce90
0044cea4	Label	LAB_0044cea4
0044ced4	Label	LAB_0044ced4
0044cee8	Label	LAB_0044cee8
0044cf2c	Label	LAB_0044cf2c
0044cf50	Function	FUN_0044cf50
0044cf98	Label	LAB_0044cf98
0044cfb0	Function	FUN_0044cfb0
0044d018	Function	FUN_0044d018
0044d090	Label	LAB_0044d090
0044d094	Label	LAB_0044d094
0044d0ac	Label	LAB_0044d0ac
0044d0e0	Label	LAB_0044d0e0
0044d11c	Label	LAB_0044d11c
0044d130	Label	LAB_0044d130
0044d144	Label	LAB_0044d144
0044d158	Label	LAB_0044d158
0044d16c	Label	LAB_0044d16c
0044d180	Label	LAB_0044d180
0044d194	Label	LAB_0044d194
0044d1a8	Label	LAB_0044d1a8
0044d1bc	Label	LAB_0044d1bc
0044d1d0	Label	LAB_0044d1d0
0044d1e4	Label	LAB_0044d1e4
0044d1f8	Label	LAB_0044d1f8
0044d20c	Label	LAB_0044d20c
0044d220	Label	LAB_0044d220
0044d250	Label	LAB_0044d250
0044d2a8	Label	LAB_0044d2a8
0044d2e4	Label	LAB_0044d2e4
0044d2f8	Label	LAB_0044d2f8
0044d30c	Label	LAB_0044d30c
0044d320	Label	LAB_0044d320
0044d334	Label	LAB_0044d334
0044d348	Label	LAB_0044d348
0044d35c	Label	LAB_0044d35c
0044d370	Label	LAB_0044d370
0044d384	Label	LAB_0044d384
0044d398	Label	LAB_0044d398
0044d3ac	Label	LAB_0044d3ac
0044d3c0	Label	LAB_0044d3c0
0044d3d4	Label	LAB_0044d3d4
0044d3e8	Label	LAB_0044d3e8
0044d41c	Label	LAB_0044d41c
0044d444	Label	LAB_0044d444
0044d464	Label	LAB_0044d464
0044d484	Label	LAB_0044d484
0044d4a4	Label	LAB_0044d4a4
0044d4c4	Label	LAB_0044d4c4
0044d4e4	Label	LAB_0044d4e4
0044d504	Label	LAB_0044d504
0044d524	Label	LAB_0044d524
0044d544	Label	LAB_0044d544
0044d564	Label	LAB_0044d564
0044d584	Label	LAB_0044d584
0044d5a4	Label	LAB_0044d5a4
0044d5c4	Label	LAB_0044d5c4
0044d5e4	Label	LAB_0044d5e4
0044d604	Label	LAB_0044d604
0044d624	Label	LAB_0044d624
0044d644	Label	LAB_0044d644
0044d664	Label	LAB_0044d664
0044d684	Label	LAB_0044d684
0044d6a4	Label	LAB_0044d6a4
0044d6c4	Label	LAB_0044d6c4
0044d6e4	Label	LAB_0044d6e4
0044d704	Label	LAB_0044d704
0044d724	Label	LAB_0044d724
0044d744	Label	LAB_0044d744
0044d764	Label	LAB_0044d764
0044d784	Label	LAB_0044d784
0044d7a4	Label	LAB_0044d7a4
0044d7c4	Label	LAB_0044d7c4
0044d830	Label	LAB_0044d830
0044d84c	Label	LAB_0044d84c
0044d874	Label	LAB_0044d874
0044d88c	Label	LAB_0044d88c
0044d89c	Label	LAB_0044d89c
0044d8d0	Label	LAB_0044d8d0
0044d8f0	Label	LAB_0044d8f0
0044d8fc	Label	LAB_0044d8fc
0044d920	Label	LAB_0044d920
0044d940	Label	LAB_0044d940
0044d950	Label	LAB_0044d950
0044d954	Label	LAB_0044d954
0044d984	Label	LAB_0044d984
0044d9a0	Label	LAB_0044d9a0
0044d9b8	Label	LAB_0044d9b8
0044d9cc	Label	LAB_0044d9cc
0044d9dc	Label	LAB_0044d9dc
0044da10	Label	LAB_0044da10
0044da30	Label	LAB_0044da30
0044da34	Label	LAB_0044da34
0044da3c	Label	LAB_0044da3c
0044da60	Label	LAB_0044da60
0044da80	Label	LAB_0044da80
0044da90	Label	LAB_0044da90
0044da94	Label	LAB_0044da94
0044daa0	Label	LAB_0044daa0
0044dab8	Label	LAB_0044dab8
0044dad0	Label	LAB_0044dad0
0044daf4	Label	LAB_0044daf4
0044db18	Label	LAB_0044db18
0044dbc8	Label	LAB_0044dbc8
0044dbf8	Label	LAB_0044dbf8
0044dc30	Label	LAB_0044dc30
0044dc6c	Label	LAB_0044dc6c
0044dc80	Label	LAB_0044dc80
0044dc94	Label	LAB_0044dc94
0044dca8	Label	LAB_0044dca8
0044dcbc	Label	LAB_0044dcbc
0044dcd0	Label	LAB_0044dcd0
0044dce4	Label	LAB_0044dce4
0044dcf8	Label	LAB_0044dcf8
0044dd0c	Label	LAB_0044dd0c
0044dd20	Label	LAB_0044dd20
0044dd34	Label	LAB_0044dd34
0044dd48	Label	LAB_0044dd48
0044dd5c	Label	LAB_0044dd5c
0044dd70	Label	LAB_0044dd70
0044dda8	Label	LAB_0044dda8
0044ddf0	Label	LAB_0044ddf0
0044de04	Label	LAB_0044de04
0044de18	Label	LAB_0044de18
0044de2c	Label	LAB_0044de2c
0044de40	Label	LAB_0044de40
0044de54	Label	LAB_0044de54
0044de68	Label	LAB_0044de68
0044de7c	Label	LAB_0044de7c
0044de90	Label	LAB_0044de90
0044dea4	Label	LAB_0044dea4
0044deb8	Label	LAB_0044deb8
0044decc	Label	LAB_0044decc
0044dee0	Label	LAB_0044dee0
0044def4	Label	LAB_0044def4
0044df2c	Label	LAB_0044df2c
0044df90	Label	LAB_0044df90
0044dfc4	Label	LAB_0044dfc4
0044dfe8	Label	LAB_0044dfe8
0044e00c	Label	LAB_0044e00c
0044e034	Label	LAB_0044e034
0044e054	Label	LAB_0044e054
0044e058	Label	LAB_0044e058
0044e0b0	Label	LAB_0044e0b0
0044e118	Label	LAB_0044e118
0044e140	Label	LAB_0044e140
0044e168	Label	LAB_0044e168
0044e190	Label	LAB_0044e190
0044e1b4	Label	LAB_0044e1b4
0044e1d8	Label	LAB_0044e1d8
0044e1fc	Label	LAB_0044e1fc
0044e220	Label	LAB_0044e220
0044e244	Label	LAB_0044e244
0044e268	Label	LAB_0044e268
0044e290	Label	LAB_0044e290
0044e2b4	Label	LAB_0044e2b4
0044e2d8	Label	LAB_0044e2d8
0044e300	Label	LAB_0044e300
0044e328	Label	LAB_0044e328
0044e34c	Label	LAB_0044e34c
0044e370	Label	LAB_0044e370
0044e398	Label	LAB_0044e398
0044e3c0	Label	LAB_0044e3c0
0044e3e4	Label	LAB_0044e3e4
0044e408	Label	LAB_0044e408
0044e430	Label	LAB_0044e430
0044e458	Label	LAB_0044e458
0044e480	Label	LAB_0044e480
0044e4a8	Label	LAB_0044e4a8
0044e4e4	Label	LAB_0044e4e4
0044e50c	Label	LAB_0044e50c
0044e534	Label	LAB_0044e534
0044e544	Label	LAB_0044e544
0044e5a8	Label	LAB_0044e5a8
0044e5c8	Label	LAB_0044e5c8
0044e5d8	Label	LAB_0044e5d8
0044e5e4	Label	LAB_0044e5e4
0044e648	Label	LAB_0044e648
0044e668	Label	LAB_0044e668
0044e678	Label	LAB_0044e678
0044e684	Label	LAB_0044e684
0044e6c8	Label	LAB_0044e6c8
0044e6fc	Label	LAB_0044e6fc
0044e708	Label	LAB_0044e708
0044e718	Label	LAB_0044e718
0044e76c	Label	LAB_0044e76c
0044e77c	Label	LAB_0044e77c
0044e790	Label	LAB_0044e790
0044e7a4	Label	LAB_0044e7a4
0044e818	Label	LAB_0044e818
0044e86c	Label	LAB_0044e86c
0044e874	Label	LAB_0044e874
0044e8b8	Label	LAB_0044e8b8
0044e8e0	Label	LAB_0044e8e0
0044e8ec	Label	LAB_0044e8ec
0044e8fc	Function	FUN_0044e8fc
0044e948	Label	LAB_0044e948
0044e9cc	Label	LAB_0044e9cc
0044ea20	Label	LAB_0044ea20
0044ea48	Label	LAB_0044ea48
0044ea58	Label	LAB_0044ea58
0044ea94	Label	LAB_0044ea94
0044ead4	Label	LAB_0044ead4
0044eae4	Label	LAB_0044eae4
0044eaf8	Label	LAB_0044eaf8
0044eb0c	Label	LAB_0044eb0c
0044eb20	Label	LAB_0044eb20
0044eb34	Label	LAB_0044eb34
0044eb48	Label	LAB_0044eb48
0044eb60	Label	LAB_0044eb60
0044eb78	Function	FUN_0044eb78
0044ebd8	Label	LAB_0044ebd8
0044ebe8	Label	LAB_0044ebe8
0044ec18	Label	LAB_0044ec18
0044ec24	Label	LAB_0044ec24
0044ec48	Label	LAB_0044ec48
0044ec50	Label	LAB_0044ec50
0044eca4	Label	LAB_0044eca4
0044ecbc	Label	LAB_0044ecbc
0044ed48	Label	LAB_0044ed48
0044ed80	Label	LAB_0044ed80
0044edc0	Label	LAB_0044edc0
0044edc4	Label	LAB_0044edc4
0044edd0	Label	LAB_0044edd0
0044edec	Label	LAB_0044edec
0044ee64	Label	LAB_0044ee64
0044ee98	Label	LAB_0044ee98
0044eed8	Label	LAB_0044eed8
0044eedc	Label	LAB_0044eedc
0044eeec	Label	LAB_0044eeec
0044ef60	Label	LAB_0044ef60
0044ef78	Label	LAB_0044ef78
0044f008	Label	LAB_0044f008
0044f040	Label	LAB_0044f040
0044f080	Label	LAB_0044f080
0044f08c	Label	LAB_0044f08c
0044f0a4	Label	LAB_0044f0a4
0044f0b0	Label	LAB_0044f0b0
0044f164	Label	LAB_0044f164
0044f1ac	Label	LAB_0044f1ac
0044f204	Label	LAB_0044f204
0044f208	Label	LAB_0044f208
0044f218	Label	LAB_0044f218
0044f224	Label	LAB_0044f224
0044f230	Label	LAB_0044f230
0044f254	Label	LAB_0044f254
0044f260	Label	LAB_0044f260
0044f278	Label	LAB_0044f278
0044f284	Label	LAB_0044f284
0044f2a8	Label	LAB_0044f2a8
0044f35c	Label	LAB_0044f35c
0044f3a8	Label	LAB_0044f3a8
0044f408	Label	LAB_0044f408
0044f40c	Label	LAB_0044f40c
0044f420	Label	LAB_0044f420
0044f46c	Label	LAB_0044f46c
0044f498	Label	LAB_0044f498
0044f4a4	Label	LAB_0044f4a4
0044f4b8	Label	LAB_0044f4b8
0044f4c4	Label	LAB_0044f4c4
0044f4d0	Label	LAB_0044f4d0
0044f4d8	Label	LAB_0044f4d8
0044f500	Label	LAB_0044f500
0044f50c	Label	LAB_0044f50c
0044f53c	Label	LAB_0044f53c
0044f548	Label	LAB_0044f548
0044f550	Label	LAB_0044f550
0044f55c	Label	LAB_0044f55c
0044f58c	Label	LAB_0044f58c
0044f5b4	Label	LAB_0044f5b4
0044f62c	Label	LAB_0044f62c
0044f684	Label	LAB_0044f684
0044f698	Label	LAB_0044f698
0044f6e8	Label	LAB_0044f6e8
0044f6f8	Label	LAB_0044f6f8
0044f710	Label	LAB_0044f710
0044f744	Label	LAB_0044f744
0044f780	Label	LAB_0044f780
0044f788	Label	LAB_0044f788
0044f7ac	Label	LAB_0044f7ac
0044f7bc	Label	LAB_0044f7bc
0044f7e4	Label	LAB_0044f7e4
0044f820	Label	LAB_0044f820
0044f828	Label	LAB_0044f828
0044f84c	Label	LAB_0044f84c
0044f85c	Label	LAB_0044f85c
0044f898	Label	LAB_0044f898
0044f8a0	Label	LAB_0044f8a0
0044f8cc	Label	LAB_0044f8cc
0044f8d8	Label	LAB_0044f8d8
0044f90c	Label	LAB_0044f90c
0044f934	Label	LAB_0044f934
0044f950	Label	LAB_0044f950
0044f97c	Label	LAB_0044f97c
0044f984	Label	LAB_0044f984
0044f998	Label	LAB_0044f998
0044f9a8	Label	LAB_0044f9a8
0044f9b4	Label	LAB_0044f9b4
0044f9cc	Label	LAB_0044f9cc
0044f9d4	Label	LAB_0044f9d4
0044f9dc	Label	LAB_0044f9dc
0044f9e4	Label	LAB_0044f9e4
0044fa60	Label	LAB_0044fa60
0044fa64	Label	LAB_0044fa64
0044fad4	Label	LAB_0044fad4
0044fb24	Label	LAB_0044fb24
0044fb30	Label	LAB_0044fb30
0044fba0	Label	LAB_0044fba0
0044fbfc	Label	LAB_0044fbfc
0044fc10	Label	LAB_0044fc10
0044fc24	Label	LAB_0044fc24
0044fc34	Label	LAB_0044fc34
0044fc50	Function	FUN_0044fc50
0044fc94	Label	LAB_0044fc94
0044fcac	Label	LAB_0044fcac
0044fcd4	Label	LAB_0044fcd4
0044fd04	Label	LAB_0044fd04
0044fd40	Label	LAB_0044fd40
0044fd68	Label	LAB_0044fd68
0044fd84	Label	LAB_0044fd84
0044fd8c	Label	LAB_0044fd8c
0044fdb0	Label	LAB_0044fdb0
0044fdc8	Label	LAB_0044fdc8
0044fdf4	Function	FUN_0044fdf4
0044fe70	Label	LAB_0044fe70
0044feb4	Label	LAB_0044feb4
0044fedc	Label	LAB_0044fedc
0044fef4	Label	LAB_0044fef4
0044ff24	Function	FUN_0044ff24
0044ff90	Label	LAB_0044ff90
0044ffb8	Label	LAB_0044ffb8
0044ffe8	Label	LAB_0044ffe8
00450010	Label	LAB_00450010
0045005c	Label	LAB_0045005c
00450078	Label	LAB_00450078
004500a0	Label	LAB_004500a0
004500b8	Label	LAB_004500b8
004500e8	Function	FUN_004500e8
004501cc	Label	LAB_004501cc
004501d0	Label	LAB_004501d0
004501f4	Label	LAB_004501f4
0045021c	Label	LAB_0045021c
00450230	Label	LAB_00450230
00450238	Label	LAB_00450238
00450260	Label	LAB_00450260
00450278	Label	LAB_00450278
004502a0	Label	LAB_004502a0
004502a8	Label	LAB_004502a8
004502b0	Label	LAB_004502b0
004502b8	Label	LAB_004502b8
004502c0	Label	LAB_004502c0
004502c8	Label	LAB_004502c8
004502d0	Label	LAB_004502d0
004502d8	Label	LAB_004502d8
004502e0	Label	LAB_004502e0
004502e8	Label	LAB_004502e8
004502f0	Label	LAB_004502f0
004502f8	Label	LAB_004502f8
00450300	Label	LAB_00450300
00450308	Label	LAB_00450308
00450310	Label	LAB_00450310
00450318	Label	LAB_00450318
00450390	Label	LAB_00450390
004503ac	Label	LAB_004503ac
004503d8	Label	LAB_004503d8
004503f0	Label	LAB_004503f0
0045041c	Label	LAB_0045041c
00450444	Label	LAB_00450444
0045045c	Label	LAB_0045045c
00450464	Label	LAB_00450464
004504dc	Label	LAB_004504dc
004504f8	Label	LAB_004504f8
00450524	Label	LAB_00450524
0045053c	Label	LAB_0045053c
00450568	Label	LAB_00450568
00450590	Label	LAB_00450590
004505a8	Label	LAB_004505a8
004505b0	Label	LAB_004505b0
00450630	Label	LAB_00450630
00450634	Label	LAB_00450634
0045064c	Label	LAB_0045064c
00450650	Label	LAB_00450650
00450684	Label	LAB_00450684
004506ec	Label	LAB_004506ec
00450704	Label	LAB_00450704
0045071c	Label	LAB_0045071c
00450730	Label	LAB_00450730
00450744	Label	LAB_00450744
00450758	Label	LAB_00450758
0045076c	Label	LAB_0045076c
00450780	Label	LAB_00450780
00450794	Label	LAB_00450794
004507a8	Label	LAB_004507a8
004507bc	Label	LAB_004507bc
004507d4	Label	LAB_004507d4
004507ec	Label	LAB_004507ec
00450800	Label	LAB_00450800
00450814	Label	LAB_00450814
004508ac	Label	LAB_004508ac
004508f4	Label	LAB_004508f4
00450904	Label	LAB_00450904
00450948	Label	LAB_00450948
00450964	Label	LAB_00450964
004509d4	Label	LAB_004509d4
004509ec	Label	LAB_004509ec
00450a00	Label	LAB_00450a00
00450a14	Label	LAB_00450a14
00450a28	Label	LAB_00450a28
00450a3c	Label	LAB_00450a3c
00450a50	Label	LAB_00450a50
00450a64	Label	LAB_00450a64
00450a78	Label	LAB_00450a78
00450a8c	Label	LAB_00450a8c
00450aa0	Label	LAB_00450aa0
00450ab4	Label	LAB_00450ab4
00450ac8	Label	LAB_00450ac8
00450adc	Label	LAB_00450adc
00450af0	Label	LAB_00450af0
00450b90	Label	LAB_00450b90
00450bf0	Label	LAB_00450bf0
00450c00	Label	LAB_00450c00
00450c44	Label	LAB_00450c44
00450c60	Label	LAB_00450c60
00450c7c	Label	LAB_00450c7c
00450c8c	Label	LAB_00450c8c
00450cac	Label	LAB_00450cac
00450ccc	Label	LAB_00450ccc
00450cec	Label	LAB_00450cec
00450d08	Label	LAB_00450d08
00450d4c	Label	LAB_00450d4c
00450d6c	Label	LAB_00450d6c
00450d8c	Label	LAB_00450d8c
00450dac	Label	LAB_00450dac
00450dd4	Label	LAB_00450dd4
00450e04	Label	LAB_00450e04
00450e24	Label	LAB_00450e24
00450e64	Label	LAB_00450e64
00450e84	Label	LAB_00450e84
00450e98	Label	LAB_00450e98
00450ed0	Label	LAB_00450ed0
00450ef0	Label	LAB_00450ef0
00450f10	Label	LAB_00450f10
00450f30	Label	LAB_00450f30
00450f38	Label	LAB_00450f38
00450f4c	Label	LAB_00450f4c
00450f84	Label	LAB_00450f84
00450fa4	Label	LAB_00450fa4
00450fc4	Label	LAB_00450fc4
00450fe4	Label	LAB_00450fe4
00451004	Label	LAB_00451004
00451024	Label	LAB_00451024
00451044	Label	LAB_00451044
00451064	Label	LAB_00451064
00451084	Label	LAB_00451084
004510a4	Label	LAB_004510a4
004510c4	Label	LAB_004510c4
004510e4	Label	LAB_004510e4
00451134	Label	LAB_00451134
00451140	Label	LAB_00451140
00451154	Label	LAB_00451154
00451194	Label	LAB_00451194
004511c4	Label	LAB_004511c4
004511d8	Label	LAB_004511d8
004511e4	Label	LAB_004511e4
004511f8	Label	LAB_004511f8
00451204	Label	LAB_00451204
00451218	Label	LAB_00451218
00451224	Label	LAB_00451224
00451238	Label	LAB_00451238
0045124c	Label	LAB_0045124c
00451260	Label	LAB_00451260
00451274	Label	LAB_00451274
00451288	Label	LAB_00451288
0045129c	Label	LAB_0045129c
004512b0	Label	LAB_004512b0
004512c4	Label	LAB_004512c4
004512d8	Label	LAB_004512d8
004512ec	Label	LAB_004512ec
00451300	Label	LAB_00451300
00451314	Label	LAB_00451314
00451324	Label	LAB_00451324
00451338	Label	LAB_00451338
00451348	Label	LAB_00451348
00451358	Label	LAB_00451358
00451368	Label	LAB_00451368
0045137c	Label	LAB_0045137c
00451390	Label	LAB_00451390
004513a4	Label	LAB_004513a4
0045147c	Label	LAB_0045147c
004514b4	Label	LAB_004514b4
004514c8	Label	LAB_004514c8
004514e0	Label	LAB_004514e0
004514f0	Label	LAB_004514f0
0045151c	Label	LAB_0045151c
0045153c	Label	LAB_0045153c
00451548	Label	LAB_00451548
0045156c	Label	LAB_0045156c
0045158c	Label	LAB_0045158c
0045159c	Label	LAB_0045159c
004515a0	Label	LAB_004515a0
004515e0	Label	LAB_004515e0
004515fc	Label	LAB_004515fc
00451614	Label	LAB_00451614
0045162c	Label	LAB_0045162c
0045163c	Label	LAB_0045163c
00451668	Label	LAB_00451668
00451688	Label	LAB_00451688
00451694	Label	LAB_00451694
004516c4	Label	LAB_004516c4
004516d4	Label	LAB_004516d4
004516f4	Label	LAB_004516f4
00451710	Label	LAB_00451710
00451724	Label	LAB_00451724
00451738	Label	LAB_00451738
00451740	Label	LAB_00451740
00451750	Label	LAB_00451750
00451764	Label	LAB_00451764
00451788	Label	LAB_00451788
004517b0	Label	LAB_004517b0
004517c8	Label	LAB_004517c8
004517d0	Label	LAB_004517d0
004517f8	Label	LAB_004517f8
00451810	Label	LAB_00451810
00451818	Label	LAB_00451818
004518c8	Label	LAB_004518c8
00451900	Label	LAB_00451900
00451930	Label	LAB_00451930
00451970	Label	LAB_00451970
004519a8	Label	LAB_004519a8
004519c4	Label	LAB_004519c4
004519e4	Label	LAB_004519e4
00451a00	Label	LAB_00451a00
00451a20	Label	LAB_00451a20
00451a40	Label	LAB_00451a40
00451a60	Label	LAB_00451a60
00451a78	Label	LAB_00451a78
00451a90	Label	LAB_00451a90
00451ab4	Label	LAB_00451ab4
00451acc	Label	LAB_00451acc
00451adc	Label	LAB_00451adc
00451b00	Label	LAB_00451b00
00451b1c	Label	LAB_00451b1c
00451b28	Label	LAB_00451b28
00451b4c	Label	LAB_00451b4c
00451b64	Label	LAB_00451b64
00451b74	Label	LAB_00451b74
00451b98	Label	LAB_00451b98
00451bb4	Label	LAB_00451bb4
00451bc0	Label	LAB_00451bc0
00451c70	Label	LAB_00451c70
00451ca8	Label	LAB_00451ca8
00451cd8	Label	LAB_00451cd8
00451d18	Label	LAB_00451d18
00451d50	Label	LAB_00451d50
00451d68	Label	LAB_00451d68
00451d88	Label	LAB_00451d88
00451da0	Label	LAB_00451da0
00451dc0	Label	LAB_00451dc0
00451de0	Label	LAB_00451de0
00451e00	Label	LAB_00451e00
00451e18	Label	LAB_00451e18
00451e30	Label	LAB_00451e30
00451e54	Label	LAB_00451e54
00451e6c	Label	LAB_00451e6c
00451e7c	Label	LAB_00451e7c
00451ea0	Label	LAB_00451ea0
00451ebc	Label	LAB_00451ebc
00451ec8	Label	LAB_00451ec8
00451eec	Label	LAB_00451eec
00451f04	Label	LAB_00451f04
00451f14	Label	LAB_00451f14
00451f38	Label	LAB_00451f38
00451f54	Label	LAB_00451f54
00451f60	Label	LAB_00451f60
00451fdc	Label	LAB_00451fdc
00452004	Label	LAB_00452004
00452040	Label	LAB_00452040
0045204c	Label	LAB_0045204c
0045205c	Label	LAB_0045205c
00452078	Label	LAB_00452078
004520a4	Label	LAB_004520a4
004520f8	Label	LAB_004520f8
00452120	Label	LAB_00452120
00452124	Label	LAB_00452124
0045212c	Label	LAB_0045212c
00452148	Label	LAB_00452148
00452190	Label	LAB_00452190
004521a8	Label	LAB_004521a8
004521ac	Label	LAB_004521ac
004521b4	Label	LAB_004521b4
004521cc	Label	LAB_004521cc
004521e4	Label	LAB_004521e4
00452204	Label	LAB_00452204
00452224	Label	LAB_00452224
00452248	Label	LAB_00452248
00452264	Label	LAB_00452264
00452270	Label	LAB_00452270
00452294	Label	LAB_00452294
004522b0	Label	LAB_004522b0
004522bc	Label	LAB_004522bc
00452338	Label	LAB_00452338
00452360	Label	LAB_00452360
004523a0	Label	LAB_004523a0
004523ac	Label	LAB_004523ac
004523bc	Label	LAB_004523bc
004523d8	Label	LAB_004523d8
00452404	Label	LAB_00452404
0045245c	Label	LAB_0045245c
00452484	Label	LAB_00452484
00452488	Label	LAB_00452488
00452490	Label	LAB_00452490
004524ac	Label	LAB_004524ac
004524f4	Label	LAB_004524f4
0045250c	Label	LAB_0045250c
00452510	Label	LAB_00452510
00452518	Label	LAB_00452518
00452530	Label	LAB_00452530
00452548	Label	LAB_00452548
00452568	Label	LAB_00452568
00452588	Label	LAB_00452588
004525ac	Label	LAB_004525ac
004525c8	Label	LAB_004525c8
004525d4	Label	LAB_004525d4
004525f8	Label	LAB_004525f8
00452614	Label	LAB_00452614
00452620	Function	FUN_00452620
004526e0	Label	LAB_004526e0
004526ec	Label	LAB_004526ec
004526f8	Label	LAB_004526f8
00452700	Label	LAB_00452700
0045271c	Label	LAB_0045271c
0045272c	Label	LAB_0045272c
00452738	Label	LAB_00452738
00452fa8	Label	LAB_00452fa8
00452fd0	Label	LAB_00452fd0
00452fd8	Function	FUN_00452fd8
00453074	Label	LAB_00453074
004530ac	Label	LAB_004530ac
004530b0	Label	LAB_004530b0
0045310c	Label	LAB_0045310c
00453110	Label	LAB_00453110
0045312c	Label	LAB_0045312c
0045317c	Label	LAB_0045317c
00453180	Label	LAB_00453180
0045319c	Label	LAB_0045319c
004531a0	Label	LAB_004531a0
004531cc	Label	LAB_004531cc
004531d0	Label	LAB_004531d0
0045321c	Label	LAB_0045321c
00453220	Label	LAB_00453220
00453230	Label	LAB_00453230
00453274	Label	LAB_00453274
00453290	Label	LAB_00453290
004532b0	Label	LAB_004532b0
004532e0	Label	LAB_004532e0
004532f8	Label	LAB_004532f8
00453310	Label	LAB_00453310
00453334	Label	LAB_00453334
00453358	Label	LAB_00453358
004533e8	Label	LAB_004533e8
00453444	Label	LAB_00453444
0045346c	Label	LAB_0045346c
00453484	Function	FUN_00453484
004534c8	Label	LAB_004534c8
004534d0	Label	LAB_004534d0
00453514	Label	LAB_00453514
00453530	Label	LAB_00453530
0045357c	Label	LAB_0045357c
0045359c	Label	LAB_0045359c
00453618	Label	LAB_00453618
00453658	Label	LAB_00453658
00453670	Label	LAB_00453670
00453734	Label	LAB_00453734
00453740	Label	LAB_00453740
00453760	Label	LAB_00453760
00453768	Label	LAB_00453768
00453780	Function	FUN_00453780
004537c8	Label	LAB_004537c8
004537e4	Label	LAB_004537e4
00453800	Label	LAB_00453800
00453820	Label	LAB_00453820
00453830	Label	LAB_00453830
00453838	Label	LAB_00453838
0045385c	Label	LAB_0045385c
00453884	Label	LAB_00453884
004538ac	Label	LAB_004538ac
004538d4	Label	LAB_004538d4
004538e8	Label	LAB_004538e8
00453938	Label	LAB_00453938
00453a3c	Label	LAB_00453a3c
00453aac	Label	LAB_00453aac
00453b08	Label	LAB_00453b08
00453b34	Label	LAB_00453b34
00453b58	Label	LAB_00453b58
00453b7c	Label	LAB_00453b7c
00453ba0	Label	LAB_00453ba0
00453bc4	Label	LAB_00453bc4
00453c0c	Label	LAB_00453c0c
00453d0c	Label	LAB_00453d0c
00453d78	Label	LAB_00453d78
00453dd4	Label	LAB_00453dd4
00453de4	Label	LAB_00453de4
00453dfc	Label	LAB_00453dfc
00453e0c	Label	LAB_00453e0c
00453e1c	Label	LAB_00453e1c
00453e30	Label	LAB_00453e30
00453e38	Label	LAB_00453e38
00453e48	Function	FUN_00453e48
00453ebc	Label	LAB_00453ebc
00453ee0	Label	LAB_00453ee0
00453f34	Label	LAB_00453f34
00453f60	Label	LAB_00453f60
00453f6c	Label	LAB_00453f6c
00453f8c	Label	LAB_00453f8c
00453f98	Label	LAB_00453f98
00453ff8	Label	LAB_00453ff8
00454030	Label	LAB_00454030
00454040	Label	LAB_00454040
00454064	Label	LAB_00454064
00454070	Label	LAB_00454070
004540a0	Label	LAB_004540a0
004540a4	Label	LAB_004540a4
004540e0	Label	LAB_004540e0
004540ec	Label	LAB_004540ec
004540f4	Label	LAB_004540f4
00454118	Label	LAB_00454118
00454154	Label	LAB_00454154
00454178	Label	LAB_00454178
004541ac	Function	FUN_004541ac
004541f8	Label	LAB_004541f8
00454210	Label	LAB_00454210
0045422c	Label	LAB_0045422c
0045426c	Label	LAB_0045426c
0045427c	Label	LAB_0045427c
00454284	Label	LAB_00454284
004542b0	Label	LAB_004542b0
004542d0	Label	LAB_004542d0
004542e4	Label	LAB_004542e4
0045433c	Function	FUN_0045433c
004543b0	Label	LAB_004543b0
004543bc	Label	LAB_004543bc
0045441c	Label	LAB_0045441c
00454448	Label	LAB_00454448
00454454	Label	LAB_00454454
004544a0	Label	LAB_004544a0
004544c0	Label	LAB_004544c0
004544f0	Label	LAB_004544f0
00454514	Label	LAB_00454514
0045458c	Label	LAB_0045458c
004545c0	Label	LAB_004545c0
00454610	Label	LAB_00454610
00454628	Label	LAB_00454628
00454630	Label	LAB_00454630
00454638	Function	FUN_00454638
004547b8	Label	LAB_004547b8
004547cc	Function	FUN_004547cc
00454814	Label	LAB_00454814
00454850	Label	LAB_00454850
00454858	Label	LAB_00454858
00454894	Label	LAB_00454894
00454898	Label	LAB_00454898
004548d8	Function	FUN_004548d8
0045497c	Function	FUN_0045497c
004549d4	Label	LAB_004549d4
004549e0	Function	FUN_004549e0
00454a08	Label	LAB_00454a08
00454a28	Function	FUN_00454a28
00454a70	Function	FUN_00454a70
00454af0	Label	LAB_00454af0
00454b00	Label	LAB_00454b00
00454b20	Label	LAB_00454b20
00454b3c	Label	LAB_00454b3c
00454b48	Label	LAB_00454b48
00454b88	Label	LAB_00454b88
00454b9c	Label	LAB_00454b9c
00454ba4	Label	LAB_00454ba4
00454bc4	Label	LAB_00454bc4
00454c10	Label	LAB_00454c10
00454c2c	Label	LAB_00454c2c
00454c3c	Label	LAB_00454c3c
00454c48	Label	LAB_00454c48
00454c64	Label	LAB_00454c64
00454c78	Label	LAB_00454c78
00454c98	Label	LAB_00454c98
00454cc4	Label	LAB_00454cc4
00454cd8	Label	LAB_00454cd8
00454cfc	Label	LAB_00454cfc
00454d0c	Label	LAB_00454d0c
00454d30	Label	LAB_00454d30
00454d40	Label	LAB_00454d40
00454d58	Label	LAB_00454d58
00454da4	Label	LAB_00454da4
00454dc0	Label	LAB_00454dc0
00454dc8	Label	LAB_00454dc8
00454e04	Label	LAB_00454e04
00454e2c	Label	LAB_00454e2c
00454e54	Label	LAB_00454e54
00454e78	Label	LAB_00454e78
00454e90	Label	LAB_00454e90
00454ea0	Function	FUN_00454ea0
00454f04	Label	LAB_00454f04
00454f44	Label	LAB_00454f44
00454f58	Label	LAB_00454f58
00454f9c	Label	LAB_00454f9c
00454fac	Function	FUN_00454fac
00455010	Label	LAB_00455010
00455050	Label	LAB_00455050
00455064	Label	LAB_00455064
0045509c	Label	LAB_0045509c
004550ac	Function	thunk_FUN_0046fa68
004550b4	Function	FUN_004550b4
0045510c	Label	LAB_0045510c
0045514c	Label	LAB_0045514c
00455160	Label	LAB_00455160
00455184	Label	LAB_00455184
004551a0	Function	FUN_004551a0
00455224	Label	LAB_00455224
00455248	Label	LAB_00455248
00455280	Label	LAB_00455280
004552a0	Label	LAB_004552a0
004552bc	Label	LAB_004552bc
004552f8	Label	LAB_004552f8
00455360	Label	LAB_00455360
0045537c	Label	LAB_0045537c
00455394	Label	LAB_00455394
004553d0	Label	LAB_004553d0
004553e8	Label	LAB_004553e8
004553ec	Label	LAB_004553ec
004553f8	Label	LAB_004553f8
00455418	Label	LAB_00455418
00455420	Label	LAB_00455420
0045542c	Label	LAB_0045542c
00455498	Label	LAB_00455498
004554a8	Label	LAB_004554a8
004554b0	Label	LAB_004554b0
004554cc	Label	LAB_004554cc
004554d8	Label	LAB_004554d8
004554e0	Label	LAB_004554e0
004554e8	Label	LAB_004554e8
004554f0	Label	LAB_004554f0
00455500	Function	FUN_00455500
00455588	Label	LAB_00455588
004555e0	Label	LAB_004555e0
004555f4	Label	LAB_004555f4
00455640	Label	LAB_00455640
00455658	Label	LAB_00455658
00455664	Label	LAB_00455664
00455690	Label	LAB_00455690
004556a0	Label	LAB_004556a0
00455798	Label	LAB_00455798
004557a0	Label	LAB_004557a0
00455884	Label	LAB_00455884
00455888	Label	LAB_00455888
004558a0	Label	LAB_004558a0
004558b0	Label	LAB_004558b0
004558d8	Label	LAB_004558d8
004559f8	Label	LAB_004559f8
00455a2c	Function	FUN_00455a2c
00455a48	Label	LAB_00455a48
00455a58	Label	LAB_00455a58
00455a74	Label	LAB_00455a74
00455a84	Label	LAB_00455a84
00455aa0	Label	LAB_00455aa0
00455ab0	Label	LAB_00455ab0
00455acc	Label	LAB_00455acc
00455adc	Label	LAB_00455adc
00455af8	Label	LAB_00455af8
00455b08	Label	LAB_00455b08
00455b24	Label	LAB_00455b24
00455b34	Label	LAB_00455b34
00455b50	Label	LAB_00455b50
00455b60	Label	LAB_00455b60
00455b7c	Label	LAB_00455b7c
00455b8c	Label	LAB_00455b8c
00455ba8	Label	LAB_00455ba8
00455bb8	Label	LAB_00455bb8
00455bd4	Label	LAB_00455bd4
00455be4	Label	LAB_00455be4
00455c00	Label	LAB_00455c00
00455c10	Label	LAB_00455c10
00455c2c	Label	LAB_00455c2c
00455c3c	Label	LAB_00455c3c
00455c58	Label	LAB_00455c58
00455c68	Label	LAB_00455c68
00455c84	Label	LAB_00455c84
00455c94	Label	LAB_00455c94
00455cb0	Label	LAB_00455cb0
00455cc0	Label	LAB_00455cc0
00455cdc	Label	LAB_00455cdc
00455cec	Label	LAB_00455cec
00455d08	Label	LAB_00455d08
00455d14	Label	LAB_00455d14
00455d44	Label	LAB_00455d44
00455d64	Label	LAB_00455d64
00455d84	Label	LAB_00455d84
00455da4	Label	LAB_00455da4
00455dc4	Label	LAB_00455dc4
00455de4	Label	LAB_00455de4
00455e04	Label	LAB_00455e04
00455e24	Label	LAB_00455e24
00455e44	Label	LAB_00455e44
00455e64	Label	LAB_00455e64
00455e84	Label	LAB_00455e84
00455ea4	Label	LAB_00455ea4
00455ec4	Label	LAB_00455ec4
00455ee4	Label	LAB_00455ee4
00455f04	Label	LAB_00455f04
00455f24	Label	LAB_00455f24
00455f2c	Label	LAB_00455f2c
00455f34	Label	LAB_00455f34
00455f3c	Label	LAB_00455f3c
00455f44	Label	LAB_00455f44
00455f4c	Label	LAB_00455f4c
00455f54	Label	LAB_00455f54
00455f5c	Label	LAB_00455f5c
00455f64	Label	LAB_00455f64
00455f6c	Label	LAB_00455f6c
00455f74	Label	LAB_00455f74
00455f7c	Label	LAB_00455f7c
00455f84	Label	LAB_00455f84
00455f8c	Label	LAB_00455f8c
00455f94	Label	LAB_00455f94
00455f9c	Label	LAB_00455f9c
00455fa4	Label	LAB_00455fa4
00455fac	Label	LAB_00455fac
00455fe4	Label	LAB_00455fe4
00455ff8	Label	LAB_00455ff8
00456044	Label	LAB_00456044
00456070	Label	LAB_00456070
0045609c	Label	LAB_0045609c
004560d4	Label	LAB_004560d4
00456100	Label	LAB_00456100
0045612c	Label	LAB_0045612c
00456164	Label	LAB_00456164
00456194	Label	LAB_00456194
004561c0	Label	LAB_004561c0
004561f8	Label	LAB_004561f8
00456224	Label	LAB_00456224
00456240	Label	LAB_00456240
00456250	Label	LAB_00456250
004562a0	Label	LAB_004562a0
004562cc	Label	LAB_004562cc
004562f8	Label	LAB_004562f8
00456330	Label	LAB_00456330
0045635c	Label	LAB_0045635c
00456388	Label	LAB_00456388
004563c0	Label	LAB_004563c0
004563f0	Label	LAB_004563f0
00456408	Label	LAB_00456408
0045641c	Label	LAB_0045641c
00456440	Label	LAB_00456440
00456454	Label	LAB_00456454
00456458	Label	LAB_00456458
00456480	Label	LAB_00456480
0045649c	Label	LAB_0045649c
004564ac	Label	LAB_004564ac
004564e8	Label	LAB_004564e8
00456508	Label	LAB_00456508
00456510	Label	LAB_00456510
00456528	Label	LAB_00456528
00456558	Label	LAB_00456558
00456560	Label	LAB_00456560
00456568	Label	LAB_00456568
00456570	Label	LAB_00456570
00456578	Label	LAB_00456578
00456580	Label	LAB_00456580
004565a0	Label	LAB_004565a0
004565a8	Label	LAB_004565a8
004565b0	Label	LAB_004565b0
004565b8	Label	LAB_004565b8
004565c0	Label	LAB_004565c0
004565c8	Label	LAB_004565c8
004565d0	Label	LAB_004565d0
004565d8	Label	LAB_004565d8
004565e8	Label	LAB_004565e8
004565f0	Label	LAB_004565f0
004565f8	Label	LAB_004565f8
00456600	Label	LAB_00456600
00456608	Label	LAB_00456608
00456610	Label	LAB_00456610
00456618	Label	LAB_00456618
00456620	Label	LAB_00456620
00456628	Label	LAB_00456628
00456630	Label	LAB_00456630
00456638	Label	LAB_00456638
00456640	Label	LAB_00456640
00456648	Label	LAB_00456648
00456650	Label	LAB_00456650
0045666c	Function	FUN_0045666c
004566ec	Label	LAB_004566ec
00456774	Label	LAB_00456774
004567b0	Label	LAB_004567b0
00456814	Label	LAB_00456814
0045683c	Label	LAB_0045683c
00456854	Label	LAB_00456854
00456878	Label	LAB_00456878
00456890	Label	LAB_00456890
004568b4	Label	LAB_004568b4
004568cc	Label	LAB_004568cc
004568f0	Label	LAB_004568f0
00456908	Label	LAB_00456908
0045692c	Label	LAB_0045692c
00456944	Label	LAB_00456944
00456968	Label	LAB_00456968
00456980	Label	LAB_00456980
004569a4	Label	LAB_004569a4
004569bc	Label	LAB_004569bc
004569e0	Label	LAB_004569e0
004569f8	Label	LAB_004569f8
00456a1c	Label	LAB_00456a1c
00456a34	Label	LAB_00456a34
00456a58	Label	LAB_00456a58
00456a70	Label	LAB_00456a70
00456a94	Label	LAB_00456a94
00456aac	Label	LAB_00456aac
00456ad0	Label	LAB_00456ad0
00456ae8	Label	LAB_00456ae8
00456b0c	Label	LAB_00456b0c
00456b24	Label	LAB_00456b24
00456b48	Label	LAB_00456b48
00456b60	Label	LAB_00456b60
00456b84	Label	LAB_00456b84
00456bc0	Label	LAB_00456bc0
00456bd4	Label	LAB_00456bd4
00456be0	Label	LAB_00456be0
00456c10	Label	LAB_00456c10
00456c2c	Label	LAB_00456c2c
00456c48	Label	LAB_00456c48
00456c64	Label	LAB_00456c64
00456c80	Label	LAB_00456c80
00456c9c	Label	LAB_00456c9c
00456cb8	Label	LAB_00456cb8
00456cd4	Label	LAB_00456cd4
00456cf0	Label	LAB_00456cf0
00456d0c	Label	LAB_00456d0c
00456d28	Label	LAB_00456d28
00456d44	Label	LAB_00456d44
00456d60	Label	LAB_00456d60
00456d7c	Label	LAB_00456d7c
00456d84	Label	LAB_00456d84
00456dc0	Label	LAB_00456dc0
00456dd4	Label	LAB_00456dd4
00456e08	Label	LAB_00456e08
00456e18	Label	LAB_00456e18
00456e30	Label	LAB_00456e30
00456e6c	Label	LAB_00456e6c
00456e84	Label	LAB_00456e84
00456e98	Label	LAB_00456e98
00456ee0	Label	LAB_00456ee0
00456f58	Label	LAB_00456f58
00456f80	Label	LAB_00456f80
00456f98	Label	LAB_00456f98
00456fbc	Label	LAB_00456fbc
00456fd4	Label	LAB_00456fd4
00456ff8	Label	LAB_00456ff8
00457010	Label	LAB_00457010
00457034	Label	LAB_00457034
0045704c	Label	LAB_0045704c
00457070	Label	LAB_00457070
00457088	Label	LAB_00457088
004570ac	Label	LAB_004570ac
004570c4	Label	LAB_004570c4
004570e8	Label	LAB_004570e8
00457100	Label	LAB_00457100
00457124	Label	LAB_00457124
0045713c	Label	LAB_0045713c
00457160	Label	LAB_00457160
00457178	Label	LAB_00457178
0045719c	Label	LAB_0045719c
004571b4	Label	LAB_004571b4
004571d8	Label	LAB_004571d8
004571f0	Label	LAB_004571f0
00457214	Label	LAB_00457214
0045722c	Label	LAB_0045722c
00457250	Label	LAB_00457250
00457268	Label	LAB_00457268
0045728c	Label	LAB_0045728c
004572a4	Label	LAB_004572a4
004572c8	Label	LAB_004572c8
00457304	Label	LAB_00457304
00457324	Label	LAB_00457324
00457354	Label	LAB_00457354
00457370	Label	LAB_00457370
0045738c	Label	LAB_0045738c
004573a8	Label	LAB_004573a8
004573c4	Label	LAB_004573c4
004573e0	Label	LAB_004573e0
004573fc	Label	LAB_004573fc
00457418	Label	LAB_00457418
00457434	Label	LAB_00457434
00457450	Label	LAB_00457450
0045746c	Label	LAB_0045746c
00457488	Label	LAB_00457488
004574a4	Label	LAB_004574a4
004574c0	Label	LAB_004574c0
004574d0	Label	LAB_004574d0
00457514	Label	LAB_00457514
00457528	Label	LAB_00457528
00457584	Label	LAB_00457584
004575b0	Label	LAB_004575b0
004575dc	Label	LAB_004575dc
0045761c	Label	LAB_0045761c
00457648	Label	LAB_00457648
00457674	Label	LAB_00457674
004576b4	Label	LAB_004576b4
004576e0	Label	LAB_004576e0
0045770c	Label	LAB_0045770c
0045774c	Label	LAB_0045774c
00457778	Label	LAB_00457778
00457794	Label	LAB_00457794
004577a8	Label	LAB_004577a8
004577ac	Label	LAB_004577ac
00457808	Label	LAB_00457808
00457834	Label	LAB_00457834
00457860	Label	LAB_00457860
004578a0	Label	LAB_004578a0
004578cc	Label	LAB_004578cc
004578f8	Label	LAB_004578f8
00457938	Label	LAB_00457938
00457964	Label	LAB_00457964
00457990	Label	LAB_00457990
004579d4	Label	LAB_004579d4
004579fc	Label	LAB_004579fc
00457a18	Label	LAB_00457a18
00457a2c	Label	LAB_00457a2c
00457a70	Label	LAB_00457a70
00457a90	Label	LAB_00457a90
00457a98	Label	LAB_00457a98
00457aa0	Label	LAB_00457aa0
00457aa8	Label	LAB_00457aa8
00457ab0	Label	LAB_00457ab0
00457ab8	Label	LAB_00457ab8
00457ac0	Label	LAB_00457ac0
00457ac8	Label	LAB_00457ac8
00457aec	Label	LAB_00457aec
00457af4	Label	LAB_00457af4
00457afc	Label	LAB_00457afc
00457b04	Label	LAB_00457b04
00457b0c	Label	LAB_00457b0c
00457b14	Label	LAB_00457b14
00457b1c	Label	LAB_00457b1c
00457b24	Label	LAB_00457b24
00457b2c	Label	LAB_00457b2c
00457b34	Label	LAB_00457b34
00457b3c	Label	LAB_00457b3c
00457b44	Label	LAB_00457b44
00457b4c	Label	LAB_00457b4c
00457b54	Label	LAB_00457b54
00457b5c	Label	LAB_00457b5c
00457b6c	Label	LAB_00457b6c
00457b74	Label	LAB_00457b74
00457b7c	Label	LAB_00457b7c
00457b84	Label	LAB_00457b84
00457ba4	Label	LAB_00457ba4
00457bf8	Label	LAB_00457bf8
00457c00	Label	LAB_00457c00
00457c54	Label	LAB_00457c54
00457c68	Label	LAB_00457c68
00457cc4	Label	LAB_00457cc4
00457cec	Label	LAB_00457cec
00457d1c	Label	LAB_00457d1c
00457d60	Label	LAB_00457d60
00457d88	Label	LAB_00457d88
00457db8	Label	LAB_00457db8
00457dfc	Label	LAB_00457dfc
00457e24	Label	LAB_00457e24
00457e50	Label	LAB_00457e50
00457e94	Label	LAB_00457e94
00457ec0	Label	LAB_00457ec0
00457edc	Label	LAB_00457edc
00457ef0	Label	LAB_00457ef0
00457ef4	Label	LAB_00457ef4
00457f50	Label	LAB_00457f50
00457f78	Label	LAB_00457f78
00457fa8	Label	LAB_00457fa8
00457fec	Label	LAB_00457fec
00458014	Label	LAB_00458014
00458044	Label	LAB_00458044
00458088	Label	LAB_00458088
004580b0	Label	LAB_004580b0
004580e0	Label	LAB_004580e0
00458124	Label	LAB_00458124
0045814c	Label	LAB_0045814c
00458168	Label	LAB_00458168
0045817c	Label	LAB_0045817c
004581c0	Label	LAB_004581c0
004581e0	Label	LAB_004581e0
004581e8	Label	LAB_004581e8
004581f0	Label	LAB_004581f0
004581f8	Label	LAB_004581f8
00458200	Label	LAB_00458200
00458208	Label	LAB_00458208
0045822c	Label	LAB_0045822c
00458234	Label	LAB_00458234
0045823c	Label	LAB_0045823c
00458244	Label	LAB_00458244
0045824c	Label	LAB_0045824c
00458254	Label	LAB_00458254
0045825c	Label	LAB_0045825c
00458264	Label	LAB_00458264
0045826c	Label	LAB_0045826c
00458274	Label	LAB_00458274
0045827c	Label	LAB_0045827c
00458284	Label	LAB_00458284
0045828c	Label	LAB_0045828c
004582a4	Label	LAB_004582a4
004582ac	Label	LAB_004582ac
004582b4	Function	FUN_004582b4
00458324	Function	FUN_00458324
00458330	Function	FUN_00458330
0045833c	Function	FUN_0045833c
0045834c	Label	LAB_0045834c
00458368	Function	FUN_00458368
00458374	Function	FUN_00458374
0045838c	Function	FUN_0045838c
00458424	Label	LAB_00458424
00458430	Label	LAB_00458430
00458440	Label	LAB_00458440
00458490	Label	LAB_00458490
004584a4	Label	LAB_004584a4
004584e8	Label	LAB_004584e8
004584fc	Label	LAB_004584fc
0045851c	Label	LAB_0045851c
00458544	Label	LAB_00458544
004585a8	Label	LAB_004585a8
004585b0	Label	LAB_004585b0
0045860c	Label	LAB_0045860c
00458618	Label	LAB_00458618
00458620	Function	FUN_00458620
00458638	Label	LAB_00458638
00458640	Label	LAB_00458640
00458674	Label	LAB_00458674
004586c8	Label	LAB_004586c8
004586d4	Label	LAB_004586d4
004586dc	Label	LAB_004586dc
00458740	Label	LAB_00458740
00458744	Label	LAB_00458744
00458750	Function	FUN_00458750
00458838	Label	LAB_00458838
0045885c	Label	LAB_0045885c
004588f0	Label	LAB_004588f0
00458900	Label	LAB_00458900
00458930	Label	LAB_00458930
00458958	Label	LAB_00458958
00458964	Function	FUN_00458964
004589bc	Label	LAB_004589bc
004589d0	Function	FUN_004589d0
00458aa0	Label	LAB_00458aa0
00458ab8	Function	FUN_00458ab8
00458b08	Label	LAB_00458b08
00458bec	Label	LAB_00458bec
00458bf4	Label	LAB_00458bf4
00458c14	Label	LAB_00458c14
00458c24	Label	LAB_00458c24
00458c28	Label	LAB_00458c28
00458c34	Label	LAB_00458c34
00458c60	Label	LAB_00458c60
00458cac	Label	LAB_00458cac
00458cb0	Label	LAB_00458cb0
00458ce0	Label	LAB_00458ce0
00458ce4	Label	LAB_00458ce4
00458d30	Label	LAB_00458d30
00458d88	Label	LAB_00458d88
00458dbc	Label	LAB_00458dbc
00458dd4	Label	LAB_00458dd4
00458df8	Label	LAB_00458df8
00458e14	Label	LAB_00458e14
00458e6c	Label	LAB_00458e6c
00458ed4	Label	LAB_00458ed4
00458ef4	Label	LAB_00458ef4
00458f24	Label	LAB_00458f24
00458f64	Label	LAB_00458f64
00458fa4	Label	LAB_00458fa4
00458fc0	Label	LAB_00458fc0
00458fc8	Label	LAB_00458fc8
00458fdc	Label	LAB_00458fdc
00459000	Label	LAB_00459000
00459040	Label	LAB_00459040
00459058	Label	LAB_00459058
0045905c	Label	LAB_0045905c
0045906c	Label	LAB_0045906c
004590a0	Label	LAB_004590a0
004590ec	Label	LAB_004590ec
004590f8	Label	LAB_004590f8
00459100	Label	LAB_00459100
0045910c	Label	LAB_0045910c
00459114	Label	LAB_00459114
00459198	Label	LAB_00459198
004591b4	Label	LAB_004591b4
004591d0	Label	LAB_004591d0
00459204	Label	LAB_00459204
00459240	Label	LAB_00459240
00459268	Function	FUN_00459268
00459304	Label	LAB_00459304
0045931c	Label	LAB_0045931c
00459320	Label	LAB_00459320
00459338	Label	LAB_00459338
00459398	Label	LAB_00459398
00459410	Label	LAB_00459410
0045942c	Label	LAB_0045942c
004594cc	Label	LAB_004594cc
004594dc	Label	LAB_004594dc
00459500	Label	LAB_00459500
00459540	Label	LAB_00459540
00459584	Label	LAB_00459584
004595c4	Label	LAB_004595c4
0045960c	Label	LAB_0045960c
00459630	Label	LAB_00459630
00459658	Label	LAB_00459658
00459700	Label	LAB_00459700
00459778	Label	LAB_00459778
00459780	Label	LAB_00459780
004597e0	Label	LAB_004597e0
004597e8	Label	LAB_004597e8
004597f0	Label	LAB_004597f0
00459848	Label	LAB_00459848
004598bc	Label	LAB_004598bc
004598c4	Label	LAB_004598c4
0045992c	Label	LAB_0045992c
00459950	Label	LAB_00459950
00459974	Label	LAB_00459974
004599f0	Label	LAB_004599f0
00459a54	Label	LAB_00459a54
00459a78	Label	LAB_00459a78
00459aa0	Label	LAB_00459aa0
00459b98	Label	LAB_00459b98
00459ba0	Label	LAB_00459ba0
00459bd4	Label	LAB_00459bd4
00459be0	Label	LAB_00459be0
00459be8	Label	LAB_00459be8
00459bf0	Label	LAB_00459bf0
00459bf8	Label	LAB_00459bf8
00459c00	Label	LAB_00459c00
00459c0c	Label	LAB_00459c0c
00459c18	Label	LAB_00459c18
00459c20	Label	LAB_00459c20
00459c24	Label	LAB_00459c24
00459c54	Label	LAB_00459c54
00459cb4	Label	LAB_00459cb4
00459cb8	Label	LAB_00459cb8
00459d2c	Label	LAB_00459d2c
00459d34	Label	LAB_00459d34
00459d3c	Label	LAB_00459d3c
00459d44	Label	LAB_00459d44
00459da8	Function	FUN_00459da8
00459dcc	Label	LAB_00459dcc
00459dd8	Function	FUN_00459dd8
00459e14	Function	FUN_00459e14
00459e50	Label	LAB_00459e50
00459e80	Label	LAB_00459e80
00459f5c	Label	LAB_00459f5c
00459fa8	Label	LAB_00459fa8
00459fec	Label	LAB_00459fec
00459ff4	Label	LAB_00459ff4
0045a000	Label	LAB_0045a000
0045a04c	Label	LAB_0045a04c
0045a0d4	Label	LAB_0045a0d4
0045a164	Label	LAB_0045a164
0045a16c	Label	LAB_0045a16c
0045a184	Label	LAB_0045a184
0045a188	Label	LAB_0045a188
0045a194	Label	LAB_0045a194
0045a198	Label	LAB_0045a198
0045a220	Label	LAB_0045a220
0045a224	Label	LAB_0045a224
0045a24c	Label	LAB_0045a24c
0045a260	Label	LAB_0045a260
0045a264	Label	LAB_0045a264
0045a268	Label	LAB_0045a268
0045a2a8	Label	LAB_0045a2a8
0045a2d8	Label	LAB_0045a2d8
0045a33c	Label	LAB_0045a33c
0045a354	Label	LAB_0045a354
0045a370	Label	LAB_0045a370
0045a3b4	Label	LAB_0045a3b4
0045a3cc	Label	LAB_0045a3cc
0045a478	Label	LAB_0045a478
0045a47c	Label	LAB_0045a47c
0045a494	Label	LAB_0045a494
0045a4d0	Label	LAB_0045a4d0
0045a5e4	Label	LAB_0045a5e4
0045a628	Label	LAB_0045a628
0045a65c	Label	LAB_0045a65c
0045a6b0	Label	LAB_0045a6b0
0045a6b8	Label	LAB_0045a6b8
0045a818	Label	LAB_0045a818
0045a838	Label	LAB_0045a838
0045a850	Label	LAB_0045a850
0045a854	Label	LAB_0045a854
0045a86c	Label	LAB_0045a86c
0045a8f8	Label	LAB_0045a8f8
0045a8fc	Label	LAB_0045a8fc
0045a900	Label	LAB_0045a900
0045a980	Label	LAB_0045a980
0045a990	Label	LAB_0045a990
0045ab20	Label	LAB_0045ab20
0045ab5c	Label	LAB_0045ab5c
0045ab70	Label	LAB_0045ab70
0045abe4	Label	LAB_0045abe4
0045ac18	Label	LAB_0045ac18
0045ac40	Label	LAB_0045ac40
0045ac7c	Label	LAB_0045ac7c
0045acbc	Label	LAB_0045acbc
0045acd8	Label	LAB_0045acd8
0045ad34	Label	LAB_0045ad34
0045ad38	Label	LAB_0045ad38
0045ad50	Label	LAB_0045ad50
0045ade4	Label	LAB_0045ade4
0045adfc	Label	LAB_0045adfc
0045ae68	Label	LAB_0045ae68
0045ae80	Label	LAB_0045ae80
0045aedc	Label	LAB_0045aedc
0045afa0	Label	LAB_0045afa0
0045afbc	Label	LAB_0045afbc
0045afe8	Label	LAB_0045afe8
0045b030	Label	LAB_0045b030
0045b058	Label	LAB_0045b058
0045b080	Label	LAB_0045b080
0045b1b8	Label	LAB_0045b1b8
0045b1f0	Label	LAB_0045b1f0
0045b210	Label	LAB_0045b210
0045b220	Label	LAB_0045b220
0045b23c	Label	LAB_0045b23c
0045b274	Label	LAB_0045b274
0045b2b8	Label	LAB_0045b2b8
0045b2d8	Label	LAB_0045b2d8
0045b2dc	Label	LAB_0045b2dc
0045b2e0	Label	LAB_0045b2e0
0045b30c	Label	LAB_0045b30c
0045b324	Label	LAB_0045b324
0045b330	Label	LAB_0045b330
0045b344	Label	LAB_0045b344
0045b350	Label	LAB_0045b350
0045b35c	Label	LAB_0045b35c
0045b370	Label	LAB_0045b370
0045b3dc	Label	LAB_0045b3dc
0045b43c	Label	LAB_0045b43c
0045b578	Label	LAB_0045b578
0045b644	Label	LAB_0045b644
0045b688	Label	LAB_0045b688
0045b69c	Label	LAB_0045b69c
0045b6ac	Label	LAB_0045b6ac
0045b6c0	Label	LAB_0045b6c0
0045b6fc	Label	LAB_0045b6fc
0045b734	Label	LAB_0045b734
0045b754	Label	LAB_0045b754
0045b760	Label	LAB_0045b760
0045b78c	Label	LAB_0045b78c
0045b7a8	Label	LAB_0045b7a8
0045b868	Label	LAB_0045b868
0045b8a8	Label	LAB_0045b8a8
0045b8c0	Label	LAB_0045b8c0
0045b944	Label	LAB_0045b944
0045b968	Label	LAB_0045b968
0045b984	Label	LAB_0045b984
0045b9c8	Label	LAB_0045b9c8
0045b9d0	Label	LAB_0045b9d0
0045b9f8	Label	LAB_0045b9f8
0045ba10	Label	LAB_0045ba10
0045ba34	Label	LAB_0045ba34
0045ba58	Label	LAB_0045ba58
0045ba84	Label	LAB_0045ba84
0045bac0	Label	LAB_0045bac0
0045baf0	Label	LAB_0045baf0
0045baf4	Label	LAB_0045baf4
0045bb00	Label	LAB_0045bb00
0045bb1c	Label	LAB_0045bb1c
0045bb50	Label	LAB_0045bb50
0045bb90	Label	LAB_0045bb90
0045bba4	Label	LAB_0045bba4
0045bbe4	Label	LAB_0045bbe4
0045bc28	Label	LAB_0045bc28
0045bc78	Label	LAB_0045bc78
0045bcb0	Label	LAB_0045bcb0
0045bcf4	Label	LAB_0045bcf4
0045bd28	Label	LAB_0045bd28
0045bd6c	Label	LAB_0045bd6c
0045bdb0	Label	LAB_0045bdb0
0045bde0	Label	LAB_0045bde0
0045be10	Label	LAB_0045be10
0045bed0	Label	LAB_0045bed0
0045bee4	Label	LAB_0045bee4
0045bf2c	Label	LAB_0045bf2c
0045bf3c	Label	LAB_0045bf3c
0045bf4c	Label	LAB_0045bf4c
0045bf5c	Label	LAB_0045bf5c
0045bf6c	Label	LAB_0045bf6c
0045bf7c	Label	LAB_0045bf7c
0045bf8c	Label	LAB_0045bf8c
0045c054	Label	LAB_0045c054
0045c084	Label	LAB_0045c084
0045c08c	Label	LAB_0045c08c
0045c098	Label	LAB_0045c098
0045c104	Label	LAB_0045c104
0045c15c	Label	LAB_0045c15c
0045c174	Label	LAB_0045c174
0045c17c	Label	LAB_0045c17c
0045c184	Label	LAB_0045c184
0045c1a4	Label	LAB_0045c1a4
0045c1d8	Label	LAB_0045c1d8
0045c1ec	Label	LAB_0045c1ec
0045c20c	Label	LAB_0045c20c
0045c220	Function	FUN_0045c220
0045c250	Label	LAB_0045c250
0045c270	Label	LAB_0045c270
0045c280	Label	LAB_0045c280
0045c2ac	Label	LAB_0045c2ac
0045c2c4	Label	LAB_0045c2c4
0045c2e4	Label	LAB_0045c2e4
0045c2f0	Label	LAB_0045c2f0
0045c340	Label	LAB_0045c340
0045c3e4	Function	FUN_0045c3e4
0045c41c	Label	LAB_0045c41c
0045c424	Label	LAB_0045c424
0045c444	Function	FUN_0045c444
0045c46c	Function	FUN_0045c46c
0045c494	Function	FUN_0045c494
0045c4b4	Label	LAB_0045c4b4
0045c4cc	Label	LAB_0045c4cc
0045c5bc	Label	LAB_0045c5bc
0045c5f4	Function	FUN_0045c5f4
0045c69c	Label	LAB_0045c69c
0045c6a0	Label	LAB_0045c6a0
0045c708	Label	LAB_0045c708
0045c714	Label	LAB_0045c714
0045c718	Label	LAB_0045c718
0045c72c	Label	LAB_0045c72c
0045c754	Label	LAB_0045c754
0045c780	Label	LAB_0045c780
0045c7b4	Label	LAB_0045c7b4
0045c7dc	Label	LAB_0045c7dc
0045c7e4	Function	FUN_0045c7e4
0045c864	Label	LAB_0045c864
0045c8c4	Label	LAB_0045c8c4
0045c8c8	Label	LAB_0045c8c8
0045c8dc	Label	LAB_0045c8dc
0045c914	Label	LAB_0045c914
0045c950	Label	LAB_0045c950
0045c95c	Label	LAB_0045c95c
0045c984	Label	LAB_0045c984
0045c9cc	Label	LAB_0045c9cc
0045c9d4	Function	FUN_0045c9d4
0045c9ec	Label	LAB_0045c9ec
0045ca18	Function	FUN_0045ca18
0045ca28	Label	LAB_0045ca28
0045ca44	Label	LAB_0045ca44
0045ca50	Label	LAB_0045ca50
0045ca58	Function	FUN_0045ca58
0045ca98	Label	LAB_0045ca98
0045cab0	Label	LAB_0045cab0
0045cab8	Label	LAB_0045cab8
0045cb3c	Label	LAB_0045cb3c
0045cb4c	Label	LAB_0045cb4c
0045cb60	Label	LAB_0045cb60
0045cb6c	Label	LAB_0045cb6c
0045cdb0	Function	FUN_0045cdb0
0045cdfc	Label	LAB_0045cdfc
0045ce9c	Label	LAB_0045ce9c
0045cea4	Label	LAB_0045cea4
0045d050	Label	LAB_0045d050
0045d064	Label	LAB_0045d064
0045d070	Label	LAB_0045d070
0045d094	Function	FUN_0045d094
0045d150	Label	LAB_0045d150
0045d154	Label	LAB_0045d154
0045d164	Label	LAB_0045d164
0045d1e4	Label	LAB_0045d1e4
0045d200	Label	LAB_0045d200
0045d210	Label	LAB_0045d210
0045d41c	Function	FUN_0045d41c
0045d4ac	Label	LAB_0045d4ac
0045d4c0	Label	LAB_0045d4c0
0045d4e8	Label	LAB_0045d4e8
0045d4fc	Label	LAB_0045d4fc
0045d51c	Label	LAB_0045d51c
0045d540	Label	LAB_0045d540
0045d558	Label	LAB_0045d558
0045d55c	Label	LAB_0045d55c
0045d574	Label	LAB_0045d574
0045d594	Label	LAB_0045d594
0045d5b4	Label	LAB_0045d5b4
0045d5c8	Label	LAB_0045d5c8
0045d5e0	Label	LAB_0045d5e0
0045d5f0	Label	LAB_0045d5f0
0045d620	Label	LAB_0045d620
0045d630	Label	LAB_0045d630
0045d6c4	Label	LAB_0045d6c4
0045d6cc	Label	LAB_0045d6cc
0045d6d8	Label	LAB_0045d6d8
0045d72c	Label	LAB_0045d72c
0045d744	Label	LAB_0045d744
0045d794	Label	LAB_0045d794
0045d7a4	Label	LAB_0045d7a4
0045d7d8	Label	LAB_0045d7d8
0045d7f4	Label	LAB_0045d7f4
0045d824	Label	LAB_0045d824
0045d838	Label	LAB_0045d838
0045d880	Label	LAB_0045d880
0045d8bc	Label	LAB_0045d8bc
0045d8e0	Label	LAB_0045d8e0
0045d8f8	Label	LAB_0045d8f8
0045d8fc	Label	LAB_0045d8fc
0045d914	Label	LAB_0045d914
0045d92c	Label	LAB_0045d92c
0045d950	Label	LAB_0045d950
0045d96c	Label	LAB_0045d96c
0045d970	Label	LAB_0045d970
0045d9bc	Label	LAB_0045d9bc
0045d9fc	Label	LAB_0045d9fc
0045da08	Label	LAB_0045da08
0045da18	Label	LAB_0045da18
0045da2c	Label	LAB_0045da2c
0045da44	Label	LAB_0045da44
0045da68	Label	LAB_0045da68
0045dae4	Label	LAB_0045dae4
0045db00	Label	switchD_0045db00::switchD
0045db08	Label	LAB_0045db08
0045db30	Label	LAB_0045db30
0045db58	Label	LAB_0045db58
0045db80	Label	LAB_0045db80
0045dbac	Label	switchD_0045db00::caseD_1
0045dbc0	Label	switchD_0045db00::caseD_e
0045dbc8	Label	switchD_0045db00::caseD_107
0045dbc8	Label	switchD_0045db00::caseD_10a
0045dbd4	Label	LAB_0045dbd4
0045dbd8	Label	LAB_0045dbd8
0045dc1c	Label	switchD_0045db00::caseD_11a
0045dc6c	Label	LAB_0045dc6c
0045dc88	Label	LAB_0045dc88
0045dca4	Label	switchD_0045db00::caseD_112
0045dcac	Label	LAB_0045dcac
0045dcb0	Label	LAB_0045dcb0
0045dcc0	Label	LAB_0045dcc0
0045dcc8	Label	switchD_0045db00::caseD_3
0045dce8	Label	LAB_0045dce8
0045dcfc	Label	LAB_0045dcfc
0045dd0c	Label	LAB_0045dd0c
0045dd2c	Label	LAB_0045dd2c
0045dd70	Label	LAB_0045dd70
0045dda4	Label	LAB_0045dda4
0045ddec	Label	LAB_0045ddec
0045de04	Label	LAB_0045de04
0045de54	Label	LAB_0045de54
0045de70	Label	LAB_0045de70
0045dea0	Label	LAB_0045dea0
0045deb4	Label	switchD_0045db00::caseD_7
0045dec4	Label	LAB_0045dec4
0045dee4	Label	switchD_0045db00::caseD_9
0045df1c	Label	switchD_0045db00::caseD_1c
0045df3c	Label	LAB_0045df3c
0045df48	Label	LAB_0045df48
0045df60	Label	switchD_0045db00::caseD_13
0045dfe4	Label	switchD_0045db00::caseD_15
0045dfe4	Label	switchD_0045db00::caseD_16
0045dffc	Label	LAB_0045dffc
0045e010	Label	LAB_0045e010
0045e01c	Label	LAB_0045e01c
0045e03c	Label	LAB_0045e03c
0045e048	Label	LAB_0045e048
0045e05c	Label	LAB_0045e05c
0045e060	Label	LAB_0045e060
0045e074	Label	switchD_0045db00::caseD_c
0045e080	Label	switchD_0045db00::caseD_d
0045e098	Label	switchD_0045db00::caseD_109
0045e0b4	Label	switchD_0045db00::caseD_b
0045e0c4	Label	switchD_0045db00::caseD_8
0045e0d0	Label	LAB_0045e0d0
0045e0e0	Label	LAB_0045e0e0
0045e0f4	Label	LAB_0045e0f4
0045e118	Label	LAB_0045e118
0045e134	Label	switchD_0045db00::caseD_11e
0045e144	Label	switchD_0045db00::caseD_5
0045e15c	Label	LAB_0045e15c
0045e16c	Label	switchD_0045db00::caseD_6
0045e16c	Label	switchD_0045db00::caseD_1b
0045e18c	Label	LAB_0045e18c
0045e1e0	Label	LAB_0045e1e0
0045e1f8	Label	LAB_0045e1f8
0045e248	Label	LAB_0045e248
0045e268	Label	LAB_0045e268
0045e26c	Label	LAB_0045e26c
0045e2bc	Label	LAB_0045e2bc
0045e2e8	Label	LAB_0045e2e8
0045e2f0	Label	LAB_0045e2f0
0045e304	Label	switchD_0045db00::caseD_4
0045e31c	Label	LAB_0045e31c
0045e32c	Label	switchD_0045db00::caseD_108
0045e348	Label	switchD_0045db00::caseD_10
0045e380	Label	switchD_0045db00::caseD_11
0045e3bc	Label	switchD_0045db00::caseD_f
0045e3ec	Label	switchD_0045db00::caseD_14
0045e4d0	Label	switchD_0045db00::caseD_19
0045e508	Label	switchD_0045db00::caseD_1a
0045e52c	Label	switchD_0045db00::caseD_1e
0045e554	Label	switchD_0045db00::caseD_a
0045e58c	Label	switchD_0045db00::caseD_12
0045e5c8	Label	switchD_0045db00::caseD_0
0045e5c8	Label	switchD_0045db00::caseD_2
0045e5c8	Label	switchD_0045db00::caseD_1d
0045e5d0	Label	switchD_0045db00::caseD_17
0045e5d0	Label	switchD_0045db00::caseD_18
0045e5d0	Label	switchD_0045db00::caseD_1f
0045e5d0	Label	switchD_0045db00::caseD_20
0045e5d0	Label	switchD_0045db00::caseD_21
0045e5d0	Label	switchD_0045db00::caseD_22
0045e5d0	Label	switchD_0045db00::caseD_23
0045e5d0	Label	switchD_0045db00::caseD_24
0045e5d0	Label	switchD_0045db00::caseD_25
0045e5d0	Label	switchD_0045db00::caseD_26
0045e5d0	Label	switchD_0045db00::caseD_27
0045e5d0	Label	switchD_0045db00::caseD_28
0045e5d0	Label	switchD_0045db00::caseD_29
0045e5d0	Label	switchD_0045db00::caseD_2a
0045e5d0	Label	switchD_0045db00::caseD_2b
0045e5d0	Label	switchD_0045db00::caseD_2c
0045e5d0	Label	switchD_0045db00::caseD_2d
0045e5d0	Label	switchD_0045db00::caseD_2e
0045e5d0	Label	switchD_0045db00::caseD_2f
0045e5d0	Label	switchD_0045db00::caseD_30
0045e5d0	Label	switchD_0045db00::caseD_31
0045e5d0	Label	switchD_0045db00::caseD_32
0045e5d0	Label	switchD_0045db00::caseD_33
0045e5d0	Label	switchD_0045db00::caseD_34
0045e5d0	Label	switchD_0045db00::caseD_35
0045e5d0	Label	switchD_0045db00::caseD_36
0045e5d0	Label	switchD_0045db00::caseD_37
0045e5d0	Label	switchD_0045db00::caseD_38
0045e5d0	Label	switchD_0045db00::caseD_39
0045e5d0	Label	switchD_0045db00::caseD_3a
0045e5d0	Label	switchD_0045db00::caseD_3b
0045e5d0	Label	switchD_0045db00::caseD_3c
0045e5d0	Label	switchD_0045db00::caseD_3d
0045e5d0	Label	switchD_0045db00::caseD_3e
0045e5d0	Label	switchD_0045db00::caseD_3f
0045e5d0	Label	switchD_0045db00::caseD_40
0045e5d0	Label	switchD_0045db00::caseD_41
0045e5d0	Label	switchD_0045db00::caseD_42
0045e5d0	Label	switchD_0045db00::caseD_43
0045e5d0	Label	switchD_0045db00::caseD_44
0045e5d0	Label	switchD_0045db00::caseD_45
0045e5d0	Label	switchD_0045db00::caseD_46
0045e5d0	Label	switchD_0045db00::caseD_47
0045e5d0	Label	switchD_0045db00::caseD_48
0045e5d0	Label	switchD_0045db00::caseD_49
0045e5d0	Label	switchD_0045db00::caseD_4a
0045e5d0	Label	switchD_0045db00::caseD_4b
0045e5d0	Label	switchD_0045db00::caseD_4c
0045e5d0	Label	switchD_0045db00::caseD_4d
0045e5d0	Label	switchD_0045db00::caseD_4e
0045e5d0	Label	switchD_0045db00::caseD_4f
0045e5d0	Label	switchD_0045db00::caseD_50
0045e5d0	Label	switchD_0045db00::caseD_51
0045e5d0	Label	switchD_0045db00::caseD_52
0045e5d0	Label	switchD_0045db00::caseD_53
0045e5d0	Label	switchD_0045db00::caseD_54
0045e5d0	Label	switchD_0045db00::caseD_55
0045e5d0	Label	switchD_0045db00::caseD_56
0045e5d0	Label	switchD_0045db00::caseD_57
0045e5d0	Label	switchD_0045db00::caseD_58
0045e5d0	Label	switchD_0045db00::caseD_59
0045e5d0	Label	switchD_0045db00::caseD_5a
0045e5d0	Label	switchD_0045db00::caseD_5b
0045e5d0	Label	switchD_0045db00::caseD_5c
0045e5d0	Label	switchD_0045db00::caseD_5d
0045e5d0	Label	switchD_0045db00::caseD_5e
0045e5d0	Label	switchD_0045db00::caseD_5f
0045e5d0	Label	switchD_0045db00::caseD_60
0045e5d0	Label	switchD_0045db00::caseD_61
0045e5d0	Label	switchD_0045db00::caseD_62
0045e5d0	Label	switchD_0045db00::caseD_63
0045e5d0	Label	switchD_0045db00::caseD_64
0045e5d0	Label	switchD_0045db00::caseD_65
0045e5d0	Label	switchD_0045db00::caseD_66
0045e5d0	Label	switchD_0045db00::caseD_67
0045e5d0	Label	switchD_0045db00::caseD_68
0045e5d0	Label	switchD_0045db00::caseD_69
0045e5d0	Label	switchD_0045db00::caseD_6a
0045e5d0	Label	switchD_0045db00::caseD_6b
0045e5d0	Label	switchD_0045db00::caseD_6c
0045e5d0	Label	switchD_0045db00::caseD_6d
0045e5d0	Label	switchD_0045db00::caseD_6e
0045e5d0	Label	switchD_0045db00::caseD_6f
0045e5d0	Label	switchD_0045db00::caseD_70
0045e5d0	Label	switchD_0045db00::caseD_71
0045e5d0	Label	switchD_0045db00::caseD_72
0045e5d0	Label	switchD_0045db00::caseD_73
0045e5d0	Label	switchD_0045db00::caseD_74
0045e5d0	Label	switchD_0045db00::caseD_75
0045e5d0	Label	switchD_0045db00::caseD_76
0045e5d0	Label	switchD_0045db00::caseD_77
0045e5d0	Label	switchD_0045db00::caseD_78
0045e5d0	Label	switchD_0045db00::caseD_79
0045e5d0	Label	switchD_0045db00::caseD_7a
0045e5d0	Label	switchD_0045db00::caseD_7b
0045e5d0	Label	switchD_0045db00::caseD_7c
0045e5d0	Label	switchD_0045db00::caseD_7d
0045e5d0	Label	switchD_0045db00::caseD_7e
0045e5d0	Label	switchD_0045db00::caseD_7f
0045e5d0	Label	switchD_0045db00::caseD_80
0045e5d0	Label	switchD_0045db00::caseD_81
0045e5d0	Label	switchD_0045db00::caseD_82
0045e5d0	Label	switchD_0045db00::caseD_83
0045e5d0	Label	switchD_0045db00::caseD_84
0045e5d0	Label	switchD_0045db00::caseD_85
0045e5d0	Label	switchD_0045db00::caseD_86
0045e5d0	Label	switchD_0045db00::caseD_87
0045e5d0	Label	switchD_0045db00::caseD_88
0045e5d0	Label	switchD_0045db00::caseD_89
0045e5d0	Label	switchD_0045db00::caseD_8a
0045e5d0	Label	switchD_0045db00::caseD_8b
0045e5d0	Label	switchD_0045db00::caseD_8c
0045e5d0	Label	switchD_0045db00::caseD_8d
0045e5d0	Label	switchD_0045db00::caseD_8e
0045e5d0	Label	switchD_0045db00::caseD_8f
0045e5d0	Label	switchD_0045db00::caseD_90
0045e5d0	Label	switchD_0045db00::caseD_91
0045e5d0	Label	switchD_0045db00::caseD_92
0045e5d0	Label	switchD_0045db00::caseD_93
0045e5d0	Label	switchD_0045db00::caseD_94
0045e5d0	Label	switchD_0045db00::caseD_95
0045e5d0	Label	switchD_0045db00::caseD_96
0045e5d0	Label	switchD_0045db00::caseD_97
0045e5d0	Label	switchD_0045db00::caseD_98
0045e5d0	Label	switchD_0045db00::caseD_99
0045e5d0	Label	switchD_0045db00::caseD_9a
0045e5d0	Label	switchD_0045db00::caseD_9b
0045e5d0	Label	switchD_0045db00::caseD_9c
0045e5d0	Label	switchD_0045db00::caseD_9d
0045e5d0	Label	switchD_0045db00::caseD_9e
0045e5d0	Label	switchD_0045db00::caseD_9f
0045e5d0	Label	switchD_0045db00::caseD_a0
0045e5d0	Label	switchD_0045db00::caseD_a1
0045e5d0	Label	switchD_0045db00::caseD_a2
0045e5d0	Label	switchD_0045db00::caseD_a3
0045e5d0	Label	switchD_0045db00::caseD_a4
0045e5d0	Label	switchD_0045db00::caseD_a5
0045e5d0	Label	switchD_0045db00::caseD_a6
0045e5d0	Label	switchD_0045db00::caseD_a7
0045e5d0	Label	switchD_0045db00::caseD_a8
0045e5d0	Label	switchD_0045db00::caseD_a9
0045e5d0	Label	switchD_0045db00::caseD_aa
0045e5d0	Label	switchD_0045db00::caseD_ab
0045e5d0	Label	switchD_0045db00::caseD_ac
0045e5d0	Label	switchD_0045db00::caseD_ad
0045e5d0	Label	switchD_0045db00::caseD_ae
0045e5d0	Label	switchD_0045db00::caseD_af
0045e5d0	Label	switchD_0045db00::caseD_b0
0045e5d0	Label	switchD_0045db00::caseD_b1
0045e5d0	Label	switchD_0045db00::caseD_b2
0045e5d0	Label	switchD_0045db00::caseD_b3
0045e5d0	Label	switchD_0045db00::caseD_b4
0045e5d0	Label	switchD_0045db00::caseD_b5
0045e5d0	Label	switchD_0045db00::caseD_b6
0045e5d0	Label	switchD_0045db00::caseD_b7
0045e5d0	Label	switchD_0045db00::caseD_b8
0045e5d0	Label	switchD_0045db00::caseD_b9
0045e5d0	Label	switchD_0045db00::caseD_ba
0045e5d0	Label	switchD_0045db00::caseD_bb
0045e5d0	Label	switchD_0045db00::caseD_bc
0045e5d0	Label	switchD_0045db00::caseD_bd
0045e5d0	Label	switchD_0045db00::caseD_be
0045e5d0	Label	switchD_0045db00::caseD_bf
0045e5d0	Label	switchD_0045db00::caseD_c0
0045e5d0	Label	switchD_0045db00::caseD_c1
0045e5d0	Label	switchD_0045db00::caseD_c2
0045e5d0	Label	switchD_0045db00::caseD_c3
0045e5d0	Label	switchD_0045db00::caseD_c4
0045e5d0	Label	switchD_0045db00::caseD_c5
0045e5d0	Label	switchD_0045db00::caseD_c6
0045e5d0	Label	switchD_0045db00::caseD_c7
0045e5d0	Label	switchD_0045db00::caseD_c8
0045e5d0	Label	switchD_0045db00::caseD_c9
0045e5d0	Label	switchD_0045db00::caseD_ca
0045e5d0	Label	switchD_0045db00::caseD_cb
0045e5d0	Label	switchD_0045db00::caseD_cc
0045e5d0	Label	switchD_0045db00::caseD_cd
0045e5d0	Label	switchD_0045db00::caseD_ce
0045e5d0	Label	switchD_0045db00::caseD_cf
0045e5d0	Label	switchD_0045db00::caseD_d0
0045e5d0	Label	switchD_0045db00::caseD_d1
0045e5d0	Label	switchD_0045db00::caseD_d2
0045e5d0	Label	switchD_0045db00::caseD_d3
0045e5d0	Label	switchD_0045db00::caseD_d4
0045e5d0	Label	switchD_0045db00::caseD_d5
0045e5d0	Label	switchD_0045db00::caseD_d6
0045e5d0	Label	switchD_0045db00::caseD_d7
0045e5d0	Label	switchD_0045db00::caseD_d8
0045e5d0	Label	switchD_0045db00::caseD_d9
0045e5d0	Label	switchD_0045db00::caseD_da
0045e5d0	Label	switchD_0045db00::caseD_db
0045e5d0	Label	switchD_0045db00::caseD_dc
0045e5d0	Label	switchD_0045db00::caseD_dd
0045e5d0	Label	switchD_0045db00::caseD_de
0045e5d0	Label	switchD_0045db00::caseD_df
0045e5d0	Label	switchD_0045db00::caseD_e0
0045e5d0	Label	switchD_0045db00::caseD_e1
0045e5d0	Label	switchD_0045db00::caseD_e2
0045e5d0	Label	switchD_0045db00::caseD_e3
0045e5d0	Label	switchD_0045db00::caseD_e4
0045e5d0	Label	switchD_0045db00::caseD_e5
0045e5d0	Label	switchD_0045db00::caseD_e6
0045e5d0	Label	switchD_0045db00::caseD_e7
0045e5d0	Label	switchD_0045db00::caseD_e8
0045e5d0	Label	switchD_0045db00::caseD_e9
0045e5d0	Label	switchD_0045db00::caseD_ea
0045e5d0	Label	switchD_0045db00::caseD_eb
0045e5d0	Label	switchD_0045db00::caseD_ec
0045e5d0	Label	switchD_0045db00::caseD_ed
0045e5d0	Label	switchD_0045db00::caseD_ee
0045e5d0	Label	switchD_0045db00::caseD_ef
0045e5d0	Label	switchD_0045db00::caseD_f0
0045e5d0	Label	switchD_0045db00::caseD_f1
0045e5d0	Label	switchD_0045db00::caseD_f2
0045e5d0	Label	switchD_0045db00::caseD_f3
0045e5d0	Label	switchD_0045db00::caseD_f4
0045e5d0	Label	switchD_0045db00::caseD_f5
0045e5d0	Label	switchD_0045db00::caseD_f6
0045e5d0	Label	switchD_0045db00::caseD_f7
0045e5d0	Label	switchD_0045db00::caseD_f8
0045e5d0	Label	switchD_0045db00::caseD_f9
0045e5d0	Label	switchD_0045db00::caseD_fa
0045e5d0	Label	switchD_0045db00::caseD_fb
0045e5d0	Label	switchD_0045db00::caseD_fc
0045e5d0	Label	switchD_0045db00::caseD_fd
0045e5d0	Label	switchD_0045db00::caseD_fe
0045e5d0	Label	switchD_0045db00::caseD_ff
0045e5d0	Label	switchD_0045db00::caseD_100
0045e5d0	Label	switchD_0045db00::caseD_101
0045e5d0	Label	switchD_0045db00::caseD_102
0045e5d0	Label	switchD_0045db00::caseD_103
0045e5d0	Label	switchD_0045db00::caseD_104
0045e5d0	Label	switchD_0045db00::caseD_105
0045e5d0	Label	switchD_0045db00::caseD_106
0045e5d0	Label	switchD_0045db00::caseD_10b
0045e5d0	Label	switchD_0045db00::caseD_10c
0045e5d0	Label	switchD_0045db00::caseD_10d
0045e5d0	Label	switchD_0045db00::caseD_10e
0045e5d0	Label	switchD_0045db00::caseD_10f
0045e5d0	Label	switchD_0045db00::caseD_110
0045e5d0	Label	switchD_0045db00::caseD_111
0045e5d0	Label	switchD_0045db00::caseD_113
0045e5d0	Label	switchD_0045db00::caseD_114
0045e5d0	Label	switchD_0045db00::caseD_115
0045e5d0	Label	switchD_0045db00::caseD_116
0045e5d0	Label	switchD_0045db00::caseD_117
0045e5d0	Label	switchD_0045db00::caseD_118
0045e5d0	Label	switchD_0045db00::caseD_119
0045e5d0	Label	switchD_0045db00::caseD_11b
0045e5d0	Label	switchD_0045db00::caseD_11c
0045e5d0	Label	switchD_0045db00::caseD_11d
0045e5dc	Label	LAB_0045e5dc
0045e5f8	Label	LAB_0045e5f8
0045e604	Label	LAB_0045e604
0045e614	Label	LAB_0045e614
0045e624	Label	LAB_0045e624
0045e63c	Label	LAB_0045e63c
0045e644	Label	LAB_0045e644
0045e64c	Label	LAB_0045e64c
0045e658	Label	LAB_0045e658
0045e668	Label	LAB_0045e668
0045e68c	Label	LAB_0045e68c
0045e69c	Label	LAB_0045e69c
0045e6dc	Label	LAB_0045e6dc
0045e6f4	Label	LAB_0045e6f4
0045e704	Label	LAB_0045e704
0045e70c	Label	LAB_0045e70c
0045e728	Label	LAB_0045e728
0045e738	Label	LAB_0045e738
0045e750	Label	LAB_0045e750
0045e758	Label	LAB_0045e758
0045e768	Label	LAB_0045e768
0045e778	Label	LAB_0045e778
0045e788	Label	LAB_0045e788
0045e7b0	Label	LAB_0045e7b0
0045e7c4	Function	FUN_0045e7c4
0045e808	Label	LAB_0045e808
0045e818	Label	LAB_0045e818
0045e838	Label	LAB_0045e838
0045e86c	Label	LAB_0045e86c
0045e888	Label	LAB_0045e888
0045e8ec	Label	LAB_0045e8ec
0045e90c	Label	LAB_0045e90c
0045e914	Function	FUN_0045e914
0045e98c	Label	LAB_0045e98c
0045e9b4	Label	LAB_0045e9b4
0045ea14	Label	LAB_0045ea14
0045ea94	Label	LAB_0045ea94
0045eab0	Label	LAB_0045eab0
0045eae4	Label	LAB_0045eae4
0045eb0c	Label	LAB_0045eb0c
0045eb18	Label	LAB_0045eb18
0045eb44	Label	LAB_0045eb44
0045eb74	Label	LAB_0045eb74
0045eb84	Label	LAB_0045eb84
0045ebb0	Label	LAB_0045ebb0
0045ebbc	Label	LAB_0045ebbc
0045ebf0	Label	LAB_0045ebf0
0045ec10	Label	LAB_0045ec10
0045ec14	Label	LAB_0045ec14
0045ec1c	Label	LAB_0045ec1c
0045ec70	Label	LAB_0045ec70
0045ec78	Label	LAB_0045ec78
0045ecb8	Label	LAB_0045ecb8
0045ecd4	Label	LAB_0045ecd4
0045ece0	Label	LAB_0045ece0
0045ecf4	Label	LAB_0045ecf4
0045ed1c	Label	LAB_0045ed1c
0045ed40	Label	LAB_0045ed40
0045ed58	Label	LAB_0045ed58
0045ed68	Label	LAB_0045ed68
0045ed94	Label	LAB_0045ed94
0045ed9c	Label	LAB_0045ed9c
0045edb4	Function	FUN_0045edb4
0045edf8	Label	LAB_0045edf8
0045ee24	Function	FUN_0045ee24
0045ee44	Function	FUN_0045ee44
0045ee84	Label	LAB_0045ee84
0045ee8c	Label	LAB_0045ee8c
0045eea8	Label	LAB_0045eea8
0045eeb0	Function	FUN_0045eeb0
0045eeec	Label	switchD_0045ef70::caseD_0
0045eeec	Label	switchD_0045ef70::caseD_1
0045eeec	Label	switchD_0045ef70::caseD_3
0045eeec	Label	switchD_0045ef70::caseD_4
0045eeec	Label	switchD_0045ef70::caseD_5
0045eeec	Label	switchD_0045ef70::caseD_7
0045eeec	Label	switchD_0045ef70::caseD_8
0045eeec	Label	switchD_0045ef70::caseD_b
0045eeec	Label	switchD_0045ef70::caseD_c
0045eeec	Label	switchD_0045ef70::caseD_d
0045eeec	Label	switchD_0045ef70::caseD_f
0045eeec	Label	switchD_0045ef70::caseD_10
0045eeec	Label	switchD_0045ef70::caseD_11
0045eeec	Label	switchD_0045ef70::caseD_12
0045eeec	Label	switchD_0045ef70::caseD_13
0045eeec	Label	switchD_0045ef70::caseD_14
0045eeec	Label	switchD_0045ef70::caseD_15
0045eeec	Label	switchD_0045ef70::caseD_16
0045eeec	Label	switchD_0045ef70::caseD_17
0045eeec	Label	switchD_0045ef70::caseD_18
0045eeec	Label	switchD_0045ef70::caseD_19
0045eeec	Label	switchD_0045ef70::caseD_1a
0045ef00	Label	LAB_0045ef00
0045ef38	Label	LAB_0045ef38
0045ef54	Label	LAB_0045ef54
0045ef70	Label	switchD_0045ef70::switchD
0045ef78	Label	switchD_0045ef70::caseD_2
0045f05c	Label	LAB_0045f05c
0045f078	Label	switchD_0045ef70::caseD_e
0045f0a4	Label	LAB_0045f0a4
0045f0bc	Label	switchD_0045ef70::caseD_a
0045f0bc	Label	switchD_0045ef70::caseD_1c
0045f0cc	Label	LAB_0045f0cc
0045f0dc	Label	LAB_0045f0dc
0045f0f8	Label	switchD_0045ef70::caseD_6
0045f0f8	Label	switchD_0045ef70::caseD_9
0045f0f8	Label	switchD_0045ef70::caseD_1b
0045f104	Label	LAB_0045f104
0045f118	Label	LAB_0045f118
0045f130	Label	LAB_0045f130
0045f134	Label	LAB_0045f134
0045f14c	Label	LAB_0045f14c
0045f15c	Label	LAB_0045f15c
0045f16c	Label	LAB_0045f16c
0045f17c	Function	FUN_0045f17c
0045f1a0	Label	LAB_0045f1a0
0045f1a8	Function	FUN_0045f1a8
0045f1f8	Label	LAB_0045f1f8
0045f204	Label	LAB_0045f204
0045f20c	Label	LAB_0045f20c
0045f230	Label	LAB_0045f230
0045f23c	Label	LAB_0045f23c
0045f24c	Function	FUN_0045f24c
0045f27c	Label	LAB_0045f27c
0045f294	Function	FUN_0045f294
0045f2cc	Label	LAB_0045f2cc
0045f2d4	Label	LAB_0045f2d4
0045f2f4	Label	LAB_0045f2f4
0045f324	Label	LAB_0045f324
0045f334	Label	LAB_0045f334
0045f36c	Label	LAB_0045f36c
0045f37c	Function	FUN_0045f37c
0045f394	Label	LAB_0045f394
0045f3e0	Label	LAB_0045f3e0
0045f3f0	Label	LAB_0045f3f0
0045f3f4	Label	LAB_0045f3f4
0045f450	Label	LAB_0045f450
0045f4a4	Label	LAB_0045f4a4
0045f508	Label	LAB_0045f508
0045f528	Label	LAB_0045f528
0045f574	Label	LAB_0045f574
0045f580	Label	LAB_0045f580
0045f584	Label	LAB_0045f584
0045f59c	Label	LAB_0045f59c
0045f5a4	Label	LAB_0045f5a4
0045f5a8	Label	LAB_0045f5a8
0045f5b8	Label	LAB_0045f5b8
0045f5c0	Label	LAB_0045f5c0
0045f5dc	Label	LAB_0045f5dc
0045f638	Label	LAB_0045f638
0045f644	Label	LAB_0045f644
0045f64c	Function	FUN_0045f64c
0045f6f0	Function	FUN_0045f6f0
0045f750	Label	LAB_0045f750
0045f754	Label	LAB_0045f754
0045f7f8	Label	LAB_0045f7f8
0045f84c	Label	LAB_0045f84c
0045f864	Label	LAB_0045f864
0045f8b4	Label	LAB_0045f8b4
0045f8d0	Label	LAB_0045f8d0
0045f8f4	Label	LAB_0045f8f4
0045f94c	Label	LAB_0045f94c
0045f9b4	Label	LAB_0045f9b4
0045f9b8	Label	LAB_0045f9b8
0045f9d8	Label	LAB_0045f9d8
0045fa0c	Label	LAB_0045fa0c
0045fa14	Label	LAB_0045fa14
0045fa28	Label	LAB_0045fa28
0045fce0	Function	FUN_0045fce0
0045fd40	Label	LAB_0045fd40
0045fd88	Label	LAB_0045fd88
0045fd90	Label	LAB_0045fd90
0045fdc0	Label	LAB_0045fdc0
0045fdd0	Label	LAB_0045fdd0
0045fde8	Label	LAB_0045fde8
0045fe00	Label	LAB_0045fe00
0045fe30	Label	LAB_0045fe30
0045fe48	Label	LAB_0045fe48
0045fe50	Label	LAB_0045fe50
0045fe58	Label	LAB_0045fe58
0045fe74	Label	LAB_0045fe74
0045fe8c	Label	LAB_0045fe8c
0045fed4	Function	FUN_0045fed4
0045fef4	Label	LAB_0045fef4
0045ff04	Label	LAB_0045ff04
0045ff24	Label	LAB_0045ff24
0045ff3c	Function	FUN_0045ff3c
00460000	Label	LAB_00460000
0046003c	Label	LAB_0046003c
00460044	Label	LAB_00460044
00460060	Label	LAB_00460060
0046006c	Label	LAB_0046006c
00460070	Label	LAB_00460070
00460090	Label	LAB_00460090
004600b4	Label	LAB_004600b4
004600dc	Function	FUN_004600dc
0046011c	Label	LAB_0046011c
00460130	Label	LAB_00460130
0046014c	Label	LAB_0046014c
00460160	Label	LAB_00460160
00460164	Label	LAB_00460164
00460190	Label	LAB_00460190
00460290	Label	LAB_00460290
004602d8	Label	LAB_004602d8
00460414	Label	LAB_00460414
0046043c	Label	LAB_0046043c
0046044c	Label	LAB_0046044c
004604ac	Label	LAB_004604ac
004604cc	Label	LAB_004604cc
004604e0	Label	LAB_004604e0
00460540	Label	LAB_00460540
00460550	Label	LAB_00460550
00460580	Label	LAB_00460580
00460590	Label	LAB_00460590
0046059c	Label	LAB_0046059c
004605b4	Label	LAB_004605b4
004605d8	Label	LAB_004605d8
0046066c	Label	LAB_0046066c
00460690	Label	LAB_00460690
004606a8	Label	LAB_004606a8
004606bc	Label	LAB_004606bc
004606e8	Label	LAB_004606e8
00460700	Label	LAB_00460700
0046070c	Label	LAB_0046070c
00460710	Label	LAB_00460710
00460728	Label	LAB_00460728
0046074c	Label	LAB_0046074c
00460754	Label	LAB_00460754
00460760	Function	FUN_00460760
004607fc	Label	LAB_004607fc
00460828	Label	LAB_00460828
00460934	Label	LAB_00460934
00460970	Label	LAB_00460970
00460984	Label	LAB_00460984
004609a0	Label	LAB_004609a0
004609d0	Label	LAB_004609d0
004609d8	Function	FUN_004609d8
00460a00	Label	LAB_00460a00
00460a10	Function	FUN_00460a10
00460a64	Function	FUN_00460a64
00460ad8	Label	LAB_00460ad8
00460ae4	Label	LAB_00460ae4
00460ae8	Label	LAB_00460ae8
00460aec	Label	LAB_00460aec
00460b08	Label	LAB_00460b08
00460b28	Label	switchD_00460b28::switchD
00460b30	Label	LAB_00460b30
00460b34	Label	LAB_00460b34
00460b50	Label	LAB_00460b50
00460b98	Label	LAB_00460b98
00460b9c	Label	LAB_00460b9c
00460bb4	Label	LAB_00460bb4
00460bdc	Label	LAB_00460bdc
00460bf0	Label	switchD_00460b28::caseD_3
00460c20	Label	switchD_00460b28::caseD_2
00460c4c	Label	switchD_00460b28::caseD_1
00460c7c	Label	LAB_00460c7c
00460c84	Label	switchD_00460b28::caseD_5
00460cb4	Label	LAB_00460cb4
00460cc4	Label	switchD_00460b28::caseD_4
00460d1c	Label	LAB_00460d1c
00460d24	Label	switchD_00460b28::caseD_0
00460d6c	Label	LAB_00460d6c
00460d9c	Label	LAB_00460d9c
00460dc4	Label	LAB_00460dc4
00460dcc	Label	LAB_00460dcc
00460ddc	Label	LAB_00460ddc
00460e4c	Label	LAB_00460e4c
00460e6c	Label	LAB_00460e6c
00460e8c	Label	LAB_00460e8c
00460ee0	Label	LAB_00460ee0
00460f14	Label	LAB_00460f14
00460f18	Label	LAB_00460f18
00460f34	Label	LAB_00460f34
00460f40	Label	LAB_00460f40
00460f5c	Label	LAB_00460f5c
00460f70	Label	LAB_00460f70
00460f78	Label	LAB_00460f78
00460f98	Label	LAB_00460f98
00460fa0	Label	LAB_00460fa0
00460fbc	Label	LAB_00460fbc
00460fd8	Label	LAB_00460fd8
00460fe0	Label	LAB_00460fe0
00461014	Label	LAB_00461014
00461038	Label	LAB_00461038
00461048	Label	LAB_00461048
00461058	Label	LAB_00461058
00461090	Label	LAB_00461090
004610c8	Function	FUN_004610c8
00461148	Label	LAB_00461148
00461154	Label	LAB_00461154
00461158	Label	LAB_00461158
00461164	Label	LAB_00461164
0046117c	Label	LAB_0046117c
00461184	Label	LAB_00461184
004611b8	Label	LAB_004611b8
004611c4	Label	LAB_004611c4
004611c8	Label	LAB_004611c8
004611cc	Label	LAB_004611cc
004611f0	Label	LAB_004611f0
00461210	Label	switchD_00461210::switchD
00461218	Label	LAB_00461218
0046121c	Label	LAB_0046121c
00461220	Label	LAB_00461220
00461240	Label	switchD_00461240::switchD
00461248	Label	LAB_00461248
0046124c	Label	LAB_0046124c
00461270	Label	switchD_00461210::caseD_2
004612a4	Label	LAB_004612a4
004612f0	Label	LAB_004612f0
0046130c	Label	LAB_0046130c
00461334	Label	LAB_00461334
0046137c	Label	LAB_0046137c
00461380	Label	LAB_00461380
00461398	Label	LAB_00461398
004613ac	Label	LAB_004613ac
004613cc	Label	LAB_004613cc
004613e0	Label	LAB_004613e0
004613f4	Label	switchD_00461240::caseD_1
00461424	Label	LAB_00461424
0046142c	Label	switchD_00461240::caseD_2
00461458	Label	switchD_00461210::caseD_5
00461488	Label	LAB_00461488
00461498	Label	switchD_00461210::caseD_4
004614e8	Label	LAB_004614e8
0046150c	Label	switchD_00461240::caseD_5
0046153c	Label	LAB_0046153c
0046154c	Label	switchD_00461210::caseD_3
00461590	Label	switchD_00461240::caseD_4
004615e8	Label	LAB_004615e8
004615f0	Label	switchD_00461210::caseD_1
00461630	Label	LAB_00461630
0046163c	Label	switchD_00461240::caseD_3
0046166c	Label	switchD_00461210::caseD_0
004616b4	Label	LAB_004616b4
004616ec	Label	LAB_004616ec
00461708	Label	switchD_00461240::caseD_0
00461750	Label	LAB_00461750
00461780	Label	LAB_00461780
004617a8	Label	LAB_004617a8
004617d0	Label	LAB_004617d0
004617d8	Label	LAB_004617d8
004617e0	Label	LAB_004617e0
004617f4	Label	LAB_004617f4
00461804	Label	LAB_00461804
00461838	Label	LAB_00461838
0046183c	Label	LAB_0046183c
00461858	Label	LAB_00461858
004618c8	Label	LAB_004618c8
004618e8	Label	LAB_004618e8
00461900	Label	LAB_00461900
00461950	Label	LAB_00461950
00461984	Label	LAB_00461984
00461988	Label	LAB_00461988
004619ac	Label	LAB_004619ac
00461a1c	Label	LAB_00461a1c
00461a3c	Label	LAB_00461a3c
00461a54	Label	LAB_00461a54
00461aac	Label	LAB_00461aac
00461ab8	Label	LAB_00461ab8
00461ad4	Label	LAB_00461ad4
00461ae8	Label	LAB_00461ae8
00461af4	Label	LAB_00461af4
00461b10	Label	LAB_00461b10
00461b24	Label	LAB_00461b24
00461b2c	Label	LAB_00461b2c
00461b38	Label	LAB_00461b38
00461b58	Label	LAB_00461b58
00461b78	Label	LAB_00461b78
00461b80	Label	LAB_00461b80
00461b8c	Label	LAB_00461b8c
00461ba8	Label	LAB_00461ba8
00461bc4	Label	LAB_00461bc4
00461bc8	Label	LAB_00461bc8
00461be0	Label	LAB_00461be0
00461bec	Label	LAB_00461bec
00461bf0	Label	LAB_00461bf0
00461c08	Label	LAB_00461c08
00461c14	Label	LAB_00461c14
00461c48	Label	LAB_00461c48
00461c6c	Label	LAB_00461c6c
00461ca0	Label	LAB_00461ca0
00461cc4	Label	LAB_00461cc4
00461cd4	Label	LAB_00461cd4
00461ce4	Label	LAB_00461ce4
00461cf4	Label	LAB_00461cf4
00461d04	Label	LAB_00461d04
00461d3c	Label	LAB_00461d3c
00461d74	Label	LAB_00461d74
00461dac	Label	LAB_00461dac
00461de4	Function	FUN_00461de4
00461e6c	Label	LAB_00461e6c
00461e78	Label	LAB_00461e78
00461e7c	Label	LAB_00461e7c
00461e88	Label	LAB_00461e88
00461ea0	Label	LAB_00461ea0
00461ea8	Label	LAB_00461ea8
00461edc	Label	LAB_00461edc
00461ee8	Label	LAB_00461ee8
00461eec	Label	LAB_00461eec
00461ef4	Label	LAB_00461ef4
00461ef8	Label	LAB_00461ef8
00461f1c	Label	LAB_00461f1c
00461f3c	Label	switchD_00461f3c::switchD
00461f44	Label	LAB_00461f44
00461f48	Label	LAB_00461f48
00461f4c	Label	LAB_00461f4c
00461f6c	Label	switchD_00461f6c::switchD
00461f74	Label	LAB_00461f74
00461f78	Label	LAB_00461f78
00461f7c	Label	LAB_00461f7c
00461fa0	Label	switchD_00461f3c::caseD_2
00461fd4	Label	LAB_00461fd4
00462020	Label	LAB_00462020
0046203c	Label	LAB_0046203c
00462068	Label	LAB_00462068
004620b0	Label	LAB_004620b0
004620b4	Label	LAB_004620b4
004620cc	Label	LAB_004620cc
004620e0	Label	LAB_004620e0
00462100	Label	LAB_00462100
00462114	Label	LAB_00462114
00462128	Label	switchD_00461f6c::caseD_1
00462158	Label	LAB_00462158
00462160	Label	switchD_00461f6c::caseD_2
0046218c	Label	switchD_00461f3c::caseD_5
004621bc	Label	LAB_004621bc
004621cc	Label	switchD_00461f3c::caseD_4
0046221c	Label	LAB_0046221c
00462240	Label	switchD_00461f6c::caseD_5
00462270	Label	LAB_00462270
00462280	Label	switchD_00461f3c::caseD_3
004622c4	Label	switchD_00461f6c::caseD_4
0046231c	Label	LAB_0046231c
00462324	Label	switchD_00461f3c::caseD_1
00462364	Label	LAB_00462364
00462370	Label	switchD_00461f6c::caseD_3
004623a0	Label	switchD_00461f3c::caseD_0
004623e8	Label	LAB_004623e8
00462420	Label	LAB_00462420
0046243c	Label	switchD_00461f6c::caseD_0
00462484	Label	LAB_00462484
004624bc	Label	LAB_004624bc
004624e4	Label	LAB_004624e4
0046250c	Label	LAB_0046250c
00462514	Label	LAB_00462514
0046251c	Label	LAB_0046251c
00462530	Label	LAB_00462530
00462540	Label	LAB_00462540
00462574	Label	LAB_00462574
00462578	Label	LAB_00462578
0046259c	Label	LAB_0046259c
0046260c	Label	LAB_0046260c
0046262c	Label	LAB_0046262c
00462644	Label	LAB_00462644
00462694	Label	LAB_00462694
004626c8	Label	LAB_004626c8
004626cc	Label	LAB_004626cc
004626f0	Label	LAB_004626f0
00462760	Label	LAB_00462760
00462780	Label	LAB_00462780
00462798	Label	LAB_00462798
004627f0	Label	LAB_004627f0
004627fc	Label	LAB_004627fc
00462818	Label	LAB_00462818
0046282c	Label	LAB_0046282c
00462838	Label	LAB_00462838
00462854	Label	LAB_00462854
00462868	Label	LAB_00462868
00462870	Label	LAB_00462870
0046287c	Label	LAB_0046287c
0046289c	Label	LAB_0046289c
004628bc	Label	LAB_004628bc
004628c4	Label	LAB_004628c4
004628d0	Label	LAB_004628d0
004628ec	Label	LAB_004628ec
00462908	Label	LAB_00462908
0046290c	Label	LAB_0046290c
00462924	Label	LAB_00462924
00462930	Label	LAB_00462930
00462934	Label	LAB_00462934
0046294c	Label	LAB_0046294c
00462958	Label	LAB_00462958
0046298c	Label	LAB_0046298c
004629b0	Label	LAB_004629b0
004629e4	Label	LAB_004629e4
00462a08	Label	LAB_00462a08
00462a18	Label	LAB_00462a18
00462a28	Label	LAB_00462a28
00462a38	Label	LAB_00462a38
00462a48	Label	LAB_00462a48
00462a80	Label	LAB_00462a80
00462ab8	Label	LAB_00462ab8
00462af0	Label	LAB_00462af0
00462b28	Function	FUN_00462b28
00462b34	Function	FUN_00462b34
00462b5c	Label	LAB_00462b5c
00462b88	Label	LAB_00462b88
00462b90	Function	FUN_00462b90
00462b9c	Function	FUN_00462b9c
00462ba8	Function	FUN_00462ba8
00462bb4	Function	FUN_00462bb4
00462bc0	Function	FUN_00462bc0
00462bcc	Label	LAB_00462bcc
00462c08	Label	LAB_00462c08
00462c10	Function	FUN_00462c10
00462d88	Label	LAB_00462d88
00462da0	Function	FUN_00462da0
00462e0c	Label	LAB_00462e0c
00462e5c	Label	LAB_00462e5c
00462e74	Label	LAB_00462e74
00462e7c	Label	LAB_00462e7c
00462e84	Label	LAB_00462e84
00462e9c	Label	LAB_00462e9c
00462ec0	Label	LAB_00462ec0
00462ec8	Label	LAB_00462ec8
00462ed0	Label	LAB_00462ed0
00462ee8	Label	LAB_00462ee8
00462f00	Label	LAB_00462f00
00462f0c	Label	LAB_00462f0c
00462f18	Function	FUN_00462f18
00462f5c	Label	LAB_00462f5c
00462f88	Label	LAB_00462f88
00462fa4	Label	LAB_00462fa4
00462fe4	Label	LAB_00462fe4
00463008	Function	FUN_00463008
0046302b	Label	DAT_0046302b
0046304c	Function	FUN_0046304c
004630a4	Label	LAB_004630a4
004630b8	Label	LAB_004630b8
004630e0	Label	LAB_004630e0
00463110	Label	LAB_00463110
00463130	Label	LAB_00463130
00463170	Label	LAB_00463170
00463190	Label	LAB_00463190
004631a0	Label	LAB_004631a0
00463258	Function	FUN_00463258
00463298	Label	LAB_00463298
004632e4	Function	FUN_004632e4
004632f0	Function	FUN_004632f0
00463428	Label	LAB_00463428
00463458	Function	FUN_00463458
00463490	Label	LAB_00463490
004634d0	Label	LAB_004634d0
004634f8	Label	LAB_004634f8
00463518	Label	LAB_00463518
00463528	Label	LAB_00463528
00463548	Label	LAB_00463548
00463580	Label	LAB_00463580
004635c4	Label	LAB_004635c4
004635e0	Function	FUN_004635e0
00463658	Label	LAB_00463658
00463670	Label	LAB_00463670
00463694	Label	LAB_00463694
004636a4	Label	LAB_004636a4
004636a8	Label	LAB_004636a8
0046371c	Label	LAB_0046371c
00463730	Label	LAB_00463730
00463798	Label	LAB_00463798
0046379c	Label	LAB_0046379c
004637bc	Label	LAB_004637bc
0046382c	Label	LAB_0046382c
00463850	Label	LAB_00463850
00463880	Label	LAB_00463880
004638bc	Label	LAB_004638bc
00463930	Label	LAB_00463930
00463934	Label	LAB_00463934
00463990	Label	LAB_00463990
004639d0	Label	LAB_004639d0
004639f4	Label	LAB_004639f4
00463a24	Label	LAB_00463a24
00463a38	Label	LAB_00463a38
00463a60	Label	LAB_00463a60
00463ae4	Label	LAB_00463ae4
00463b14	Label	LAB_00463b14
00463b5c	Label	LAB_00463b5c
00463b68	Label	LAB_00463b68
00463b7c	Label	LAB_00463b7c
00463ba4	Label	LAB_00463ba4
00463bbc	Label	LAB_00463bbc
00463bc8	Label	LAB_00463bc8
00463bd4	Label	LAB_00463bd4
00463bf0	Label	LAB_00463bf0
00463c24	Label	LAB_00463c24
00463c3c	Label	LAB_00463c3c
00463c4c	Label	LAB_00463c4c
00463c84	Label	LAB_00463c84
00463cb4	Function	FUN_00463cb4
00463d00	Label	LAB_00463d00
00463d38	Label	LAB_00463d38
00463d74	Label	LAB_00463d74
00463d98	Label	LAB_00463d98
00463dcc	Label	LAB_00463dcc
00463dd0	Label	LAB_00463dd0
00463e08	Label	LAB_00463e08
00463e3c	Label	LAB_00463e3c
00463e48	Function	FUN_00463e48
00463e98	Label	LAB_00463e98
00463ed4	Label	LAB_00463ed4
00463f00	Label	LAB_00463f00
00463f24	Label	LAB_00463f24
00463f30	Label	LAB_00463f30
00463f48	Label	LAB_00463f48
00463f84	Label	LAB_00463f84
00463fa8	Function	FUN_00463fa8
00463fe4	Label	LAB_00463fe4
00463fe8	Label	LAB_00463fe8
00463ffc	Label	LAB_00463ffc
00464010	Label	LAB_00464010
00464020	Label	LAB_00464020
00464044	Label	LAB_00464044
0046405c	Label	LAB_0046405c
0046407c	Label	LAB_0046407c
00464084	Label	LAB_00464084
004640c4	Label	LAB_004640c4
004640d8	Label	LAB_004640d8
00464104	Function	FUN_00464104
00464148	Label	LAB_00464148
00464150	Label	LAB_00464150
00464168	Label	LAB_00464168
0046417c	Label	LAB_0046417c
0046418c	Label	LAB_0046418c
004641a8	Label	LAB_004641a8
004641ac	Label	LAB_004641ac
004641dc	Label	LAB_004641dc
004641ec	Label	LAB_004641ec
00464214	Label	LAB_00464214
0046422c	Label	LAB_0046422c
00464248	Label	LAB_00464248
00464250	Label	LAB_00464250
0046426c	Label	LAB_0046426c
00464274	Label	LAB_00464274
004642a0	Label	LAB_004642a0
004642b8	Label	LAB_004642b8
004642f8	Label	LAB_004642f8
00464300	Label	LAB_00464300
00464318	Label	LAB_00464318
0046432c	Label	LAB_0046432c
00464358	Function	FUN_00464358
0046439c	Label	LAB_0046439c
004643a4	Label	LAB_004643a4
004643ac	Label	LAB_004643ac
004643b0	Label	LAB_004643b0
004643cc	Label	LAB_004643cc
004643e0	Label	LAB_004643e0
004643f0	Label	LAB_004643f0
0046440c	Label	LAB_0046440c
00464410	Label	LAB_00464410
00464440	Label	LAB_00464440
00464450	Label	LAB_00464450
0046445c	Label	LAB_0046445c
0046446c	Label	LAB_0046446c
00464494	Label	LAB_00464494
004644a4	Label	LAB_004644a4
004644bc	Label	LAB_004644bc
004644f4	Label	LAB_004644f4
00464504	Label	LAB_00464504
00464528	Label	LAB_00464528
00464548	Label	LAB_00464548
00464564	Label	LAB_00464564
0046456c	Label	LAB_0046456c
00464584	Label	LAB_00464584
004645a0	Label	LAB_004645a0
004645a8	Label	LAB_004645a8
004645b4	Label	LAB_004645b4
004645bc	Label	LAB_004645bc
004645e8	Label	LAB_004645e8
00464608	Label	LAB_00464608
00464610	Label	LAB_00464610
00464640	Label	LAB_00464640
00464658	Label	LAB_00464658
00464698	Label	LAB_00464698
004646c4	Label	LAB_004646c4
004646dc	Label	LAB_004646dc
0046470c	Label	LAB_0046470c
00464724	Label	LAB_00464724
00464738	Label	LAB_00464738
00464764	Label	LAB_00464764
0046476c	Label	LAB_0046476c
00464784	Label	LAB_00464784
0046479c	Label	LAB_0046479c
004647b0	Label	LAB_004647b0
004647c8	Label	LAB_004647c8
004647d0	Function	FUN_004647d0
0046483c	Label	LAB_0046483c
00464854	Function	FUN_00464854
0046491c	Label	LAB_0046491c
00464924	Label	LAB_00464924
00464934	Label	LAB_00464934
00464940	Label	LAB_00464940
00464988	Label	LAB_00464988
00464a20	Label	LAB_00464a20
00464a3c	Label	LAB_00464a3c
00464a60	Label	LAB_00464a60
00464a6c	Label	LAB_00464a6c
00464a84	Label	LAB_00464a84
00464ab4	Label	LAB_00464ab4
00464ad0	Label	LAB_00464ad0
00464ad8	Label	LAB_00464ad8
00464af4	Label	LAB_00464af4
00464b18	Label	LAB_00464b18
00464b24	Label	LAB_00464b24
00464b3c	Label	LAB_00464b3c
00464b6c	Label	LAB_00464b6c
00464b88	Label	LAB_00464b88
00464b90	Label	LAB_00464b90
00464b94	Label	LAB_00464b94
00464c20	Label	LAB_00464c20
00464c28	Label	LAB_00464c28
00464c74	Label	LAB_00464c74
00464ccc	Label	LAB_00464ccc
00464cd4	Label	LAB_00464cd4
00464cdc	Label	LAB_00464cdc
00464ce4	Label	LAB_00464ce4
00464cec	Label	LAB_00464cec
00464cf4	Label	LAB_00464cf4
00464cfc	Label	LAB_00464cfc
00464d28	Label	LAB_00464d28
00464d30	Label	LAB_00464d30
00464d38	Label	LAB_00464d38
00464d40	Label	LAB_00464d40
00464d48	Label	LAB_00464d48
00464d5c	Label	LAB_00464d5c
00464d70	Label	LAB_00464d70
00464d78	Label	LAB_00464d78
00464d80	Label	LAB_00464d80
00464d88	Label	LAB_00464d88
00464d90	Function	FUN_00464d90
00464da0	Function	FUN_00464da0
00464db0	Function	FUN_00464db0
00464de4	Label	LAB_00464de4
00464df8	Label	LAB_00464df8
00464e00	Label	LAB_00464e00
00464e04	Label	LAB_00464e04
00464e14	Label	LAB_00464e14
00464e20	Label	LAB_00464e20
00464e44	Label	LAB_00464e44
00464ea4	Label	switchD_00464ea4::switchD
00464eac	Label	LAB_00464eac
00464f04	Label	LAB_00464f04
00464f10	Label	switchD_00464ea4::caseD_5
00464f10	Label	switchD_00464ea4::caseD_6
00464f10	Label	switchD_00464ea4::caseD_7
00464f10	Label	switchD_00464ea4::caseD_8
00464f40	Label	LAB_00464f40
00464f6c	Label	LAB_00464f6c
00464f7c	Label	LAB_00464f7c
00464fc0	Label	switchD_00464ea4::caseD_0
00464fdc	Label	LAB_00464fdc
00465004	Label	switchD_00464ea4::caseD_2
00465018	Label	switchD_00464ea4::caseD_3
0046502c	Label	switchD_00464ea4::caseD_4
00465040	Label	switchD_00464ea4::caseD_9
00465054	Label	switchD_00464ea4::caseD_a
00465068	Label	switchD_00464ea4::caseD_1
0046507c	Label	LAB_0046507c
004650a4	Label	LAB_004650a4
004650b4	Label	LAB_004650b4
004650d0	Label	LAB_004650d0
004650f0	Label	LAB_004650f0
0046511c	Label	LAB_0046511c
00465150	Label	LAB_00465150
00465160	Label	LAB_00465160
00465174	Label	LAB_00465174
0046517c	Label	LAB_0046517c
00465198	Label	LAB_00465198
004651ac	Label	LAB_004651ac
004651c8	Label	LAB_004651c8
004651e4	Function	FUN_004651e4
00465224	Label	LAB_00465224
00465264	Label	LAB_00465264
00465290	Function	FUN_00465290
004652ec	Label	LAB_004652ec
00465304	Function	FUN_00465304
00465324	Label	switchD_00465324::switchD
0046532c	Label	switchD_00465324::caseD_7
0046533c	Label	switchD_00465324::caseD_5
0046533c	Label	switchD_00465324::caseD_6
00465354	Label	switchD_00465324::caseD_2
00465354	Label	switchD_00465324::caseD_3
00465354	Label	switchD_00465324::caseD_4
0046537c	Label	switchD_00465324::caseD_0
0046537c	Label	switchD_00465324::caseD_1
00465388	Function	FUN_00465388
004653bc	Label	LAB_004653bc
004653e4	Label	LAB_004653e4
004653f4	Label	LAB_004653f4
00465410	Label	LAB_00465410
00465420	Label	LAB_00465420
0046543c	Label	LAB_0046543c
0046544c	Label	LAB_0046544c
00465460	Label	LAB_00465460
00465484	Function	FUN_00465484
0046551c	Label	LAB_0046551c
00465528	Label	switchD_00465528::switchD
00465530	Label	switchD_00465528::caseD_58
00465530	Label	switchD_00465528::caseD_59
00465530	Label	switchD_00465528::caseD_5a
00465530	Label	switchD_00465528::caseD_5b
00465530	Label	switchD_00465528::caseD_5c
00465530	Label	switchD_00465528::caseD_5d
00465530	Label	switchD_00465528::caseD_5e
00465530	Label	switchD_00465528::caseD_5f
00465578	Label	LAB_00465578
0046558c	Label	LAB_0046558c
00465598	Label	LAB_00465598
0046559c	Label	LAB_0046559c
004655a0	Label	LAB_004655a0
004655b0	Label	LAB_004655b0
004655b4	Label	LAB_004655b4
004655fc	Label	switchD_00465528::caseD_48
004655fc	Label	switchD_00465528::caseD_49
004655fc	Label	switchD_00465528::caseD_4a
004655fc	Label	switchD_00465528::caseD_4b
004655fc	Label	switchD_00465528::caseD_4c
004655fc	Label	switchD_00465528::caseD_4d
004655fc	Label	switchD_00465528::caseD_4e
004655fc	Label	switchD_00465528::caseD_4f
00465638	Label	LAB_00465638
0046564c	Label	LAB_0046564c
00465660	Label	switchD_00465528::caseD_2
00465688	Label	LAB_00465688
00465698	Label	LAB_00465698
004656b0	Label	LAB_004656b0
004656dc	Label	switchD_00465528::caseD_0
004656dc	Label	switchD_00465528::caseD_1
004656dc	Label	switchD_00465528::caseD_3
004656dc	Label	switchD_00465528::caseD_4
004656dc	Label	switchD_00465528::caseD_5
004656dc	Label	switchD_00465528::caseD_6
004656dc	Label	switchD_00465528::caseD_7
004656dc	Label	switchD_00465528::caseD_8
004656dc	Label	switchD_00465528::caseD_9
004656dc	Label	switchD_00465528::caseD_a
004656dc	Label	switchD_00465528::caseD_b
004656dc	Label	switchD_00465528::caseD_c
004656dc	Label	switchD_00465528::caseD_d
004656dc	Label	switchD_00465528::caseD_e
004656dc	Label	switchD_00465528::caseD_f
004656dc	Label	switchD_00465528::caseD_10
004656dc	Label	switchD_00465528::caseD_11
004656dc	Label	switchD_00465528::caseD_12
004656dc	Label	switchD_00465528::caseD_13
004656dc	Label	switchD_00465528::caseD_14
004656dc	Label	switchD_00465528::caseD_15
004656dc	Label	switchD_00465528::caseD_16
004656dc	Label	switchD_00465528::caseD_17
004656dc	Label	switchD_00465528::caseD_18
004656dc	Label	switchD_00465528::caseD_19
004656dc	Label	switchD_00465528::caseD_1a
004656dc	Label	switchD_00465528::caseD_1b
004656dc	Label	switchD_00465528::caseD_1c
004656dc	Label	switchD_00465528::caseD_1d
004656dc	Label	switchD_00465528::caseD_1e
004656dc	Label	switchD_00465528::caseD_1f
004656dc	Label	switchD_00465528::caseD_20
004656dc	Label	switchD_00465528::caseD_21
004656dc	Label	switchD_00465528::caseD_22
004656dc	Label	switchD_00465528::caseD_23
004656dc	Label	switchD_00465528::caseD_28
004656dc	Label	switchD_00465528::caseD_29
004656dc	Label	switchD_00465528::caseD_2a
004656dc	Label	switchD_00465528::caseD_2b
004656dc	Label	switchD_00465528::caseD_30
004656dc	Label	switchD_00465528::caseD_31
004656dc	Label	switchD_00465528::caseD_32
004656dc	Label	switchD_00465528::caseD_33
004656dc	Label	switchD_00465528::caseD_38
004656dc	Label	switchD_00465528::caseD_39
004656dc	Label	switchD_00465528::caseD_3a
004656dc	Label	switchD_00465528::caseD_3b
004656dc	Label	switchD_00465528::caseD_40
004656dc	Label	switchD_00465528::caseD_41
004656dc	Label	switchD_00465528::caseD_42
004656dc	Label	switchD_00465528::caseD_43
004656dc	Label	switchD_00465528::caseD_44
004656dc	Label	switchD_00465528::caseD_45
004656dc	Label	switchD_00465528::caseD_46
004656dc	Label	switchD_00465528::caseD_47
004656dc	Label	switchD_00465528::caseD_50
004656dc	Label	switchD_00465528::caseD_51
004656dc	Label	switchD_00465528::caseD_52
004656dc	Label	switchD_00465528::caseD_53
004656dc	Label	switchD_00465528::caseD_54
004656dc	Label	switchD_00465528::caseD_55
004656dc	Label	switchD_00465528::caseD_56
004656dc	Label	switchD_00465528::caseD_57
0046570c	Label	switchD_00465528::caseD_24
0046570c	Label	switchD_00465528::caseD_25
0046570c	Label	switchD_00465528::caseD_26
0046570c	Label	switchD_00465528::caseD_27
0046570c	Label	switchD_00465528::caseD_2c
0046570c	Label	switchD_00465528::caseD_2d
0046570c	Label	switchD_00465528::caseD_2e
0046570c	Label	switchD_00465528::caseD_2f
0046570c	Label	switchD_00465528::caseD_34
0046570c	Label	switchD_00465528::caseD_35
0046570c	Label	switchD_00465528::caseD_36
0046570c	Label	switchD_00465528::caseD_37
0046570c	Label	switchD_00465528::caseD_3c
0046570c	Label	switchD_00465528::caseD_3d
0046570c	Label	switchD_00465528::caseD_3e
0046570c	Label	switchD_00465528::caseD_3f
0046573c	Label	LAB_0046573c
00465740	Label	LAB_00465740
0046574c	Label	LAB_0046574c
00465768	Label	LAB_00465768
00465770	Label	LAB_00465770
0046579c	Label	LAB_0046579c
004657a0	Label	LAB_004657a0
004657a8	Label	LAB_004657a8
004657d0	Label	LAB_004657d0
004657dc	Function	FUN_004657dc
00465810	Label	LAB_00465810
00465818	Label	LAB_00465818
00465848	Label	LAB_00465848
00465850	Function	FUN_00465850
00465894	Label	LAB_00465894
0046589c	Label	LAB_0046589c
004658ac	Label	LAB_004658ac
004658b4	Function	FUN_004658b4
00465910	Label	LAB_00465910
00465934	Label	LAB_00465934
00465948	Label	LAB_00465948
00465960	Label	LAB_00465960
00465978	Label	LAB_00465978
0046597c	Label	LAB_0046597c
00465a14	Label	LAB_00465a14
00465a20	Label	LAB_00465a20
00465a28	Label	LAB_00465a28
00465a78	Label	LAB_00465a78
00465aac	Label	LAB_00465aac
00465af8	Label	LAB_00465af8
00465afc	Label	LAB_00465afc
00465b0c	Label	LAB_00465b0c
00465ba8	Label	LAB_00465ba8
00465bb0	Label	LAB_00465bb0
00465bc8	Label	LAB_00465bc8
00465bd0	Label	LAB_00465bd0
00465c0c	Label	LAB_00465c0c
00465c38	Label	LAB_00465c38
00465c60	Label	LAB_00465c60
00465c7c	Label	LAB_00465c7c
00465c88	Label	LAB_00465c88
00465cc0	Label	LAB_00465cc0
00465cd0	Label	LAB_00465cd0
00465ce0	Function	FUN_00465ce0
00465d0c	Label	LAB_00465d0c
00465d10	Label	LAB_00465d10
00465d20	Label	LAB_00465d20
00465d34	Label	LAB_00465d34
00465d50	Label	LAB_00465d50
00465d6c	Function	FUN_00465d6c
00465e14	Function	FUN_00465e14
00465e38	Label	LAB_00465e38
00465eb0	Label	LAB_00465eb0
00465efc	Label	LAB_00465efc
00465f2c	Function	FUN_00465f2c
00465f60	Label	LAB_00465f60
00465f84	Function	FUN_00465f84
00465fa4	Label	LAB_00465fa4
00465fd0	Label	switchD_00465fd0::switchD
00465fd8	Label	LAB_00465fd8
0046600c	Label	LAB_0046600c
0046601c	Label	switchD_00465fd0::caseD_5
00466068	Label	LAB_00466068
00466078	Label	LAB_00466078
00466084	Label	switchD_00465fd0::caseD_0
00466094	Label	switchD_00465fd0::caseD_1
004660a4	Label	switchD_00465fd0::caseD_3
004660c0	Label	switchD_00465fd0::caseD_4
004660dc	Label	switchD_00465fd0::caseD_6
004660fc	Label	switchD_00465fd0::caseD_7
0046611c	Label	switchD_00465fd0::caseD_8
004661a0	Label	switchD_00465fd0::caseD_2
004661bc	Label	LAB_004661bc
004661c4	Function	FUN_004661c4
00466218	Label	LAB_00466218
00466244	Label	LAB_00466244
0046626c	Function	FUN_0046626c
004662b8	Label	LAB_004662b8
004662e4	Label	LAB_004662e4
004662fc	Function	FUN_004662fc
00466354	Label	LAB_00466354
00466384	Label	LAB_00466384
00466390	Label	LAB_00466390
0046639c	Label	LAB_0046639c
004663a0	Label	LAB_004663a0
004663d8	Label	LAB_004663d8
00466400	Label	LAB_00466400
0046641c	Label	LAB_0046641c
00466440	Label	LAB_00466440
00466444	Label	LAB_00466444
0046649c	Label	LAB_0046649c
004664c8	Label	LAB_004664c8
004664d4	Label	LAB_004664d4
004664e0	Function	FUN_004664e0
00466524	Label	LAB_00466524
0046655c	Label	LAB_0046655c
0046657c	Label	LAB_0046657c
00466594	Label	LAB_00466594
004665a0	Label	LAB_004665a0
004665d8	Label	LAB_004665d8
004665e4	Label	LAB_004665e4
004665e8	Label	LAB_004665e8
00466620	Label	LAB_00466620
00466678	Label	LAB_00466678
00466684	Label	LAB_00466684
004666b8	Label	LAB_004666b8
004666e4	Label	LAB_004666e4
004666ec	Function	FUN_004666ec
0046672c	Label	LAB_0046672c
0046676c	Label	LAB_0046676c
0046678c	Label	LAB_0046678c
004667a8	Label	LAB_004667a8
004667bc	Label	LAB_004667bc
004667f0	Label	LAB_004667f0
004667fc	Label	LAB_004667fc
00466800	Label	LAB_00466800
00466840	Label	LAB_00466840
0046689c	Label	LAB_0046689c
004668ac	Label	LAB_004668ac
004668e4	Label	LAB_004668e4
00466910	Label	LAB_00466910
00466918	Function	FUN_00466918
00466950	Label	LAB_00466950
0046697c	Label	LAB_0046697c
00466998	Function	FUN_00466998
00466a14	Label	LAB_00466a14
00466a18	Label	LAB_00466a18
00466a28	Label	LAB_00466a28
00466a84	Label	LAB_00466a84
00466b3c	Label	LAB_00466b3c
00466b64	Label	LAB_00466b64
00466b7c	Label	LAB_00466b7c
00466bd8	Label	LAB_00466bd8
00466ca8	Label	LAB_00466ca8
00466cf4	Label	LAB_00466cf4
00466d00	Label	LAB_00466d00
00466d24	Label	switchD_00466d24::switchD
00466d2c	Label	switchD_00466d24::caseD_8
00466d98	Label	LAB_00466d98
00466d9c	Label	LAB_00466d9c
00466df4	Label	switchD_00466d24::caseD_7
00466e10	Label	switchD_00466d24::caseD_6
00466e2c	Label	switchD_00466d24::caseD_5
00466e7c	Label	switchD_00466d24::caseD_4
00466e8c	Label	switchD_00466d24::caseD_3
00466e9c	Label	switchD_00466d24::caseD_1
00466eac	Label	switchD_00466d24::caseD_0
00466ebc	Label	switchD_00466d24::caseD_2
00466ee4	Function	FUN_00466ee4
00466f34	Label	LAB_00466f34
00466f38	Label	LAB_00466f38
00466f60	Label	LAB_00466f60
00466f74	Label	LAB_00466f74
00466fc4	Label	LAB_00466fc4
00466fd0	Label	LAB_00466fd0
00466ffc	Label	LAB_00466ffc
0046702c	Function	FUN_0046702c
0046706c	Label	LAB_0046706c
00467080	Label	LAB_00467080
004670c4	Label	LAB_004670c4
004670c8	Label	LAB_004670c8
004670f4	Label	LAB_004670f4
00467104	Label	LAB_00467104
00467120	Label	LAB_00467120
00467144	Function	FUN_00467144
00467160	Function	FUN_00467160
004671d4	Function	FUN_004671d4
004671fc	Function	FUN_004671fc
00467240	Function	FUN_00467240
004672b0	Label	LAB_004672b0
004672e4	Label	LAB_004672e4
004672e8	Label	LAB_004672e8
00467330	Label	LAB_00467330
00467334	Label	LAB_00467334
00467348	Label	LAB_00467348
0046737c	Label	LAB_0046737c
0046738c	Label	LAB_0046738c
00467394	Label	LAB_00467394
004673ac	Label	LAB_004673ac
004673cc	Label	LAB_004673cc
004673d4	Label	LAB_004673d4
00467580	Label	LAB_00467580
0046758c	Label	LAB_0046758c
00467594	Label	LAB_00467594
00467778	Label	LAB_00467778
004677c8	Label	LAB_004677c8
004677d0	Label	LAB_004677d0
00467934	Label	LAB_00467934
00467940	Label	LAB_00467940
00467948	Label	LAB_00467948
00467c34	Label	LAB_00467c34
00467c40	Label	LAB_00467c40
00467c64	Label	LAB_00467c64
00467c6c	Label	LAB_00467c6c
004680d0	Label	LAB_004680d0
004680dc	Label	LAB_004680dc
004680e4	Label	LAB_004680e4
004683d0	Label	LAB_004683d0
004683f4	Label	LAB_004683f4
004683fc	Label	LAB_004683fc
00468638	Label	LAB_00468638
00468644	Label	LAB_00468644
0046864c	Label	LAB_0046864c
00468830	Label	LAB_00468830
00468850	Label	LAB_00468850
00468860	Label	LAB_00468860
00468868	Label	LAB_00468868
00468b38	Label	LAB_00468b38
00468b54	Label	LAB_00468b54
00468b68	Label	LAB_00468b68
00468b70	Label	LAB_00468b70
00468ca4	Label	LAB_00468ca4
00468cb0	Label	LAB_00468cb0
00468cb8	Label	LAB_00468cb8
00468e4c	Label	LAB_00468e4c
00468e74	Label	LAB_00468e74
00468e9c	Label	LAB_00468e9c
00468ec4	Label	LAB_00468ec4
00468eec	Label	LAB_00468eec
00468f14	Label	LAB_00468f14
00468f48	Label	LAB_00468f48
00469300	Label	LAB_00469300
00469310	Label	LAB_00469310
00469488	Function	FUN_00469488
00469490	Function	FUN_00469490
00469498	Function	FUN_00469498
004694a0	Label	LAB_004694a0
004694b0	Function	FUN_004694b0
004694cc	Label	LAB_004694cc
004694f4	Label	LAB_004694f4
004694fc	Function	FUN_004694fc
0046955c	Label	LAB_0046955c
00469560	Label	LAB_00469560
00469590	Label	LAB_00469590
00469608	Label	LAB_00469608
00469628	Label	LAB_00469628
00469668	Label	LAB_00469668
004696b8	Label	LAB_004696b8
004696ec	Function	FUN_004696ec
0046976c	Label	LAB_0046976c
00469790	Label	LAB_00469790
004697c0	Label	LAB_004697c0
00469830	Label	LAB_00469830
00469848	Label	LAB_00469848
00469898	Label	LAB_00469898
004698c4	Label	LAB_004698c4
0046990c	Label	LAB_0046990c
00469940	Label	LAB_00469940
00469950	Label	LAB_00469950
00469974	Label	LAB_00469974
00469984	Label	LAB_00469984
0046999c	Label	LAB_0046999c
004699ac	Label	LAB_004699ac
004699e4	Function	FUN_004699e4
00469a4c	Label	LAB_00469a4c
00469a6c	Label	LAB_00469a6c
00469a80	Label	LAB_00469a80
00469ad4	Label	LAB_00469ad4
00469ad8	Label	LAB_00469ad8
00469b28	Label	LAB_00469b28
00469b64	Function	FUN_00469b64
00469c08	Label	LAB_00469c08
00469c1c	Label	LAB_00469c1c
00469c48	Label	LAB_00469c48
00469c88	Label	LAB_00469c88
00469ca4	Label	LAB_00469ca4
00469cc4	Label	LAB_00469cc4
00469cf4	Label	LAB_00469cf4
00469d2c	Label	LAB_00469d2c
00469d30	Label	LAB_00469d30
00469d8c	Label	LAB_00469d8c
00469dbc	Label	LAB_00469dbc
00469dd0	Label	LAB_00469dd0
00469df0	Label	LAB_00469df0
00469e54	Label	LAB_00469e54
00469e74	Label	LAB_00469e74
00469ea8	Label	LAB_00469ea8
00469ec4	Label	LAB_00469ec4
00469ed4	Label	LAB_00469ed4
00469fa8	Label	LAB_00469fa8
0046a07c	Label	LAB_0046a07c
0046a08c	Label	LAB_0046a08c
0046a0b4	Label	LAB_0046a0b4
0046a0ec	Label	LAB_0046a0ec
0046a0f8	Label	LAB_0046a0f8
0046a11c	Label	LAB_0046a11c
0046a128	Label	LAB_0046a128
0046a144	Label	LAB_0046a144
0046a150	Label	LAB_0046a150
0046a278	Function	FUN_0046a278
0046a324	Label	LAB_0046a324
0046a328	Label	LAB_0046a328
0046a32c	Label	LAB_0046a32c
0046a344	Label	LAB_0046a344
0046a350	Label	LAB_0046a350
0046a3a8	Label	LAB_0046a3a8
0046a3b8	Label	LAB_0046a3b8
0046a438	Label	LAB_0046a438
0046a440	Label	LAB_0046a440
0046a44c	Label	LAB_0046a44c
0046a458	Label	LAB_0046a458
0046a45c	Label	LAB_0046a45c
0046a4cc	Label	LAB_0046a4cc
0046a528	Label	LAB_0046a528
0046a544	Label	LAB_0046a544
0046a558	Label	LAB_0046a558
0046a57c	Label	LAB_0046a57c
0046a5b4	Label	LAB_0046a5b4
0046a5b8	Label	LAB_0046a5b8
0046a5bc	Label	LAB_0046a5bc
0046a5c0	Label	LAB_0046a5c0
0046a620	Label	LAB_0046a620
0046a688	Label	LAB_0046a688
0046a694	Label	LAB_0046a694
0046a6b8	Label	LAB_0046a6b8
0046a6e8	Label	LAB_0046a6e8
0046a71c	Label	LAB_0046a71c
0046a750	Label	LAB_0046a750
0046a754	Label	LAB_0046a754
0046a758	Label	LAB_0046a758
0046a760	Label	LAB_0046a760
0046a774	Label	LAB_0046a774
0046a788	Label	LAB_0046a788
0046a7a0	Label	LAB_0046a7a0
0046a7b8	Label	LAB_0046a7b8
0046a7f4	Label	LAB_0046a7f4
0046a808	Label	LAB_0046a808
0046a80c	Label	LAB_0046a80c
0046a82c	Label	LAB_0046a82c
0046a854	Label	LAB_0046a854
0046a868	Label	LAB_0046a868
0046a894	Label	LAB_0046a894
0046a8a4	Label	LAB_0046a8a4
0046a8b4	Label	LAB_0046a8b4
0046a8e4	Label	LAB_0046a8e4
0046a8f4	Label	LAB_0046a8f4
0046a8f8	Label	LAB_0046a8f8
0046a964	Label	LAB_0046a964
0046a97c	Label	LAB_0046a97c
0046a988	Label	LAB_0046a988
0046a9b4	Label	LAB_0046a9b4
0046a9ec	Label	LAB_0046a9ec
0046a9fc	Label	LAB_0046a9fc
0046aa24	Label	LAB_0046aa24
0046aa70	Label	LAB_0046aa70
0046aaa8	Label	LAB_0046aaa8
0046aabc	Label	LAB_0046aabc
0046aae0	Label	LAB_0046aae0
0046ab34	Label	LAB_0046ab34
0046ab48	Label	LAB_0046ab48
0046ab50	Label	LAB_0046ab50
0046ab64	Label	LAB_0046ab64
0046ab80	Label	LAB_0046ab80
0046ab9c	Label	LAB_0046ab9c
0046abac	Label	LAB_0046abac
0046ac20	Label	LAB_0046ac20
0046ac28	Label	LAB_0046ac28
0046ac30	Label	LAB_0046ac30
0046ac34	Label	LAB_0046ac34
0046ac60	Label	LAB_0046ac60
0046ac9c	Label	LAB_0046ac9c
0046ace0	Label	LAB_0046ace0
0046acec	Label	LAB_0046acec
0046ad34	Label	LAB_0046ad34
0046ad50	Label	LAB_0046ad50
0046ad84	Label	LAB_0046ad84
0046ad94	Label	LAB_0046ad94
0046adbc	Label	LAB_0046adbc
0046ae38	Label	LAB_0046ae38
0046ae88	Label	LAB_0046ae88
0046aea0	Label	LAB_0046aea0
0046aed8	Label	LAB_0046aed8
0046af1c	Label	LAB_0046af1c
0046af2c	Label	LAB_0046af2c
0046af54	Label	LAB_0046af54
0046af58	Label	LAB_0046af58
0046af98	Label	LAB_0046af98
0046afa4	Label	LAB_0046afa4
0046afcc	Label	LAB_0046afcc
0046afd4	Label	LAB_0046afd4
0046afd8	Label	LAB_0046afd8
0046b010	Label	LAB_0046b010
0046b018	Label	LAB_0046b018
0046b0a8	Label	LAB_0046b0a8
0046b0c8	Label	LAB_0046b0c8
0046b138	Label	LAB_0046b138
0046b16c	Label	LAB_0046b16c
0046b178	Label	LAB_0046b178
0046b1b8	Label	LAB_0046b1b8
0046b1c0	Label	LAB_0046b1c0
0046b1c4	Label	LAB_0046b1c4
0046b1e0	Label	LAB_0046b1e0
0046b1f0	Label	LAB_0046b1f0
0046b22c	Label	LAB_0046b22c
0046b238	Label	LAB_0046b238
0046b278	Label	LAB_0046b278
0046b28c	Label	LAB_0046b28c
0046b29c	Label	LAB_0046b29c
0046b324	Label	LAB_0046b324
0046b348	Label	LAB_0046b348
0046b390	Label	LAB_0046b390
0046b3c4	Label	LAB_0046b3c4
0046b3c8	Label	LAB_0046b3c8
0046b3dc	Label	LAB_0046b3dc
0046b3fc	Label	LAB_0046b3fc
0046b450	Label	LAB_0046b450
0046b4bc	Label	LAB_0046b4bc
0046b4cc	Label	LAB_0046b4cc
0046b4e8	Label	LAB_0046b4e8
0046b4f0	Label	LAB_0046b4f0
0046b53c	Label	LAB_0046b53c
0046b54c	Label	LAB_0046b54c
0046b574	Label	LAB_0046b574
0046b5a4	Label	LAB_0046b5a4
0046b5bc	Label	LAB_0046b5bc
0046b5c8	Label	LAB_0046b5c8
0046b6d8	Label	LAB_0046b6d8
0046b6e0	Label	LAB_0046b6e0
0046b6f8	Label	LAB_0046b6f8
0046b764	Label	LAB_0046b764
0046b770	Label	LAB_0046b770
0046b7a0	Label	LAB_0046b7a0
0046b7c0	Label	LAB_0046b7c0
0046b7d0	Label	LAB_0046b7d0
0046b7ec	Label	LAB_0046b7ec
0046b7fc	Label	LAB_0046b7fc
0046b818	Label	LAB_0046b818
0046b828	Label	LAB_0046b828
0046b844	Label	LAB_0046b844
0046b854	Label	LAB_0046b854
0046b870	Label	LAB_0046b870
0046b880	Label	LAB_0046b880
0046b89c	Label	LAB_0046b89c
0046b8ac	Label	LAB_0046b8ac
0046b8b8	Label	LAB_0046b8b8
0046b8c8	Label	LAB_0046b8c8
0046b8d4	Label	LAB_0046b8d4
0046b8e4	Label	LAB_0046b8e4
0046b900	Label	LAB_0046b900
0046b910	Label	LAB_0046b910
0046b92c	Label	LAB_0046b92c
0046b93c	Label	LAB_0046b93c
0046b958	Label	LAB_0046b958
0046b968	Label	LAB_0046b968
0046b984	Label	LAB_0046b984
0046b994	Label	LAB_0046b994
0046b9b0	Label	LAB_0046b9b0
0046b9c0	Label	LAB_0046b9c0
0046b9dc	Label	LAB_0046b9dc
0046b9ec	Label	LAB_0046b9ec
0046ba08	Label	LAB_0046ba08
0046ba18	Label	LAB_0046ba18
0046ba34	Label	LAB_0046ba34
0046ba44	Label	LAB_0046ba44
0046ba60	Label	LAB_0046ba60
0046ba70	Label	LAB_0046ba70
0046ba8c	Label	LAB_0046ba8c
0046ba9c	Label	LAB_0046ba9c
0046bab8	Label	LAB_0046bab8
0046bac8	Label	LAB_0046bac8
0046bae4	Label	LAB_0046bae4
0046baf4	Label	LAB_0046baf4
0046bb0c	Label	LAB_0046bb0c
0046bb20	Label	LAB_0046bb20
0046bb24	Label	LAB_0046bb24
0046bb40	Label	LAB_0046bb40
0046bb54	Label	LAB_0046bb54
0046bb58	Label	LAB_0046bb58
0046bb7c	Label	LAB_0046bb7c
0046bb90	Label	LAB_0046bb90
0046bb94	Label	LAB_0046bb94
0046bbb0	Label	LAB_0046bbb0
0046bbc4	Label	LAB_0046bbc4
0046bbc8	Label	LAB_0046bbc8
0046bbe4	Label	LAB_0046bbe4
0046bc04	Label	LAB_0046bc04
0046bc24	Label	LAB_0046bc24
0046bc34	Label	LAB_0046bc34
0046bc4c	Label	LAB_0046bc4c
0046bc5c	Label	LAB_0046bc5c
0046bca0	Label	LAB_0046bca0
0046c31c	Label	LAB_0046c31c
0046c328	Label	LAB_0046c328
0046c338	Label	LAB_0046c338
0046c354	Label	LAB_0046c354
0046c3e8	Label	LAB_0046c3e8
0046c400	Label	LAB_0046c400
0046c408	Label	LAB_0046c408
0046c410	Label	LAB_0046c410
0046c418	Function	FUN_0046c418
0046c470	Label	LAB_0046c470
0046c4a8	Label	LAB_0046c4a8
0046c4f8	Label	LAB_0046c4f8
0046c50c	Label	LAB_0046c50c
0046c52c	Label	LAB_0046c52c
0046c53c	Label	LAB_0046c53c
0046c558	Label	LAB_0046c558
0046c568	Label	LAB_0046c568
0046c588	Label	LAB_0046c588
0046c594	Label	LAB_0046c594
0046c5b4	Label	LAB_0046c5b4
0046c5e4	Label	LAB_0046c5e4
0046c60c	Function	FUN_0046c60c
0046c64c	Label	LAB_0046c64c
0046c654	Label	LAB_0046c654
0046c66c	Label	LAB_0046c66c
0046c6c8	Label	LAB_0046c6c8
0046c6d8	Function	FUN_0046c6d8
0046c78c	Label	LAB_0046c78c
0046c7e0	Label	LAB_0046c7e0
0046c810	Label	LAB_0046c810
0046c814	Label	LAB_0046c814
0046c838	Label	LAB_0046c838
0046c85c	Label	LAB_0046c85c
0046c8c0	Label	LAB_0046c8c0
0046ca08	Label	LAB_0046ca08
0046ca1c	Label	LAB_0046ca1c
0046ca44	Label	LAB_0046ca44
0046ca48	Label	LAB_0046ca48
0046ca70	Label	LAB_0046ca70
0046ca78	Label	LAB_0046ca78
0046cb04	Label	LAB_0046cb04
0046cb30	Label	LAB_0046cb30
0046cb78	Label	LAB_0046cb78
0046cb80	Label	LAB_0046cb80
0046cbfc	Label	LAB_0046cbfc
0046cc18	Label	LAB_0046cc18
0046cc4c	Label	LAB_0046cc4c
0046cc50	Label	LAB_0046cc50
0046ccb8	Label	LAB_0046ccb8
0046ccc0	Label	LAB_0046ccc0
0046cccc	Label	LAB_0046cccc
0046cd18	Label	LAB_0046cd18
0046cde0	Label	LAB_0046cde0
0046cde4	Label	LAB_0046cde4
0046ce3c	Label	LAB_0046ce3c
0046ce58	Label	LAB_0046ce58
0046ce8c	Label	LAB_0046ce8c
0046cec8	Label	LAB_0046cec8
0046ced4	Label	LAB_0046ced4
0046cee0	Label	LAB_0046cee0
0046cf2c	Label	LAB_0046cf2c
0046cff4	Label	LAB_0046cff4
0046d00c	Label	LAB_0046d00c
0046d014	Label	LAB_0046d014
0046d030	Label	LAB_0046d030
0046d03c	Label	LAB_0046d03c
0046d050	Label	LAB_0046d050
0046d064	Label	LAB_0046d064
0046d07c	Label	LAB_0046d07c
0046d08c	Label	LAB_0046d08c
0046d094	Label	LAB_0046d094
0046d0a0	Label	LAB_0046d0a0
0046d0a8	Label	LAB_0046d0a8
0046d104	Label	LAB_0046d104
0046d134	Label	LAB_0046d134
0046d138	Label	LAB_0046d138
0046d1c8	Label	LAB_0046d1c8
0046d1ec	Label	LAB_0046d1ec
0046d250	Label	LAB_0046d250
0046d390	Label	LAB_0046d390
0046d3a4	Label	LAB_0046d3a4
0046d3bc	Label	LAB_0046d3bc
0046d3c4	Label	LAB_0046d3c4
0046d3cc	Label	LAB_0046d3cc
0046d3d4	Function	FUN_0046d3d4
0046d3e0	Function	FUN_0046d3e0
0046d438	Label	LAB_0046d438
0046d4a4	Label	LAB_0046d4a4
0046d4b8	Label	LAB_0046d4b8
0046d4bc	Label	LAB_0046d4bc
0046d4d8	Label	LAB_0046d4d8
0046d4f8	Label	LAB_0046d4f8
0046d500	Label	LAB_0046d500
0046d508	Function	FUN_0046d508
0046d540	Function	FUN_0046d540
0046d590	Label	LAB_0046d590
0046d600	Label	LAB_0046d600
0046d640	Label	LAB_0046d640
0046d650	Label	LAB_0046d650
0046d72c	Label	LAB_0046d72c
0046d770	Function	FUN_0046d770
0046d7ac	Label	LAB_0046d7ac
0046d7e0	Function	FUN_0046d7e0
0046d818	Function	FUN_0046d818
0046d858	Label	LAB_0046d858
0046d8f0	Function	FUN_0046d8f0
0046d8fc	Function	FUN_0046d8fc
0046da80	Function	FUN_0046da80
0046dacc	Label	LAB_0046dacc
0046dafc	Function	FUN_0046dafc
0046db2c	Label	LAB_0046db2c
0046db58	Function	FUN_0046db58
0046dbfc	Label	LAB_0046dbfc
0046dc00	Label	LAB_0046dc00
0046dc14	Label	LAB_0046dc14
0046dc94	Label	LAB_0046dc94
0046dca0	Label	LAB_0046dca0
0046dcd4	Label	LAB_0046dcd4
0046dcd8	Label	LAB_0046dcd8
0046dd20	Label	LAB_0046dd20
0046dd24	Label	LAB_0046dd24
0046dd58	Label	LAB_0046dd58
0046dd5c	Label	LAB_0046dd5c
0046de9c	Label	LAB_0046de9c
0046deb4	Label	LAB_0046deb4
0046df04	Label	LAB_0046df04
0046df24	Label	LAB_0046df24
0046df44	Label	LAB_0046df44
0046df64	Label	LAB_0046df64
0046df98	Label	LAB_0046df98
0046dfdc	Label	LAB_0046dfdc
0046dffc	Label	LAB_0046dffc
0046e01c	Label	LAB_0046e01c
0046e03c	Label	LAB_0046e03c
0046e05c	Label	LAB_0046e05c
0046e074	Label	LAB_0046e074
0046e094	Label	LAB_0046e094
0046e0b4	Label	LAB_0046e0b4
0046e0cc	Label	LAB_0046e0cc
0046e0fc	Label	LAB_0046e0fc
0046e12c	Label	LAB_0046e12c
0046e14c	Label	LAB_0046e14c
0046e17c	Label	LAB_0046e17c
0046e19c	Label	LAB_0046e19c
0046e1bc	Label	LAB_0046e1bc
0046e1e0	Label	LAB_0046e1e0
0046e204	Label	LAB_0046e204
0046e244	Label	LAB_0046e244
0046e25c	Label	LAB_0046e25c
0046e298	Label	LAB_0046e298
0046e2a4	Label	LAB_0046e2a4
0046e2e8	Label	LAB_0046e2e8
0046e300	Label	LAB_0046e300
0046e3b8	Label	LAB_0046e3b8
0046e3c0	Label	LAB_0046e3c0
0046e3c8	Label	LAB_0046e3c8
0046e3f4	Label	LAB_0046e3f4
0046e420	Label	LAB_0046e420
0046e44c	Label	LAB_0046e44c
0046e478	Label	LAB_0046e478
0046e4a4	Label	LAB_0046e4a4
0046e73c	Function	FUN_0046e73c
0046e788	Label	LAB_0046e788
0046e794	Function	FUN_0046e794
0046e7dc	Function	FUN_0046e7dc
0046e84c	Function	FUN_0046e84c
0046e890	Label	LAB_0046e890
0046e8d4	Label	LAB_0046e8d4
0046e8fc	Label	LAB_0046e8fc
0046e908	Label	LAB_0046e908
0046e940	Label	LAB_0046e940
0046e980	Label	LAB_0046e980
0046e9c4	Label	LAB_0046e9c4
0046e9d4	Label	LAB_0046e9d4
0046ea2c	Label	LAB_0046ea2c
0046ea6c	Label	LAB_0046ea6c
0046ea98	Label	LAB_0046ea98
0046eab0	Function	FUN_0046eab0
0046eac4	Label	LAB_0046eac4
0046ead0	Function	FUN_0046ead0
0046eb40	Function	pcsx_load_game
0046ec1c	Label	LAB_0046ec1c
0046eda4	Label	LAB_0046eda4
0046edbc	Label	LAB_0046edbc
0046ee44	Label	LAB_0046ee44
0046ee48	Label	LAB_0046ee48
0046ee50	Label	LAB_0046ee50
0046eebc	Label	LAB_0046eebc
0046eec0	Label	LAB_0046eec0
0046ef00	Label	LAB_0046ef00
0046ef24	Label	LAB_0046ef24
0046ef3c	Label	LAB_0046ef3c
0046ef68	Label	LAB_0046ef68
0046ef78	Label	LAB_0046ef78
0046efa0	Label	LAB_0046efa0
0046efe4	Label	LAB_0046efe4
0046f018	Label	LAB_0046f018
0046f02c	Label	LAB_0046f02c
0046f048	Label	LAB_0046f048
0046f05c	Label	LAB_0046f05c
0046f250	Function	FUN_0046f250
0046f2dc	Label	LAB_0046f2dc
0046f2f8	Label	LAB_0046f2f8
0046f320	Label	LAB_0046f320
0046f33c	Label	LAB_0046f33c
0046f364	Label	LAB_0046f364
0046f380	Label	LAB_0046f380
0046f3ac	Label	LAB_0046f3ac
0046f3dc	Label	LAB_0046f3dc
0046f410	Function	FUN_0046f410
0046f498	Label	LAB_0046f498
0046f4b8	Function	FUN_0046f4b8
0046f51c	Label	LAB_0046f51c
0046f53c	Label	LAB_0046f53c
0046f550	Label	LAB_0046f550
0046f5ec	Label	LAB_0046f5ec
0046f64c	Label	LAB_0046f64c
0046f658	Label	LAB_0046f658
0046f65c	Label	LAB_0046f65c
0046f67c	Label	LAB_0046f67c
0046f6a8	Label	LAB_0046f6a8
0046f6d0	Label	LAB_0046f6d0
0046f6e4	Label	LAB_0046f6e4
0046f6fc	Label	LAB_0046f6fc
0046f714	Label	LAB_0046f714
0046f72c	Label	LAB_0046f72c
0046f744	Label	LAB_0046f744
0046f75c	Label	LAB_0046f75c
0046f774	Label	LAB_0046f774
0046f78c	Label	LAB_0046f78c
0046f7a0	Label	LAB_0046f7a0
0046f7a8	Label	LAB_0046f7a8
0046f7bc	Label	LAB_0046f7bc
0046f7c8	Label	LAB_0046f7c8
0046f7d4	Label	LAB_0046f7d4
0046f7e0	Label	LAB_0046f7e0
0046f7e4	Label	LAB_0046f7e4
0046f81c	Label	LAB_0046f81c
0046f830	Label	LAB_0046f830
0046f84c	Label	LAB_0046f84c
0046f860	Label	LAB_0046f860
0046f87c	Label	LAB_0046f87c
0046f890	Label	LAB_0046f890
0046f8ac	Label	LAB_0046f8ac
0046f8c0	Label	LAB_0046f8c0
0046f8dc	Label	LAB_0046f8dc
0046f8f0	Label	LAB_0046f8f0
0046f8f8	Label	LAB_0046f8f8
0046f90c	Label	LAB_0046f90c
0046f918	Label	LAB_0046f918
0046f924	Label	LAB_0046f924
0046f930	Label	LAB_0046f930
0046f934	Label	LAB_0046f934
0046f9e0	Label	LAB_0046f9e0
0046f9f0	Label	LAB_0046f9f0
0046f9f8	Label	LAB_0046f9f8
0046fa04	Label	LAB_0046fa04
0046fa0c	Label	LAB_0046fa0c
0046fa20	Label	LAB_0046fa20
0046fa30	Label	LAB_0046fa30
0046fa3c	Label	LAB_0046fa3c
0046fa48	Label	LAB_0046fa48
0046fa50	Label	LAB_0046fa50
0046fa58	Label	LAB_0046fa58
0046fa60	Label	LAB_0046fa60
0046fa68	Function	FUN_0046fa68
0046fa70	Function	FUN_0046fa70
0046fac4	Label	LAB_0046fac4
0046fad4	Function	FUN_0046fad4
0046faf0	Function	FUN_0046faf0
0046fb4c	Label	LAB_0046fb4c
0046fc00	Function	FUN_0046fc00
0046fc44	Label	LAB_0046fc44
0046fc68	Label	LAB_0046fc68
0046fcbc	Function	FUN_0046fcbc
0046fd24	Label	LAB_0046fd24
0046fd48	Label	LAB_0046fd48
0046fd64	Label	LAB_0046fd64
0046fda0	Function	FUN_0046fda0
0046fe18	Label	LAB_0046fe18
0046fe58	Label	LAB_0046fe58
0046fe88	Label	LAB_0046fe88
0046febc	Label	LAB_0046febc
0046ff9c	Label	LAB_0046ff9c
00470000	Label	LAB_00470000
0047006c	Label	LAB_0047006c
00470084	Label	LAB_00470084
0047008c	Function	FUN_0047008c
00470128	Label	LAB_00470128
00470144	Label	LAB_00470144
004701a0	Label	LAB_004701a0
0047020c	Label	LAB_0047020c
0047023c	Label	LAB_0047023c
00470258	Label	LAB_00470258
00470270	Label	LAB_00470270
00470290	Label	LAB_00470290
004702e8	Label	LAB_004702e8
00470474	Label	LAB_00470474
00470484	Label	LAB_00470484
004704a0	Label	LAB_004704a0
004704a4	Label	LAB_004704a4
004704d4	Label	LAB_004704d4
004704ec	Label	LAB_004704ec
00470544	Label	LAB_00470544
004705b0	Label	LAB_004705b0
004705d8	Label	LAB_004705d8
004705e8	Label	LAB_004705e8
00470614	Label	LAB_00470614
0047064c	Label	LAB_0047064c
00470654	Label	LAB_00470654
00470750	Label	LAB_00470750
00470788	Label	LAB_00470788
00470790	Label	LAB_00470790
004707dc	Label	LAB_004707dc
004707f0	Label	LAB_004707f0
0047080c	Label	LAB_0047080c
004708d0	Function	FUN_004708d0
0047091c	Label	LAB_0047091c
00470930	Label	LAB_00470930
00470940	Label	LAB_00470940
004709a0	Label	LAB_004709a0
004709b4	Label	LAB_004709b4
004709f0	Label	LAB_004709f0
004709f8	Label	LAB_004709f8
00470a00	Label	LAB_00470a00
00470a08	Label	LAB_00470a08
00470a10	Function	FUN_00470a10
00470a50	Function	FUN_00470a50
00470ab0	Label	LAB_00470ab0
00470ab8	Label	LAB_00470ab8
00470ad0	Label	LAB_00470ad0
00470afc	Label	switchD_00470afc::switchD
00470b04	Label	LAB_00470b04
00470b10	Label	switchD_00470afc::caseD_1
00470b10	Label	switchD_00470afc::caseD_3
00470b10	Label	switchD_00470afc::caseD_5
00470b10	Label	switchD_00470afc::caseD_6
00470b10	Label	switchD_00470afc::caseD_7
00470b10	Label	switchD_00470afc::caseD_9
00470b10	Label	switchD_00470afc::caseD_b
00470b10	Label	switchD_00470afc::caseD_c
00470b10	Label	switchD_00470afc::caseD_d
00470b10	Label	switchD_00470b60::caseD_d85
00470b10	Label	switchD_00470b60::caseD_d87
00470b10	Label	switchD_00470b60::caseD_d89
00470b10	Label	switchD_00470b60::caseD_d8b
00470b10	Label	switchD_00470b60::caseD_d8d
00470b10	Label	switchD_00470b60::caseD_d8f
00470b10	Label	switchD_00470b60::caseD_d91
00470b10	Label	switchD_00470b60::caseD_d93
00470b10	Label	switchD_00470b60::caseD_d95
00470b10	Label	switchD_00470b60::caseD_d97
00470b10	Label	switchD_00470b60::caseD_d99
00470b10	Label	switchD_00470b60::caseD_d9b
00470b10	Label	switchD_00470b60::caseD_d9c
00470b10	Label	switchD_00470b60::caseD_d9d
00470b10	Label	switchD_00470b60::caseD_d9e
00470b10	Label	switchD_00470b60::caseD_d9f
00470b10	Label	switchD_00470b60::caseD_da0
00470b10	Label	switchD_00470b60::caseD_da1
00470b10	Label	switchD_00470b60::caseD_da3
00470b10	Label	switchD_00470b60::caseD_da5
00470b10	Label	switchD_00470b60::caseD_da7
00470b10	Label	switchD_00470b60::caseD_da9
00470b10	Label	switchD_00470b60::caseD_dab
00470b10	Label	switchD_00470b60::caseD_dac
00470b10	Label	switchD_00470b60::caseD_dad
00470b10	Label	switchD_00470b60::caseD_daf
00470b10	Label	switchD_00470b60::caseD_db1
00470b10	Label	switchD_00470b60::caseD_db3
00470b10	Label	switchD_00470b60::caseD_db4
00470b10	Label	switchD_00470b60::caseD_db5
00470b10	Label	switchD_00470b60::caseD_db6
00470b10	Label	switchD_00470b60::caseD_db7
00470b10	Label	switchD_00470b60::caseD_db8
00470b10	Label	switchD_00470b60::caseD_db9
00470b10	Label	switchD_00470b60::caseD_dba
00470b10	Label	switchD_00470b60::caseD_dbb
00470b10	Label	switchD_00470b60::caseD_dbc
00470b10	Label	switchD_00470b60::caseD_dbd
00470b10	Label	switchD_00470b60::caseD_dbe
00470b10	Label	switchD_00470b60::caseD_dbf
00470b10	Label	switchD_00470b60::caseD_dc1
00470b10	Label	switchD_00470b60::caseD_dc3
00470b10	Label	switchD_00470b60::caseD_dc5
00470b10	Label	switchD_00470b60::caseD_dc7
00470b10	Label	switchD_00470b60::caseD_dc9
00470b10	Label	switchD_00470b60::caseD_dcb
00470b10	Label	switchD_00470b60::caseD_dcd
00470b10	Label	switchD_00470b60::caseD_dcf
00470b10	Label	switchD_00470b60::caseD_dd1
00470b10	Label	switchD_00470b60::caseD_dd3
00470b10	Label	switchD_00470b60::caseD_dd5
00470b10	Label	switchD_00470b60::caseD_dd7
00470b10	Label	switchD_00470b60::caseD_dd9
00470b10	Label	switchD_00470b60::caseD_ddb
00470b10	Label	switchD_00470b60::caseD_ddd
00470b10	Label	switchD_00470b60::caseD_ddf
00470b10	Label	switchD_00470b60::caseD_de1
00470b10	Label	switchD_00470b60::caseD_de3
00470b10	Label	switchD_00470b60::caseD_de5
00470b10	Label	switchD_00470b60::caseD_de7
00470b10	Label	switchD_00470b60::caseD_de9
00470b10	Label	switchD_00470b60::caseD_deb
00470b10	Label	switchD_00470b60::caseD_ded
00470b10	Label	switchD_00470b60::caseD_def
00470b10	Label	switchD_00470b60::caseD_df1
00470b10	Label	switchD_00470b60::caseD_df3
00470b10	Label	switchD_00470b60::caseD_df5
00470b10	Label	switchD_00470b60::caseD_df7
00470b10	Label	switchD_00470b60::caseD_df9
00470b10	Label	switchD_00470b60::caseD_dfb
00470b10	Label	switchD_00470b60::caseD_dfd
00470b14	Label	LAB_00470b14
00470b40	Label	LAB_00470b40
00470b60	Label	switchD_00470b60::switchD
00470b68	Label	LAB_00470b68
00470bc0	Label	LAB_00470bc0
00470bd0	Label	switchD_00470afc::caseD_a
00470c18	Label	switchD_00470afc::caseD_8
00470c54	Label	switchD_00470afc::caseD_e
00470c78	Label	LAB_00470c78
00470cb4	Label	switchD_00470afc::caseD_4
00470cc0	Label	LAB_00470cc0
00470d14	Label	switchD_00470afc::caseD_2
00470d34	Label	LAB_00470d34
00470d38	Label	LAB_00470d38
00470d50	Label	switchD_00470afc::caseD_0
00470d70	Label	LAB_00470d70
00470d74	Label	LAB_00470d74
00470d8c	Label	LAB_00470d8c
00470d94	Label	LAB_00470d94
00470dcc	Label	LAB_00470dcc
00470e08	Label	switchD_00470b60::caseD_d92
00470e34	Label	LAB_00470e34
00470e5c	Label	LAB_00470e5c
00470e84	Label	LAB_00470e84
00470eac	Label	LAB_00470eac
00470ed4	Label	LAB_00470ed4
00470efc	Label	LAB_00470efc
00470f24	Label	LAB_00470f24
00470f4c	Label	switchD_00470b60::caseD_d96
00470fb4	Label	LAB_00470fb4
00470fd0	Label	switchD_00470b60::caseD_d8a
00471020	Label	LAB_00471020
00471068	Label	LAB_00471068
0047106c	Label	LAB_0047106c
004710b0	Label	LAB_004710b0
004710b4	Label	LAB_004710b4
004710f8	Label	LAB_004710f8
004710fc	Label	LAB_004710fc
00471140	Label	LAB_00471140
00471144	Label	LAB_00471144
00471188	Label	LAB_00471188
0047118c	Label	LAB_0047118c
004711d0	Label	LAB_004711d0
0047121c	Label	switchD_00470b60::caseD_d8e
00471244	Label	LAB_00471244
0047126c	Label	LAB_0047126c
00471290	Label	LAB_00471290
004712b4	Label	LAB_004712b4
004712d8	Label	LAB_004712d8
004712fc	Label	LAB_004712fc
00471318	Label	LAB_00471318
00471334	Label	LAB_00471334
0047133c	Label	switchD_00470b60::caseD_d9a
004713a8	Label	switchD_00470b60::caseD_dc6
004713b8	Label	switchD_00470b60::caseD_d88
004713d8	Label	LAB_004713d8
00471440	Label	LAB_00471440
00471460	Label	switchD_00470b60::caseD_d90
00471480	Label	LAB_00471480
004714a0	Label	LAB_004714a0
004714a8	Label	LAB_004714a8
004714b8	Label	LAB_004714b8
004714f4	Label	switchD_00470b60::caseD_daa
00471514	Label	LAB_00471514
0047151c	Label	switchD_00470b60::caseD_dae
00471528	Label	switchD_00470b60::caseD_db0
0047153c	Label	LAB_0047153c
00471570	Label	switchD_00470b60::caseD_d98
00471678	Label	LAB_00471678
00471694	Label	switchD_00470b60::caseD_dc8
004716a4	Label	switchD_00470b60::caseD_dca
004716b4	Label	switchD_00470b60::caseD_dcc
004716c4	Label	switchD_00470b60::caseD_dce
004716d4	Label	switchD_00470b60::caseD_d84
004716e0	Label	switchD_00470b60::caseD_d86
004716ec	Label	switchD_00470b60::caseD_d8c
00471714	Label	LAB_00471714
0047173c	Label	LAB_0047173c
00471760	Label	LAB_00471760
00471784	Label	LAB_00471784
004717a8	Label	LAB_004717a8
004717cc	Label	LAB_004717cc
004717f0	Label	LAB_004717f0
00471814	Label	LAB_00471814
00471838	Label	LAB_00471838
0047185c	Label	LAB_0047185c
00471880	Label	LAB_00471880
004718a4	Label	LAB_004718a4
004718c8	Label	LAB_004718c8
004718ec	Label	LAB_004718ec
00471908	Label	LAB_00471908
00471928	Label	switchD_00470b60::caseD_da8
00471950	Label	switchD_00470b60::caseD_dd0
00471960	Label	switchD_00470b60::caseD_dd2
00471970	Label	switchD_00470b60::caseD_d94
00471a7c	Label	switchD_00470b60::caseD_da4
00471a94	Label	switchD_00470b60::caseD_da6
00471aa0	Label	switchD_00470b60::caseD_da2
00471aa0	Label	switchD_00470b60::caseD_dc0
00471aa0	Label	switchD_00470b60::caseD_dc2
00471aa0	Label	switchD_00470b60::caseD_dd4
00471aa0	Label	switchD_00470b60::caseD_dd6
00471aa0	Label	switchD_00470b60::caseD_dd8
00471aa0	Label	switchD_00470b60::caseD_dda
00471aa0	Label	switchD_00470b60::caseD_ddc
00471aa0	Label	switchD_00470b60::caseD_dde
00471aa0	Label	switchD_00470b60::caseD_de0
00471aa0	Label	switchD_00470b60::caseD_de2
00471aa0	Label	switchD_00470b60::caseD_de4
00471aa0	Label	switchD_00470b60::caseD_de6
00471aa0	Label	switchD_00470b60::caseD_de8
00471aa0	Label	switchD_00470b60::caseD_dea
00471aa0	Label	switchD_00470b60::caseD_dec
00471aa0	Label	switchD_00470b60::caseD_dee
00471aa0	Label	switchD_00470b60::caseD_df0
00471aa0	Label	switchD_00470b60::caseD_df2
00471aa0	Label	switchD_00470b60::caseD_df4
00471aa0	Label	switchD_00470b60::caseD_df6
00471aa0	Label	switchD_00470b60::caseD_df8
00471aa0	Label	switchD_00470b60::caseD_dfa
00471ab0	Label	switchD_00470b60::caseD_db2
00471ac8	Label	switchD_00470b60::caseD_dfe
00471ad8	Label	switchD_00470b60::caseD_dfc
00471ae8	Label	switchD_00470b60::caseD_dc4
00471af8	Label	LAB_00471af8
00471b08	Label	LAB_00471b08
00471b10	Label	LAB_00471b10
00471b20	Label	LAB_00471b20
00471b28	Label	LAB_00471b28
00471b38	Label	LAB_00471b38
00471b40	Label	LAB_00471b40
00471b48	Label	LAB_00471b48
00471b70	Label	LAB_00471b70
00471b94	Label	LAB_00471b94
00471bb8	Label	LAB_00471bb8
00471bdc	Label	LAB_00471bdc
00471c00	Label	LAB_00471c00
00471c24	Label	LAB_00471c24
00471c48	Label	LAB_00471c48
00471c74	Function	FUN_00471c74
00471c9c	Label	LAB_00471c9c
00471ccc	Label	LAB_00471ccc
00471ce8	Label	LAB_00471ce8
00471d18	Label	LAB_00471d18
00471d6c	Label	LAB_00471d6c
00471d74	Label	LAB_00471d74
00471d8c	Label	LAB_00471d8c
00471da0	Label	LAB_00471da0
00471da8	Label	LAB_00471da8
00471db4	Label	LAB_00471db4
00471df0	Label	LAB_00471df0
00471df8	Label	LAB_00471df8
00471e00	Label	LAB_00471e00
00471e08	Label	LAB_00471e08
00471e34	Function	FUN_00471e34
00471e80	Function	FUN_00471e80
00471ef4	Label	LAB_00471ef4
00471f20	Label	LAB_00471f20
00471f3c	Label	LAB_00471f3c
00471f50	Function	FUN_00471f50
00472010	Label	LAB_00472010
0047202c	Label	LAB_0047202c
00472040	Function	FUN_00472040
00472070	Function	FUN_00472070
004720a0	Label	LAB_004720a0
004720b8	Label	LAB_004720b8
0047211c	Label	LAB_0047211c
00472124	Label	LAB_00472124
00472130	Label	LAB_00472130
00472138	Label	LAB_00472138
00472144	Function	FUN_00472144
0047217c	Label	LAB_0047217c
004721a0	Label	LAB_004721a0
004721d0	Label	LAB_004721d0
004721d4	Label	LAB_004721d4
004721e4	Label	LAB_004721e4
00472208	Label	LAB_00472208
00472270	Label	LAB_00472270
0047227c	Label	LAB_0047227c
00472290	Function	FUN_00472290
004722bc	Label	LAB_004722bc
004722d8	Label	LAB_004722d8
004722f0	Label	LAB_004722f0
00472310	Label	LAB_00472310
0047234c	Function	FUN_0047234c
00472370	Function	FUN_00472370
00472468	Label	LAB_00472468
0047246c	Label	LAB_0047246c
00472484	Label	LAB_00472484
0047249c	Label	LAB_0047249c
004724bc	Label	LAB_004724bc
004724cc	Label	LAB_004724cc
004724dc	Label	LAB_004724dc
004724f0	Label	LAB_004724f0
00472510	Function	FUN_00472510
00472598	Label	LAB_00472598
004725a8	Label	LAB_004725a8
004725b8	Label	LAB_004725b8
004725dc	Label	LAB_004725dc
004725f0	Label	LAB_004725f0
00472604	Label	LAB_00472604
00472620	Function	FUN_00472620
00472680	Label	LAB_00472680
00472688	Label	LAB_00472688
00472704	Label	LAB_00472704
0047272c	Label	LAB_0047272c
0047296c	Label	LAB_0047296c
00472ce4	Label	LAB_00472ce4
00472e64	Label	LAB_00472e64
00472e68	Label	LAB_00472e68
00472e8c	Label	LAB_00472e8c
00472e98	Label	LAB_00472e98
00472ea8	Label	LAB_00472ea8
00472f14	Label	LAB_00472f14
00472f38	Label	LAB_00472f38
00473164	Label	LAB_00473164
004734a0	Label	LAB_004734a0
00473648	Label	LAB_00473648
00473660	Label	LAB_00473660
004736d4	Label	LAB_004736d4
004736e8	Label	LAB_004736e8
00473848	Label	LAB_00473848
00473ac4	Label	LAB_00473ac4
00473c2c	Label	LAB_00473c2c
00473ca0	Label	LAB_00473ca0
00473cbc	Label	LAB_00473cbc
00473e3c	Label	LAB_00473e3c
004740c8	Label	LAB_004740c8
0047423c	Function	FUN_0047423c
0047426c	Label	LAB_0047426c
00474278	Label	LAB_00474278
00474288	Label	LAB_00474288
00474294	Label	LAB_00474294
004742c0	Label	LAB_004742c0
004742e0	Label	LAB_004742e0
004742f4	Label	LAB_004742f4
00474304	Label	LAB_00474304
00474344	Label	LAB_00474344
0047434c	Label	LAB_0047434c
00474354	Label	LAB_00474354
00474360	Function	FUN_00474360
0047438c	Label	LAB_0047438c
004743b8	Label	LAB_004743b8
004743ec	Label	LAB_004743ec
00474408	Label	LAB_00474408
00474410	Label	switchD_004750c0::caseD_1
00474458	Label	switchD_004750c0::caseD_6
004744a0	Label	switchD_004750c0::caseD_13
004744e8	Label	switchD_004750c0::caseD_16
00474530	Label	switchD_004750c0::caseD_14
00474578	Label	switchD_004750c0::caseD_1b
004745c0	Label	switchD_004750c0::caseD_1c
00474608	Label	switchD_004750c0::caseD_1e
00474650	Label	switchD_004750c0::caseD_20
00474698	Label	switchD_004750c0::caseD_2a
004746e0	Label	switchD_004750c0::caseD_2d
00474728	Label	switchD_004750c0::caseD_2e
00474770	Label	switchD_004750c0::caseD_30
004747b8	Label	switchD_004750c0::caseD_3f
00474800	Label	switchD_004750c0::caseD_c
0047485c	Label	switchD_004750c0::caseD_10
004748b8	Label	switchD_004750c0::caseD_11
00474914	Label	switchD_004750c0::caseD_12
00474970	Label	switchD_004750c0::caseD_28
004749cc	Label	switchD_004750c0::caseD_29
00474a28	Label	switchD_004750c0::caseD_3d
00474a84	Label	switchD_004750c0::caseD_3e
00474ae0	Function	FUN_00474ae0
00474b0c	Function	FUN_00474b0c
00474b70	Label	LAB_00474b70
00474b74	Label	LAB_00474b74
00474ba4	Label	LAB_00474ba4
00474c10	Label	LAB_00474c10
00474c9c	Label	LAB_00474c9c
00474cec	Function	FUN_00474cec
00474d24	Label	LAB_00474d24
00474d3c	Label	LAB_00474d3c
00474d48	Label	LAB_00474d48
00474d68	Label	LAB_00474d68
00474d70	Label	LAB_00474d70
00474d84	Label	LAB_00474d84
00474d88	Label	LAB_00474d88
00474dac	Label	LAB_00474dac
00474ddc	Label	LAB_00474ddc
00474de4	Label	LAB_00474de4
00474dec	Label	LAB_00474dec
00474e28	Function	FUN_00474e28
00474e50	Label	LAB_00474e50
00474e64	Label	LAB_00474e64
00474e7c	Label	LAB_00474e7c
00474ecc	Label	LAB_00474ecc
00474ef0	Label	LAB_00474ef0
00474ef8	Label	LAB_00474ef8
00474f38	Label	LAB_00474f38
00474f64	Label	LAB_00474f64
00474f98	Function	FUN_00474f98
00475020	Label	switchD_00475070::caseD_2
00475020	Label	switchD_00475070::caseD_3
00475020	Label	switchD_00475070::caseD_4
00475020	Label	switchD_00475070::caseD_5
00475020	Label	switchD_00475070::caseD_6
00475020	Label	switchD_00475070::caseD_7
00475020	Label	switchD_00475070::caseD_8
00475020	Label	switchD_00475070::caseD_9
00475020	Label	switchD_00475070::caseD_a
00475020	Label	switchD_00475070::caseD_b
00475020	Label	switchD_00475070::caseD_c
00475020	Label	switchD_00475070::caseD_d
00475020	Label	switchD_00475070::caseD_e
00475020	Label	switchD_00475070::caseD_f
00475020	Label	switchD_00475070::caseD_12
00475020	Label	switchD_00475070::caseD_13
00475020	Label	switchD_00475070::caseD_14
00475020	Label	switchD_00475070::caseD_15
00475020	Label	switchD_00475070::caseD_16
00475020	Label	switchD_00475070::caseD_17
00475020	Label	switchD_00475070::caseD_18
00475020	Label	switchD_00475070::caseD_19
00475020	Label	switchD_00475070::caseD_1a
00475020	Label	switchD_00475070::caseD_1b
00475020	Label	switchD_00475070::caseD_1c
00475020	Label	switchD_00475070::caseD_1d
00475020	Label	switchD_00475070::caseD_1e
00475020	Label	switchD_00475070::caseD_1f
00475020	Label	switchD_004750c0::caseD_2
00475020	Label	switchD_004750c0::caseD_3
00475020	Label	switchD_004750c0::caseD_4
00475020	Label	switchD_004750c0::caseD_5
00475020	Label	switchD_004750c0::caseD_7
00475020	Label	switchD_004750c0::caseD_8
00475020	Label	switchD_004750c0::caseD_9
00475020	Label	switchD_004750c0::caseD_a
00475020	Label	switchD_004750c0::caseD_b
00475020	Label	switchD_004750c0::caseD_d
00475020	Label	switchD_004750c0::caseD_e
00475020	Label	switchD_004750c0::caseD_f
00475020	Label	switchD_004750c0::caseD_15
00475020	Label	switchD_004750c0::caseD_17
00475020	Label	switchD_004750c0::caseD_18
00475020	Label	switchD_004750c0::caseD_19
00475020	Label	switchD_004750c0::caseD_1a
00475020	Label	switchD_004750c0::caseD_1d
00475020	Label	switchD_004750c0::caseD_1f
00475020	Label	switchD_004750c0::caseD_21
00475020	Label	switchD_004750c0::caseD_22
00475020	Label	switchD_004750c0::caseD_23
00475020	Label	switchD_004750c0::caseD_24
00475020	Label	switchD_004750c0::caseD_25
00475020	Label	switchD_004750c0::caseD_26
00475020	Label	switchD_004750c0::caseD_27
00475020	Label	switchD_004750c0::caseD_2b
00475020	Label	switchD_004750c0::caseD_2c
00475020	Label	switchD_004750c0::caseD_2f
00475020	Label	switchD_004750c0::caseD_31
00475020	Label	switchD_004750c0::caseD_32
00475020	Label	switchD_004750c0::caseD_33
00475020	Label	switchD_004750c0::caseD_34
00475020	Label	switchD_004750c0::caseD_35
00475020	Label	switchD_004750c0::caseD_36
00475020	Label	switchD_004750c0::caseD_37
00475020	Label	switchD_004750c0::caseD_38
00475020	Label	switchD_004750c0::caseD_39
00475020	Label	switchD_004750c0::caseD_3a
00475020	Label	switchD_004750c0::caseD_3b
00475020	Label	switchD_004750c0::caseD_3c
00475020	Label	switchD_00475048::caseD_1
00475020	Label	switchD_00475048::caseD_5
00475020	Label	switchD_00475048::caseD_a
00475020	Label	switchD_00475048::caseD_b
00475020	Label	switchD_00475048::caseD_e
00475020	Label	switchD_00475048::caseD_f
00475020	Label	switchD_00475048::caseD_14
00475020	Label	switchD_00475048::caseD_15
00475020	Label	switchD_00475048::caseD_16
00475020	Label	switchD_00475048::caseD_17
00475020	Label	switchD_00475048::caseD_1c
00475020	Label	switchD_00475048::caseD_1d
00475020	Label	switchD_00475048::caseD_1e
00475020	Label	switchD_00475048::caseD_1f
00475020	Label	switchD_00475048::caseD_28
00475020	Label	switchD_00475048::caseD_29
00475020	Label	switchD_00475048::caseD_2c
00475020	Label	switchD_00475048::caseD_2d
00475020	Label	switchD_00475048::caseD_2e
00475020	Label	switchD_00475048::caseD_2f
00475020	Label	switchD_00475048::caseD_30
00475020	Label	switchD_00475048::caseD_31
00475020	Label	switchD_00475048::caseD_32
00475020	Label	switchD_00475048::caseD_33
00475020	Label	switchD_00475048::caseD_34
00475020	Label	switchD_00475048::caseD_35
00475020	Label	switchD_00475048::caseD_36
00475020	Label	switchD_00475048::caseD_37
00475020	Label	switchD_00475048::caseD_38
00475020	Label	switchD_00475048::caseD_39
00475020	Label	switchD_00475048::caseD_3a
00475020	Label	switchD_00475048::caseD_3b
00475020	Label	switchD_00475048::caseD_3c
00475020	Label	switchD_00475048::caseD_3d
00475020	Label	switchD_00475048::caseD_3e
00475020	Label	switchD_00475048::caseD_3f
00475028	Label	LAB_00475028
00475048	Label	switchD_00475048::switchD
00475050	Label	LAB_00475050
00475070	Label	switchD_00475070::switchD
00475078	Label	LAB_00475078
004750a0	Label	LAB_004750a0
004750c0	Label	switchD_004750c0::switchD
004750c8	Label	switchD_004750c0::caseD_0
004750f0	Function	FUN_004750f0
00475160	Label	LAB_00475160
0047518c	Label	LAB_0047518c
00475194	Label	LAB_00475194
004751a8	Label	LAB_004751a8
004751f4	Function	FUN_004751f4
00475260	Label	LAB_00475260
004752a0	Label	LAB_004752a0
004752a8	Label	LAB_004752a8
004752bc	Label	LAB_004752bc
004752e0	Label	LAB_004752e0
004752e8	Label	LAB_004752e8
00475334	Function	FUN_00475334
004753a0	Label	LAB_004753a0
004753cc	Label	LAB_004753cc
004753d4	Label	LAB_004753d4
004753e8	Label	LAB_004753e8
0047540c	Label	LAB_0047540c
00475414	Label	LAB_00475414
00475460	Function	FUN_00475460
004754c0	Label	LAB_004754c0
00475500	Label	LAB_00475500
00475524	Label	LAB_00475524
00475538	Label	LAB_00475538
00475550	Label	LAB_00475550
00475584	Function	FUN_00475584
004755ec	Label	LAB_004755ec
00475604	Label	LAB_00475604
0047561c	Label	LAB_0047561c
0047564c	Label	LAB_0047564c
004756a4	Label	LAB_004756a4
004756d4	Label	LAB_004756d4
004756e8	Label	LAB_004756e8
004756f0	Label	LAB_004756f0
00475718	Label	LAB_00475718
004757ac	Label	LAB_004757ac
004757b0	Label	LAB_004757b0
004757d8	Label	LAB_004757d8
004757dc	Label	LAB_004757dc
004757ec	Label	LAB_004757ec
00475850	Label	LAB_00475850
00475874	Label	LAB_00475874
00475878	Label	LAB_00475878
00475894	Label	LAB_00475894
004758f4	Label	LAB_004758f4
0047592c	Label	LAB_0047592c
00475980	Label	LAB_00475980
004759ac	Label	LAB_004759ac
004759b4	Label	LAB_004759b4
004759e0	Label	LAB_004759e0
00475b30	Label	LAB_00475b30
00475b64	Label	LAB_00475b64
00475b6c	Label	LAB_00475b6c
00475b8c	Label	LAB_00475b8c
00475bb0	Label	LAB_00475bb0
00475bb8	Label	LAB_00475bb8
00475bc0	Label	LAB_00475bc0
00475bd0	Label	LAB_00475bd0
00475c04	Label	LAB_00475c04
00475c18	Label	LAB_00475c18
00475c30	Label	LAB_00475c30
00475c40	Function	FUN_00475c40
00475c58	Function	FUN_00475c58
00475c84	Function	FUN_00475c84
00475cb0	Label	LAB_00475cb0
00475cb8	Function	FUN_00475cb8
00475cfc	Label	LAB_00475cfc
00475d08	Label	LAB_00475d08
00475d48	Label	LAB_00475d48
00475d50	Label	LAB_00475d50
00475d6c	Label	LAB_00475d6c
00475db0	Label	LAB_00475db0
00475db4	Label	LAB_00475db4
00475dd4	Label	LAB_00475dd4
00475dec	Label	LAB_00475dec
00475df8	Label	LAB_00475df8
00475e04	Label	LAB_00475e04
00475e14	Label	LAB_00475e14
00475e38	Label	LAB_00475e38
00475e40	Label	LAB_00475e40
00475e50	Label	LAB_00475e50
00475e5c	Label	LAB_00475e5c
00475e64	Label	LAB_00475e64
00475e70	Label	LAB_00475e70
00475e80	Function	FUN_00475e80
00475ec8	Label	LAB_00475ec8
00475ed0	Label	LAB_00475ed0
00475ed8	Label	switchD_00475048::caseD_d
00475ee0	Function	FUN_00475ee0
00475efc	Label	switchD_00475efc::switchD
00475f04	Label	switchD_00475efc::caseD_1c
00475f04	Label	switchD_00475efc::caseD_1d
00476004	Label	switchD_00475efc::caseD_f
0047602c	Label	switchD_00475efc::caseD_7
0047602c	Label	switchD_00475efc::caseD_10
0047602c	Label	switchD_00475efc::caseD_11
0047602c	Label	switchD_00475efc::caseD_12
0047602c	Label	switchD_00475efc::caseD_13
0047605c	Label	switchD_00475efc::caseD_1
0047605c	Label	switchD_00475efc::caseD_3
0047605c	Label	switchD_00475efc::caseD_5
0047605c	Label	switchD_00475efc::caseD_8
0047605c	Label	switchD_00475efc::caseD_9
0047605c	Label	switchD_00475efc::caseD_a
0047605c	Label	switchD_00475efc::caseD_b
0047608c	Label	switchD_00475efc::caseD_0
0047608c	Label	switchD_00475efc::caseD_2
0047608c	Label	switchD_00475efc::caseD_4
0047608c	Label	switchD_00475efc::caseD_6
0047608c	Label	switchD_00475efc::caseD_c
0047608c	Label	switchD_00475efc::caseD_d
0047608c	Label	switchD_00475efc::caseD_e
0047608c	Label	switchD_00475efc::caseD_14
0047608c	Label	switchD_00475efc::caseD_15
0047608c	Label	switchD_00475efc::caseD_16
0047608c	Label	switchD_00475efc::caseD_17
0047608c	Label	switchD_00475efc::caseD_18
0047608c	Label	switchD_00475efc::caseD_19
0047608c	Label	switchD_00475efc::caseD_1a
0047608c	Label	switchD_00475efc::caseD_1b
004760bc	Function	FUN_004760bc
00476118	Label	LAB_00476118
00476164	Label	LAB_00476164
0047616c	Label	LAB_0047616c
00476178	Label	LAB_00476178
004761a4	Label	LAB_004761a4
004761c0	Label	LAB_004761c0
004761e8	Label	LAB_004761e8
004761f8	Label	LAB_004761f8
004761fc	Label	LAB_004761fc
00476204	Label	LAB_00476204
0047620c	Label	LAB_0047620c
00476220	Label	LAB_00476220
0047622c	Label	LAB_0047622c
00476248	Label	LAB_00476248
00476274	Function	FUN_00476274
004762e8	Label	LAB_004762e8
00476308	Label	LAB_00476308
0047635c	Label	LAB_0047635c
0047637c	Label	LAB_0047637c
004763f0	Label	LAB_004763f0
004763f4	Label	LAB_004763f4
00476410	Label	LAB_00476410
00476420	Label	LAB_00476420
004764b0	Function	FUN_004764b0
0047650c	Label	LAB_0047650c
00476528	Label	LAB_00476528
00476548	Label	LAB_00476548
0047659c	Label	LAB_0047659c
004765bc	Label	LAB_004765bc
0047665c	Label	LAB_0047665c
004766d0	Label	LAB_004766d0
004766dc	Label	LAB_004766dc
004766e4	Label	LAB_004766e4
004766ec	Label	LAB_004766ec
00476738	Label	LAB_00476738
00476770	Label	LAB_00476770
0047678c	Label	LAB_0047678c
004767a8	Label	LAB_004767a8
004767c4	Label	LAB_004767c4
004767e0	Label	LAB_004767e0
004767fc	Label	LAB_004767fc
00476818	Label	LAB_00476818
00476840	Label	LAB_00476840
00476888	Label	LAB_00476888
004768a4	Function	FUN_004768a4
00476904	Label	LAB_00476904
00476928	Label	LAB_00476928
00476968	Label	LAB_00476968
0047698c	Label	LAB_0047698c
004769c4	Label	LAB_004769c4
00476a58	Label	LAB_00476a58
00476a5c	Label	LAB_00476a5c
00476a74	Label	LAB_00476a74
00476aa8	Label	LAB_00476aa8
00476ad4	Label	LAB_00476ad4
00476ae4	Label	LAB_00476ae4
00476af8	Function	FUN_00476af8
00476b80	Label	LAB_00476b80
00476bb4	Label	LAB_00476bb4
00476bc8	Label	LAB_00476bc8
00476bf4	Label	LAB_00476bf4
00476c20	Label	LAB_00476c20
00476c78	Label	LAB_00476c78
00476ca0	Label	LAB_00476ca0
00476cfc	Label	LAB_00476cfc
00476d40	Label	LAB_00476d40
00476d6c	Label	LAB_00476d6c
00476db4	Label	LAB_00476db4
00476dcc	Label	LAB_00476dcc
00476de0	Label	LAB_00476de0
00476dec	Label	LAB_00476dec
00476e0c	Label	switchD_00475048::caseD_11
00476e6c	Label	LAB_00476e6c
00476eb0	Label	LAB_00476eb0
00476ec0	Label	LAB_00476ec0
00476edc	Label	LAB_00476edc
00476eec	Label	switchD_00475048::caseD_13
00476f4c	Label	LAB_00476f4c
00476f90	Label	LAB_00476f90
00476fa0	Label	LAB_00476fa0
00476fbc	Label	LAB_00476fbc
00476fcc	Label	LAB_00476fcc
00477028	Label	LAB_00477028
00477048	Label	LAB_00477048
00477078	Label	LAB_00477078
00477080	Label	LAB_00477080
00477090	Label	LAB_00477090
004770c4	Label	LAB_004770c4
004770f8	Label	LAB_004770f8
00477130	Label	LAB_00477130
004771cc	Label	LAB_004771cc
0047722c	Label	LAB_0047722c
0047725c	Label	LAB_0047725c
00477270	Label	LAB_00477270
0047728c	Label	LAB_0047728c
004772a4	Label	LAB_004772a4
004772cc	Label	LAB_004772cc
004772d0	Label	LAB_004772d0
004772e0	Label	LAB_004772e0
00477328	Label	LAB_00477328
00477374	Label	LAB_00477374
004773a4	Label	LAB_004773a4
004773c0	Label	LAB_004773c0
004773d4	Label	LAB_004773d4
00477410	Label	LAB_00477410
0047745c	Label	LAB_0047745c
0047747c	Label	LAB_0047747c
0047748c	Label	LAB_0047748c
004774b4	Label	LAB_004774b4
004774b8	Label	LAB_004774b8
004774d0	Label	LAB_004774d0
0047755c	Label	LAB_0047755c
00477560	Label	LAB_00477560
00477574	Label	LAB_00477574
004775a4	Label	LAB_004775a4
004775b8	Label	LAB_004775b8
004775d0	Label	LAB_004775d0
00477608	Label	LAB_00477608
00477620	Label	LAB_00477620
00477638	Label	switchD_00475048::caseD_12
00477670	Label	LAB_00477670
00477674	Label	LAB_00477674
00477684	Label	LAB_00477684
004776d0	Label	LAB_004776d0
0047770c	Label	LAB_0047770c
0047773c	Label	LAB_0047773c
00477744	Label	LAB_00477744
00477758	Label	switchD_00475048::caseD_10
00477780	Label	LAB_00477780
00477784	Label	LAB_00477784
00477794	Label	LAB_00477794
004777e0	Label	LAB_004777e0
0047781c	Label	LAB_0047781c
0047784c	Label	LAB_0047784c
00477868	Label	LAB_00477868
0047787c	Function	FUN_0047787c
00477d90	Label	LAB_00477d90
00477e10	Label	LAB_00477e10
00477e30	Label	LAB_00477e30
00477e44	Label	LAB_00477e44
00477e74	Label	LAB_00477e74
00477e8c	Label	LAB_00477e8c
00477e98	Label	LAB_00477e98
00477ea4	Label	LAB_00477ea4
00477ed0	Label	LAB_00477ed0
00477ed4	Label	LAB_00477ed4
00477eec	Label	LAB_00477eec
00477f24	Label	LAB_00477f24
00477f2c	Label	LAB_00477f2c
00477f48	Label	LAB_00477f48
00477f74	Label	LAB_00477f74
00477fac	Label	LAB_00477fac
00477ff4	Label	LAB_00477ff4
00478024	Label	LAB_00478024
00478028	Label	LAB_00478028
00478064	Label	LAB_00478064
0047808c	Label	LAB_0047808c
004780a4	Label	LAB_004780a4
004780b0	Label	LAB_004780b0
004780c0	Label	LAB_004780c0
004780d8	Label	LAB_004780d8
004780ec	Label	LAB_004780ec
004780f0	Label	LAB_004780f0
00478110	Label	LAB_00478110
0047811c	Label	LAB_0047811c
00478134	Label	LAB_00478134
00478140	Label	LAB_00478140
00478150	Label	LAB_00478150
0047815c	Label	LAB_0047815c
00478168	Label	LAB_00478168
00478254	Label	LAB_00478254
0047826c	Label	LAB_0047826c
00478288	Label	LAB_00478288
00478294	Label	LAB_00478294
004782ac	Label	LAB_004782ac
004782b4	Label	LAB_004782b4
004782c4	Label	LAB_004782c4
004782dc	Label	LAB_004782dc
00478300	Label	LAB_00478300
00478364	Label	LAB_00478364
00478368	Label	LAB_00478368
0047836c	Label	LAB_0047836c
00478374	Label	LAB_00478374
0047837c	Label	LAB_0047837c
00478384	Label	LAB_00478384
0047842c	Label	LAB_0047842c
00478444	Label	LAB_00478444
00478520	Label	LAB_00478520
00478550	Label	LAB_00478550
0047856c	Label	LAB_0047856c
00478584	Label	LAB_00478584
004785a0	Label	LAB_004785a0
004785c8	Label	LAB_004785c8
00478634	Label	LAB_00478634
0047868c	Label	LAB_0047868c
004786bc	Label	LAB_004786bc
0047873c	Label	LAB_0047873c
0047876c	Label	LAB_0047876c
004787d4	Label	LAB_004787d4
0047881c	Label	LAB_0047881c
0047888c	Label	LAB_0047888c
004788e4	Label	LAB_004788e4
00478904	Label	LAB_00478904
00478958	Label	LAB_00478958
00478970	Label	LAB_00478970
00478988	Label	LAB_00478988
004789a4	Label	LAB_004789a4
00478a14	Label	LAB_00478a14
00478a44	Label	LAB_00478a44
00478a74	Label	LAB_00478a74
00478aac	Label	LAB_00478aac
00478acc	Label	LAB_00478acc
00478b20	Label	LAB_00478b20
00478b80	Label	LAB_00478b80
00478bb0	Label	LAB_00478bb0
00478bd0	Label	LAB_00478bd0
00478bdc	Label	LAB_00478bdc
00478be4	Label	LAB_00478be4
00478c88	Label	LAB_00478c88
00478ce0	Label	LAB_00478ce0
00478d04	Label	LAB_00478d04
00478d24	Label	LAB_00478d24
00478d70	Label	LAB_00478d70
00478dc0	Label	LAB_00478dc0
00478e10	Label	LAB_00478e10
00478e54	Label	LAB_00478e54
00478ea4	Label	LAB_00478ea4
00478ed4	Label	LAB_00478ed4
00478f04	Label	LAB_00478f04
00478f20	Label	LAB_00478f20
00478fc8	Label	LAB_00478fc8
00478fe0	Label	LAB_00478fe0
00478ffc	Label	LAB_00478ffc
00479018	Label	LAB_00479018
00479034	Label	LAB_00479034
00479064	Label	LAB_00479064
00479080	Label	LAB_00479080
0047909c	Label	LAB_0047909c
004790b4	Label	LAB_004790b4
004790d4	Label	LAB_004790d4
004790f0	Label	LAB_004790f0
00479124	Label	LAB_00479124
00479158	Label	LAB_00479158
0047918c	Label	LAB_0047918c
004791bc	Label	LAB_004791bc
004791f0	Label	LAB_004791f0
00479220	Label	LAB_00479220
0047923c	Label	LAB_0047923c
00479258	Label	LAB_00479258
00479274	Label	LAB_00479274
00479294	Label	LAB_00479294
004792e0	Label	LAB_004792e0
004792f4	Label	LAB_004792f4
00479384	Label	LAB_00479384
004793e0	Label	LAB_004793e0
00479434	Label	LAB_00479434
004794b4	Label	LAB_004794b4
004794b8	Label	LAB_004794b8
004794d0	Label	LAB_004794d0
00479548	Label	LAB_00479548
00479554	Label	LAB_00479554
004795a0	Label	LAB_004795a0
004795d0	Label	LAB_004795d0
00479600	Label	LAB_00479600
0047961c	Label	LAB_0047961c
00479640	Label	LAB_00479640
00479694	Label	LAB_00479694
004796d8	Label	LAB_004796d8
00479720	Label	LAB_00479720
00479768	Label	LAB_00479768
00479788	Label	LAB_00479788
004797a8	Label	LAB_004797a8
004797d4	Label	LAB_004797d4
00479818	Label	LAB_00479818
00479860	Label	LAB_00479860
00479874	Label	LAB_00479874
00479888	Label	LAB_00479888
004798a4	Label	LAB_004798a4
004798cc	Label	LAB_004798cc
004798d0	Label	LAB_004798d0
004798e0	Label	LAB_004798e0
00479928	Label	LAB_00479928
00479974	Label	LAB_00479974
004799a4	Label	LAB_004799a4
004799c0	Label	LAB_004799c0
004799d4	Label	LAB_004799d4
004799fc	Label	LAB_004799fc
00479a00	Label	LAB_00479a00
00479a10	Label	LAB_00479a10
00479a58	Label	LAB_00479a58
00479aa4	Label	LAB_00479aa4
00479ad4	Label	LAB_00479ad4
00479af0	Label	LAB_00479af0
00479b04	Label	LAB_00479b04
00479b60	Label	LAB_00479b60
00479ba8	Label	LAB_00479ba8
00479bb0	Label	LAB_00479bb0
00479bb4	Label	LAB_00479bb4
00479bc0	Label	LAB_00479bc0
00479c38	Label	LAB_00479c38
00479c5c	Label	LAB_00479c5c
00479c90	Label	LAB_00479c90
00479d0c	Label	LAB_00479d0c
00479d34	Label	LAB_00479d34
00479d60	Label	LAB_00479d60
00479d78	Label	LAB_00479d78
00479dd8	Label	LAB_00479dd8
00479e38	Label	LAB_00479e38
00479e40	Label	LAB_00479e40
00479e44	Label	LAB_00479e44
00479e70	Label	LAB_00479e70
00479e88	Label	LAB_00479e88
00479eec	Label	LAB_00479eec
00479f24	Label	LAB_00479f24
00479f60	Label	LAB_00479f60
00479f68	Label	LAB_00479f68
00479fdc	Label	LAB_00479fdc
0047a004	Label	LAB_0047a004
0047a02c	Label	LAB_0047a02c
0047a034	Label	LAB_0047a034
0047a068	Label	LAB_0047a068
0047a088	Label	LAB_0047a088
0047a0a0	Label	LAB_0047a0a0
0047a0c4	Function	FUN_0047a0c4
0047a160	Label	LAB_0047a160
0047a198	Label	LAB_0047a198
0047a19c	Label	LAB_0047a19c
0047a1a0	Label	LAB_0047a1a0
0047a1cc	Label	LAB_0047a1cc
0047a1e8	Label	LAB_0047a1e8
0047a228	Label	LAB_0047a228
0047a230	Label	LAB_0047a230
0047a23c	Label	LAB_0047a23c
0047a2d0	Label	LAB_0047a2d0
0047a310	Label	LAB_0047a310
0047a350	Label	LAB_0047a350
0047a370	Label	LAB_0047a370
0047a380	Label	LAB_0047a380
0047a38c	Label	LAB_0047a38c
0047a3ac	Label	LAB_0047a3ac
0047a3bc	Label	LAB_0047a3bc
0047a3c0	Label	LAB_0047a3c0
0047a414	Label	LAB_0047a414
0047a474	Label	LAB_0047a474
0047a48c	Label	LAB_0047a48c
0047a494	Label	LAB_0047a494
0047a498	Label	LAB_0047a498
0047a49c	Label	LAB_0047a49c
0047a4d0	Label	LAB_0047a4d0
0047a530	Label	LAB_0047a530
0047a538	Label	LAB_0047a538
0047a540	Label	LAB_0047a540
0047a564	Label	LAB_0047a564
0047a5a8	Label	LAB_0047a5a8
0047a5d0	Label	LAB_0047a5d0
0047a5dc	Label	LAB_0047a5dc
0047a620	Label	LAB_0047a620
0047a640	Label	LAB_0047a640
0047a658	Label	LAB_0047a658
0047a66c	Label	LAB_0047a66c
0047a698	Label	LAB_0047a698
0047a6b8	Label	LAB_0047a6b8
0047a6cc	Label	LAB_0047a6cc
0047a6d0	Label	LAB_0047a6d0
0047a6e0	Label	LAB_0047a6e0
0047a6f8	Label	LAB_0047a6f8
0047a730	Label	LAB_0047a730
0047a740	Label	LAB_0047a740
0047a744	Label	LAB_0047a744
0047a764	Label	LAB_0047a764
0047a784	Label	LAB_0047a784
0047a7b4	Label	LAB_0047a7b4
0047a7e4	Label	LAB_0047a7e4
0047a800	Label	LAB_0047a800
0047a81c	Label	LAB_0047a81c
0047a83c	Label	LAB_0047a83c
0047a850	Label	LAB_0047a850
0047a858	Label	LAB_0047a858
0047a860	Label	LAB_0047a860
0047a874	Label	LAB_0047a874
0047a88c	Label	LAB_0047a88c
0047a8ac	Label	LAB_0047a8ac
0047a8cc	Label	LAB_0047a8cc
0047a904	Label	LAB_0047a904
0047a944	Label	LAB_0047a944
0047a968	Label	LAB_0047a968
0047a99c	Label	LAB_0047a99c
0047a9ac	Label	LAB_0047a9ac
0047a9d4	Label	LAB_0047a9d4
0047a9fc	Label	LAB_0047a9fc
0047aa08	Label	LAB_0047aa08
0047aa4c	Label	LAB_0047aa4c
0047aa60	Label	LAB_0047aa60
0047aa7c	Label	LAB_0047aa7c
0047aa90	Label	LAB_0047aa90
0047aacc	Label	LAB_0047aacc
0047ab00	Label	LAB_0047ab00
0047ab18	Label	LAB_0047ab18
0047ab30	Label	LAB_0047ab30
0047ab48	Label	LAB_0047ab48
0047ab58	Label	LAB_0047ab58
0047ab68	Label	LAB_0047ab68
0047ab84	Label	LAB_0047ab84
0047ab9c	Label	LAB_0047ab9c
0047abc0	Label	LAB_0047abc0
0047abc4	Label	LAB_0047abc4
0047abe0	Label	LAB_0047abe0
0047abf4	Label	switchD_00475048::caseD_8
0047ac68	Label	LAB_0047ac68
0047ac94	Label	LAB_0047ac94
0047acc0	Label	LAB_0047acc0
0047acf4	Label	LAB_0047acf4
0047ad08	Label	LAB_0047ad08
0047ad64	Label	LAB_0047ad64
0047adb4	Label	LAB_0047adb4
0047add0	Label	LAB_0047add0
0047adfc	Label	LAB_0047adfc
0047ae58	Label	LAB_0047ae58
0047ae64	Label	LAB_0047ae64
0047aeb0	Label	LAB_0047aeb0
0047aef0	Label	LAB_0047aef0
0047aefc	Label	LAB_0047aefc
0047af10	Label	LAB_0047af10
0047af74	Label	LAB_0047af74
0047afd0	Label	LAB_0047afd0
0047b02c	Label	LAB_0047b02c
0047b04c	Label	LAB_0047b04c
0047b074	Label	LAB_0047b074
0047b0a8	Label	LAB_0047b0a8
0047b0c4	Label	LAB_0047b0c4
0047b114	Label	LAB_0047b114
0047b154	Label	LAB_0047b154
0047b180	Label	LAB_0047b180
0047b1c4	Label	LAB_0047b1c4
0047b1cc	Label	LAB_0047b1cc
0047b1e0	Label	LAB_0047b1e0
0047b1f8	Label	LAB_0047b1f8
0047b210	Label	LAB_0047b210
0047b22c	Label	LAB_0047b22c
0047b25c	Label	LAB_0047b25c
0047b2a0	Label	LAB_0047b2a0
0047b2b0	Label	LAB_0047b2b0
0047b2dc	Label	LAB_0047b2dc
0047b2ec	Label	LAB_0047b2ec
0047b318	Label	LAB_0047b318
0047b364	Label	LAB_0047b364
0047b374	Label	LAB_0047b374
0047b384	Label	LAB_0047b384
0047b38c	Label	LAB_0047b38c
0047b3ac	Label	LAB_0047b3ac
0047b3b4	Function	FUN_0047b3b4
0047b450	Label	LAB_0047b450
0047b464	Label	LAB_0047b464
0047b48c	Label	LAB_0047b48c
0047b4b8	Label	LAB_0047b4b8
0047b4ec	Label	LAB_0047b4ec
0047b500	Label	LAB_0047b500
0047b50c	Label	LAB_0047b50c
0047b550	Label	LAB_0047b550
0047b588	Label	LAB_0047b588
0047b5b0	Label	LAB_0047b5b0
0047b5c0	Label	LAB_0047b5c0
0047b5f0	Label	LAB_0047b5f0
0047b62c	Label	LAB_0047b62c
0047b650	Label	LAB_0047b650
0047b678	Label	LAB_0047b678
0047b68c	Label	LAB_0047b68c
0047b6a0	Label	LAB_0047b6a0
0047b6b4	Label	LAB_0047b6b4
0047b6bc	Label	LAB_0047b6bc
0047b6e0	Function	FUN_0047b6e0
0047b77c	Label	LAB_0047b77c
0047b7a4	Label	LAB_0047b7a4
0047b7ec	Label	LAB_0047b7ec
0047b7fc	Label	LAB_0047b7fc
0047b800	Label	LAB_0047b800
0047b824	Label	LAB_0047b824
0047b868	Label	LAB_0047b868
0047b888	Label	LAB_0047b888
0047b89c	Label	LAB_0047b89c
0047b8d8	Label	LAB_0047b8d8
0047b8dc	Label	LAB_0047b8dc
0047b8f4	Label	LAB_0047b8f4
0047b928	Label	LAB_0047b928
0047b93c	Label	LAB_0047b93c
0047b944	Label	LAB_0047b944
0047b99c	Label	LAB_0047b99c
0047b9a0	Label	LAB_0047b9a0
0047b9c4	Label	LAB_0047b9c4
0047b9d8	Label	LAB_0047b9d8
0047ba28	Label	LAB_0047ba28
0047ba78	Label	LAB_0047ba78
0047ba84	Label	LAB_0047ba84
0047bac8	Label	LAB_0047bac8
0047baec	Label	LAB_0047baec
0047bb00	Label	LAB_0047bb00
0047bb24	Label	LAB_0047bb24
0047bba8	Label	LAB_0047bba8
0047bbf8	Label	LAB_0047bbf8
0047bc08	Label	LAB_0047bc08
0047bc14	Label	LAB_0047bc14
0047bc2c	Label	LAB_0047bc2c
0047bc48	Label	LAB_0047bc48
0047bc78	Label	LAB_0047bc78
0047bc88	Label	LAB_0047bc88
0047bc94	Label	LAB_0047bc94
0047bcac	Label	LAB_0047bcac
0047bcc0	Label	LAB_0047bcc0
0047bcd4	Label	LAB_0047bcd4
0047bcf4	Label	LAB_0047bcf4
0047bd08	Label	LAB_0047bd08
0047bd10	Label	LAB_0047bd10
0047bd4c	Label	LAB_0047bd4c
0047bd78	Label	LAB_0047bd78
0047bd8c	Label	LAB_0047bd8c
0047bdc4	Label	LAB_0047bdc4
0047bdd4	Label	LAB_0047bdd4
0047be04	Label	LAB_0047be04
0047be34	Label	LAB_0047be34
0047be68	Label	LAB_0047be68
0047be7c	Label	LAB_0047be7c
0047bea0	Label	LAB_0047bea0
0047bed0	Label	LAB_0047bed0
0047bedc	Label	LAB_0047bedc
0047bf5c	Label	LAB_0047bf5c
0047bfb8	Label	LAB_0047bfb8
0047bfdc	Label	LAB_0047bfdc
0047c008	Label	LAB_0047c008
0047c030	Label	LAB_0047c030
0047c048	Label	LAB_0047c048
0047c05c	Label	LAB_0047c05c
0047c07c	Label	LAB_0047c07c
0047c084	Label	switchD_00475048::caseD_c
0047c0b4	Label	LAB_0047c0b4
0047c0e4	Label	LAB_0047c0e4
0047c118	Label	LAB_0047c118
0047c12c	Label	LAB_0047c12c
0047c154	Label	LAB_0047c154
0047c1a4	Label	LAB_0047c1a4
0047c1ac	Label	LAB_0047c1ac
0047c1bc	Label	LAB_0047c1bc
0047c1dc	Label	LAB_0047c1dc
0047c240	Label	LAB_0047c240
0047c2a0	Label	LAB_0047c2a0
0047c2c4	Label	LAB_0047c2c4
0047c2f0	Label	LAB_0047c2f0
0047c318	Label	LAB_0047c318
0047c330	Label	LAB_0047c330
0047c344	Label	LAB_0047c344
0047c364	Label	LAB_0047c364
0047c36c	Label	switchD_00475048::caseD_9
0047c3f4	Label	LAB_0047c3f4
0047c448	Label	LAB_0047c448
0047c48c	Label	LAB_0047c48c
0047c4c8	Label	LAB_0047c4c8
0047c4cc	Label	LAB_0047c4cc
0047c50c	Label	LAB_0047c50c
0047c59c	Label	LAB_0047c59c
0047c5bc	Label	LAB_0047c5bc
0047c5e4	Label	LAB_0047c5e4
0047c618	Label	LAB_0047c618
0047c634	Label	LAB_0047c634
0047c684	Label	LAB_0047c684
0047c6c8	Label	LAB_0047c6c8
0047c6f8	Label	LAB_0047c6f8
0047c740	Label	LAB_0047c740
0047c760	Label	LAB_0047c760
0047c76c	Label	LAB_0047c76c
0047c798	Label	LAB_0047c798
0047c7a8	Label	LAB_0047c7a8
0047c7bc	Label	LAB_0047c7bc
0047c7e0	Label	LAB_0047c7e0
0047c7f0	Label	LAB_0047c7f0
0047c834	Label	LAB_0047c834
0047c860	Label	LAB_0047c860
0047c8c8	Label	LAB_0047c8c8
0047c900	Label	LAB_0047c900
0047c93c	Label	LAB_0047c93c
0047c944	Label	LAB_0047c944
0047c9b8	Label	LAB_0047c9b8
0047c9e0	Label	LAB_0047c9e0
0047ca08	Label	LAB_0047ca08
0047ca10	Label	LAB_0047ca10
0047ca38	Label	LAB_0047ca38
0047ca50	Label	LAB_0047ca50
0047ca70	Label	LAB_0047ca70
0047cab4	Label	LAB_0047cab4
0047cae0	Label	LAB_0047cae0
0047cb48	Label	LAB_0047cb48
0047cb80	Label	LAB_0047cb80
0047cbbc	Label	LAB_0047cbbc
0047cbc4	Label	LAB_0047cbc4
0047cc38	Label	LAB_0047cc38
0047cc60	Label	LAB_0047cc60
0047cc88	Label	LAB_0047cc88
0047cc90	Label	LAB_0047cc90
0047ccb8	Label	LAB_0047ccb8
0047ccd0	Label	LAB_0047ccd0
0047ccf0	Label	LAB_0047ccf0
0047cd30	Label	LAB_0047cd30
0047cd60	Label	LAB_0047cd60
0047cdcc	Label	LAB_0047cdcc
0047ce00	Label	LAB_0047ce00
0047ce3c	Label	LAB_0047ce3c
0047ce44	Label	LAB_0047ce44
0047ceb8	Label	LAB_0047ceb8
0047cee0	Label	LAB_0047cee0
0047cf30	Label	LAB_0047cf30
0047cf48	Label	LAB_0047cf48
0047cf6c	Label	LAB_0047cf6c
0047cf90	Label	LAB_0047cf90
0047cfa8	Label	LAB_0047cfa8
0047cfc4	Label	LAB_0047cfc4
0047d004	Label	LAB_0047d004
0047d034	Label	LAB_0047d034
0047d0a0	Label	LAB_0047d0a0
0047d0d4	Label	LAB_0047d0d4
0047d110	Label	LAB_0047d110
0047d118	Label	LAB_0047d118
0047d18c	Label	LAB_0047d18c
0047d1b4	Label	LAB_0047d1b4
0047d204	Label	LAB_0047d204
0047d21c	Label	LAB_0047d21c
0047d240	Label	LAB_0047d240
0047d264	Label	LAB_0047d264
0047d27c	Label	LAB_0047d27c
0047d298	Label	LAB_0047d298
0047d2f8	Label	LAB_0047d2f8
0047d300	Label	LAB_0047d300
0047d304	Label	LAB_0047d304
0047d330	Label	LAB_0047d330
0047d348	Label	LAB_0047d348
0047d3ac	Label	LAB_0047d3ac
0047d3e4	Label	LAB_0047d3e4
0047d420	Label	LAB_0047d420
0047d428	Label	LAB_0047d428
0047d49c	Label	LAB_0047d49c
0047d4c4	Label	LAB_0047d4c4
0047d4ec	Label	LAB_0047d4ec
0047d514	Label	LAB_0047d514
0047d51c	Label	LAB_0047d51c
0047d534	Label	LAB_0047d534
0047d554	Label	LAB_0047d554
0047d5b4	Label	LAB_0047d5b4
0047d5bc	Label	LAB_0047d5bc
0047d5c0	Label	LAB_0047d5c0
0047d5ec	Label	LAB_0047d5ec
0047d604	Label	LAB_0047d604
0047d668	Label	LAB_0047d668
0047d69c	Label	LAB_0047d69c
0047d6d8	Label	LAB_0047d6d8
0047d6e0	Label	LAB_0047d6e0
0047d754	Label	LAB_0047d754
0047d778	Label	LAB_0047d778
0047d7a0	Label	LAB_0047d7a0
0047d7f0	Label	LAB_0047d7f0
0047d808	Label	LAB_0047d808
0047d82c	Label	LAB_0047d82c
0047d848	Label	LAB_0047d848
0047d860	Label	LAB_0047d860
0047d8d0	Label	LAB_0047d8d0
0047d8dc	Label	LAB_0047d8dc
0047d91c	Label	LAB_0047d91c
0047d978	Label	LAB_0047d978
0047d988	Label	LAB_0047d988
0047d990	Label	LAB_0047d990
0047d9d8	Label	LAB_0047d9d8
0047d9dc	Label	LAB_0047d9dc
0047d9e8	Label	LAB_0047d9e8
0047da48	Label	LAB_0047da48
0047da50	Label	LAB_0047da50
0047da88	Label	LAB_0047da88
0047da98	Label	LAB_0047da98
0047dac4	Label	LAB_0047dac4
0047dacc	Label	LAB_0047dacc
0047daf0	Label	LAB_0047daf0
0047db1c	Label	LAB_0047db1c
0047db20	Label	LAB_0047db20
0047db5c	Label	LAB_0047db5c
0047dbc0	Label	LAB_0047dbc0
0047dbc8	Label	LAB_0047dbc8
0047dbd4	Label	LAB_0047dbd4
0047dbd8	Label	LAB_0047dbd8
0047dc58	Label	LAB_0047dc58
0047dc64	Label	LAB_0047dc64
0047dcc0	Label	LAB_0047dcc0
0047dd0c	Label	LAB_0047dd0c
0047dd24	Label	LAB_0047dd24
0047dd2c	Label	LAB_0047dd2c
0047dd38	Label	LAB_0047dd38
0047dd64	Label	LAB_0047dd64
0047dd74	Label	LAB_0047dd74
0047ddbc	Label	LAB_0047ddbc
0047ddc8	Label	LAB_0047ddc8
0047de14	Label	LAB_0047de14
0047de3c	Label	LAB_0047de3c
0047de58	Label	LAB_0047de58
0047de70	Label	LAB_0047de70
0047de74	Label	LAB_0047de74
0047dea8	Label	LAB_0047dea8
0047deb8	Label	LAB_0047deb8
0047dec8	Label	LAB_0047dec8
0047df10	Label	LAB_0047df10
0047df30	Label	LAB_0047df30
0047df38	Label	LAB_0047df38
0047df40	Function	FUN_0047df40
0047dfac	Label	LAB_0047dfac
0047dfb4	Label	LAB_0047dfb4
0047e000	Label	LAB_0047e000
0047e018	Label	LAB_0047e018
0047e030	Label	LAB_0047e030
0047e060	Label	LAB_0047e060
0047e0b8	Label	LAB_0047e0b8
0047e0e8	Label	LAB_0047e0e8
0047e0fc	Label	LAB_0047e0fc
0047e108	Label	LAB_0047e108
0047e128	Label	LAB_0047e128
0047e188	Label	LAB_0047e188
0047e18c	Label	LAB_0047e18c
0047e19c	Label	LAB_0047e19c
0047e1b4	Label	LAB_0047e1b4
0047e1bc	Function	FUN_0047e1bc
0047e2bc	Label	LAB_0047e2bc
0047e2d8	Label	LAB_0047e2d8
0047e37c	Label	LAB_0047e37c
0047e498	Label	LAB_0047e498
0047e524	Label	LAB_0047e524
0047e530	Label	LAB_0047e530
0047e5b4	Label	LAB_0047e5b4
0047e5b8	Label	LAB_0047e5b8
0047e5d8	Label	LAB_0047e5d8
0047e5e8	Label	LAB_0047e5e8
0047e5ec	Label	LAB_0047e5ec
0047e610	Label	LAB_0047e610
0047e634	Label	LAB_0047e634
0047e66c	Label	LAB_0047e66c
0047e6a4	Label	LAB_0047e6a4
0047e6b8	Label	LAB_0047e6b8
0047e6e0	Label	LAB_0047e6e0
0047e6f8	Label	LAB_0047e6f8
0047e730	Label	LAB_0047e730
0047e7d0	Label	LAB_0047e7d0
0047e7e0	Label	LAB_0047e7e0
0047e7f4	Label	LAB_0047e7f4
0047e7f8	Label	LAB_0047e7f8
0047e818	Label	LAB_0047e818
0047e82c	Label	LAB_0047e82c
0047e844	Label	LAB_0047e844
0047e870	Label	LAB_0047e870
0047e87c	Label	LAB_0047e87c
0047e888	Label	LAB_0047e888
0047e8a0	Label	LAB_0047e8a0
0047e8a8	Label	LAB_0047e8a8
0047e8c4	Label	LAB_0047e8c4
0047e934	Label	LAB_0047e934
0047e98c	Label	LAB_0047e98c
0047e9dc	Label	LAB_0047e9dc
0047e9f8	Label	LAB_0047e9f8
0047ea50	Label	LAB_0047ea50
0047ea5c	Label	LAB_0047ea5c
0047ea60	Label	LAB_0047ea60
0047eaa0	Label	LAB_0047eaa0
0047eaa8	Label	LAB_0047eaa8
0047eb34	Label	LAB_0047eb34
0047eb70	Label	LAB_0047eb70
0047eb80	Label	LAB_0047eb80
0047eb90	Label	LAB_0047eb90
0047eba8	Label	LAB_0047eba8
0047ebc4	Label	LAB_0047ebc4
0047ebd0	Label	LAB_0047ebd0
0047ec10	Label	LAB_0047ec10
0047ec2c	Label	LAB_0047ec2c
0047ec4c	Label	LAB_0047ec4c
0047ec70	Label	LAB_0047ec70
0047ec94	Label	LAB_0047ec94
0047ecdc	Label	LAB_0047ecdc
0047ece4	Label	LAB_0047ece4
0047ed00	Label	LAB_0047ed00
0047ed14	Label	LAB_0047ed14
0047ed18	Label	LAB_0047ed18
0047edd0	Label	LAB_0047edd0
0047ee14	Label	LAB_0047ee14
0047ee34	Label	LAB_0047ee34
0047ee3c	Label	LAB_0047ee3c
0047ee54	Label	LAB_0047ee54
0047ee74	Label	LAB_0047ee74
0047ee90	Label	LAB_0047ee90
0047ee98	Label	LAB_0047ee98
0047eea0	Label	LAB_0047eea0
0047eeac	Label	LAB_0047eeac
0047eed0	Label	LAB_0047eed0
0047eed4	Label	LAB_0047eed4
0047ef34	Label	LAB_0047ef34
0047ef9c	Label	LAB_0047ef9c
0047efb0	Label	LAB_0047efb0
0047efd0	Label	LAB_0047efd0
0047efdc	Label	LAB_0047efdc
0047efe4	Label	LAB_0047efe4
0047f024	Label	LAB_0047f024
0047f044	Label	LAB_0047f044
0047f04c	Label	LAB_0047f04c
0047f06c	Label	LAB_0047f06c
0047f090	Label	LAB_0047f090
0047f0b4	Label	LAB_0047f0b4
0047f0c0	Label	LAB_0047f0c0
0047f0d8	Label	LAB_0047f0d8
0047f0e0	Label	LAB_0047f0e0
0047f0e8	Label	LAB_0047f0e8
0047f0f8	Label	LAB_0047f0f8
0047f104	Label	LAB_0047f104
0047f114	Label	LAB_0047f114
0047f13c	Label	LAB_0047f13c
0047f16c	Label	LAB_0047f16c
0047f17c	Label	LAB_0047f17c
0047f18c	Label	LAB_0047f18c
0047f1f0	Label	LAB_0047f1f0
0047f220	Label	LAB_0047f220
0047f258	Label	LAB_0047f258
0047f318	Label	LAB_0047f318
0047f33c	Label	LAB_0047f33c
0047f3a0	Label	LAB_0047f3a0
0047f3cc	Label	LAB_0047f3cc
0047f3e4	Label	LAB_0047f3e4
0047f424	Label	LAB_0047f424
0047f45c	Label	LAB_0047f45c
0047f464	Label	LAB_0047f464
0047f470	Label	LAB_0047f470
0047f4a0	Label	LAB_0047f4a0
0047f4c0	Label	LAB_0047f4c0
0047f4dc	Label	LAB_0047f4dc
0047f4e4	Label	LAB_0047f4e4
0047f53c	Label	LAB_0047f53c
0047f5a8	Label	LAB_0047f5a8
0047f5fc	Label	LAB_0047f5fc
0047f604	Label	LAB_0047f604
0047f60c	Label	LAB_0047f60c
0047f618	Label	LAB_0047f618
0047f620	Label	LAB_0047f620
0047f628	Label	switchD_00475048::caseD_0
0047f6bc	Label	LAB_0047f6bc
0047f6c4	Label	LAB_0047f6c4
0047f6d0	Label	LAB_0047f6d0
0047f6fc	Label	LAB_0047f6fc
0047f7bc	Label	LAB_0047f7bc
0047f7c4	Label	LAB_0047f7c4
0047f7fc	Label	LAB_0047f7fc
0047f800	Label	LAB_0047f800
0047f80c	Label	LAB_0047f80c
0047f834	Label	LAB_0047f834
0047f874	Label	LAB_0047f874
0047f87c	Label	LAB_0047f87c
0047f8ec	Label	LAB_0047f8ec
0047f904	Label	LAB_0047f904
0047f920	Label	LAB_0047f920
0047f930	Label	LAB_0047f930
0047f944	Label	LAB_0047f944
0047f990	Label	LAB_0047f990
0047f9c8	Label	LAB_0047f9c8
0047f9ec	Label	LAB_0047f9ec
0047f9f4	Label	LAB_0047f9f4
0047f9fc	Label	LAB_0047f9fc
0047fa3c	Label	LAB_0047fa3c
0047fa44	Label	LAB_0047fa44
0047fa64	Label	LAB_0047fa64
0047fa84	Label	LAB_0047fa84
0047fab0	Label	LAB_0047fab0
0047fac0	Label	LAB_0047fac0
0047fad0	Label	LAB_0047fad0
0047fae8	Label	switchD_00475048::caseD_2
0047fc40	Label	LAB_0047fc40
0047fc48	Label	LAB_0047fc48
0047fc7c	Label	LAB_0047fc7c
0047fc80	Label	LAB_0047fc80
0047fc84	Label	LAB_0047fc84
0047fc90	Label	LAB_0047fc90
0047fcbc	Label	LAB_0047fcbc
0047fce4	Label	LAB_0047fce4
0047fd28	Label	LAB_0047fd28
0047fd30	Label	LAB_0047fd30
0047fda0	Label	LAB_0047fda0
0047fe0c	Label	LAB_0047fe0c
0047fe6c	Label	LAB_0047fe6c
0047fe74	Label	LAB_0047fe74
0047fe7c	Label	LAB_0047fe7c
0047feb4	Label	LAB_0047feb4
0047feb8	Label	LAB_0047feb8
0047fec4	Label	LAB_0047fec4
0047fedc	Label	LAB_0047fedc
0047feec	Label	LAB_0047feec
0047ff00	Label	LAB_0047ff00
0047ff20	Label	LAB_0047ff20
0047ff40	Label	LAB_0047ff40
0047ff50	Label	LAB_0047ff50
0047ff60	Label	LAB_0047ff60
0047ff78	Label	LAB_0047ff78
0047ff9c	Label	switchD_00475048::caseD_3
00480000	Label	LAB_00480000
00480030	Label	LAB_00480030
00480034	Label	LAB_00480034
00480038	Label	LAB_00480038
00480044	Label	LAB_00480044
00480070	Label	LAB_00480070
00480130	Label	LAB_00480130
00480138	Label	LAB_00480138
00480168	Label	LAB_00480168
0048016c	Label	LAB_0048016c
00480178	Label	LAB_00480178
004801a0	Label	LAB_004801a0
004801e4	Label	LAB_004801e4
004801ec	Label	LAB_004801ec
0048025c	Label	LAB_0048025c
00480274	Label	LAB_00480274
00480284	Label	LAB_00480284
00480298	Label	LAB_00480298
004802b0	Label	LAB_004802b0
004802d4	Function	FUN_004802d4
00480324	Label	LAB_00480324
00480330	Label	LAB_00480330
00480338	Label	LAB_00480338
00480340	Label	LAB_00480340
00480370	Label	LAB_00480370
004803c0	Label	LAB_004803c0
004803cc	Label	LAB_004803cc
004803d4	Label	LAB_004803d4
004803d8	Label	LAB_004803d8
0048043c	Label	LAB_0048043c
00480440	Label	LAB_00480440
0048044c	Label	LAB_0048044c
00480450	Label	LAB_00480450
00480480	Label	LAB_00480480
00480490	Label	LAB_00480490
004804d4	Label	LAB_004804d4
00480520	Label	LAB_00480520
00480538	Label	LAB_00480538
00480590	Label	LAB_00480590
004805b4	Label	LAB_004805b4
004805cc	Label	LAB_004805cc
004805fc	Label	LAB_004805fc
00480608	Label	LAB_00480608
00480654	Label	LAB_00480654
00480668	Label	LAB_00480668
0048068c	Label	LAB_0048068c
004806a8	Label	LAB_004806a8
004806d8	Label	LAB_004806d8
0048071c	Label	LAB_0048071c
0048077c	Label	LAB_0048077c
004807b0	Label	LAB_004807b0
004807c8	Label	LAB_004807c8
004807d8	Label	LAB_004807d8
00480808	Label	LAB_00480808
0048086c	Label	LAB_0048086c
00480870	Label	LAB_00480870
00480874	Label	LAB_00480874
00480880	Label	LAB_00480880
00480894	Label	LAB_00480894
004808a8	Label	LAB_004808a8
004808c0	Label	LAB_004808c0
004808c8	Label	LAB_004808c8
004808d0	Label	LAB_004808d0
004808f4	Label	LAB_004808f4
00480908	Label	LAB_00480908
0048096c	Label	LAB_0048096c
00480970	Label	LAB_00480970
0048097c	Label	LAB_0048097c
00480990	Label	LAB_00480990
0048099c	Label	LAB_0048099c
004809b4	Label	LAB_004809b4
004809cc	Label	LAB_004809cc
004809e4	Label	LAB_004809e4
004809f4	Label	LAB_004809f4
004809fc	Label	LAB_004809fc
00480a04	Label	LAB_00480a04
00480a4c	Label	LAB_00480a4c
00480aa8	Label	LAB_00480aa8
00480ad8	Label	LAB_00480ad8
00480ae0	Label	LAB_00480ae0
00480aec	Label	LAB_00480aec
00480afc	Label	LAB_00480afc
00480b38	Label	LAB_00480b38
00480b48	Label	LAB_00480b48
00480b50	Label	LAB_00480b50
00480b60	Label	LAB_00480b60
00480b70	Label	LAB_00480b70
00480b80	Label	LAB_00480b80
00480ba8	Label	LAB_00480ba8
00480bb4	Label	LAB_00480bb4
00480bbc	Label	LAB_00480bbc
00480bcc	Label	LAB_00480bcc
00480bd8	Label	LAB_00480bd8
00480bf0	Label	LAB_00480bf0
00480bfc	Label	LAB_00480bfc
00480c0c	Label	switchD_00475048::caseD_19
00480c68	Label	LAB_00480c68
00480c88	Label	LAB_00480c88
00480ca4	Label	LAB_00480ca4
00480cd0	Label	LAB_00480cd0
00480cf8	Label	LAB_00480cf8
00480d30	Label	LAB_00480d30
00480d98	Label	LAB_00480d98
00480d9c	Label	LAB_00480d9c
00480db0	Label	LAB_00480db0
00480dc4	Label	LAB_00480dc4
00480dd4	Label	LAB_00480dd4
00480de8	Label	LAB_00480de8
00480dec	Label	LAB_00480dec
00480e00	Label	LAB_00480e00
00480e04	Label	LAB_00480e04
00480e44	Label	LAB_00480e44
00480eb0	Label	LAB_00480eb0
00480ec8	Label	LAB_00480ec8
00480ed8	Label	LAB_00480ed8
00480ee8	Label	LAB_00480ee8
00480efc	Label	LAB_00480efc
00480f50	Label	LAB_00480f50
00480f70	Label	LAB_00480f70
00480f88	Label	LAB_00480f88
00480fc0	Label	LAB_00480fc0
00480fe0	Label	LAB_00480fe0
00480fe8	Label	switchD_00475048::caseD_18
00481048	Label	LAB_00481048
00481068	Label	LAB_00481068
004810c0	Label	LAB_004810c0
00481100	Label	LAB_00481100
0048113c	Label	LAB_0048113c
00481188	Label	LAB_00481188
0048118c	Label	LAB_0048118c
004811a4	Label	LAB_004811a4
004811d4	Label	LAB_004811d4
004811e4	Label	LAB_004811e4
004811fc	Label	LAB_004811fc
00481204	Label	LAB_00481204
00481208	Label	LAB_00481208
0048121c	Label	LAB_0048121c
00481288	Label	LAB_00481288
004812a4	Label	LAB_004812a4
004812b0	Label	LAB_004812b0
004812bc	Label	LAB_004812bc
004812e8	Label	LAB_004812e8
004812fc	Label	LAB_004812fc
00481308	Label	LAB_00481308
00481328	Label	LAB_00481328
00481350	Label	LAB_00481350
00481364	Label	LAB_00481364
0048138c	Label	LAB_0048138c
0048139c	Label	LAB_0048139c
004813f0	Label	LAB_004813f0
00481410	Label	LAB_00481410
00481428	Label	LAB_00481428
00481460	Function	FUN_00481460
004814c4	Label	LAB_004814c4
004814d8	Label	LAB_004814d8
0048158c	Label	LAB_0048158c
0048159c	Label	LAB_0048159c
004815b4	Label	LAB_004815b4
004815e0	Label	LAB_004815e0
004815ec	Label	LAB_004815ec
00481600	Label	LAB_00481600
00481614	Label	LAB_00481614
00481624	Label	LAB_00481624
00481638	Label	LAB_00481638
0048163c	Label	LAB_0048163c
0048165c	Label	LAB_0048165c
00481688	Label	LAB_00481688
004816bc	Label	LAB_004816bc
004816d0	Label	LAB_004816d0
004816dc	Label	LAB_004816dc
00481734	Label	LAB_00481734
004817ec	Label	LAB_004817ec
00481834	Label	LAB_00481834
00481854	Label	LAB_00481854
0048186c	Label	LAB_0048186c
0048187c	Label	LAB_0048187c
00481888	Label	LAB_00481888
004818dc	Label	LAB_004818dc
004818ec	Label	LAB_004818ec
0048193c	Label	LAB_0048193c
0048199c	Label	LAB_0048199c
004819b0	Label	LAB_004819b0
004819c4	Label	LAB_004819c4
00481a28	Label	LAB_00481a28
00481a30	Label	LAB_00481a30
00481a5c	Function	FUN_00481a5c
00481a9c	Label	LAB_00481a9c
00481af4	Label	LAB_00481af4
00481b10	Label	LAB_00481b10
00481b1c	Label	LAB_00481b1c
00481b34	Label	LAB_00481b34
00481b54	Label	LAB_00481b54
00481b70	Label	LAB_00481b70
00481b90	Label	LAB_00481b90
00481bb0	Label	LAB_00481bb0
00481be0	Label	LAB_00481be0
00481c04	Label	LAB_00481c04
00481c48	Label	LAB_00481c48
00481c50	Label	LAB_00481c50
00481c5c	Label	LAB_00481c5c
00481c90	Label	LAB_00481c90
00481cb4	Label	LAB_00481cb4
00481cd8	Label	LAB_00481cd8
00481cf0	Label	LAB_00481cf0
00481d20	Label	LAB_00481d20
00481d30	Label	LAB_00481d30
00481d48	Label	LAB_00481d48
00481d54	Label	LAB_00481d54
00481d7c	Label	LAB_00481d7c
00481d84	Label	LAB_00481d84
00481db4	Label	LAB_00481db4
00481dd8	Label	LAB_00481dd8
00481e04	Label	LAB_00481e04
00481e20	Label	LAB_00481e20
00481e28	Label	LAB_00481e28
00481e48	Label	LAB_00481e48
00481ea4	Label	LAB_00481ea4
00481eac	Label	LAB_00481eac
00481ebc	Label	LAB_00481ebc
00481ecc	Label	LAB_00481ecc
00481f00	Label	LAB_00481f00
00481f48	Label	LAB_00481f48
00481f74	Label	LAB_00481f74
00481f8c	Label	LAB_00481f8c
00482038	Label	LAB_00482038
00482044	Label	LAB_00482044
0048206c	Label	LAB_0048206c
00482098	Label	LAB_00482098
004820bc	Label	LAB_004820bc
004820d0	Label	LAB_004820d0
004820f0	Label	LAB_004820f0
00482110	Label	LAB_00482110
00482118	Label	LAB_00482118
00482144	Label	LAB_00482144
00482148	Label	LAB_00482148
00482178	Label	LAB_00482178
004821c4	Label	LAB_004821c4
004821dc	Label	LAB_004821dc
00482210	Label	LAB_00482210
00482224	Label	LAB_00482224
00482228	Label	LAB_00482228
00482304	Label	LAB_00482304
00482308	Label	LAB_00482308
00482330	Label	LAB_00482330
004823a8	Label	LAB_004823a8
004823b4	Label	LAB_004823b4
00482440	Label	LAB_00482440
00482470	Label	LAB_00482470
0048248c	Label	LAB_0048248c
00482528	Label	LAB_00482528
00482558	Label	LAB_00482558
0048256c	Label	LAB_0048256c
00482570	Label	LAB_00482570
00482584	Label	LAB_00482584
004825a8	Label	LAB_004825a8
004825b0	Label	LAB_004825b0
004825bc	Label	LAB_004825bc
004825d4	Label	LAB_004825d4
004825ec	Label	LAB_004825ec
004825f4	Label	LAB_004825f4
0048260c	Label	LAB_0048260c
00482614	Label	LAB_00482614
0048262c	Label	LAB_0048262c
00482634	Label	LAB_00482634
0048264c	Label	LAB_0048264c
00482654	Label	LAB_00482654
0048266c	Label	LAB_0048266c
00482674	Label	LAB_00482674
0048268c	Label	LAB_0048268c
00482694	Label	LAB_00482694
004826ac	Label	LAB_004826ac
004826b4	Label	LAB_004826b4
004826cc	Label	LAB_004826cc
004826d4	Label	LAB_004826d4
004826ec	Label	LAB_004826ec
004826f4	Label	LAB_004826f4
0048270c	Label	LAB_0048270c
00482714	Label	LAB_00482714
0048272c	Label	LAB_0048272c
00482734	Label	LAB_00482734
0048274c	Label	LAB_0048274c
00482754	Label	LAB_00482754
00482764	Label	LAB_00482764
004827b4	Label	LAB_004827b4
004827d4	Label	LAB_004827d4
004827ec	Label	LAB_004827ec
00482824	Label	LAB_00482824
00482858	Label	LAB_00482858
004828a8	Label	LAB_004828a8
00482900	Label	LAB_00482900
00482970	Label	LAB_00482970
00482a14	Label	LAB_00482a14
00482a1c	Label	LAB_00482a1c
00482a34	Label	LAB_00482a34
00482a4c	Label	LAB_00482a4c
00482a70	Label	LAB_00482a70
00482a80	Label	LAB_00482a80
00482a90	Label	LAB_00482a90
00482a9c	Label	LAB_00482a9c
00482aa8	Label	LAB_00482aa8
00482b04	Label	LAB_00482b04
00482b4c	Label	LAB_00482b4c
00482b54	Label	LAB_00482b54
00482b58	Label	LAB_00482b58
00482b64	Label	LAB_00482b64
00482bdc	Label	LAB_00482bdc
00482c00	Label	LAB_00482c00
00482c34	Label	LAB_00482c34
00482cb0	Label	LAB_00482cb0
00482cd8	Label	LAB_00482cd8
00482d04	Label	LAB_00482d04
00482d1c	Label	LAB_00482d1c
00482d7c	Label	switchD_00475048::caseD_25
00482df4	Label	LAB_00482df4
00482e24	Label	LAB_00482e24
00482e30	Label	LAB_00482e30
00482e9c	Label	LAB_00482e9c
00482eb8	Label	LAB_00482eb8
00482ef0	Label	LAB_00482ef0
00482ef8	Label	LAB_00482ef8
00482f00	Label	LAB_00482f00
00482f80	Label	LAB_00482f80
00482fac	Label	LAB_00482fac
00482fb4	Label	LAB_00482fb4
00482fdc	Label	LAB_00482fdc
00483004	Label	LAB_00483004
0048302c	Label	LAB_0048302c
00483040	Label	LAB_00483040
00483064	Label	LAB_00483064
00483084	Label	LAB_00483084
004830a8	Label	switchD_00475048::caseD_23
00483120	Label	LAB_00483120
00483150	Label	LAB_00483150
0048315c	Label	LAB_0048315c
004831c8	Label	LAB_004831c8
004831e4	Label	LAB_004831e4
0048321c	Label	LAB_0048321c
00483224	Label	LAB_00483224
0048322c	Label	LAB_0048322c
004832ac	Label	LAB_004832ac
004832d8	Label	LAB_004832d8
004832e0	Label	LAB_004832e0
00483308	Label	LAB_00483308
00483330	Label	LAB_00483330
00483358	Label	LAB_00483358
0048336c	Label	LAB_0048336c
00483390	Label	LAB_00483390
004833b0	Label	LAB_004833b0
004833d4	Label	switchD_00475048::caseD_24
0048344c	Label	LAB_0048344c
0048347c	Label	LAB_0048347c
00483488	Label	LAB_00483488
004834f4	Label	LAB_004834f4
00483510	Label	LAB_00483510
00483548	Label	LAB_00483548
00483550	Label	LAB_00483550
00483558	Label	LAB_00483558
004835d8	Label	LAB_004835d8
00483604	Label	LAB_00483604
0048360c	Label	LAB_0048360c
00483634	Label	LAB_00483634
0048365c	Label	LAB_0048365c
00483684	Label	LAB_00483684
00483698	Label	LAB_00483698
004836bc	Label	LAB_004836bc
004836dc	Label	LAB_004836dc
00483700	Label	switchD_00475048::caseD_2b
00483778	Label	LAB_00483778
004837a8	Label	LAB_004837a8
004837b4	Label	LAB_004837b4
00483820	Label	LAB_00483820
0048383c	Label	LAB_0048383c
00483874	Label	LAB_00483874
0048387c	Label	LAB_0048387c
00483884	Label	LAB_00483884
00483904	Label	LAB_00483904
00483930	Label	LAB_00483930
00483938	Label	LAB_00483938
00483960	Label	LAB_00483960
00483988	Label	LAB_00483988
004839b0	Label	LAB_004839b0
004839c4	Label	LAB_004839c4
004839e8	Label	LAB_004839e8
00483a08	Label	LAB_00483a08
00483a2c	Label	switchD_00475048::caseD_2a
00483aa4	Label	LAB_00483aa4
00483ad4	Label	LAB_00483ad4
00483ae0	Label	LAB_00483ae0
00483b4c	Label	LAB_00483b4c
00483b68	Label	LAB_00483b68
00483ba0	Label	LAB_00483ba0
00483ba8	Label	LAB_00483ba8
00483bb0	Label	LAB_00483bb0
00483c30	Label	LAB_00483c30
00483c5c	Label	LAB_00483c5c
00483c64	Label	LAB_00483c64
00483c8c	Label	LAB_00483c8c
00483cb4	Label	LAB_00483cb4
00483cdc	Label	LAB_00483cdc
00483cf0	Label	LAB_00483cf0
00483d14	Label	LAB_00483d14
00483d34	Label	LAB_00483d34
00483d58	Label	switchD_00475048::caseD_26
00483dd0	Label	LAB_00483dd0
00483e00	Label	LAB_00483e00
00483e0c	Label	LAB_00483e0c
00483e78	Label	LAB_00483e78
00483e94	Label	LAB_00483e94
00483ecc	Label	LAB_00483ecc
00483ed4	Label	LAB_00483ed4
00483edc	Label	LAB_00483edc
00483f5c	Label	LAB_00483f5c
00483f88	Label	LAB_00483f88
00483f90	Label	LAB_00483f90
00483fb8	Label	LAB_00483fb8
00483fe0	Label	LAB_00483fe0
00484008	Label	LAB_00484008
0048401c	Label	LAB_0048401c
00484040	Label	LAB_00484040
00484060	Label	LAB_00484060
00484084	Label	switchD_00475048::caseD_27
004840fc	Label	LAB_004840fc
0048412c	Label	LAB_0048412c
00484138	Label	LAB_00484138
004841a4	Label	LAB_004841a4
004841c0	Label	LAB_004841c0
004841f8	Label	LAB_004841f8
00484200	Label	LAB_00484200
00484208	Label	LAB_00484208
00484288	Label	LAB_00484288
004842b4	Label	LAB_004842b4
004842bc	Label	LAB_004842bc
004842e4	Label	LAB_004842e4
0048430c	Label	LAB_0048430c
00484334	Label	LAB_00484334
00484348	Label	LAB_00484348
0048436c	Label	LAB_0048436c
0048438c	Label	LAB_0048438c
004843b0	Label	switchD_00475048::caseD_22
00484424	Label	LAB_00484424
00484428	Label	LAB_00484428
00484454	Label	LAB_00484454
00484458	Label	LAB_00484458
00484460	Label	LAB_00484460
004844b8	Label	LAB_004844b8
004844f4	Label	LAB_004844f4
00484500	Label	LAB_00484500
00484534	Label	LAB_00484534
0048453c	Label	LAB_0048453c
00484544	Label	LAB_00484544
004845c4	Label	LAB_004845c4
004845e0	Label	LAB_004845e0
004845f0	Label	LAB_004845f0
00484618	Label	LAB_00484618
00484640	Label	LAB_00484640
00484668	Label	LAB_00484668
00484670	Label	LAB_00484670
00484698	Label	LAB_00484698
004846c4	Label	LAB_004846c4
004846dc	Label	LAB_004846dc
00484704	Label	LAB_00484704
0048470c	Label	LAB_0048470c
00484734	Label	LAB_00484734
00484750	Label	LAB_00484750
00484760	Label	LAB_00484760
00484788	Label	LAB_00484788
004847a0	Label	LAB_004847a0
004847c8	Label	LAB_004847c8
004847f8	Label	LAB_004847f8
00484814	Label	LAB_00484814
00484824	Label	LAB_00484824
00484840	Label	LAB_00484840
00484870	Label	switchD_00475048::caseD_1b
00484914	Label	LAB_00484914
00484930	Label	LAB_00484930
00484960	Label	LAB_00484960
00484974	Label	LAB_00484974
00484978	Label	LAB_00484978
00484998	Label	LAB_00484998
0048499c	Label	LAB_0048499c
004849e4	Label	LAB_004849e4
00484a24	Label	LAB_00484a24
00484a40	Label	LAB_00484a40
00484a88	Label	LAB_00484a88
00484adc	Label	LAB_00484adc
00484b50	Label	LAB_00484b50
00484b84	Label	LAB_00484b84
00484ba0	Label	LAB_00484ba0
00484bec	Label	LAB_00484bec
00484c10	Label	LAB_00484c10
00484c54	Label	LAB_00484c54
00484c6c	Label	LAB_00484c6c
00484c94	Label	LAB_00484c94
00484cd4	Label	LAB_00484cd4
00484ce4	Label	LAB_00484ce4
00484d40	Label	LAB_00484d40
00484d50	Label	LAB_00484d50
00484d5c	Label	LAB_00484d5c
00484d64	Label	LAB_00484d64
00484d90	Label	LAB_00484d90
00484da8	Label	LAB_00484da8
00484dc8	Label	LAB_00484dc8
00484dd8	Label	LAB_00484dd8
00484df0	Label	LAB_00484df0
00484e08	Label	LAB_00484e08
00484e28	Label	LAB_00484e28
00484e44	Label	LAB_00484e44
00484e60	Label	switchD_00475048::caseD_21
00484ef4	Label	LAB_00484ef4
00484efc	Label	LAB_00484efc
00484f2c	Label	LAB_00484f2c
00484f3c	Label	LAB_00484f3c
00484f50	Label	LAB_00484f50
00484f5c	Label	LAB_00484f5c
00484f78	Label	LAB_00484f78
00484f94	Label	LAB_00484f94
00484fb4	Label	LAB_00484fb4
00484fe4	Label	LAB_00484fe4
00484ffc	Label	LAB_00484ffc
00485058	Label	LAB_00485058
004850a0	Label	LAB_004850a0
004850a8	Label	LAB_004850a8
004850b0	Label	LAB_004850b0
00485104	Label	LAB_00485104
00485114	Label	LAB_00485114
0048513c	Label	LAB_0048513c
00485164	Label	LAB_00485164
0048518c	Label	LAB_0048518c
004851b4	Label	LAB_004851b4
004851ec	Label	LAB_004851ec
004851f4	Label	switchD_00475048::caseD_20
004851fc	Label	switchD_00475048::caseD_1a
0048529c	Label	LAB_0048529c
004852bc	Label	LAB_004852bc
004852e8	Label	LAB_004852e8
004852fc	Label	LAB_004852fc
00485300	Label	LAB_00485300
00485320	Label	LAB_00485320
0048532c	Label	LAB_0048532c
00485349	Label	LAB_00485348+1
00485374	Label	LAB_00485374
004853b4	Label	LAB_004853b4
004853d0	Label	LAB_004853d0
00485418	Label	LAB_00485418
0048546c	Label	LAB_0048546c
004854d0	Label	LAB_004854d0
004854f4	Label	LAB_004854f4
00485578	Label	LAB_00485578
004855a8	Label	LAB_004855a8
004855c4	Label	LAB_004855c4
00485608	Label	LAB_00485608
00485620	Label	LAB_00485620
00485648	Label	LAB_00485648
00485688	Label	LAB_00485688
00485698	Label	LAB_00485698
00485714	Label	LAB_00485714
00485724	Label	LAB_00485724
00485730	Label	LAB_00485730
0048573c	Label	LAB_0048573c
00485768	Label	LAB_00485768
00485780	Label	LAB_00485780
004857a0	Label	LAB_004857a0
004857b0	Label	LAB_004857b0
004857c8	Label	LAB_004857c8
004857e0	Label	LAB_004857e0
00485800	Label	LAB_00485800
00485820	Label	LAB_00485820
00485840	Label	LAB_00485840
00485880	Label	LAB_00485880
004858b0	Label	LAB_004858b0
00485914	Label	LAB_00485914
0048592c	Label	LAB_0048592c
00485964	Label	switchD_00475048::caseD_7
004859d8	Label	LAB_004859d8
004859dc	Label	LAB_004859dc
00485a08	Label	LAB_00485a08
00485a0c	Label	LAB_00485a0c
00485a14	Label	LAB_00485a14
00485a88	Label	LAB_00485a88
00485aa4	Label	LAB_00485aa4
00485adc	Label	LAB_00485adc
00485ae4	Label	LAB_00485ae4
00485aec	Label	LAB_00485aec
00485b6c	Label	LAB_00485b6c
00485b9c	Label	LAB_00485b9c
00485bcc	Label	LAB_00485bcc
00485bd4	Label	LAB_00485bd4
00485bfc	Label	LAB_00485bfc
00485c24	Label	LAB_00485c24
00485c4c	Label	LAB_00485c4c
00485c60	Label	LAB_00485c60
00485c80	Label	LAB_00485c80
00485ca4	Label	switchD_00475048::caseD_6
00485d18	Label	LAB_00485d18
00485d1c	Label	LAB_00485d1c
00485d48	Label	LAB_00485d48
00485d4c	Label	LAB_00485d4c
00485d54	Label	LAB_00485d54
00485dc8	Label	LAB_00485dc8
00485de4	Label	LAB_00485de4
00485e1c	Label	LAB_00485e1c
00485e24	Label	LAB_00485e24
00485e2c	Label	LAB_00485e2c
00485eac	Label	LAB_00485eac
00485edc	Label	LAB_00485edc
00485f0c	Label	LAB_00485f0c
00485f14	Label	LAB_00485f14
00485f3c	Label	LAB_00485f3c
00485f64	Label	LAB_00485f64
00485f8c	Label	LAB_00485f8c
00485fa0	Label	LAB_00485fa0
00485fc0	Label	LAB_00485fc0
00485fe4	Label	switchD_00475048::caseD_4
00486058	Label	LAB_00486058
0048605c	Label	LAB_0048605c
00486088	Label	LAB_00486088
0048608c	Label	LAB_0048608c
00486094	Label	LAB_00486094
00486108	Label	LAB_00486108
00486124	Label	LAB_00486124
0048615c	Label	LAB_0048615c
00486164	Label	LAB_00486164
0048616c	Label	LAB_0048616c
004861ec	Label	LAB_004861ec
0048621c	Label	LAB_0048621c
0048624c	Label	LAB_0048624c
00486254	Label	LAB_00486254
0048627c	Label	LAB_0048627c
004862a4	Label	LAB_004862a4
004862cc	Label	LAB_004862cc
004862e0	Label	LAB_004862e0
00486300	Label	LAB_00486300
00486324	Function	FUN_00486324
004863fc	Label	LAB_004863fc
00486428	Label	LAB_00486428
00486430	Label	LAB_00486430
0048643c	Label	LAB_0048643c
00486440	Label	LAB_00486440
00486448	Label	LAB_00486448
0048645c	Label	LAB_0048645c
00486474	Label	LAB_00486474
004864b8	Label	LAB_004864b8
004864c8	Label	LAB_004864c8
004864d8	Label	LAB_004864d8
00486514	Label	LAB_00486514
00486558	Label	LAB_00486558
00486594	Label	LAB_00486594
004865b0	Label	LAB_004865b0
004865e4	Label	LAB_004865e4
004865f8	Label	LAB_004865f8
00486600	Label	LAB_00486600
00486660	Label	LAB_00486660
00486674	Label	LAB_00486674
00486698	Label	LAB_00486698
004866e8	Label	LAB_004866e8
00486700	Label	LAB_00486700
0048672c	Label	LAB_0048672c
00486738	Label	LAB_00486738
0048674c	Label	LAB_0048674c
00486768	Label	LAB_00486768
0048676c	Label	LAB_0048676c
004867ac	Label	LAB_004867ac
004867c0	Label	LAB_004867c0
00486840	Label	LAB_00486840
004868bc	Label	LAB_004868bc
0048690c	Label	LAB_0048690c
00486938	Label	LAB_00486938
00486954	Label	LAB_00486954
00486970	Label	LAB_00486970
00486984	Label	LAB_00486984
00486988	Label	LAB_00486988
004869b0	Label	LAB_004869b0
004869c0	Label	LAB_004869c0
004869e4	Label	LAB_004869e4
004869ec	Label	LAB_004869ec
00486a04	Label	LAB_00486a04
00486a08	Label	LAB_00486a08
00486a10	Label	LAB_00486a10
00486a48	Label	LAB_00486a48
00486a88	Label	LAB_00486a88
00486aa4	Label	LAB_00486aa4
00486ac0	Label	LAB_00486ac0
00486ae4	Label	LAB_00486ae4
00486af4	Label	LAB_00486af4
00486b04	Label	LAB_00486b04
00486b20	Label	LAB_00486b20
00486b3c	Label	LAB_00486b3c
00486b4c	Label	LAB_00486b4c
00486b70	Label	LAB_00486b70
00486b88	Label	LAB_00486b88
00486b8c	Label	LAB_00486b8c
00486bcc	Label	LAB_00486bcc
00486cfc	Label	LAB_00486cfc
00486d04	Label	LAB_00486d04
00486d0c	Label	LAB_00486d0c
00486d20	Label	LAB_00486d20
00486d34	Label	LAB_00486d34
00486d4c	Label	LAB_00486d4c
00486d60	Label	LAB_00486d60
00486d70	Label	LAB_00486d70
00486d78	Label	LAB_00486d78
00486d80	Label	LAB_00486d80
00486d88	Label	LAB_00486d88
00486d90	Label	LAB_00486d90
00486dd0	Label	LAB_00486dd0
00486df8	Label	LAB_00486df8
00486e5c	Label	LAB_00486e5c
00486e74	Label	LAB_00486e74
00486eb0	Label	switchD_00475070::caseD_11
00486ee4	Label	LAB_00486ee4
00486ef0	Label	switchD_00475070::caseD_10
00486f24	Label	LAB_00486f24
00486f9c	Function	switchD_00475070::caseD_1
00486fd8	Label	LAB_00486fd8
00486ffc	Label	LAB_00486ffc
00487010	Label	LAB_00487010
0048704c	Label	LAB_0048704c
00487060	Function	switchD_00475070::caseD_0
004870a0	Label	LAB_004870a0
004870c8	Label	LAB_004870c8
0048712c	Label	LAB_0048712c
00487144	Label	LAB_00487144
00487180	Label	LAB_00487180
004871bc	Label	LAB_004871bc
004871e0	Label	LAB_004871e0
004871f4	Label	LAB_004871f4
00487230	Label	LAB_00487230
00487244	Function	FUN_00487244
004872a0	Label	LAB_004872a0
004872e0	Label	LAB_004872e0
004872e8	Label	LAB_004872e8
004872fc	Label	LAB_004872fc
00487348	Function	FUN_00487348
0048738c	Label	LAB_0048738c
004873a4	Label	LAB_004873a4
004873ac	Label	LAB_004873ac
004873c0	Function	FUN_004873c0
004873dc	Label	LAB_004873dc
004873f4	Label	LAB_004873f4
00487400	Function	FUN_00487400
00487450	Label	LAB_00487450
00487454	Label	LAB_00487454
0048749c	Label	LAB_0048749c
004874a4	Label	LAB_004874a4
004874c4	Label	LAB_004874c4
0048760c	Label	LAB_0048760c
00487628	Label	LAB_00487628
00487698	Label	LAB_00487698
004876b4	Label	LAB_004876b4
004876d0	Label	LAB_004876d0
004876f0	Label	LAB_004876f0
0048770c	Label	LAB_0048770c
00487728	Function	FUN_00487728
00487784	Function	FUN_00487784
004877d0	Label	LAB_004877d0
004877d4	Label	LAB_004877d4
004877f0	Label	LAB_004877f0
004877fc	Label	LAB_004877fc
00487814	Label	LAB_00487814
00487928	Label	LAB_00487928
00487944	Label	LAB_00487944
00487988	Label	LAB_00487988
004879a4	Label	LAB_004879a4
004879c0	Label	LAB_004879c0
004879e0	Label	LAB_004879e0
004879fc	Label	LAB_004879fc
00487a18	Function	FUN_00487a18
00487a40	Function	FUN_00487a40
00487a6c	Label	switchD_00487a6c::switchD
00487a74	Label	LAB_00487a74
00487a8c	Label	LAB_00487a8c
00487aa8	Label	switchD_00487a6c::caseD_1
00487aa8	Label	switchD_00487a6c::caseD_5
00487aa8	Label	switchD_00487a6c::caseD_8
00487aa8	Label	switchD_00487a6c::caseD_9
00487aa8	Label	switchD_00487a6c::caseD_a
00487aa8	Label	switchD_00487a6c::caseD_b
00487aa8	Label	switchD_00487a6c::caseD_c
00487aa8	Label	switchD_00487a6c::caseD_d
00487aa8	Label	switchD_00487a6c::caseD_e
00487aa8	Label	switchD_00487a6c::caseD_f
00487aa8	Label	switchD_00487a6c::caseD_10
00487aa8	Label	switchD_00487a6c::caseD_11
00487aa8	Label	switchD_00487a6c::caseD_12
00487aa8	Label	switchD_00487a6c::caseD_13
00487aa8	Label	switchD_00487a6c::caseD_14
00487aa8	Label	switchD_00487a6c::caseD_15
00487aa8	Label	switchD_00487a6c::caseD_16
00487aa8	Label	switchD_00487a6c::caseD_17
00487aa8	Label	switchD_00487a6c::caseD_18
00487aa8	Label	switchD_00487a6c::caseD_19
00487aa8	Label	switchD_00487a6c::caseD_1a
00487aa8	Label	switchD_00487a6c::caseD_1b
00487aa8	Label	switchD_00487a6c::caseD_1c
00487aa8	Label	switchD_00487a6c::caseD_1d
00487aa8	Label	switchD_00487a6c::caseD_1e
00487aa8	Label	switchD_00487a6c::caseD_1f
00487aa8	Label	switchD_00487a6c::caseD_28
00487aa8	Label	switchD_00487a6c::caseD_29
00487ab0	Label	switchD_00487a6c::caseD_0
00487ab0	Label	switchD_00487a6c::caseD_2
00487ab0	Label	switchD_00487a6c::caseD_3
00487ac0	Label	switchD_00487a6c::caseD_4
00487ac0	Label	switchD_00487a6c::caseD_6
00487ac0	Label	switchD_00487a6c::caseD_7
00487ac0	Label	switchD_00487a6c::caseD_20
00487ac0	Label	switchD_00487a6c::caseD_21
00487ac0	Label	switchD_00487a6c::caseD_22
00487ac0	Label	switchD_00487a6c::caseD_23
00487ac0	Label	switchD_00487a6c::caseD_24
00487ac0	Label	switchD_00487a6c::caseD_25
00487ac0	Label	switchD_00487a6c::caseD_26
00487ac0	Label	switchD_00487a6c::caseD_27
00487ac0	Label	switchD_00487a6c::caseD_2a
00487ac0	Label	switchD_00487a6c::caseD_2b
00487ad0	Label	LAB_00487ad0
00487ad8	Function	FUN_00487ad8
00487af8	Label	switchD_00487af8::switchD
00487b00	Label	switchD_00487af8::caseD_6
00487b00	Label	switchD_00487af8::caseD_7
00487b00	Label	switchD_00487af8::caseD_8
00487b00	Label	switchD_00487af8::caseD_9
00487b00	Label	switchD_00487af8::caseD_a
00487b00	Label	switchD_00487af8::caseD_b
00487b00	Label	switchD_00487af8::caseD_c
00487b00	Label	switchD_00487af8::caseD_d
00487b00	Label	switchD_00487af8::caseD_e
00487b00	Label	switchD_00487af8::caseD_20
00487b00	Label	switchD_00487af8::caseD_21
00487b00	Label	switchD_00487af8::caseD_23
00487b00	Label	switchD_00487af8::caseD_24
00487b00	Label	switchD_00487af8::caseD_25
00487b00	Label	switchD_00487af8::caseD_32
00487b00	Label	switchD_00487af8::caseD_3a
00487b14	Label	switchD_00487af8::caseD_22
00487b14	Label	switchD_00487af8::caseD_26
00487b34	Label	switchD_00487af8::caseD_4
00487b34	Label	switchD_00487af8::caseD_5
00487b34	Label	switchD_00487af8::caseD_28
00487b34	Label	switchD_00487af8::caseD_29
00487b34	Label	switchD_00487af8::caseD_2a
00487b34	Label	switchD_00487af8::caseD_2b
00487b34	Label	switchD_00487af8::caseD_2e
00487b54	Label	switchD_00487af8::caseD_12
00487b70	Label	switchD_00487bf4::caseD_c
00487b70	Label	switchD_00487bf4::caseD_d
00487b70	Label	switchD_00487af8::caseD_2
00487b70	Label	switchD_00487af8::caseD_3
00487b70	Label	switchD_00487af8::caseD_f
00487b74	Label	LAB_00487b74
00487b7c	Label	switchD_00487af8::caseD_10
00487ba0	Label	switchD_00487bf4::caseD_1
00487ba0	Label	switchD_00487bf4::caseD_5
00487ba0	Label	switchD_00487bf4::caseD_a
00487ba0	Label	switchD_00487bf4::caseD_b
00487ba0	Label	switchD_00487bf4::caseD_e
00487ba0	Label	switchD_00487bf4::caseD_f
00487ba0	Label	switchD_00487bf4::caseD_14
00487ba0	Label	switchD_00487bf4::caseD_15
00487ba0	Label	switchD_00487bf4::caseD_16
00487ba0	Label	switchD_00487bf4::caseD_17
00487ba0	Label	switchD_00487bf4::caseD_1c
00487ba0	Label	switchD_00487bf4::caseD_1d
00487ba0	Label	switchD_00487bf4::caseD_1e
00487ba0	Label	switchD_00487bf4::caseD_1f
00487ba0	Label	switchD_00487bf4::caseD_28
00487ba0	Label	switchD_00487bf4::caseD_29
00487ba0	Label	switchD_00487af8::caseD_11
00487ba0	Label	switchD_00487af8::caseD_13
00487ba0	Label	switchD_00487af8::caseD_14
00487ba0	Label	switchD_00487af8::caseD_15
00487ba0	Label	switchD_00487af8::caseD_16
00487ba0	Label	switchD_00487af8::caseD_17
00487ba0	Label	switchD_00487af8::caseD_18
00487ba0	Label	switchD_00487af8::caseD_19
00487ba0	Label	switchD_00487af8::caseD_1a
00487ba0	Label	switchD_00487af8::caseD_1b
00487ba0	Label	switchD_00487af8::caseD_1c
00487ba0	Label	switchD_00487af8::caseD_1d
00487ba0	Label	switchD_00487af8::caseD_1e
00487ba0	Label	switchD_00487af8::caseD_1f
00487ba0	Label	switchD_00487af8::caseD_27
00487ba0	Label	switchD_00487af8::caseD_2c
00487ba0	Label	switchD_00487af8::caseD_2d
00487ba0	Label	switchD_00487af8::caseD_2f
00487ba0	Label	switchD_00487af8::caseD_30
00487ba0	Label	switchD_00487af8::caseD_31
00487ba0	Label	switchD_00487af8::caseD_33
00487ba0	Label	switchD_00487af8::caseD_34
00487ba0	Label	switchD_00487af8::caseD_35
00487ba0	Label	switchD_00487af8::caseD_36
00487ba0	Label	switchD_00487af8::caseD_37
00487ba0	Label	switchD_00487af8::caseD_38
00487ba0	Label	switchD_00487af8::caseD_39
00487bd4	Label	switchD_00487af8::caseD_0
00487bf4	Label	switchD_00487bf4::switchD
00487bfc	Label	switchD_00487af8::caseD_1
00487c30	Label	switchD_00487bf4::caseD_0
00487c30	Label	switchD_00487bf4::caseD_2
00487c30	Label	switchD_00487bf4::caseD_3
00487c44	Label	switchD_00487bf4::caseD_8
00487c44	Label	switchD_00487bf4::caseD_9
00487c44	Label	switchD_00487bf4::caseD_11
00487c44	Label	switchD_00487bf4::caseD_13
00487c64	Label	switchD_00487bf4::caseD_4
00487c64	Label	switchD_00487bf4::caseD_6
00487c64	Label	switchD_00487bf4::caseD_7
00487c64	Label	switchD_00487bf4::caseD_18
00487c64	Label	switchD_00487bf4::caseD_19
00487c64	Label	switchD_00487bf4::caseD_1a
00487c64	Label	switchD_00487bf4::caseD_1b
00487c64	Label	switchD_00487bf4::caseD_20
00487c64	Label	switchD_00487bf4::caseD_21
00487c64	Label	switchD_00487bf4::caseD_22
00487c64	Label	switchD_00487bf4::caseD_23
00487c64	Label	switchD_00487bf4::caseD_24
00487c64	Label	switchD_00487bf4::caseD_25
00487c64	Label	switchD_00487bf4::caseD_26
00487c64	Label	switchD_00487bf4::caseD_27
00487c64	Label	switchD_00487bf4::caseD_2a
00487c64	Label	switchD_00487bf4::caseD_2b
00487c90	Label	switchD_00487bf4::caseD_10
00487c9c	Label	switchD_00487bf4::caseD_12
00487ca8	Function	FUN_00487ca8
00487cc8	Label	switchD_00487cc8::switchD
00487cd0	Label	switchD_00487cc8::caseD_10
00487cf4	Label	switchD_00487cc8::caseD_8
00487cf4	Label	switchD_00487cc8::caseD_9
00487cf4	Label	switchD_00487cc8::caseD_a
00487cf4	Label	switchD_00487cc8::caseD_b
00487cf4	Label	switchD_00487cc8::caseD_c
00487cf4	Label	switchD_00487cc8::caseD_d
00487cf4	Label	switchD_00487cc8::caseD_e
00487cf4	Label	switchD_00487cc8::caseD_f
00487cf4	Label	switchD_00487cc8::caseD_20
00487cf4	Label	switchD_00487cc8::caseD_21
00487cf4	Label	switchD_00487cc8::caseD_22
00487cf4	Label	switchD_00487cc8::caseD_23
00487cf4	Label	switchD_00487cc8::caseD_24
00487cf4	Label	switchD_00487cc8::caseD_25
00487cf4	Label	switchD_00487cc8::caseD_26
00487cf8	Label	LAB_00487cf8
00487d10	Label	switchD_00487cc8::caseD_12
00487d28	Label	switchD_00487cc8::caseD_2
00487d28	Label	switchD_00487cc8::caseD_4
00487d28	Label	switchD_00487cc8::caseD_5
00487d28	Label	switchD_00487cc8::caseD_6
00487d28	Label	switchD_00487cc8::caseD_7
00487d28	Label	switchD_00487cc8::caseD_28
00487d28	Label	switchD_00487cc8::caseD_29
00487d28	Label	switchD_00487cc8::caseD_2a
00487d28	Label	switchD_00487cc8::caseD_2b
00487d28	Label	switchD_00487cc8::caseD_2e
00487d28	Label	switchD_00487cc8::caseD_32
00487d28	Label	switchD_00487cc8::caseD_3a
00487d28	Label	switchD_00487d80::caseD_8
00487d28	Label	switchD_00487d80::caseD_c
00487d28	Label	switchD_00487d80::caseD_d
00487d34	Label	switchD_00487cc8::caseD_1
00487d54	Label	switchD_00487cc8::caseD_3
00487d60	Label	switchD_00487cc8::caseD_0
00487d80	Label	switchD_00487d80::switchD
00487d88	Label	switchD_00487cc8::caseD_11
00487d88	Label	switchD_00487cc8::caseD_13
00487d88	Label	switchD_00487cc8::caseD_14
00487d88	Label	switchD_00487cc8::caseD_15
00487d88	Label	switchD_00487cc8::caseD_16
00487d88	Label	switchD_00487cc8::caseD_17
00487d88	Label	switchD_00487cc8::caseD_18
00487d88	Label	switchD_00487cc8::caseD_19
00487d88	Label	switchD_00487cc8::caseD_1a
00487d88	Label	switchD_00487cc8::caseD_1b
00487d88	Label	switchD_00487cc8::caseD_1c
00487d88	Label	switchD_00487cc8::caseD_1d
00487d88	Label	switchD_00487cc8::caseD_1e
00487d88	Label	switchD_00487cc8::caseD_1f
00487d88	Label	switchD_00487cc8::caseD_27
00487d88	Label	switchD_00487cc8::caseD_2c
00487d88	Label	switchD_00487cc8::caseD_2d
00487d88	Label	switchD_00487cc8::caseD_2f
00487d88	Label	switchD_00487cc8::caseD_30
00487d88	Label	switchD_00487cc8::caseD_31
00487d88	Label	switchD_00487cc8::caseD_33
00487d88	Label	switchD_00487cc8::caseD_34
00487d88	Label	switchD_00487cc8::caseD_35
00487d88	Label	switchD_00487cc8::caseD_36
00487d88	Label	switchD_00487cc8::caseD_37
00487d88	Label	switchD_00487cc8::caseD_38
00487d88	Label	switchD_00487cc8::caseD_39
00487d88	Label	switchD_00487d80::caseD_1
00487d88	Label	switchD_00487d80::caseD_5
00487d88	Label	switchD_00487d80::caseD_a
00487d88	Label	switchD_00487d80::caseD_b
00487d88	Label	switchD_00487d80::caseD_e
00487d88	Label	switchD_00487d80::caseD_f
00487d88	Label	switchD_00487d80::caseD_14
00487d88	Label	switchD_00487d80::caseD_15
00487d88	Label	switchD_00487d80::caseD_16
00487d88	Label	switchD_00487d80::caseD_17
00487d88	Label	switchD_00487d80::caseD_1c
00487d88	Label	switchD_00487d80::caseD_1d
00487d88	Label	switchD_00487d80::caseD_1e
00487d88	Label	switchD_00487d80::caseD_1f
00487d88	Label	switchD_00487d80::caseD_28
00487d88	Label	switchD_00487d80::caseD_29
00487dbc	Label	switchD_00487d80::caseD_0
00487dbc	Label	switchD_00487d80::caseD_2
00487dbc	Label	switchD_00487d80::caseD_3
00487dbc	Label	switchD_00487d80::caseD_4
00487dbc	Label	switchD_00487d80::caseD_6
00487dbc	Label	switchD_00487d80::caseD_7
00487dbc	Label	switchD_00487d80::caseD_9
00487dbc	Label	switchD_00487d80::caseD_10
00487dbc	Label	switchD_00487d80::caseD_12
00487dbc	Label	switchD_00487d80::caseD_20
00487dbc	Label	switchD_00487d80::caseD_21
00487dbc	Label	switchD_00487d80::caseD_22
00487dbc	Label	switchD_00487d80::caseD_23
00487dbc	Label	switchD_00487d80::caseD_24
00487dbc	Label	switchD_00487d80::caseD_25
00487dbc	Label	switchD_00487d80::caseD_26
00487dbc	Label	switchD_00487d80::caseD_27
00487dbc	Label	switchD_00487d80::caseD_2a
00487dbc	Label	switchD_00487d80::caseD_2b
00487dc4	Label	switchD_00487d80::caseD_11
00487dd0	Label	switchD_00487d80::caseD_13
00487ddc	Label	switchD_00487d80::caseD_18
00487ddc	Label	switchD_00487d80::caseD_19
00487ddc	Label	switchD_00487d80::caseD_1a
00487ddc	Label	switchD_00487d80::caseD_1b
00487de8	Function	FUN_00487de8
00487e20	Label	LAB_00487e20
00487e28	Label	LAB_00487e28
00487eb0	Label	LAB_00487eb0
00487eb8	Label	LAB_00487eb8
00487fbc	Function	FUN_00487fbc
00487fd4	Label	LAB_00487fd4
00488004	Label	LAB_00488004
00488010	Function	FUN_00488010
00488048	Label	LAB_00488048
00488050	Label	LAB_00488050
004880d8	Label	LAB_004880d8
004880ec	Label	LAB_004880ec
004880f4	Label	LAB_004880f4
004881e8	Label	LAB_004881e8
00488220	Function	FUN_00488220
00488228	Function	FUN_00488228
00488230	Function	FUN_00488230
00488238	Function	FUN_00488238
00488240	Function	FUN_00488240
00488388	Label	LAB_00488388
00488390	Function	FUN_00488390
00488398	Label	LAB_00488398
004883b4	Function	FUN_004883b4
004883bc	Label	LAB_004883bc
004883e8	Function	FUN_004883e8
004883f0	Label	LAB_004883f0
00488404	Label	LAB_00488404
00488414	Function	FUN_00488414
0048841c	Label	LAB_0048841c
00488440	Label	LAB_00488440
00488450	Function	FUN_00488450
0048845c	Label	LAB_0048845c
004884a4	Function	FUN_004884a4
004884b0	Label	LAB_004884b0
004884ec	Label	LAB_004884ec
004884fc	Function	FUN_004884fc
00488510	Label	LAB_00488510
0048855c	Function	FUN_0048855c
00488570	Label	LAB_00488570
004885b0	Label	LAB_004885b0
004885c0	Function	FUN_004885c0
004885cc	Label	LAB_004885cc
00488614	Function	FUN_00488614
00488620	Label	LAB_00488620
0048865c	Label	LAB_0048865c
0048866c	Function	FUN_0048866c
00488678	Label	LAB_00488678
00488694	Function	FUN_00488694
004886a0	Label	LAB_004886a0
004886d0	Function	FUN_004886d0
004886dc	Label	LAB_004886dc
004886f0	Label	LAB_004886f0
00488700	Function	FUN_00488700
0048870c	Label	LAB_0048870c
00488734	Label	LAB_00488734
00488744	Function	FUN_00488744
00488754	Label	LAB_00488754
004887a0	Function	FUN_004887a0
004887b0	Label	LAB_004887b0
004887f0	Label	LAB_004887f0
00488800	Function	FUN_00488800
00488818	Label	LAB_00488818
00488868	Function	FUN_00488868
00488880	Label	LAB_00488880
004888c4	Label	LAB_004888c4
004888d4	Function	FUN_004888d4
004888e4	Label	LAB_004888e4
00488930	Function	FUN_00488930
00488940	Label	LAB_00488940
00488980	Label	LAB_00488980
00488990	Function	FUN_00488990
004889ac	Label	LAB_004889ac
004889f8	Function	FUN_004889f8
00488a14	Label	LAB_00488a14
00488a74	Function	FUN_00488a74
00488a90	Label	LAB_00488a90
00488ab8	Label	LAB_00488ab8
00488ae4	Function	FUN_00488ae4
00488b00	Label	LAB_00488b00
00488b3c	Label	LAB_00488b3c
00488b68	Function	FUN_00488b68
00488b84	Label	LAB_00488b84
00488c00	Function	FUN_00488c00
00488c1c	Label	LAB_00488c1c
00488c70	Label	LAB_00488c70
00488c9c	Function	FUN_00488c9c
00488cc0	Label	LAB_00488cc0
00488d40	Function	FUN_00488d40
00488d64	Label	LAB_00488d64
00488dbc	Label	LAB_00488dbc
00488de8	Function	FUN_00488de8
00488e04	Label	LAB_00488e04
00488e84	Function	FUN_00488e84
00488ea0	Label	LAB_00488ea0
00488ef8	Label	LAB_00488ef8
00488f24	Function	FUN_00488f24
00488f44	Label	LAB_00488f44
00488f94	Function	FUN_00488f94
00488fb4	Label	LAB_00488fb4
00489018	Function	FUN_00489018
00489038	Label	LAB_00489038
00489064	Label	LAB_00489064
00489090	Function	FUN_00489090
004890b0	Label	LAB_004890b0
004890f0	Label	LAB_004890f0
0048911c	Function	FUN_0048911c
0048913c	Label	LAB_0048913c
004891bc	Function	FUN_004891bc
004891dc	Label	LAB_004891dc
00489234	Label	LAB_00489234
00489260	Function	FUN_00489260
00489290	Label	LAB_00489290
0048931c	Function	FUN_0048931c
0048934c	Label	LAB_0048934c
004893a8	Label	LAB_004893a8
004893dc	Function	FUN_004893dc
004893fc	Label	LAB_004893fc
00489480	Function	FUN_00489480
004894a0	Label	LAB_004894a0
004894fc	Label	LAB_004894fc
00489528	Function	FUN_00489528
0048959c	Label	LAB_0048959c
004895a4	Label	LAB_004895a4
004895d8	Label	LAB_004895d8
004895f8	Label	LAB_004895f8
00489600	Label	LAB_00489600
00489608	Label	LAB_00489608
00489610	Function	FUN_00489610
00489614	Label	LAB_00489614
0048963c	Function	FUN_0048963c
0048964c	Label	LAB_0048964c
0048965c	Function	FUN_0048965c
00489660	Label	LAB_00489660
00489680	Label	LAB_00489680
00489690	Function	FUN_00489690
004896d4	Function	FUN_004896d4
0048970c	Label	LAB_0048970c
0048971c	Function	FUN_0048971c
00489724	Label	LAB_00489724
0048976c	Function	FUN_0048976c
00489774	Label	LAB_00489774
004897b0	Label	LAB_004897b0
004897c0	Function	FUN_004897c0
004897c8	Label	LAB_004897c8
0048980c	Function	FUN_0048980c
00489814	Label	LAB_00489814
0048984c	Label	LAB_0048984c
0048985c	Function	FUN_0048985c
004898d4	Label	LAB_004898d4
004898dc	Label	LAB_004898dc
00489910	Label	LAB_00489910
00489930	Label	LAB_00489930
00489938	Label	LAB_00489938
00489940	Label	LAB_00489940
00489948	Function	FUN_00489948
00489950	Label	LAB_00489950
0048997c	Function	FUN_0048997c
00489980	Label	LAB_00489980
00489990	Label	LAB_00489990
004899a0	Function	FUN_004899a0
004899a8	Label	LAB_004899a8
004899cc	Label	LAB_004899cc
004899dc	Function	FUN_004899dc
004899e0	Label	LAB_004899e0
00489a28	Function	FUN_00489a28
00489a2c	Label	LAB_00489a2c
00489a68	Label	LAB_00489a68
00489a78	Function	FUN_00489a78
00489a84	Label	LAB_00489a84
00489ad0	Function	FUN_00489ad0
00489adc	Label	LAB_00489adc
00489b1c	Label	LAB_00489b1c
00489b2c	Function	FUN_00489b2c
00489b38	Label	LAB_00489b38
00489b80	Function	FUN_00489b80
00489b8c	Label	LAB_00489b8c
00489bc8	Label	LAB_00489bc8
00489bd8	Function	FUN_00489bd8
00489bf0	Label	LAB_00489bf0
00489c28	Label	LAB_00489c28
00489c38	Function	FUN_00489c38
00489c5c	Label	LAB_00489c5c
00489ce4	Label	LAB_00489ce4
00489cf4	Function	FUN_00489cf4
00489d0c	Label	LAB_00489d0c
00489d50	Label	LAB_00489d50
00489d58	Label	LAB_00489d58
00489d68	Label	LAB_00489d68
00489d7c	Function	FUN_00489d7c
00489da0	Label	LAB_00489da0
00489de4	Label	LAB_00489de4
00489e3c	Label	LAB_00489e3c
00489e4c	Label	LAB_00489e4c
00489e8c	Label	LAB_00489e8c
00489e9c	Label	LAB_00489e9c
00489eb0	Label	LAB_00489eb0
00489ec0	Function	FUN_00489ec0
00489ed8	Label	LAB_00489ed8
00489f14	Label	LAB_00489f14
00489f2c	Function	FUN_00489f2c
00489f50	Label	LAB_00489f50
00489fd8	Label	LAB_00489fd8
00489ff0	Function	FUN_00489ff0
0048a008	Label	LAB_0048a008
0048a050	Label	LAB_0048a050
0048a058	Label	LAB_0048a058
0048a06c	Label	LAB_0048a06c
0048a080	Function	FUN_0048a080
0048a0a4	Label	LAB_0048a0a4
0048a0f0	Label	LAB_0048a0f0
0048a144	Label	LAB_0048a144
0048a14c	Label	LAB_0048a14c
0048a158	Label	LAB_0048a158
0048a1a4	Label	LAB_0048a1a4
0048a1b4	Label	LAB_0048a1b4
0048a1c8	Label	LAB_0048a1c8
0048a1dc	Function	FUN_0048a1dc
0048a1f4	Label	LAB_0048a1f4
0048a238	Label	LAB_0048a238
0048a240	Label	LAB_0048a240
0048a250	Label	LAB_0048a250
0048a284	Function	FUN_0048a284
0048a2a8	Label	LAB_0048a2a8
0048a2ec	Label	LAB_0048a2ec
0048a344	Label	LAB_0048a344
0048a354	Label	LAB_0048a354
0048a394	Label	LAB_0048a394
0048a3a4	Label	LAB_0048a3a4
0048a3d4	Label	LAB_0048a3d4
0048a3e4	Function	FUN_0048a3e4
0048a3fc	Label	LAB_0048a3fc
0048a444	Label	LAB_0048a444
0048a44c	Label	LAB_0048a44c
0048a460	Label	LAB_0048a460
0048a490	Function	FUN_0048a490
0048a4b4	Label	LAB_0048a4b4
0048a500	Label	LAB_0048a500
0048a554	Label	LAB_0048a554
0048a55c	Label	LAB_0048a55c
0048a568	Label	LAB_0048a568
0048a5b4	Label	LAB_0048a5b4
0048a5c4	Label	LAB_0048a5c4
0048a5f0	Label	LAB_0048a5f0
0048a604	Function	FUN_0048a604
0048a620	Label	LAB_0048a620
0048a664	Label	LAB_0048a664
0048a66c	Label	LAB_0048a66c
0048a67c	Label	LAB_0048a67c
0048a6b4	Function	FUN_0048a6b4
0048a6e0	Label	LAB_0048a6e0
0048a72c	Label	LAB_0048a72c
0048a784	Label	LAB_0048a784
0048a794	Label	LAB_0048a794
0048a7d4	Label	LAB_0048a7d4
0048a7ec	Label	LAB_0048a7ec
0048a820	Label	LAB_0048a820
0048a830	Function	FUN_0048a830
0048a84c	Label	LAB_0048a84c
0048a894	Label	LAB_0048a894
0048a89c	Label	LAB_0048a89c
0048a8b0	Label	LAB_0048a8b0
0048a8e4	Function	FUN_0048a8e4
0048a924	Label	LAB_0048a924
0048a9b8	Label	LAB_0048a9b8
0048a9c0	Label	LAB_0048a9c0
0048a9e4	Label	LAB_0048a9e4
0048aa14	Function	FUN_0048aa14
0048aa2c	Label	LAB_0048aa2c
0048aa70	Label	LAB_0048aa70
0048aa78	Label	LAB_0048aa78
0048aa88	Label	LAB_0048aa88
0048aac0	Function	FUN_0048aac0
0048aae4	Label	LAB_0048aae4
0048ab28	Label	LAB_0048ab28
0048ab80	Label	LAB_0048ab80
0048ab90	Label	LAB_0048ab90
0048abd0	Label	LAB_0048abd0
0048abe0	Label	LAB_0048abe0
0048ac18	Label	LAB_0048ac18
0048ac28	Function	FUN_0048ac28
0048ac40	Label	LAB_0048ac40
0048ac88	Label	LAB_0048ac88
0048ac90	Label	LAB_0048ac90
0048aca4	Label	LAB_0048aca4
0048acd8	Function	FUN_0048acd8
0048acfc	Label	LAB_0048acfc
0048ad48	Label	LAB_0048ad48
0048ad9c	Label	LAB_0048ad9c
0048ada4	Label	LAB_0048ada4
0048adb0	Label	LAB_0048adb0
0048adfc	Label	LAB_0048adfc
0048ae0c	Label	LAB_0048ae0c
0048ae40	Label	LAB_0048ae40
0048ae54	Function	FUN_0048ae54
0048ae68	Label	LAB_0048ae68
0048ae8c	Label	LAB_0048ae8c
0048ae9c	Function	FUN_0048ae9c
0048aebc	Label	LAB_0048aebc
0048af30	Label	LAB_0048af30
0048af40	Function	FUN_0048af40
0048af54	Label	LAB_0048af54
0048af84	Label	LAB_0048af84
0048af8c	Label	LAB_0048af8c
0048af9c	Label	LAB_0048af9c
0048afb0	Function	FUN_0048afb0
0048afd0	Label	LAB_0048afd0
0048affc	Label	LAB_0048affc
0048b054	Label	LAB_0048b054
0048b064	Label	LAB_0048b064
0048b090	Label	LAB_0048b090
0048b09c	Label	LAB_0048b09c
0048b0b0	Label	LAB_0048b0b0
0048b0c0	Function	FUN_0048b0c0
0048b0d4	Label	LAB_0048b0d4
0048b104	Label	LAB_0048b104
0048b114	Function	FUN_0048b114
0048b134	Label	LAB_0048b134
0048b1b0	Label	LAB_0048b1b0
0048b1c0	Function	FUN_0048b1c0
0048b1d4	Label	LAB_0048b1d4
0048b20c	Label	LAB_0048b20c
0048b214	Label	LAB_0048b214
0048b224	Label	LAB_0048b224
0048b238	Function	FUN_0048b238
0048b258	Label	LAB_0048b258
0048b290	Label	LAB_0048b290
0048b2e4	Label	LAB_0048b2e4
0048b2ec	Label	LAB_0048b2ec
0048b2f4	Label	LAB_0048b2f4
0048b32c	Label	LAB_0048b32c
0048b338	Label	LAB_0048b338
0048b34c	Label	LAB_0048b34c
0048b35c	Function	FUN_0048b35c
0048b370	Label	LAB_0048b370
0048b3a0	Label	LAB_0048b3a0
0048b3a8	Label	LAB_0048b3a8
0048b3b8	Label	LAB_0048b3b8
0048b3ec	Function	FUN_0048b3ec
0048b40c	Label	LAB_0048b40c
0048b438	Label	LAB_0048b438
0048b490	Label	LAB_0048b490
0048b4a0	Label	LAB_0048b4a0
0048b4cc	Label	LAB_0048b4cc
0048b4d8	Label	LAB_0048b4d8
0048b508	Label	LAB_0048b508
0048b518	Function	FUN_0048b518
0048b52c	Label	LAB_0048b52c
0048b564	Label	LAB_0048b564
0048b56c	Label	LAB_0048b56c
0048b57c	Label	LAB_0048b57c
0048b5ac	Function	FUN_0048b5ac
0048b5cc	Label	LAB_0048b5cc
0048b604	Label	LAB_0048b604
0048b658	Label	LAB_0048b658
0048b660	Label	LAB_0048b660
0048b668	Label	LAB_0048b668
0048b6a0	Label	LAB_0048b6a0
0048b6ac	Label	LAB_0048b6ac
0048b6d8	Label	LAB_0048b6d8
0048b6e8	Function	FUN_0048b6e8
0048b700	Label	LAB_0048b700
0048b730	Label	LAB_0048b730
0048b738	Label	LAB_0048b738
0048b748	Label	LAB_0048b748
0048b780	Function	FUN_0048b780
0048b7a8	Label	LAB_0048b7a8
0048b7dc	Label	LAB_0048b7dc
0048b834	Label	LAB_0048b834
0048b844	Label	LAB_0048b844
0048b870	Label	LAB_0048b870
0048b884	Label	LAB_0048b884
0048b8b8	Label	LAB_0048b8b8
0048b8c8	Function	FUN_0048b8c8
0048b8e0	Label	LAB_0048b8e0
0048b918	Label	LAB_0048b918
0048b920	Label	LAB_0048b920
0048b930	Label	LAB_0048b930
0048b964	Function	FUN_0048b964
0048b98c	Label	LAB_0048b98c
0048b9cc	Label	LAB_0048b9cc
0048ba20	Label	LAB_0048ba20
0048ba28	Label	LAB_0048ba28
0048ba30	Label	LAB_0048ba30
0048ba68	Label	LAB_0048ba68
0048ba7c	Label	LAB_0048ba7c
0048baac	Label	LAB_0048baac
0048babc	Function	FUN_0048babc
0048bad0	Label	LAB_0048bad0
0048bb00	Label	LAB_0048bb00
0048bb08	Label	LAB_0048bb08
0048bb18	Label	LAB_0048bb18
0048bb50	Function	FUN_0048bb50
0048bb70	Label	LAB_0048bb70
0048bb9c	Label	LAB_0048bb9c
0048bbf4	Label	LAB_0048bbf4
0048bc04	Label	LAB_0048bc04
0048bc30	Label	LAB_0048bc30
0048bc3c	Label	LAB_0048bc3c
0048bc74	Label	LAB_0048bc74
0048bc84	Function	FUN_0048bc84
0048bc98	Label	LAB_0048bc98
0048bcd0	Label	LAB_0048bcd0
0048bcd8	Label	LAB_0048bcd8
0048bce8	Label	LAB_0048bce8
0048bd1c	Function	FUN_0048bd1c
0048bd3c	Label	LAB_0048bd3c
0048bd74	Label	LAB_0048bd74
0048bdc8	Label	LAB_0048bdc8
0048bdd0	Label	LAB_0048bdd0
0048bdd8	Label	LAB_0048bdd8
0048be10	Label	LAB_0048be10
0048be1c	Label	LAB_0048be1c
0048be50	Label	LAB_0048be50
0048be60	Function	FUN_0048be60
0048be70	Label	LAB_0048be70
0048be8c	Label	LAB_0048be8c
0048be9c	Function	FUN_0048be9c
0048bebc	Label	LAB_0048bebc
0048bf28	Label	LAB_0048bf28
0048bf38	Function	FUN_0048bf38
0048bf48	Label	LAB_0048bf48
0048bf70	Label	LAB_0048bf70
0048bf78	Label	LAB_0048bf78
0048bf88	Label	LAB_0048bf88
0048bf9c	Function	FUN_0048bf9c
0048bfbc	Label	LAB_0048bfbc
0048c030	Label	LAB_0048c030
0048c038	Label	LAB_0048c038
0048c048	Label	LAB_0048c048
0048c05c	Function	FUN_0048c05c
0048c06c	Label	LAB_0048c06c
0048c094	Label	LAB_0048c094
0048c0a4	Function	FUN_0048c0a4
0048c0c4	Label	LAB_0048c0c4
0048c138	Label	LAB_0048c138
0048c148	Function	FUN_0048c148
0048c158	Label	LAB_0048c158
0048c188	Label	LAB_0048c188
0048c190	Label	LAB_0048c190
0048c1a0	Label	LAB_0048c1a0
0048c1b4	Function	FUN_0048c1b4
0048c1d4	Label	LAB_0048c1d4
0048c250	Label	LAB_0048c250
0048c258	Label	LAB_0048c258
0048c268	Label	LAB_0048c268
0048c27c	Function	FUN_0048c27c
0048c28c	Label	LAB_0048c28c
0048c2b4	Label	LAB_0048c2b4
0048c2bc	Label	LAB_0048c2bc
0048c2cc	Label	LAB_0048c2cc
0048c300	Function	FUN_0048c300
0048c320	Label	LAB_0048c320
0048c394	Label	LAB_0048c394
0048c39c	Label	LAB_0048c39c
0048c3ac	Label	LAB_0048c3ac
0048c3dc	Function	FUN_0048c3dc
0048c3ec	Label	LAB_0048c3ec
0048c41c	Label	LAB_0048c41c
0048c424	Label	LAB_0048c424
0048c434	Label	LAB_0048c434
0048c464	Function	FUN_0048c464
0048c484	Label	LAB_0048c484
0048c500	Label	LAB_0048c500
0048c508	Label	LAB_0048c508
0048c518	Label	LAB_0048c518
0048c544	Function	FUN_0048c544
0048c558	Label	LAB_0048c558
0048c580	Label	LAB_0048c580
0048c588	Label	LAB_0048c588
0048c598	Label	LAB_0048c598
0048c5d0	Function	FUN_0048c5d0
0048c5f8	Label	LAB_0048c5f8
0048c620	Label	LAB_0048c620
0048c678	Label	LAB_0048c678
0048c688	Label	LAB_0048c688
0048c6ac	Label	LAB_0048c6ac
0048c6bc	Label	LAB_0048c6bc
0048c6f0	Label	LAB_0048c6f0
0048c700	Function	FUN_0048c700
0048c714	Label	LAB_0048c714
0048c744	Label	LAB_0048c744
0048c74c	Label	LAB_0048c74c
0048c75c	Label	LAB_0048c75c
0048c790	Function	FUN_0048c790
0048c7b8	Label	LAB_0048c7b8
0048c7ec	Label	LAB_0048c7ec
0048c840	Label	LAB_0048c840
0048c848	Label	LAB_0048c848
0048c850	Label	LAB_0048c850
0048c880	Label	LAB_0048c880
0048c890	Label	LAB_0048c890
0048c8c0	Label	LAB_0048c8c0
0048c8d0	Function	FUN_0048c8d0
0048c8e0	Label	LAB_0048c8e0
0048c908	Label	LAB_0048c908
0048c910	Label	LAB_0048c910
0048c920	Label	LAB_0048c920
0048c958	Function	FUN_0048c958
0048c978	Label	LAB_0048c978
0048c9ec	Label	LAB_0048c9ec
0048c9f4	Label	LAB_0048c9f4
0048ca04	Label	LAB_0048ca04
0048ca3c	Function	FUN_0048ca3c
0048ca4c	Label	LAB_0048ca4c
0048ca7c	Label	LAB_0048ca7c
0048ca84	Label	LAB_0048ca84
0048ca94	Label	LAB_0048ca94
0048cac8	Function	FUN_0048cac8
0048cae8	Label	LAB_0048cae8
0048cb64	Label	LAB_0048cb64
0048cb6c	Label	LAB_0048cb6c
0048cb7c	Label	LAB_0048cb7c
0048cbb0	Function	FUN_0048cbb0
0048cbcc	Label	LAB_0048cbcc
0048cc08	Label	LAB_0048cc08
0048cc18	Function	FUN_0048cc18
0048cc40	Label	LAB_0048cc40
0048ccc4	Label	LAB_0048ccc4
0048ccd4	Function	FUN_0048ccd4
0048ccf0	Label	LAB_0048ccf0
0048cd30	Label	LAB_0048cd30
0048cd38	Label	LAB_0048cd38
0048cd48	Label	LAB_0048cd48
0048cd5c	Function	FUN_0048cd5c
0048cd84	Label	LAB_0048cd84
0048cdc4	Label	LAB_0048cdc4
0048ce18	Label	LAB_0048ce18
0048ce28	Label	LAB_0048ce28
0048ce68	Label	LAB_0048ce68
0048ce74	Label	LAB_0048ce74
0048ce88	Label	LAB_0048ce88
0048ce98	Function	FUN_0048ce98
0048ceb4	Label	LAB_0048ceb4
0048cef0	Label	LAB_0048cef0
0048cf08	Function	FUN_0048cf08
0048cf30	Label	LAB_0048cf30
0048cfb4	Label	LAB_0048cfb4
0048cfcc	Function	FUN_0048cfcc
0048cfe8	Label	LAB_0048cfe8
0048d030	Label	LAB_0048d030
0048d038	Label	LAB_0048d038
0048d04c	Label	LAB_0048d04c
0048d060	Function	FUN_0048d060
0048d094	Label	LAB_0048d094
0048d124	Label	LAB_0048d124
0048d12c	Label	LAB_0048d12c
0048d148	Label	LAB_0048d148
0048d15c	Function	FUN_0048d15c
0048d178	Label	LAB_0048d178
0048d1b8	Label	LAB_0048d1b8
0048d1c0	Label	LAB_0048d1c0
0048d1d0	Label	LAB_0048d1d0
0048d204	Function	FUN_0048d204
0048d22c	Label	LAB_0048d22c
0048d26c	Label	LAB_0048d26c
0048d2c0	Label	LAB_0048d2c0
0048d2d0	Label	LAB_0048d2d0
0048d310	Label	LAB_0048d310
0048d31c	Label	LAB_0048d31c
0048d34c	Label	LAB_0048d34c
0048d35c	Function	FUN_0048d35c
0048d378	Label	LAB_0048d378
0048d3c0	Label	LAB_0048d3c0
0048d3c8	Label	LAB_0048d3c8
0048d3dc	Label	LAB_0048d3dc
0048d408	Function	FUN_0048d408
0048d43c	Label	LAB_0048d43c
0048d4cc	Label	LAB_0048d4cc
0048d4d4	Label	LAB_0048d4d4
0048d4f0	Label	LAB_0048d4f0
0048d51c	Function	FUN_0048d51c
0048d53c	Label	LAB_0048d53c
0048d57c	Label	LAB_0048d57c
0048d584	Label	LAB_0048d584
0048d594	Label	LAB_0048d594
0048d5cc	Function	FUN_0048d5cc
0048d610	Label	LAB_0048d610
0048d69c	Label	LAB_0048d69c
0048d6a4	Label	LAB_0048d6a4
0048d6c4	Label	LAB_0048d6c4
0048d6f8	Function	FUN_0048d6f8
0048d718	Label	LAB_0048d718
0048d760	Label	LAB_0048d760
0048d768	Label	LAB_0048d768
0048d77c	Label	LAB_0048d77c
0048d7ac	Function	FUN_0048d7ac
0048d7f0	Label	LAB_0048d7f0
0048d880	Label	LAB_0048d880
0048d888	Label	LAB_0048d888
0048d8ac	Label	LAB_0048d8ac
0048d8dc	Function	FUN_0048d8dc
0048d8f8	Label	LAB_0048d8f8
0048d938	Label	LAB_0048d938
0048d940	Label	LAB_0048d940
0048d950	Label	LAB_0048d950
0048d988	Function	FUN_0048d988
0048d9b0	Label	LAB_0048d9b0
0048d9f0	Label	LAB_0048d9f0
0048da44	Label	LAB_0048da44
0048da54	Label	LAB_0048da54
0048da94	Label	LAB_0048da94
0048daa0	Label	LAB_0048daa0
0048dad8	Label	LAB_0048dad8
0048dae8	Function	FUN_0048dae8
0048db04	Label	LAB_0048db04
0048db4c	Label	LAB_0048db4c
0048db54	Label	LAB_0048db54
0048db68	Label	LAB_0048db68
0048db9c	Function	FUN_0048db9c
0048dbd0	Label	LAB_0048dbd0
0048dc60	Label	LAB_0048dc60
0048dc68	Label	LAB_0048dc68
0048dc84	Label	LAB_0048dc84
0048dcb8	Function	FUN_0048dcb8
0048dcd0	Label	LAB_0048dcd0
0048dcf8	Label	LAB_0048dcf8
0048dd08	Function	FUN_0048dd08
0048dd2c	Label	LAB_0048dd2c
0048dd9c	Label	LAB_0048dd9c
0048ddac	Function	FUN_0048ddac
0048ddc4	Label	LAB_0048ddc4
0048ddf0	Label	LAB_0048ddf0
0048ddf8	Label	LAB_0048ddf8
0048de08	Label	LAB_0048de08
0048de1c	Function	FUN_0048de1c
0048de40	Label	LAB_0048de40
0048deb8	Label	LAB_0048deb8
0048dec0	Label	LAB_0048dec0
0048ded0	Label	LAB_0048ded0
0048dee4	Function	FUN_0048dee4
0048defc	Label	LAB_0048defc
0048df2c	Label	LAB_0048df2c
0048df3c	Function	FUN_0048df3c
0048df60	Label	LAB_0048df60
0048dfd8	Label	LAB_0048dfd8
0048dfe8	Function	FUN_0048dfe8
0048e000	Label	LAB_0048e000
0048e038	Label	LAB_0048e038
0048e040	Label	LAB_0048e040
0048e050	Label	LAB_0048e050
0048e064	Function	FUN_0048e064
0048e088	Label	LAB_0048e088
0048e0c0	Label	LAB_0048e0c0
0048e110	Label	LAB_0048e110
0048e118	Label	LAB_0048e118
0048e120	Label	LAB_0048e120
0048e158	Label	LAB_0048e158
0048e164	Label	LAB_0048e164
0048e178	Label	LAB_0048e178
0048e188	Function	FUN_0048e188
0048e1a0	Label	LAB_0048e1a0
0048e1cc	Label	LAB_0048e1cc
0048e1d4	Label	LAB_0048e1d4
0048e1e4	Label	LAB_0048e1e4
0048e218	Function	FUN_0048e218
0048e23c	Label	LAB_0048e23c
0048e2b4	Label	LAB_0048e2b4
0048e2bc	Label	LAB_0048e2bc
0048e2cc	Label	LAB_0048e2cc
0048e2fc	Function	FUN_0048e2fc
0048e314	Label	LAB_0048e314
0048e34c	Label	LAB_0048e34c
0048e354	Label	LAB_0048e354
0048e364	Label	LAB_0048e364
0048e390	Function	FUN_0048e390
0048e3b4	Label	LAB_0048e3b4
0048e3ec	Label	LAB_0048e3ec
0048e43c	Label	LAB_0048e43c
0048e444	Label	LAB_0048e444
0048e44c	Label	LAB_0048e44c
0048e484	Label	LAB_0048e484
0048e490	Label	LAB_0048e490
0048e4bc	Label	LAB_0048e4bc
0048e4cc	Function	FUN_0048e4cc
0048e4e8	Label	LAB_0048e4e8
0048e514	Label	LAB_0048e514
0048e51c	Label	LAB_0048e51c
0048e52c	Label	LAB_0048e52c
0048e564	Function	FUN_0048e564
0048e590	Label	LAB_0048e590
0048e5c4	Label	LAB_0048e5c4
0048e618	Label	LAB_0048e618
0048e628	Label	LAB_0048e628
0048e654	Label	LAB_0048e654
0048e668	Label	LAB_0048e668
0048e69c	Label	LAB_0048e69c
0048e6ac	Function	FUN_0048e6ac
0048e6c8	Label	LAB_0048e6c8
0048e700	Label	LAB_0048e700
0048e708	Label	LAB_0048e708
0048e718	Label	LAB_0048e718
0048e748	Function	FUN_0048e748
0048e774	Label	LAB_0048e774
0048e7b4	Label	LAB_0048e7b4
0048e804	Label	LAB_0048e804
0048e80c	Label	LAB_0048e80c
0048e814	Label	LAB_0048e814
0048e84c	Label	LAB_0048e84c
0048e860	Label	LAB_0048e860
0048e890	Label	LAB_0048e890
0048e8a0	Function	FUN_0048e8a0
0048e8b8	Label	LAB_0048e8b8
0048e8e4	Label	LAB_0048e8e4
0048e8ec	Label	LAB_0048e8ec
0048e8fc	Label	LAB_0048e8fc
0048e934	Function	FUN_0048e934
0048e958	Label	LAB_0048e958
0048e9d0	Label	LAB_0048e9d0
0048e9d8	Label	LAB_0048e9d8
0048e9e8	Label	LAB_0048e9e8
0048ea20	Function	FUN_0048ea20
0048ea38	Label	LAB_0048ea38
0048ea70	Label	LAB_0048ea70
0048ea78	Label	LAB_0048ea78
0048ea88	Label	LAB_0048ea88
0048eabc	Function	FUN_0048eabc
0048eae0	Label	LAB_0048eae0
0048eb18	Label	LAB_0048eb18
0048eb68	Label	LAB_0048eb68
0048eb70	Label	LAB_0048eb70
0048eb78	Label	LAB_0048eb78
0048ebb0	Label	LAB_0048ebb0
0048ebbc	Label	LAB_0048ebbc
0048ebf0	Label	LAB_0048ebf0
0048ec00	Function	FUN_0048ec00
0048ec14	Label	LAB_0048ec14
0048ec34	Label	LAB_0048ec34
0048ec44	Function	FUN_0048ec44
0048ec68	Label	LAB_0048ec68
0048ecd0	Label	LAB_0048ecd0
0048ece0	Function	FUN_0048ece0
0048ecf4	Label	LAB_0048ecf4
0048ed18	Label	LAB_0048ed18
0048ed20	Label	LAB_0048ed20
0048ed30	Label	LAB_0048ed30
0048ed44	Function	FUN_0048ed44
0048ed68	Label	LAB_0048ed68
0048edd8	Label	LAB_0048edd8
0048ede0	Label	LAB_0048ede0
0048edf0	Label	LAB_0048edf0
0048ee04	Function	FUN_0048ee04
0048ee18	Label	LAB_0048ee18
0048ee40	Label	LAB_0048ee40
0048ee50	Function	FUN_0048ee50
0048ee74	Label	LAB_0048ee74
0048eee4	Label	LAB_0048eee4
0048eef4	Function	FUN_0048eef4
0048ef08	Label	LAB_0048ef08
0048ef38	Label	LAB_0048ef38
0048ef40	Label	LAB_0048ef40
0048ef50	Label	LAB_0048ef50
0048ef64	Function	FUN_0048ef64
0048ef88	Label	LAB_0048ef88
0048f000	Label	LAB_0048f000
0048f008	Label	LAB_0048f008
0048f018	Label	LAB_0048f018
0048f02c	Function	FUN_0048f02c
0048f040	Label	LAB_0048f040
0048f064	Label	LAB_0048f064
0048f06c	Label	LAB_0048f06c
0048f07c	Label	LAB_0048f07c
0048f0b0	Function	FUN_0048f0b0
0048f0d4	Label	LAB_0048f0d4
0048f144	Label	LAB_0048f144
0048f14c	Label	LAB_0048f14c
0048f15c	Label	LAB_0048f15c
0048f18c	Function	FUN_0048f18c
0048f1a0	Label	LAB_0048f1a0
0048f1d0	Label	LAB_0048f1d0
0048f1d8	Label	LAB_0048f1d8
0048f1e8	Label	LAB_0048f1e8
0048f214	Function	FUN_0048f214
0048f238	Label	LAB_0048f238
0048f2b0	Label	LAB_0048f2b0
0048f2b8	Label	LAB_0048f2b8
0048f2c8	Label	LAB_0048f2c8
0048f2f4	Function	FUN_0048f2f4
0048f30c	Label	LAB_0048f30c
0048f330	Label	LAB_0048f330
0048f338	Label	LAB_0048f338
0048f348	Label	LAB_0048f348
0048f380	Function	FUN_0048f380
0048f3ac	Label	LAB_0048f3ac
0048f3d0	Label	LAB_0048f3d0
0048f424	Label	LAB_0048f424
0048f434	Label	LAB_0048f434
0048f458	Label	LAB_0048f458
0048f464	Label	LAB_0048f464
0048f498	Label	LAB_0048f498
0048f4a8	Function	FUN_0048f4a8
0048f4c0	Label	LAB_0048f4c0
0048f4f0	Label	LAB_0048f4f0
0048f4f8	Label	LAB_0048f4f8
0048f508	Label	LAB_0048f508
0048f538	Function	FUN_0048f538
0048f564	Label	LAB_0048f564
0048f598	Label	LAB_0048f598
0048f5e8	Label	LAB_0048f5e8
0048f5f0	Label	LAB_0048f5f0
0048f5f8	Label	LAB_0048f5f8
0048f628	Label	LAB_0048f628
0048f638	Label	LAB_0048f638
0048f668	Label	LAB_0048f668
0048f678	Function	FUN_0048f678
0048f68c	Label	LAB_0048f68c
0048f6b0	Label	LAB_0048f6b0
0048f6b8	Label	LAB_0048f6b8
0048f6c8	Label	LAB_0048f6c8
0048f700	Function	FUN_0048f700
0048f724	Label	LAB_0048f724
0048f794	Label	LAB_0048f794
0048f79c	Label	LAB_0048f79c
0048f7ac	Label	LAB_0048f7ac
0048f7e4	Function	FUN_0048f7e4
0048f7f8	Label	LAB_0048f7f8
0048f828	Label	LAB_0048f828
0048f830	Label	LAB_0048f830
0048f840	Label	LAB_0048f840
0048f874	Function	FUN_0048f874
0048f898	Label	LAB_0048f898
0048f910	Label	LAB_0048f910
0048f918	Label	LAB_0048f918
0048f928	Label	LAB_0048f928
0048f95c	Function	FUN_0048f95c
0048f9b4	Label	LAB_0048f9b4
0048fa54	Label	LAB_0048fa54
0048fa74	Function	FUN_0048fa74
0048fad4	Label	LAB_0048fad4
0048fb7c	Label	LAB_0048fb7c
0048fb84	Label	LAB_0048fb84
0048fbac	Label	LAB_0048fbac
0048fbc0	Function	FUN_0048fbc0
0048fc18	Label	LAB_0048fc18
0048fcac	Label	LAB_0048fcac
0048fce0	Function	FUN_0048fce0
0048fd40	Label	LAB_0048fd40
0048fde8	Label	LAB_0048fde8
0048fdf0	Label	LAB_0048fdf0
0048fe20	Label	LAB_0048fe20
0048fe34	Function	FUN_0048fe34
0048fe94	Label	LAB_0048fe94
0048ff3c	Label	LAB_0048ff3c
0048ff44	Label	LAB_0048ff44
0048ff6c	Label	LAB_0048ff6c
0048ff9c	Function	FUN_0048ff9c
0048fff8	Label	LAB_0048fff8
004900a0	Label	LAB_004900a0
004900a8	Label	LAB_004900a8
004900d4	Label	LAB_004900d4
00490100	Function	FUN_00490100
00490170	Label	LAB_00490170
00490218	Label	LAB_00490218
00490220	Label	LAB_00490220
00490250	Label	LAB_00490250
00490284	Function	FUN_00490284
004902f4	Label	LAB_004902f4
0049039c	Label	LAB_0049039c
004903a4	Label	LAB_004903a4
004903dc	Label	LAB_004903dc
0049040c	Function	FUN_0049040c
0049046c	Label	LAB_0049046c
00490514	Label	LAB_00490514
0049051c	Label	LAB_0049051c
00490544	Label	LAB_00490544
0049057c	Function	FUN_0049057c
004905dc	Label	LAB_004905dc
00490684	Label	LAB_00490684
0049068c	Label	LAB_0049068c
004906bc	Label	LAB_004906bc
004906f0	Function	FUN_004906f0
00490748	Label	LAB_00490748
004907d8	Label	LAB_004907d8
004907f8	Function	FUN_004907f8
00490858	Label	LAB_00490858
004908f0	Label	LAB_004908f0
004908f8	Label	LAB_004908f8
00490920	Label	LAB_00490920
00490934	Function	FUN_00490934
0049098c	Label	LAB_0049098c
00490a10	Label	LAB_00490a10
00490a44	Function	FUN_00490a44
00490aa4	Label	LAB_00490aa4
00490b3c	Label	LAB_00490b3c
00490b44	Label	LAB_00490b44
00490b74	Label	LAB_00490b74
00490b88	Function	FUN_00490b88
00490be8	Label	LAB_00490be8
00490c80	Label	LAB_00490c80
00490c88	Label	LAB_00490c88
00490cb0	Label	LAB_00490cb0
00490ce0	Function	FUN_00490ce0
00490d3c	Label	LAB_00490d3c
00490dd4	Label	LAB_00490dd4
00490ddc	Label	LAB_00490ddc
00490e08	Label	LAB_00490e08
00490e34	Function	FUN_00490e34
00490ea4	Label	LAB_00490ea4
00490f3c	Label	LAB_00490f3c
00490f44	Label	LAB_00490f44
00490f74	Label	LAB_00490f74
00490fa8	Function	FUN_00490fa8
0049101c	Label	LAB_0049101c
004910b4	Label	LAB_004910b4
004910bc	Label	LAB_004910bc
004910f4	Label	LAB_004910f4
00491124	Function	FUN_00491124
00491184	Label	LAB_00491184
0049121c	Label	LAB_0049121c
00491224	Label	LAB_00491224
0049124c	Label	LAB_0049124c
00491284	Function	FUN_00491284
004912e4	Label	LAB_004912e4
0049137c	Label	LAB_0049137c
00491384	Label	LAB_00491384
004913b4	Label	LAB_004913b4
004913e8	Function	FUN_004913e8
00491428	Label	LAB_00491428
0049146c	Label	LAB_0049146c
004914c4	Label	LAB_004914c4
00491500	Label	LAB_00491500
00491514	Label	LAB_00491514
00491524	Function	FUN_00491524
0049157c	Label	LAB_0049157c
00491608	Label	LAB_00491608
00491610	Label	LAB_00491610
00491634	Label	LAB_00491634
00491648	Function	FUN_00491648
00491698	Label	LAB_00491698
00491714	Label	LAB_00491714
00491740	Function	FUN_00491740
00491798	Label	LAB_00491798
00491824	Label	LAB_00491824
0049182c	Label	LAB_0049182c
00491858	Label	LAB_00491858
0049186c	Function	FUN_0049186c
004918c4	Label	LAB_004918c4
00491950	Label	LAB_00491950
00491958	Label	LAB_00491958
0049197c	Label	LAB_0049197c
004919ac	Function	FUN_004919ac
00491a04	Label	LAB_00491a04
00491a90	Label	LAB_00491a90
00491a98	Label	LAB_00491a98
00491ac4	Label	LAB_00491ac4
00491af0	Function	FUN_00491af0
00491b58	Label	LAB_00491b58
00491be4	Label	LAB_00491be4
00491bec	Label	LAB_00491bec
00491c18	Label	LAB_00491c18
00491c4c	Function	FUN_00491c4c
00491cb4	Label	LAB_00491cb4
00491d40	Label	LAB_00491d40
00491d48	Label	LAB_00491d48
00491d7c	Label	LAB_00491d7c
00491dac	Function	FUN_00491dac
00491e04	Label	LAB_00491e04
00491e90	Label	LAB_00491e90
00491e98	Label	LAB_00491e98
00491ebc	Label	LAB_00491ebc
00491ef4	Function	FUN_00491ef4
00491f4c	Label	LAB_00491f4c
00491fd8	Label	LAB_00491fd8
00491fe0	Label	LAB_00491fe0
0049200c	Label	LAB_0049200c
00492040	Function	FUN_00492040
00492098	Label	LAB_00492098
00492148	Label	LAB_00492148
0049216c	Function	FUN_0049216c
004921c8	Label	LAB_004921c8
00492280	Label	LAB_00492280
00492288	Label	LAB_00492288
004922b0	Label	LAB_004922b0
004922c4	Function	FUN_004922c4
0049231c	Label	LAB_0049231c
004923bc	Label	LAB_004923bc
004923f8	Function	FUN_004923f8
00492454	Label	LAB_00492454
00492508	Label	LAB_00492508
00492510	Label	LAB_00492510
00492544	Label	LAB_00492544
00492558	Function	FUN_00492558
004925b4	Label	LAB_004925b4
0049266c	Label	LAB_0049266c
00492674	Label	LAB_00492674
0049269c	Label	LAB_0049269c
004926cc	Function	FUN_004926cc
00492728	Label	LAB_00492728
004927dc	Label	LAB_004927dc
004927e4	Label	LAB_004927e4
00492818	Label	LAB_00492818
00492844	Function	FUN_00492844
004928b0	Label	LAB_004928b0
00492968	Label	LAB_00492968
00492970	Label	LAB_00492970
004929a0	Label	LAB_004929a0
004929d4	Function	FUN_004929d4
00492a40	Label	LAB_00492a40
00492af4	Label	LAB_00492af4
00492afc	Label	LAB_00492afc
00492b38	Label	LAB_00492b38
00492b68	Function	FUN_00492b68
00492bc4	Label	LAB_00492bc4
00492c7c	Label	LAB_00492c7c
00492c84	Label	LAB_00492c84
00492cac	Label	LAB_00492cac
00492ce4	Function	FUN_00492ce4
00492d40	Label	LAB_00492d40
00492df4	Label	LAB_00492df4
00492dfc	Label	LAB_00492dfc
00492e30	Label	LAB_00492e30
00492e64	Function	FUN_00492e64
00492ebc	Label	LAB_00492ebc
00492f5c	Label	LAB_00492f5c
00492f80	Function	FUN_00492f80
00492fdc	Label	LAB_00492fdc
00493084	Label	LAB_00493084
0049308c	Label	LAB_0049308c
004930b4	Label	LAB_004930b4
004930c8	Function	FUN_004930c8
00493120	Label	LAB_00493120
004931b0	Label	LAB_004931b0
004931ec	Function	FUN_004931ec
00493248	Label	LAB_00493248
004932ec	Label	LAB_004932ec
004932f4	Label	LAB_004932f4
00493328	Label	LAB_00493328
0049333c	Function	FUN_0049333c
00493398	Label	LAB_00493398
00493440	Label	LAB_00493440
00493448	Label	LAB_00493448
00493470	Label	LAB_00493470
004934a0	Function	FUN_004934a0
004934fc	Label	LAB_004934fc
004935a0	Label	LAB_004935a0
004935a8	Label	LAB_004935a8
004935dc	Label	LAB_004935dc
00493608	Function	FUN_00493608
00493674	Label	LAB_00493674
0049371c	Label	LAB_0049371c
00493724	Label	LAB_00493724
00493754	Label	LAB_00493754
00493788	Function	FUN_00493788
004937f4	Label	LAB_004937f4
00493898	Label	LAB_00493898
004938a0	Label	LAB_004938a0
004938dc	Label	LAB_004938dc
0049390c	Function	FUN_0049390c
00493968	Label	LAB_00493968
00493a10	Label	LAB_00493a10
00493a18	Label	LAB_00493a18
00493a40	Label	LAB_00493a40
00493a78	Function	FUN_00493a78
00493ad4	Label	LAB_00493ad4
00493b78	Label	LAB_00493b78
00493b80	Label	LAB_00493b80
00493bb4	Label	LAB_00493bb4
00493be8	Function	FUN_00493be8
00493c38	Label	LAB_00493c38
00493ccc	Label	LAB_00493ccc
00493cec	Function	FUN_00493cec
00493d40	Label	LAB_00493d40
00493ddc	Label	LAB_00493ddc
00493de4	Label	LAB_00493de4
00493e08	Label	LAB_00493e08
00493e1c	Function	FUN_00493e1c
00493e58	Label	LAB_00493e58
00493e84	Label	LAB_00493e84
00493ef4	Label	LAB_00493ef4
00493f10	Label	LAB_00493f10
00493f44	Label	LAB_00493f44
00493f5c	Label	LAB_00493f5c
00493f80	Function	FUN_00493f80
00493fbc	Label	LAB_00493fbc
00494000	Label	LAB_00494000
0049406c	Label	LAB_0049406c
00494074	Label	LAB_00494074
00494088	Label	LAB_00494088
004940c8	Label	LAB_004940c8
004940e4	Label	LAB_004940e4
004940f8	Label	LAB_004940f8
00494114	Function	FUN_00494114
00494168	Label	LAB_00494168
00494204	Label	LAB_00494204
0049420c	Label	LAB_0049420c
00494230	Label	LAB_00494230
00494260	Function	FUN_00494260
0049429c	Label	LAB_0049429c
004942e0	Label	LAB_004942e0
0049434c	Label	LAB_0049434c
00494354	Label	LAB_00494354
00494368	Label	LAB_00494368
004943a8	Label	LAB_004943a8
004943c4	Label	LAB_004943c4
004943f0	Label	LAB_004943f0
0049440c	Function	FUN_0049440c
00494470	Label	LAB_00494470
0049450c	Label	LAB_0049450c
00494514	Label	LAB_00494514
00494540	Label	LAB_00494540
00494574	Function	FUN_00494574
004945d8	Label	LAB_004945d8
00494670	Label	LAB_00494670
00494678	Label	LAB_00494678
004946b0	Label	LAB_004946b0
004946e0	Function	FUN_004946e0
00494734	Label	LAB_00494734
004947d0	Label	LAB_004947d0
004947d8	Label	LAB_004947d8
004947fc	Label	LAB_004947fc
00494834	Function	FUN_00494834
00494870	Label	LAB_00494870
004948b4	Label	LAB_004948b4
00494920	Label	LAB_00494920
00494928	Label	LAB_00494928
0049493c	Label	LAB_0049493c
0049497c	Label	LAB_0049497c
00494998	Label	LAB_00494998
004949cc	Label	LAB_004949cc
004949e8	Function	FUN_004949e8
00494a44	Label	LAB_00494a44
00494ae0	Label	LAB_00494ae0
00494b00	Function	FUN_00494b00
00494b64	Label	LAB_00494b64
00494c08	Label	LAB_00494c08
00494c10	Label	LAB_00494c10
00494c38	Label	LAB_00494c38
00494c4c	Function	FUN_00494c4c
00494ca8	Label	LAB_00494ca8
00494d38	Label	LAB_00494d38
00494d6c	Function	FUN_00494d6c
00494dd0	Label	LAB_00494dd0
00494e74	Label	LAB_00494e74
00494e7c	Label	LAB_00494e7c
00494eac	Label	LAB_00494eac
00494ec0	Function	FUN_00494ec0
00494f20	Label	LAB_00494f20
00494fc4	Label	LAB_00494fc4
00494fcc	Label	LAB_00494fcc
00494ff0	Label	LAB_00494ff0
00495020	Function	FUN_00495020
00495084	Label	LAB_00495084
00495128	Label	LAB_00495128
00495130	Label	LAB_00495130
00495160	Label	LAB_00495160
0049518c	Function	FUN_0049518c
00495200	Label	LAB_00495200
004952a4	Label	LAB_004952a4
004952ac	Label	LAB_004952ac
004952dc	Label	LAB_004952dc
00495310	Function	FUN_00495310
00495384	Label	LAB_00495384
00495428	Label	LAB_00495428
00495430	Label	LAB_00495430
00495468	Label	LAB_00495468
00495498	Function	FUN_00495498
004954fc	Label	LAB_004954fc
004955a0	Label	LAB_004955a0
004955a8	Label	LAB_004955a8
004955d0	Label	LAB_004955d0
00495608	Function	FUN_00495608
0049566c	Label	LAB_0049566c
00495710	Label	LAB_00495710
00495718	Label	LAB_00495718
00495748	Label	LAB_00495748
0049577c	Function	FUN_0049577c
004957d8	Label	LAB_004957d8
00495864	Label	LAB_00495864
00495884	Function	FUN_00495884
004958e8	Label	LAB_004958e8
0049597c	Label	LAB_0049597c
00495984	Label	LAB_00495984
004959ac	Label	LAB_004959ac
004959c0	Function	FUN_004959c0
00495a1c	Label	LAB_00495a1c
00495a9c	Label	LAB_00495a9c
00495ad0	Function	FUN_00495ad0
00495b34	Label	LAB_00495b34
00495bc8	Label	LAB_00495bc8
00495bd0	Label	LAB_00495bd0
00495c00	Label	LAB_00495c00
00495c14	Function	FUN_00495c14
00495c78	Label	LAB_00495c78
00495d0c	Label	LAB_00495d0c
00495d14	Label	LAB_00495d14
00495d3c	Label	LAB_00495d3c
00495d6c	Function	FUN_00495d6c
00495dd0	Label	LAB_00495dd0
00495e64	Label	LAB_00495e64
00495e6c	Label	LAB_00495e6c
00495e9c	Label	LAB_00495e9c
00495ec8	Function	FUN_00495ec8
00495f38	Label	LAB_00495f38
00495fcc	Label	LAB_00495fcc
00495fd4	Label	LAB_00495fd4
00496000	Label	LAB_00496000
00496034	Function	FUN_00496034
004960ac	Label	LAB_004960ac
00496140	Label	LAB_00496140
00496148	Label	LAB_00496148
00496180	Label	LAB_00496180
004961b0	Function	FUN_004961b0
00496214	Label	LAB_00496214
004962a8	Label	LAB_004962a8
004962b0	Label	LAB_004962b0
004962d8	Label	LAB_004962d8
00496310	Function	FUN_00496310
00496374	Label	LAB_00496374
00496408	Label	LAB_00496408
00496410	Label	LAB_00496410
00496440	Label	LAB_00496440
00496474	Function	FUN_00496474
004964c8	Label	LAB_004964c8
00496548	Label	LAB_00496548
00496564	Function	FUN_00496564
004965c0	Label	LAB_004965c0
00496648	Label	LAB_00496648
00496650	Label	LAB_00496650
00496674	Label	LAB_00496674
00496688	Function	FUN_00496688
004966dc	Label	LAB_004966dc
00496754	Label	LAB_00496754
00496780	Function	FUN_00496780
004967dc	Label	LAB_004967dc
00496864	Label	LAB_00496864
0049686c	Label	LAB_0049686c
00496898	Label	LAB_00496898
004968ac	Function	FUN_004968ac
00496908	Label	LAB_00496908
00496990	Label	LAB_00496990
00496998	Label	LAB_00496998
004969bc	Label	LAB_004969bc
004969ec	Function	FUN_004969ec
00496a48	Label	LAB_00496a48
00496ad0	Label	LAB_00496ad0
00496ad8	Label	LAB_00496ad8
00496b04	Label	LAB_00496b04
00496b30	Function	FUN_00496b30
00496b98	Label	LAB_00496b98
00496c20	Label	LAB_00496c20
00496c28	Label	LAB_00496c28
00496c50	Label	LAB_00496c50
00496c84	Function	FUN_00496c84
00496cf0	Label	LAB_00496cf0
00496d78	Label	LAB_00496d78
00496d80	Label	LAB_00496d80
00496db4	Label	LAB_00496db4
00496de4	Function	FUN_00496de4
00496e40	Label	LAB_00496e40
00496ec8	Label	LAB_00496ec8
00496ed0	Label	LAB_00496ed0
00496ef4	Label	LAB_00496ef4
00496f2c	Function	FUN_00496f2c
00496f88	Label	LAB_00496f88
00497010	Label	LAB_00497010
00497018	Label	LAB_00497018
00497044	Label	LAB_00497044
00497078	Function	FUN_00497078
004970d4	Label	LAB_004970d4
00497180	Label	LAB_00497180
004971a4	Function	FUN_004971a4
00497208	Label	LAB_00497208
004972bc	Label	LAB_004972bc
004972c4	Label	LAB_004972c4
004972f0	Label	LAB_004972f0
00497304	Function	FUN_00497304
00497360	Label	LAB_00497360
004973fc	Label	LAB_004973fc
00497438	Function	FUN_00497438
004974a0	Label	LAB_004974a0
00497550	Label	LAB_00497550
00497558	Label	LAB_00497558
00497590	Label	LAB_00497590
004975a4	Function	FUN_004975a4
00497608	Label	LAB_00497608
004976bc	Label	LAB_004976bc
004976c4	Label	LAB_004976c4
004976f0	Label	LAB_004976f0
00497720	Function	FUN_00497720
00497788	Label	LAB_00497788
00497838	Label	LAB_00497838
00497840	Label	LAB_00497840
00497878	Label	LAB_00497878
004978a4	Function	FUN_004978a4
00497918	Label	LAB_00497918
004979cc	Label	LAB_004979cc
004979d4	Label	LAB_004979d4
00497a08	Label	LAB_00497a08
00497a3c	Function	FUN_00497a3c
00497ab0	Label	LAB_00497ab0
00497b60	Label	LAB_00497b60
00497b68	Label	LAB_00497b68
00497ba8	Label	LAB_00497ba8
00497bd8	Function	FUN_00497bd8
00497c3c	Label	LAB_00497c3c
00497cf0	Label	LAB_00497cf0
00497cf8	Label	LAB_00497cf8
00497d24	Label	LAB_00497d24
00497d5c	Function	FUN_00497d5c
00497dc4	Label	LAB_00497dc4
00497e74	Label	LAB_00497e74
00497e7c	Label	LAB_00497e7c
00497eb4	Label	LAB_00497eb4
00497ee8	Function	FUN_00497ee8
00497f44	Label	LAB_00497f44
00497fe0	Label	LAB_00497fe0
00498004	Function	FUN_00498004
00498068	Label	LAB_00498068
0049810c	Label	LAB_0049810c
00498114	Label	LAB_00498114
00498140	Label	LAB_00498140
00498154	Function	FUN_00498154
004981b0	Label	LAB_004981b0
0049823c	Label	LAB_0049823c
00498278	Function	FUN_00498278
004982dc	Label	LAB_004982dc
0049837c	Label	LAB_0049837c
00498384	Label	LAB_00498384
004983bc	Label	LAB_004983bc
004983d0	Function	FUN_004983d0
00498434	Label	LAB_00498434
004984d8	Label	LAB_004984d8
004984e0	Label	LAB_004984e0
0049850c	Label	LAB_0049850c
0049853c	Function	FUN_0049853c
004985a0	Label	LAB_004985a0
00498640	Label	LAB_00498640
00498648	Label	LAB_00498648
00498680	Label	LAB_00498680
004986ac	Function	FUN_004986ac
00498720	Label	LAB_00498720
004987c4	Label	LAB_004987c4
004987cc	Label	LAB_004987cc
00498800	Label	LAB_00498800
00498834	Function	FUN_00498834
004988ac	Label	LAB_004988ac
0049894c	Label	LAB_0049894c
00498954	Label	LAB_00498954
00498994	Label	LAB_00498994
004989c4	Function	FUN_004989c4
00498a28	Label	LAB_00498a28
00498acc	Label	LAB_00498acc
00498ad4	Label	LAB_00498ad4
00498b00	Label	LAB_00498b00
00498b38	Function	FUN_00498b38
00498b9c	Label	LAB_00498b9c
00498c3c	Label	LAB_00498c3c
00498c44	Label	LAB_00498c44
00498c7c	Label	LAB_00498c7c
00498cb0	Function	FUN_00498cb0
00498d04	Label	LAB_00498d04
00498d94	Label	LAB_00498d94
00498db4	Function	FUN_00498db4
00498e10	Label	LAB_00498e10
00498ea8	Label	LAB_00498ea8
00498eb0	Label	LAB_00498eb0
00498ed8	Label	LAB_00498ed8
00498eec	Function	FUN_00498eec
00498f40	Label	LAB_00498f40
00498fc4	Label	LAB_00498fc4
00498ff8	Function	FUN_00498ff8
00499054	Label	LAB_00499054
004990e8	Label	LAB_004990e8
004990f0	Label	LAB_004990f0
00499124	Label	LAB_00499124
00499138	Function	FUN_00499138
00499194	Label	LAB_00499194
0049922c	Label	LAB_0049922c
00499234	Label	LAB_00499234
0049925c	Label	LAB_0049925c
0049928c	Function	FUN_0049928c
004992e8	Label	LAB_004992e8
0049937c	Label	LAB_0049937c
00499384	Label	LAB_00499384
004993b8	Label	LAB_004993b8
004993e4	Function	FUN_004993e4
00499450	Label	LAB_00499450
004994e8	Label	LAB_004994e8
004994f0	Label	LAB_004994f0
00499520	Label	LAB_00499520
00499554	Function	FUN_00499554
004995c0	Label	LAB_004995c0
00499654	Label	LAB_00499654
0049965c	Label	LAB_0049965c
00499698	Label	LAB_00499698
004996c8	Function	FUN_004996c8
00499724	Label	LAB_00499724
004997bc	Label	LAB_004997bc
004997c4	Label	LAB_004997c4
004997ec	Label	LAB_004997ec
00499824	Function	FUN_00499824
00499880	Label	LAB_00499880
00499914	Label	LAB_00499914
0049991c	Label	LAB_0049991c
00499950	Label	LAB_00499950
00499984	Function	FUN_00499984
004999b4	Label	LAB_004999b4
00499a04	Label	LAB_00499a04
00499a14	Function	FUN_00499a14
00499aa8	Label	LAB_00499aa8
00499b20	Label	LAB_00499b20
00499b3c	Label	LAB_00499b3c
00499bc4	Label	LAB_00499bc4
00499c0c	Function	FUN_00499c0c
00499c3c	Label	LAB_00499c3c
00499c98	Label	LAB_00499c98
00499ca0	Label	LAB_00499ca0
00499cb0	Label	LAB_00499cb0
00499cc4	Function	FUN_00499cc4
00499d68	Label	LAB_00499d68
00499d88	Label	LAB_00499d88
00499da0	Label	LAB_00499da0
00499e20	Label	LAB_00499e20
00499e3c	Label	LAB_00499e3c
00499ecc	Label	LAB_00499ecc
00499ee4	Label	LAB_00499ee4
00499f24	Label	LAB_00499f24
00499f50	Function	FUN_00499f50
00499f80	Label	LAB_00499f80
00499fc8	Label	LAB_00499fc8
00499fec	Function	FUN_00499fec
0049a080	Label	LAB_0049a080
0049a100	Label	LAB_0049a100
0049a11c	Label	LAB_0049a11c
0049a1a4	Label	LAB_0049a1a4
0049a1ec	Function	FUN_0049a1ec
0049a21c	Label	LAB_0049a21c
0049a278	Label	LAB_0049a278
0049a280	Label	LAB_0049a280
0049a298	Label	LAB_0049a298
0049a2ac	Function	FUN_0049a2ac
0049a34c	Label	LAB_0049a34c
0049a36c	Label	LAB_0049a36c
0049a380	Label	LAB_0049a380
0049a404	Label	LAB_0049a404
0049a420	Label	LAB_0049a420
0049a4bc	Label	LAB_0049a4bc
0049a4d0	Label	LAB_0049a4d0
0049a510	Label	LAB_0049a510
0049a53c	Function	FUN_0049a53c
0049a56c	Label	LAB_0049a56c
0049a5c8	Label	LAB_0049a5c8
0049a5d0	Label	LAB_0049a5d0
0049a5e0	Label	LAB_0049a5e0
0049a614	Function	thunk_FUN_0049a53c
0049a61c	Function	FUN_0049a61c
0049a6c0	Label	LAB_0049a6c0
0049a6e0	Label	LAB_0049a6e0
0049a6f8	Label	LAB_0049a6f8
0049a778	Label	LAB_0049a778
0049a794	Label	LAB_0049a794
0049a824	Label	LAB_0049a824
0049a83c	Label	LAB_0049a83c
0049a888	Label	LAB_0049a888
0049a8b4	Function	FUN_0049a8b4
0049a8e4	Label	LAB_0049a8e4
0049a940	Label	LAB_0049a940
0049a948	Label	LAB_0049a948
0049a960	Label	LAB_0049a960
0049a990	Function	thunk_FUN_0049a8b4
0049a998	Function	FUN_0049a998
0049aa38	Label	LAB_0049aa38
0049aa58	Label	LAB_0049aa58
0049aa6c	Label	LAB_0049aa6c
0049aaf0	Label	LAB_0049aaf0
0049ab0c	Label	LAB_0049ab0c
0049aba8	Label	LAB_0049aba8
0049abbc	Label	LAB_0049abbc
0049ac08	Label	LAB_0049ac08
0049ac34	Function	FUN_0049ac34
0049ac70	Label	LAB_0049ac70
0049accc	Label	LAB_0049accc
0049acd4	Label	LAB_0049acd4
0049ace8	Label	LAB_0049ace8
0049ad20	Function	thunk_FUN_0049ac34
0049ad28	Function	FUN_0049ad28
0049adcc	Label	LAB_0049adcc
0049adec	Label	LAB_0049adec
0049ae04	Label	LAB_0049ae04
0049ae84	Label	LAB_0049ae84
0049aea0	Label	LAB_0049aea0
0049af30	Label	LAB_0049af30
0049af48	Label	LAB_0049af48
0049af94	Label	LAB_0049af94
0049afc0	Function	FUN_0049afc0
0049aff4	Label	LAB_0049aff4
0049b050	Label	LAB_0049b050
0049b058	Label	LAB_0049b058
0049b070	Label	LAB_0049b070
0049b0a4	Function	thunk_FUN_0049afc0
0049b0ac	Function	FUN_0049b0ac
0049b14c	Label	LAB_0049b14c
0049b16c	Label	LAB_0049b16c
0049b180	Label	LAB_0049b180
0049b204	Label	LAB_0049b204
0049b220	Label	LAB_0049b220
0049b2bc	Label	LAB_0049b2bc
0049b2d0	Label	LAB_0049b2d0
0049b31c	Label	LAB_0049b31c
0049b348	Function	FUN_0049b348
0049b378	Label	LAB_0049b378
0049b3d4	Label	LAB_0049b3d4
0049b3dc	Label	LAB_0049b3dc
0049b3ec	Label	LAB_0049b3ec
0049b424	Function	thunk_FUN_0049b348
0049b42c	Function	FUN_0049b42c
0049b4d4	Label	LAB_0049b4d4
0049b4f0	Label	LAB_0049b4f0
0049b508	Label	LAB_0049b508
0049b58c	Label	LAB_0049b58c
0049b5a8	Label	LAB_0049b5a8
0049b630	Label	LAB_0049b630
0049b648	Label	LAB_0049b648
0049b6a0	Label	LAB_0049b6a0
0049b6cc	Function	FUN_0049b6cc
0049b6fc	Label	LAB_0049b6fc
0049b758	Label	LAB_0049b758
0049b760	Label	LAB_0049b760
0049b778	Label	LAB_0049b778
0049b7ac	Function	thunk_FUN_0049b6cc
0049b7b4	Function	FUN_0049b7b4
0049b860	Label	LAB_0049b860
0049b880	Label	LAB_0049b880
0049b894	Label	LAB_0049b894
0049b918	Label	LAB_0049b918
0049b934	Label	LAB_0049b934
0049b9d0	Label	LAB_0049b9d0
0049b9e4	Label	LAB_0049b9e4
0049ba3c	Label	LAB_0049ba3c
0049ba68	Function	FUN_0049ba68
0049ba98	Label	LAB_0049ba98
0049bad8	Label	LAB_0049bad8
0049bae8	Function	FUN_0049bae8
0049bb7c	Label	LAB_0049bb7c
0049bbe4	Label	LAB_0049bbe4
0049bc00	Label	LAB_0049bc00
0049bc88	Label	LAB_0049bc88
0049bcd0	Function	FUN_0049bcd0
0049bd00	Label	LAB_0049bd00
0049bd4c	Label	LAB_0049bd4c
0049bd54	Label	LAB_0049bd54
0049bd64	Label	LAB_0049bd64
0049bd78	Function	FUN_0049bd78
0049be1c	Label	LAB_0049be1c
0049be3c	Label	LAB_0049be3c
0049be54	Label	LAB_0049be54
0049bed4	Label	LAB_0049bed4
0049bef0	Label	LAB_0049bef0
0049bf70	Label	LAB_0049bf70
0049bf88	Label	LAB_0049bf88
0049bfc8	Label	LAB_0049bfc8
0049bff4	Function	FUN_0049bff4
0049c024	Label	LAB_0049c024
0049c05c	Label	LAB_0049c05c
0049c080	Function	FUN_0049c080
0049c114	Label	LAB_0049c114
0049c184	Label	LAB_0049c184
0049c1a0	Label	LAB_0049c1a0
0049c228	Label	LAB_0049c228
0049c270	Function	FUN_0049c270
0049c2a0	Label	LAB_0049c2a0
0049c2ec	Label	LAB_0049c2ec
0049c2f4	Label	LAB_0049c2f4
0049c30c	Label	LAB_0049c30c
0049c320	Function	FUN_0049c320
0049c3c0	Label	LAB_0049c3c0
0049c3e0	Label	LAB_0049c3e0
0049c3f4	Label	LAB_0049c3f4
0049c478	Label	LAB_0049c478
0049c494	Label	LAB_0049c494
0049c520	Label	LAB_0049c520
0049c534	Label	LAB_0049c534
0049c574	Label	LAB_0049c574
0049c5a0	Function	FUN_0049c5a0
0049c5d0	Label	LAB_0049c5d0
0049c61c	Label	LAB_0049c61c
0049c624	Label	LAB_0049c624
0049c634	Label	LAB_0049c634
0049c668	Function	FUN_0049c668
0049c70c	Label	LAB_0049c70c
0049c72c	Label	LAB_0049c72c
0049c744	Label	LAB_0049c744
0049c7c4	Label	LAB_0049c7c4
0049c7e0	Label	LAB_0049c7e0
0049c860	Label	LAB_0049c860
0049c878	Label	LAB_0049c878
0049c8c4	Label	LAB_0049c8c4
0049c8f0	Function	FUN_0049c8f0
0049c920	Label	LAB_0049c920
0049c96c	Label	LAB_0049c96c
0049c974	Label	LAB_0049c974
0049c98c	Label	LAB_0049c98c
0049c9bc	Function	thunk_FUN_0049c8f0
0049c9c4	Function	FUN_0049c9c4
0049ca64	Label	LAB_0049ca64
0049ca84	Label	LAB_0049ca84
0049ca98	Label	LAB_0049ca98
0049cb1c	Label	LAB_0049cb1c
0049cb38	Label	LAB_0049cb38
0049cbc4	Label	LAB_0049cbc4
0049cbd8	Label	LAB_0049cbd8
0049cc24	Label	LAB_0049cc24
0049cc50	Function	FUN_0049cc50
0049cc8c	Label	LAB_0049cc8c
0049ccd8	Label	LAB_0049ccd8
0049cce0	Label	LAB_0049cce0
0049ccf4	Label	LAB_0049ccf4
0049cd2c	Function	FUN_0049cd2c
0049cdd0	Label	LAB_0049cdd0
0049cdf0	Label	LAB_0049cdf0
0049ce08	Label	LAB_0049ce08
0049ce88	Label	LAB_0049ce88
0049cea4	Label	LAB_0049cea4
0049cf24	Label	LAB_0049cf24
0049cf3c	Label	LAB_0049cf3c
0049cf88	Label	LAB_0049cf88
0049cfb4	Function	FUN_0049cfb4
0049cfe8	Label	LAB_0049cfe8
0049d034	Label	LAB_0049d034
0049d03c	Label	LAB_0049d03c
0049d054	Label	LAB_0049d054
0049d088	Function	thunk_FUN_0049cfb4
0049d090	Function	FUN_0049d090
0049d130	Label	LAB_0049d130
0049d150	Label	LAB_0049d150
0049d164	Label	LAB_0049d164
0049d1e8	Label	LAB_0049d1e8
0049d204	Label	LAB_0049d204
0049d290	Label	LAB_0049d290
0049d2a4	Label	LAB_0049d2a4
0049d2f0	Label	LAB_0049d2f0
0049d31c	Function	FUN_0049d31c
0049d34c	Label	LAB_0049d34c
0049d398	Label	LAB_0049d398
0049d3a0	Label	LAB_0049d3a0
0049d3b0	Label	LAB_0049d3b0
0049d3e8	Function	FUN_0049d3e8
0049d490	Label	LAB_0049d490
0049d4ac	Label	LAB_0049d4ac
0049d4c4	Label	LAB_0049d4c4
0049d548	Label	LAB_0049d548
0049d564	Label	LAB_0049d564
0049d5dc	Label	LAB_0049d5dc
0049d5f4	Label	LAB_0049d5f4
0049d64c	Label	LAB_0049d64c
0049d678	Function	FUN_0049d678
0049d6a8	Label	LAB_0049d6a8
0049d6f4	Label	LAB_0049d6f4
0049d6fc	Label	LAB_0049d6fc
0049d714	Label	LAB_0049d714
0049d748	Function	thunk_FUN_0049d678
0049d750	Function	FUN_0049d750
0049d7fc	Label	LAB_0049d7fc
0049d81c	Label	LAB_0049d81c
0049d830	Label	LAB_0049d830
0049d8b4	Label	LAB_0049d8b4
0049d8d0	Label	LAB_0049d8d0
0049d95c	Label	LAB_0049d95c
0049d970	Label	LAB_0049d970
0049d9c8	Label	LAB_0049d9c8
0049d9f4	Function	FUN_0049d9f4
0049da20	Label	LAB_0049da20
0049da54	Label	LAB_0049da54
0049da64	Function	FUN_0049da64
0049daf8	Label	LAB_0049daf8
0049db54	Label	LAB_0049db54
0049db70	Label	LAB_0049db70
0049dbf4	Label	LAB_0049dbf4
0049dc3c	Function	FUN_0049dc3c
0049dc68	Label	LAB_0049dc68
0049dca8	Label	LAB_0049dca8
0049dcb0	Label	LAB_0049dcb0
0049dcc0	Label	LAB_0049dcc0
0049dcd4	Function	FUN_0049dcd4
0049dd70	Label	LAB_0049dd70
0049dd88	Label	LAB_0049dd88
0049dda4	Label	LAB_0049dda4
0049de24	Label	LAB_0049de24
0049de40	Label	LAB_0049de40
0049dea8	Label	LAB_0049dea8
0049dec0	Label	LAB_0049dec0
0049df00	Label	LAB_0049df00
0049df2c	Function	FUN_0049df2c
0049df58	Label	LAB_0049df58
0049df88	Label	LAB_0049df88
0049dfa8	Function	FUN_0049dfa8
0049e03c	Label	LAB_0049e03c
0049e0a0	Label	LAB_0049e0a0
0049e0bc	Label	LAB_0049e0bc
0049e140	Label	LAB_0049e140
0049e188	Function	FUN_0049e188
0049e1b4	Label	LAB_0049e1b4
0049e1f4	Label	LAB_0049e1f4
0049e1fc	Label	LAB_0049e1fc
0049e214	Label	LAB_0049e214
0049e228	Function	FUN_0049e228
0049e2c8	Label	LAB_0049e2c8
0049e2e8	Label	LAB_0049e2e8
0049e2fc	Label	LAB_0049e2fc
0049e37c	Label	LAB_0049e37c
0049e398	Label	LAB_0049e398
0049e418	Label	LAB_0049e418
0049e42c	Label	LAB_0049e42c
0049e46c	Label	LAB_0049e46c
0049e498	Function	FUN_0049e498
0049e4c4	Label	LAB_0049e4c4
0049e504	Label	LAB_0049e504
0049e50c	Label	LAB_0049e50c
0049e51c	Label	LAB_0049e51c
0049e550	Function	FUN_0049e550
0049e5ec	Label	LAB_0049e5ec
0049e608	Label	LAB_0049e608
0049e620	Label	LAB_0049e620
0049e6a0	Label	LAB_0049e6a0
0049e6bc	Label	LAB_0049e6bc
0049e728	Label	LAB_0049e728
0049e740	Label	LAB_0049e740
0049e78c	Label	LAB_0049e78c
0049e7b8	Function	FUN_0049e7b8
0049e7e4	Label	LAB_0049e7e4
0049e824	Label	LAB_0049e824
0049e82c	Label	LAB_0049e82c
0049e844	Label	LAB_0049e844
0049e874	Function	FUN_0049e874
0049e914	Label	LAB_0049e914
0049e934	Label	LAB_0049e934
0049e948	Label	LAB_0049e948
0049e9c8	Label	LAB_0049e9c8
0049e9e4	Label	LAB_0049e9e4
0049ea64	Label	LAB_0049ea64
0049ea78	Label	LAB_0049ea78
0049eac4	Label	LAB_0049eac4
0049eaf0	Function	FUN_0049eaf0
0049eb20	Label	LAB_0049eb20
0049eb60	Label	LAB_0049eb60
0049eb68	Label	LAB_0049eb68
0049eb78	Label	LAB_0049eb78
0049ebb0	Function	FUN_0049ebb0
0049ec4c	Label	LAB_0049ec4c
0049ec68	Label	LAB_0049ec68
0049ec80	Label	LAB_0049ec80
0049ed00	Label	LAB_0049ed00
0049ed1c	Label	LAB_0049ed1c
0049ed88	Label	LAB_0049ed88
0049eda0	Label	LAB_0049eda0
0049edec	Label	LAB_0049edec
0049ee18	Function	FUN_0049ee18
0049ee48	Label	LAB_0049ee48
0049ee88	Label	LAB_0049ee88
0049ee90	Label	LAB_0049ee90
0049eea8	Label	LAB_0049eea8
0049eedc	Function	FUN_0049eedc
0049ef7c	Label	LAB_0049ef7c
0049ef9c	Label	LAB_0049ef9c
0049efb0	Label	LAB_0049efb0
0049f030	Label	LAB_0049f030
0049f04c	Label	LAB_0049f04c
0049f0cc	Label	LAB_0049f0cc
0049f0e0	Label	LAB_0049f0e0
0049f12c	Label	LAB_0049f12c
0049f158	Function	FUN_0049f158
0049f184	Label	LAB_0049f184
0049f1c4	Label	LAB_0049f1c4
0049f1cc	Label	LAB_0049f1cc
0049f1dc	Label	LAB_0049f1dc
0049f214	Function	FUN_0049f214
0049f2bc	Label	LAB_0049f2bc
0049f2d8	Label	LAB_0049f2d8
0049f2f0	Label	LAB_0049f2f0
0049f370	Label	LAB_0049f370
0049f38c	Label	LAB_0049f38c
0049f3f8	Label	LAB_0049f3f8
0049f410	Label	LAB_0049f410
0049f468	Label	LAB_0049f468
0049f494	Function	FUN_0049f494
0049f4c0	Label	LAB_0049f4c0
0049f500	Label	LAB_0049f500
0049f508	Label	LAB_0049f508
0049f520	Label	LAB_0049f520
0049f554	Function	FUN_0049f554
0049f5f8	Label	LAB_0049f5f8
0049f614	Label	LAB_0049f614
0049f628	Label	LAB_0049f628
0049f6ac	Label	LAB_0049f6ac
0049f6c8	Label	LAB_0049f6c8
0049f740	Label	LAB_0049f740
0049f754	Label	LAB_0049f754
0049f7ac	Label	LAB_0049f7ac
0049f7d8	Function	FUN_0049f7d8
0049f860	Label	LAB_0049f860
0049f8e4	Label	LAB_0049f8e4
0049f8fc	Label	LAB_0049f8fc
0049f98c	Label	LAB_0049f98c
0049f9d8	Function	FUN_0049f9d8
0049fa70	Label	LAB_0049fa70
0049fa88	Label	LAB_0049fa88
0049faa4	Label	LAB_0049faa4
0049fb28	Label	LAB_0049fb28
0049fb48	Label	LAB_0049fb48
0049fbd8	Label	LAB_0049fbd8
0049fbf0	Label	LAB_0049fbf0
0049fc30	Label	LAB_0049fc30
0049fc5c	Function	FUN_0049fc5c
0049fce4	Label	LAB_0049fce4
0049fd70	Label	LAB_0049fd70
0049fd88	Label	LAB_0049fd88
0049fe18	Label	LAB_0049fe18
0049fe64	Function	FUN_0049fe64
0049fef8	Label	LAB_0049fef8
0049ff10	Label	LAB_0049ff10
0049ff28	Label	LAB_0049ff28
0049ffb0	Label	LAB_0049ffb0
0049ffd0	Label	LAB_0049ffd0
004a006c	Label	LAB_004a006c
004a0080	Label	LAB_004a0080
004a00c0	Label	LAB_004a00c0
004a00ec	Function	FUN_004a00ec
004a0184	Label	LAB_004a0184
004a01a0	Label	LAB_004a01a0
004a01b8	Label	LAB_004a01b8
004a023c	Label	LAB_004a023c
004a025c	Label	LAB_004a025c
004a02f0	Label	LAB_004a02f0
004a0308	Label	LAB_004a0308
004a0354	Label	LAB_004a0354
004a0380	Function	FUN_004a0380
004a0414	Label	LAB_004a0414
004a0430	Label	LAB_004a0430
004a0444	Label	LAB_004a0444
004a04cc	Label	LAB_004a04cc
004a04ec	Label	LAB_004a04ec
004a058c	Label	LAB_004a058c
004a05a0	Label	LAB_004a05a0
004a05ec	Label	LAB_004a05ec
004a0618	Function	FUN_004a0618
004a06b0	Label	LAB_004a06b0
004a06cc	Label	LAB_004a06cc
004a06e4	Label	LAB_004a06e4
004a0768	Label	LAB_004a0768
004a0788	Label	LAB_004a0788
004a081c	Label	LAB_004a081c
004a0834	Label	LAB_004a0834
004a0880	Label	LAB_004a0880
004a08ac	Function	FUN_004a08ac
004a0940	Label	LAB_004a0940
004a095c	Label	LAB_004a095c
004a0970	Label	LAB_004a0970
004a09f8	Label	LAB_004a09f8
004a0a18	Label	LAB_004a0a18
004a0ab8	Label	LAB_004a0ab8
004a0acc	Label	LAB_004a0acc
004a0b18	Label	LAB_004a0b18
004a0b44	Function	FUN_004a0b44
004a0be8	Label	LAB_004a0be8
004a0c04	Label	LAB_004a0c04
004a0c1c	Label	LAB_004a0c1c
004a0ca0	Label	LAB_004a0ca0
004a0cc0	Label	LAB_004a0cc0
004a0d54	Label	LAB_004a0d54
004a0d6c	Label	LAB_004a0d6c
004a0dc4	Label	LAB_004a0dc4
004a0df0	Function	FUN_004a0df0
004a0e90	Label	LAB_004a0e90
004a0eac	Label	LAB_004a0eac
004a0ec0	Label	LAB_004a0ec0
004a0f48	Label	LAB_004a0f48
004a0f68	Label	LAB_004a0f68
004a100c	Label	LAB_004a100c
004a1020	Label	LAB_004a1020
004a1078	Label	LAB_004a1078
004a10a4	Function	FUN_004a10a4
004a112c	Label	LAB_004a112c
004a11a0	Label	LAB_004a11a0
004a11b8	Label	LAB_004a11b8
004a1248	Label	LAB_004a1248
004a1294	Function	FUN_004a1294
004a132c	Label	LAB_004a132c
004a1344	Label	LAB_004a1344
004a1360	Label	LAB_004a1360
004a13e4	Label	LAB_004a13e4
004a1404	Label	LAB_004a1404
004a1484	Label	LAB_004a1484
004a149c	Label	LAB_004a149c
004a14dc	Label	LAB_004a14dc
004a1508	Function	FUN_004a1508
004a1590	Label	LAB_004a1590
004a160c	Label	LAB_004a160c
004a1624	Label	LAB_004a1624
004a16b4	Label	LAB_004a16b4
004a1700	Function	FUN_004a1700
004a1794	Label	LAB_004a1794
004a17ac	Label	LAB_004a17ac
004a17c4	Label	LAB_004a17c4
004a184c	Label	LAB_004a184c
004a186c	Label	LAB_004a186c
004a18f8	Label	LAB_004a18f8
004a190c	Label	LAB_004a190c
004a194c	Label	LAB_004a194c
004a1978	Function	FUN_004a1978
004a1a10	Label	LAB_004a1a10
004a1a2c	Label	LAB_004a1a2c
004a1a44	Label	LAB_004a1a44
004a1ac8	Label	LAB_004a1ac8
004a1ae8	Label	LAB_004a1ae8
004a1b6c	Label	LAB_004a1b6c
004a1b84	Label	LAB_004a1b84
004a1bd0	Label	LAB_004a1bd0
004a1bfc	Function	FUN_004a1bfc
004a1c90	Label	LAB_004a1c90
004a1cac	Label	LAB_004a1cac
004a1cc0	Label	LAB_004a1cc0
004a1d48	Label	LAB_004a1d48
004a1d68	Label	LAB_004a1d68
004a1df8	Label	LAB_004a1df8
004a1e0c	Label	LAB_004a1e0c
004a1e58	Label	LAB_004a1e58
004a1e84	Function	FUN_004a1e84
004a1f1c	Label	LAB_004a1f1c
004a1f38	Label	LAB_004a1f38
004a1f50	Label	LAB_004a1f50
004a1fd4	Label	LAB_004a1fd4
004a1ff4	Label	LAB_004a1ff4
004a2078	Label	LAB_004a2078
004a2090	Label	LAB_004a2090
004a20dc	Label	LAB_004a20dc
004a2108	Function	FUN_004a2108
004a219c	Label	LAB_004a219c
004a21b8	Label	LAB_004a21b8
004a21cc	Label	LAB_004a21cc
004a2254	Label	LAB_004a2254
004a2274	Label	LAB_004a2274
004a2304	Label	LAB_004a2304
004a2318	Label	LAB_004a2318
004a2364	Label	LAB_004a2364
004a2390	Function	FUN_004a2390
004a2434	Label	LAB_004a2434
004a2450	Label	LAB_004a2450
004a2468	Label	LAB_004a2468
004a24ec	Label	LAB_004a24ec
004a250c	Label	LAB_004a250c
004a2590	Label	LAB_004a2590
004a25a8	Label	LAB_004a25a8
004a2600	Label	LAB_004a2600
004a262c	Function	FUN_004a262c
004a26cc	Label	LAB_004a26cc
004a26e8	Label	LAB_004a26e8
004a26fc	Label	LAB_004a26fc
004a2784	Label	LAB_004a2784
004a27a4	Label	LAB_004a27a4
004a2838	Label	LAB_004a2838
004a284c	Label	LAB_004a284c
004a28a4	Label	LAB_004a28a4
004a28d0	Function	FUN_004a28d0
004a2958	Label	LAB_004a2958
004a29c4	Label	LAB_004a29c4
004a29dc	Label	LAB_004a29dc
004a2a68	Label	LAB_004a2a68
004a2ab4	Function	FUN_004a2ab4
004a2b4c	Label	LAB_004a2b4c
004a2b64	Label	LAB_004a2b64
004a2b80	Label	LAB_004a2b80
004a2c00	Label	LAB_004a2c00
004a2c20	Label	LAB_004a2c20
004a2c94	Label	LAB_004a2c94
004a2cac	Label	LAB_004a2cac
004a2cec	Label	LAB_004a2cec
004a2d18	Function	FUN_004a2d18
004a2da0	Label	LAB_004a2da0
004a2e10	Label	LAB_004a2e10
004a2e28	Label	LAB_004a2e28
004a2eb4	Label	LAB_004a2eb4
004a2f00	Function	FUN_004a2f00
004a2f94	Label	LAB_004a2f94
004a2fac	Label	LAB_004a2fac
004a2fc4	Label	LAB_004a2fc4
004a3048	Label	LAB_004a3048
004a3068	Label	LAB_004a3068
004a30e8	Label	LAB_004a30e8
004a30fc	Label	LAB_004a30fc
004a313c	Label	LAB_004a313c
004a3168	Function	FUN_004a3168
004a3200	Label	LAB_004a3200
004a321c	Label	LAB_004a321c
004a3234	Label	LAB_004a3234
004a32b4	Label	LAB_004a32b4
004a32d4	Label	LAB_004a32d4
004a334c	Label	LAB_004a334c
004a3364	Label	LAB_004a3364
004a33b0	Label	LAB_004a33b0
004a33dc	Function	FUN_004a33dc
004a3470	Label	LAB_004a3470
004a348c	Label	LAB_004a348c
004a34a0	Label	LAB_004a34a0
004a3524	Label	LAB_004a3524
004a3544	Label	LAB_004a3544
004a35c8	Label	LAB_004a35c8
004a35dc	Label	LAB_004a35dc
004a3628	Label	LAB_004a3628
004a3654	Function	FUN_004a3654
004a36ec	Label	LAB_004a36ec
004a3708	Label	LAB_004a3708
004a3720	Label	LAB_004a3720
004a37a0	Label	LAB_004a37a0
004a37c0	Label	LAB_004a37c0
004a3838	Label	LAB_004a3838
004a3850	Label	LAB_004a3850
004a389c	Label	LAB_004a389c
004a38c8	Function	FUN_004a38c8
004a395c	Label	LAB_004a395c
004a3978	Label	LAB_004a3978
004a398c	Label	LAB_004a398c
004a3a10	Label	LAB_004a3a10
004a3a30	Label	LAB_004a3a30
004a3ab4	Label	LAB_004a3ab4
004a3ac8	Label	LAB_004a3ac8
004a3b14	Label	LAB_004a3b14
004a3b40	Function	FUN_004a3b40
004a3be4	Label	LAB_004a3be4
004a3c00	Label	LAB_004a3c00
004a3c18	Label	LAB_004a3c18
004a3c98	Label	LAB_004a3c98
004a3cb8	Label	LAB_004a3cb8
004a3d30	Label	LAB_004a3d30
004a3d48	Label	LAB_004a3d48
004a3da0	Label	LAB_004a3da0
004a3dcc	Function	FUN_004a3dcc
004a3e6c	Label	LAB_004a3e6c
004a3e88	Label	LAB_004a3e88
004a3e9c	Label	LAB_004a3e9c
004a3f20	Label	LAB_004a3f20
004a3f40	Label	LAB_004a3f40
004a3fc8	Label	LAB_004a3fc8
004a3fdc	Label	LAB_004a3fdc
004a4034	Label	LAB_004a4034
004a4060	Function	FUN_004a4060
004a4094	Label	LAB_004a4094
004a40e8	Label	LAB_004a40e8
004a40f8	Function	FUN_004a40f8
004a4190	Label	LAB_004a4190
004a4204	Label	LAB_004a4204
004a4220	Label	LAB_004a4220
004a42a8	Label	LAB_004a42a8
004a42f0	Function	FUN_004a42f0
004a4324	Label	LAB_004a4324
004a437c	Label	LAB_004a437c
004a4384	Label	LAB_004a4384
004a4394	Label	LAB_004a4394
004a43a8	Function	FUN_004a43a8
004a4448	Label	LAB_004a4448
004a4460	Label	LAB_004a4460
004a447c	Label	LAB_004a447c
004a4500	Label	LAB_004a4500
004a451c	Label	LAB_004a451c
004a459c	Label	LAB_004a459c
004a45b4	Label	LAB_004a45b4
004a45f4	Label	LAB_004a45f4
004a4620	Function	FUN_004a4620
004a4654	Label	LAB_004a4654
004a469c	Label	LAB_004a469c
004a46c0	Function	FUN_004a46c0
004a4758	Label	LAB_004a4758
004a47d4	Label	LAB_004a47d4
004a47f0	Label	LAB_004a47f0
004a4878	Label	LAB_004a4878
004a48c0	Function	FUN_004a48c0
004a48f4	Label	LAB_004a48f4
004a4950	Label	LAB_004a4950
004a4958	Label	LAB_004a4958
004a4970	Label	LAB_004a4970
004a4984	Function	FUN_004a4984
004a4a28	Label	LAB_004a4a28
004a4a48	Label	LAB_004a4a48
004a4a5c	Label	LAB_004a4a5c
004a4ae0	Label	LAB_004a4ae0
004a4afc	Label	LAB_004a4afc
004a4b94	Label	LAB_004a4b94
004a4ba8	Label	LAB_004a4ba8
004a4be8	Label	LAB_004a4be8
004a4c14	Function	FUN_004a4c14
004a4c48	Label	LAB_004a4c48
004a4ca0	Label	LAB_004a4ca0
004a4ca8	Label	LAB_004a4ca8
004a4cb8	Label	LAB_004a4cb8
004a4cec	Function	thunk_FUN_004a4c14
004a4cf4	Function	FUN_004a4cf4
004a4d94	Label	LAB_004a4d94
004a4db0	Label	LAB_004a4db0
004a4dc8	Label	LAB_004a4dc8
004a4e4c	Label	LAB_004a4e4c
004a4e68	Label	LAB_004a4e68
004a4eec	Label	LAB_004a4eec
004a4f04	Label	LAB_004a4f04
004a4f50	Label	LAB_004a4f50
004a4f7c	Function	FUN_004a4f7c
004a4fb0	Label	LAB_004a4fb0
004a500c	Label	LAB_004a500c
004a5014	Label	LAB_004a5014
004a502c	Label	LAB_004a502c
004a5058	Function	thunk_FUN_004a4f7c
004a5060	Function	FUN_004a5060
004a5104	Label	LAB_004a5104
004a5124	Label	LAB_004a5124
004a5138	Label	LAB_004a5138
004a51bc	Label	LAB_004a51bc
004a51d8	Label	LAB_004a51d8
004a5270	Label	LAB_004a5270
004a5284	Label	LAB_004a5284
004a52d0	Label	LAB_004a52d0
004a52fc	Function	FUN_004a52fc
004a533c	Label	LAB_004a533c
004a5394	Label	LAB_004a5394
004a539c	Label	LAB_004a539c
004a53b0	Label	LAB_004a53b0
004a53e8	Function	thunk_FUN_004a52fc
004a53f0	Function	FUN_004a53f0
004a5490	Label	LAB_004a5490
004a54ac	Label	LAB_004a54ac
004a54c4	Label	LAB_004a54c4
004a5548	Label	LAB_004a5548
004a5564	Label	LAB_004a5564
004a55e8	Label	LAB_004a55e8
004a5600	Label	LAB_004a5600
004a564c	Label	LAB_004a564c
004a5678	Function	FUN_004a5678
004a56b8	Label	LAB_004a56b8
004a5714	Label	LAB_004a5714
004a571c	Label	LAB_004a571c
004a5738	Label	LAB_004a5738
004a5768	Function	thunk_FUN_004a5678
004a5770	Function	FUN_004a5770
004a5814	Label	LAB_004a5814
004a5834	Label	LAB_004a5834
004a5848	Label	LAB_004a5848
004a58cc	Label	LAB_004a58cc
004a58e8	Label	LAB_004a58e8
004a5980	Label	LAB_004a5980
004a5994	Label	LAB_004a5994
004a59e0	Label	LAB_004a59e0
004a5a0c	Function	FUN_004a5a0c
004a5a40	Label	LAB_004a5a40
004a5a98	Label	LAB_004a5a98
004a5aa0	Label	LAB_004a5aa0
004a5ab0	Label	LAB_004a5ab0
004a5ae8	Function	thunk_FUN_004a5a0c
004a5af0	Function	FUN_004a5af0
004a5b9c	Label	LAB_004a5b9c
004a5bb8	Label	LAB_004a5bb8
004a5bd0	Label	LAB_004a5bd0
004a5c54	Label	LAB_004a5c54
004a5c70	Label	LAB_004a5c70
004a5cf4	Label	LAB_004a5cf4
004a5d0c	Label	LAB_004a5d0c
004a5d64	Label	LAB_004a5d64
004a5d90	Function	FUN_004a5d90
004a5dc4	Label	LAB_004a5dc4
004a5e20	Label	LAB_004a5e20
004a5e28	Label	LAB_004a5e28
004a5e40	Label	LAB_004a5e40
004a5e74	Function	thunk_FUN_004a5d90
004a5e7c	Function	FUN_004a5e7c
004a5f24	Label	LAB_004a5f24
004a5f40	Label	LAB_004a5f40
004a5f54	Label	LAB_004a5f54
004a5fdc	Label	LAB_004a5fdc
004a5ff8	Label	LAB_004a5ff8
004a6088	Label	LAB_004a6088
004a609c	Label	LAB_004a609c
004a60f4	Label	LAB_004a60f4
004a6120	Function	FUN_004a6120
004a6154	Label	LAB_004a6154
004a6198	Label	LAB_004a6198
004a61a8	Function	FUN_004a61a8
004a6240	Label	LAB_004a6240
004a62a4	Label	LAB_004a62a4
004a62c0	Label	LAB_004a62c0
004a6348	Label	LAB_004a6348
004a6390	Function	FUN_004a6390
004a63c4	Label	LAB_004a63c4
004a640c	Label	LAB_004a640c
004a6414	Label	LAB_004a6414
004a6424	Label	LAB_004a6424
004a6438	Function	FUN_004a6438
004a64d8	Label	LAB_004a64d8
004a64f0	Label	LAB_004a64f0
004a650c	Label	LAB_004a650c
004a6590	Label	LAB_004a6590
004a65ac	Label	LAB_004a65ac
004a661c	Label	LAB_004a661c
004a6634	Label	LAB_004a6634
004a6674	Label	LAB_004a6674
004a66a0	Function	FUN_004a66a0
004a66d4	Label	LAB_004a66d4
004a670c	Label	LAB_004a670c
004a6730	Function	FUN_004a6730
004a67c8	Label	LAB_004a67c8
004a6834	Label	LAB_004a6834
004a6850	Label	LAB_004a6850
004a68d8	Label	LAB_004a68d8
004a6920	Function	FUN_004a6920
004a6954	Label	LAB_004a6954
004a69a0	Label	LAB_004a69a0
004a69a8	Label	LAB_004a69a8
004a69c0	Label	LAB_004a69c0
004a69d4	Function	FUN_004a69d4
004a6a78	Label	LAB_004a6a78
004a6a98	Label	LAB_004a6a98
004a6aac	Label	LAB_004a6aac
004a6b30	Label	LAB_004a6b30
004a6b4c	Label	LAB_004a6b4c
004a6bd4	Label	LAB_004a6bd4
004a6be8	Label	LAB_004a6be8
004a6c28	Label	LAB_004a6c28
004a6c54	Function	FUN_004a6c54
004a6c88	Label	LAB_004a6c88
004a6cd0	Label	LAB_004a6cd0
004a6cd8	Label	LAB_004a6cd8
004a6ce8	Label	LAB_004a6ce8
004a6d1c	Function	FUN_004a6d1c
004a6dbc	Label	LAB_004a6dbc
004a6dd8	Label	LAB_004a6dd8
004a6df0	Label	LAB_004a6df0
004a6e74	Label	LAB_004a6e74
004a6e90	Label	LAB_004a6e90
004a6f04	Label	LAB_004a6f04
004a6f1c	Label	LAB_004a6f1c
004a6f68	Label	LAB_004a6f68
004a6f94	Function	FUN_004a6f94
004a6fc8	Label	LAB_004a6fc8
004a7014	Label	LAB_004a7014
004a701c	Label	LAB_004a701c
004a7034	Label	LAB_004a7034
004a7060	Function	FUN_004a7060
004a7104	Label	LAB_004a7104
004a7124	Label	LAB_004a7124
004a7138	Label	LAB_004a7138
004a71bc	Label	LAB_004a71bc
004a71d8	Label	LAB_004a71d8
004a7260	Label	LAB_004a7260
004a7274	Label	LAB_004a7274
004a72c0	Label	LAB_004a72c0
004a72ec	Function	FUN_004a72ec
004a732c	Label	LAB_004a732c
004a7374	Label	LAB_004a7374
004a737c	Label	LAB_004a737c
004a7390	Label	LAB_004a7390
004a73c8	Function	FUN_004a73c8
004a7468	Label	LAB_004a7468
004a7484	Label	LAB_004a7484
004a749c	Label	LAB_004a749c
004a7520	Label	LAB_004a7520
004a753c	Label	LAB_004a753c
004a75b0	Label	LAB_004a75b0
004a75c8	Label	LAB_004a75c8
004a7614	Label	LAB_004a7614
004a7640	Function	FUN_004a7640
004a7678	Label	LAB_004a7678
004a76c4	Label	LAB_004a76c4
004a76cc	Label	LAB_004a76cc
004a76e4	Label	LAB_004a76e4
004a7714	Function	thunk_FUN_004a7640
004a771c	Function	FUN_004a771c
004a77c0	Label	LAB_004a77c0
004a77e0	Label	LAB_004a77e0
004a77f4	Label	LAB_004a77f4
004a7878	Label	LAB_004a7878
004a7894	Label	LAB_004a7894
004a791c	Label	LAB_004a791c
004a7930	Label	LAB_004a7930
004a797c	Label	LAB_004a797c
004a79a8	Function	FUN_004a79a8
004a79dc	Label	LAB_004a79dc
004a7a24	Label	LAB_004a7a24
004a7a2c	Label	LAB_004a7a2c
004a7a3c	Label	LAB_004a7a3c
004a7a74	Function	FUN_004a7a74
004a7b20	Label	LAB_004a7b20
004a7b3c	Label	LAB_004a7b3c
004a7b54	Label	LAB_004a7b54
004a7bd8	Label	LAB_004a7bd8
004a7bf4	Label	LAB_004a7bf4
004a7c68	Label	LAB_004a7c68
004a7c80	Label	LAB_004a7c80
004a7cd8	Label	LAB_004a7cd8
004a7d04	Function	FUN_004a7d04
004a7d38	Label	LAB_004a7d38
004a7d84	Label	LAB_004a7d84
004a7d8c	Label	LAB_004a7d8c
004a7da4	Label	LAB_004a7da4
004a7dd8	Function	thunk_FUN_004a7d04
004a7de0	Function	FUN_004a7de0
004a7e88	Label	LAB_004a7e88
004a7ea4	Label	LAB_004a7ea4
004a7eb8	Label	LAB_004a7eb8
004a7f40	Label	LAB_004a7f40
004a7f5c	Label	LAB_004a7f5c
004a7fdc	Label	LAB_004a7fdc
004a7ff0	Label	LAB_004a7ff0
004a8048	Label	LAB_004a8048
004a8074	Function	FUN_004a8074
004a80a4	Label	LAB_004a80a4
004a80dc	Label	LAB_004a80dc
004a80ec	Function	FUN_004a80ec
004a817c	Label	LAB_004a817c
004a81d4	Label	LAB_004a81d4
004a81ec	Label	LAB_004a81ec
004a8278	Label	LAB_004a8278
004a82c0	Function	FUN_004a82c0
004a82f0	Label	LAB_004a82f0
004a832c	Label	LAB_004a832c
004a8334	Label	LAB_004a8334
004a8344	Label	LAB_004a8344
004a8358	Function	FUN_004a8358
004a83f8	Label	LAB_004a83f8
004a8410	Label	LAB_004a8410
004a842c	Label	LAB_004a842c
004a84ac	Label	LAB_004a84ac
004a84c8	Label	LAB_004a84c8
004a852c	Label	LAB_004a852c
004a8544	Label	LAB_004a8544
004a8584	Label	LAB_004a8584
004a85b0	Function	FUN_004a85b0
004a85e0	Label	LAB_004a85e0
004a8610	Label	LAB_004a8610
004a8630	Function	FUN_004a8630
004a86c0	Label	LAB_004a86c0
004a8720	Label	LAB_004a8720
004a8738	Label	LAB_004a8738
004a87c4	Label	LAB_004a87c4
004a880c	Function	FUN_004a880c
004a883c	Label	LAB_004a883c
004a887c	Label	LAB_004a887c
004a8884	Label	LAB_004a8884
004a889c	Label	LAB_004a889c
004a88b0	Function	FUN_004a88b0
004a894c	Label	LAB_004a894c
004a8964	Label	LAB_004a8964
004a897c	Label	LAB_004a897c
004a8a00	Label	LAB_004a8a00
004a8a1c	Label	LAB_004a8a1c
004a8a8c	Label	LAB_004a8a8c
004a8aa0	Label	LAB_004a8aa0
004a8ae0	Label	LAB_004a8ae0
004a8b0c	Function	FUN_004a8b0c
004a8b3c	Label	LAB_004a8b3c
004a8b78	Label	LAB_004a8b78
004a8b80	Label	LAB_004a8b80
004a8b90	Label	LAB_004a8b90
004a8bc4	Function	FUN_004a8bc4
004a8c64	Label	LAB_004a8c64
004a8c80	Label	LAB_004a8c80
004a8c98	Label	LAB_004a8c98
004a8d18	Label	LAB_004a8d18
004a8d34	Label	LAB_004a8d34
004a8d9c	Label	LAB_004a8d9c
004a8db4	Label	LAB_004a8db4
004a8e00	Label	LAB_004a8e00
004a8e2c	Function	FUN_004a8e2c
004a8e5c	Label	LAB_004a8e5c
004a8e9c	Label	LAB_004a8e9c
004a8ea4	Label	LAB_004a8ea4
004a8ebc	Label	LAB_004a8ebc
004a8ee8	Function	FUN_004a8ee8
004a8f84	Label	LAB_004a8f84
004a8fa0	Label	LAB_004a8fa0
004a8fb4	Label	LAB_004a8fb4
004a9038	Label	LAB_004a9038
004a9054	Label	LAB_004a9054
004a90c8	Label	LAB_004a90c8
004a90dc	Label	LAB_004a90dc
004a9128	Label	LAB_004a9128
004a9154	Function	FUN_004a9154
004a9188	Label	LAB_004a9188
004a91c4	Label	LAB_004a91c4
004a91cc	Label	LAB_004a91cc
004a91dc	Label	LAB_004a91dc
004a9214	Function	FUN_004a9214
004a92b4	Label	LAB_004a92b4
004a92d0	Label	LAB_004a92d0
004a92e8	Label	LAB_004a92e8
004a9368	Label	LAB_004a9368
004a9384	Label	LAB_004a9384
004a93ec	Label	LAB_004a93ec
004a9404	Label	LAB_004a9404
004a9450	Label	LAB_004a9450
004a947c	Function	FUN_004a947c
004a94b0	Label	LAB_004a94b0
004a94f0	Label	LAB_004a94f0
004a94f8	Label	LAB_004a94f8
004a9510	Label	LAB_004a9510
004a9540	Function	FUN_004a9540
004a95dc	Label	LAB_004a95dc
004a95f8	Label	LAB_004a95f8
004a960c	Label	LAB_004a960c
004a9690	Label	LAB_004a9690
004a96ac	Label	LAB_004a96ac
004a9720	Label	LAB_004a9720
004a9734	Label	LAB_004a9734
004a9780	Label	LAB_004a9780
004a97ac	Function	FUN_004a97ac
004a97dc	Label	LAB_004a97dc
004a9818	Label	LAB_004a9818
004a9820	Label	LAB_004a9820
004a9830	Label	LAB_004a9830
004a9868	Function	FUN_004a9868
004a9914	Label	LAB_004a9914
004a9930	Label	LAB_004a9930
004a9948	Label	LAB_004a9948
004a99c8	Label	LAB_004a99c8
004a99e4	Label	LAB_004a99e4
004a9a4c	Label	LAB_004a9a4c
004a9a64	Label	LAB_004a9a64
004a9abc	Label	LAB_004a9abc
004a9ae8	Function	FUN_004a9ae8
004a9b18	Label	LAB_004a9b18
004a9b58	Label	LAB_004a9b58
004a9b60	Label	LAB_004a9b60
004a9b78	Label	LAB_004a9b78
004a9bac	Function	FUN_004a9bac
004a9c54	Label	LAB_004a9c54
004a9c70	Label	LAB_004a9c70
004a9c84	Label	LAB_004a9c84
004a9d08	Label	LAB_004a9d08
004a9d24	Label	LAB_004a9d24
004a9d98	Label	LAB_004a9d98
004a9dac	Label	LAB_004a9dac
004a9e04	Label	LAB_004a9e04
004a9e30	Function	FUN_004a9e30
004a9ebc	Label	LAB_004a9ebc
004a9f3c	Label	LAB_004a9f3c
004a9f54	Label	LAB_004a9f54
004a9fe4	Label	LAB_004a9fe4
004aa030	Function	FUN_004aa030
004aa0cc	Label	LAB_004aa0cc
004aa0e4	Label	LAB_004aa0e4
004aa100	Label	LAB_004aa100
004aa184	Label	LAB_004aa184
004aa1a4	Label	LAB_004aa1a4
004aa230	Label	LAB_004aa230
004aa248	Label	LAB_004aa248
004aa288	Label	LAB_004aa288
004aa2b4	Function	FUN_004aa2b4
004aa340	Label	LAB_004aa340
004aa3c8	Label	LAB_004aa3c8
004aa3e0	Label	LAB_004aa3e0
004aa470	Label	LAB_004aa470
004aa4bc	Function	FUN_004aa4bc
004aa554	Label	LAB_004aa554
004aa56c	Label	LAB_004aa56c
004aa584	Label	LAB_004aa584
004aa60c	Label	LAB_004aa60c
004aa62c	Label	LAB_004aa62c
004aa6c4	Label	LAB_004aa6c4
004aa6d8	Label	LAB_004aa6d8
004aa718	Label	LAB_004aa718
004aa744	Function	FUN_004aa744
004aa7e0	Label	LAB_004aa7e0
004aa7fc	Label	LAB_004aa7fc
004aa814	Label	LAB_004aa814
004aa898	Label	LAB_004aa898
004aa8b8	Label	LAB_004aa8b8
004aa948	Label	LAB_004aa948
004aa960	Label	LAB_004aa960
004aa9ac	Label	LAB_004aa9ac
004aa9d8	Function	FUN_004aa9d8
004aaa70	Label	LAB_004aaa70
004aaa8c	Label	LAB_004aaa8c
004aaaa0	Label	LAB_004aaaa0
004aab28	Label	LAB_004aab28
004aab48	Label	LAB_004aab48
004aabe4	Label	LAB_004aabe4
004aabf8	Label	LAB_004aabf8
004aac44	Label	LAB_004aac44
004aac70	Function	FUN_004aac70
004aad0c	Label	LAB_004aad0c
004aad28	Label	LAB_004aad28
004aad40	Label	LAB_004aad40
004aadc4	Label	LAB_004aadc4
004aade4	Label	LAB_004aade4
004aae74	Label	LAB_004aae74
004aae8c	Label	LAB_004aae8c
004aaed8	Label	LAB_004aaed8
004aaf04	Function	FUN_004aaf04
004aaf9c	Label	LAB_004aaf9c
004aafb8	Label	LAB_004aafb8
004aafcc	Label	LAB_004aafcc
004ab054	Label	LAB_004ab054
004ab074	Label	LAB_004ab074
004ab110	Label	LAB_004ab110
004ab124	Label	LAB_004ab124
004ab170	Label	LAB_004ab170
004ab19c	Function	FUN_004ab19c
004ab244	Label	LAB_004ab244
004ab260	Label	LAB_004ab260
004ab278	Label	LAB_004ab278
004ab2fc	Label	LAB_004ab2fc
004ab31c	Label	LAB_004ab31c
004ab3ac	Label	LAB_004ab3ac
004ab3c4	Label	LAB_004ab3c4
004ab41c	Label	LAB_004ab41c
004ab448	Function	FUN_004ab448
004ab4ec	Label	LAB_004ab4ec
004ab508	Label	LAB_004ab508
004ab51c	Label	LAB_004ab51c
004ab5a4	Label	LAB_004ab5a4
004ab5c4	Label	LAB_004ab5c4
004ab664	Label	LAB_004ab664
004ab678	Label	LAB_004ab678
004ab6d0	Label	LAB_004ab6d0
004ab6fc	Function	FUN_004ab6fc
004ab788	Label	LAB_004ab788
004ab7f8	Label	LAB_004ab7f8
004ab810	Label	LAB_004ab810
004ab8a0	Label	LAB_004ab8a0
004ab8ec	Function	FUN_004ab8ec
004ab988	Label	LAB_004ab988
004ab9a0	Label	LAB_004ab9a0
004ab9bc	Label	LAB_004ab9bc
004aba40	Label	LAB_004aba40
004aba60	Label	LAB_004aba60
004abadc	Label	LAB_004abadc
004abaf4	Label	LAB_004abaf4
004abb34	Label	LAB_004abb34
004abb60	Function	FUN_004abb60
004abbec	Label	LAB_004abbec
004abc64	Label	LAB_004abc64
004abc7c	Label	LAB_004abc7c
004abd0c	Label	LAB_004abd0c
004abd58	Function	FUN_004abd58
004abdf0	Label	LAB_004abdf0
004abe08	Label	LAB_004abe08
004abe20	Label	LAB_004abe20
004abea8	Label	LAB_004abea8
004abec8	Label	LAB_004abec8
004abf50	Label	LAB_004abf50
004abf64	Label	LAB_004abf64
004abfa4	Label	LAB_004abfa4
004abfd0	Function	FUN_004abfd0
004ac06c	Label	LAB_004ac06c
004ac088	Label	LAB_004ac088
004ac0a0	Label	LAB_004ac0a0
004ac124	Label	LAB_004ac124
004ac144	Label	LAB_004ac144
004ac1c4	Label	LAB_004ac1c4
004ac1dc	Label	LAB_004ac1dc
004ac228	Label	LAB_004ac228
004ac254	Function	FUN_004ac254
004ac2ec	Label	LAB_004ac2ec
004ac308	Label	LAB_004ac308
004ac31c	Label	LAB_004ac31c
004ac3a4	Label	LAB_004ac3a4
004ac3c4	Label	LAB_004ac3c4
004ac450	Label	LAB_004ac450
004ac464	Label	LAB_004ac464
004ac4b0	Label	LAB_004ac4b0
004ac4dc	Function	FUN_004ac4dc
004ac578	Label	LAB_004ac578
004ac594	Label	LAB_004ac594
004ac5ac	Label	LAB_004ac5ac
004ac630	Label	LAB_004ac630
004ac650	Label	LAB_004ac650
004ac6d0	Label	LAB_004ac6d0
004ac6e8	Label	LAB_004ac6e8
004ac734	Label	LAB_004ac734
004ac760	Function	FUN_004ac760
004ac7f8	Label	LAB_004ac7f8
004ac814	Label	LAB_004ac814
004ac828	Label	LAB_004ac828
004ac8b0	Label	LAB_004ac8b0
004ac8d0	Label	LAB_004ac8d0
004ac95c	Label	LAB_004ac95c
004ac970	Label	LAB_004ac970
004ac9bc	Label	LAB_004ac9bc
004ac9e8	Function	FUN_004ac9e8
004aca90	Label	LAB_004aca90
004acaac	Label	LAB_004acaac
004acac4	Label	LAB_004acac4
004acb48	Label	LAB_004acb48
004acb68	Label	LAB_004acb68
004acbe8	Label	LAB_004acbe8
004acc00	Label	LAB_004acc00
004acc58	Label	LAB_004acc58
004acc84	Function	FUN_004acc84
004acd28	Label	LAB_004acd28
004acd44	Label	LAB_004acd44
004acd58	Label	LAB_004acd58
004acde0	Label	LAB_004acde0
004ace00	Label	LAB_004ace00
004ace90	Label	LAB_004ace90
004acea4	Label	LAB_004acea4
004acefc	Label	LAB_004acefc
004acf28	Function	FUN_004acf28
004acfb4	Label	LAB_004acfb4
004ad01c	Label	LAB_004ad01c
004ad034	Label	LAB_004ad034
004ad0c0	Label	LAB_004ad0c0
004ad10c	Function	FUN_004ad10c
004ad1a8	Label	LAB_004ad1a8
004ad1c0	Label	LAB_004ad1c0
004ad1dc	Label	LAB_004ad1dc
004ad25c	Label	LAB_004ad25c
004ad27c	Label	LAB_004ad27c
004ad2ec	Label	LAB_004ad2ec
004ad304	Label	LAB_004ad304
004ad344	Label	LAB_004ad344
004ad370	Function	FUN_004ad370
004ad3fc	Label	LAB_004ad3fc
004ad468	Label	LAB_004ad468
004ad480	Label	LAB_004ad480
004ad50c	Label	LAB_004ad50c
004ad558	Function	FUN_004ad558
004ad5f0	Label	LAB_004ad5f0
004ad608	Label	LAB_004ad608
004ad620	Label	LAB_004ad620
004ad6a4	Label	LAB_004ad6a4
004ad6c4	Label	LAB_004ad6c4
004ad740	Label	LAB_004ad740
004ad754	Label	LAB_004ad754
004ad794	Label	LAB_004ad794
004ad7c0	Function	FUN_004ad7c0
004ad85c	Label	LAB_004ad85c
004ad878	Label	LAB_004ad878
004ad890	Label	LAB_004ad890
004ad910	Label	LAB_004ad910
004ad930	Label	LAB_004ad930
004ad9a4	Label	LAB_004ad9a4
004ad9bc	Label	LAB_004ad9bc
004ada08	Label	LAB_004ada08
004ada34	Function	FUN_004ada34
004adacc	Label	LAB_004adacc
004adae8	Label	LAB_004adae8
004adafc	Label	LAB_004adafc
004adb80	Label	LAB_004adb80
004adba0	Label	LAB_004adba0
004adc20	Label	LAB_004adc20
004adc34	Label	LAB_004adc34
004adc80	Label	LAB_004adc80
004adcac	Function	FUN_004adcac
004add48	Label	LAB_004add48
004add64	Label	LAB_004add64
004add7c	Label	LAB_004add7c
004addfc	Label	LAB_004addfc
004ade1c	Label	LAB_004ade1c
004ade90	Label	LAB_004ade90
004adea8	Label	LAB_004adea8
004adef4	Label	LAB_004adef4
004adf20	Function	FUN_004adf20
004adfb8	Label	LAB_004adfb8
004adfd4	Label	LAB_004adfd4
004adfe8	Label	LAB_004adfe8
004ae06c	Label	LAB_004ae06c
004ae08c	Label	LAB_004ae08c
004ae10c	Label	LAB_004ae10c
004ae120	Label	LAB_004ae120
004ae16c	Label	LAB_004ae16c
004ae198	Function	FUN_004ae198
004ae240	Label	LAB_004ae240
004ae25c	Label	LAB_004ae25c
004ae274	Label	LAB_004ae274
004ae2f4	Label	LAB_004ae2f4
004ae314	Label	LAB_004ae314
004ae388	Label	LAB_004ae388
004ae3a0	Label	LAB_004ae3a0
004ae3f8	Label	LAB_004ae3f8
004ae424	Function	FUN_004ae424
004ae4c8	Label	LAB_004ae4c8
004ae4e4	Label	LAB_004ae4e4
004ae4f8	Label	LAB_004ae4f8
004ae57c	Label	LAB_004ae57c
004ae59c	Label	LAB_004ae59c
004ae620	Label	LAB_004ae620
004ae634	Label	LAB_004ae634
004ae68c	Label	LAB_004ae68c
004ae6b8	Function	FUN_004ae6b8
004ae718	Label	LAB_004ae718
004ae7c0	Label	LAB_004ae7c0
004ae7ec	Function	FUN_004ae7ec
004ae850	Label	LAB_004ae850
004ae900	Label	LAB_004ae900
004ae908	Label	LAB_004ae908
004ae938	Label	LAB_004ae938
004ae94c	Function	FUN_004ae94c
004ae9ac	Label	LAB_004ae9ac
004aea5c	Label	LAB_004aea5c
004aea88	Function	FUN_004aea88
004aeaf0	Label	LAB_004aeaf0
004aeba8	Label	LAB_004aeba8
004aebb0	Label	LAB_004aebb0
004aebe4	Label	LAB_004aebe4
004aebf8	Function	FUN_004aebf8
004aec64	Label	LAB_004aec64
004aed14	Label	LAB_004aed14
004aed1c	Label	LAB_004aed1c
004aed50	Label	LAB_004aed50
004aed80	Function	FUN_004aed80
004aede8	Label	LAB_004aede8
004aeea0	Label	LAB_004aeea0
004aeea8	Label	LAB_004aeea8
004aeedc	Label	LAB_004aeedc
004aef08	Function	FUN_004aef08
004aef80	Label	LAB_004aef80
004af030	Label	LAB_004af030
004af038	Label	LAB_004af038
004af070	Label	LAB_004af070
004af0a4	Function	FUN_004af0a4
004af11c	Label	LAB_004af11c
004af1d4	Label	LAB_004af1d4
004af1dc	Label	LAB_004af1dc
004af218	Label	LAB_004af218
004af248	Function	FUN_004af248
004af2b0	Label	LAB_004af2b0
004af360	Label	LAB_004af360
004af368	Label	LAB_004af368
004af39c	Label	LAB_004af39c
004af3d4	Function	FUN_004af3d4
004af43c	Label	LAB_004af43c
004af4f4	Label	LAB_004af4f4
004af4fc	Label	LAB_004af4fc
004af530	Label	LAB_004af530
004af564	Function	FUN_004af564
004af5c4	Label	LAB_004af5c4
004af65c	Label	LAB_004af65c
004af688	Function	FUN_004af688
004af6f0	Label	LAB_004af6f0
004af790	Label	LAB_004af790
004af798	Label	LAB_004af798
004af7cc	Label	LAB_004af7cc
004af7e0	Function	FUN_004af7e0
004af840	Label	LAB_004af840
004af8e0	Label	LAB_004af8e0
004af90c	Function	FUN_004af90c
004af974	Label	LAB_004af974
004afa1c	Label	LAB_004afa1c
004afa24	Label	LAB_004afa24
004afa58	Label	LAB_004afa58
004afa6c	Function	FUN_004afa6c
004afad8	Label	LAB_004afad8
004afb78	Label	LAB_004afb78
004afb80	Label	LAB_004afb80
004afbb4	Label	LAB_004afbb4
004afbe4	Function	FUN_004afbe4
004afc4c	Label	LAB_004afc4c
004afcf4	Label	LAB_004afcf4
004afcfc	Label	LAB_004afcfc
004afd30	Label	LAB_004afd30
004afd5c	Function	FUN_004afd5c
004afdd0	Label	LAB_004afdd0
004afe70	Label	LAB_004afe70
004afe78	Label	LAB_004afe78
004afeb0	Label	LAB_004afeb0
004afee4	Function	FUN_004afee4
004aff5c	Label	LAB_004aff5c
004b0004	Label	LAB_004b0004
004b000c	Label	LAB_004b000c
004b0048	Label	LAB_004b0048
004b0078	Function	FUN_004b0078
004b00e4	Label	LAB_004b00e4
004b0184	Label	LAB_004b0184
004b018c	Label	LAB_004b018c
004b01c0	Label	LAB_004b01c0
004b01f8	Function	FUN_004b01f8
004b0260	Label	LAB_004b0260
004b0308	Label	LAB_004b0308
004b0310	Label	LAB_004b0310
004b0344	Label	LAB_004b0344
004b0378	Function	FUN_004b0378
004b03d0	Label	LAB_004b03d0
004b045c	Label	LAB_004b045c
004b0484	Function	FUN_004b0484
004b04e4	Label	LAB_004b04e4
004b0578	Label	LAB_004b0578
004b0580	Label	LAB_004b0580
004b05b0	Label	LAB_004b05b0
004b05c4	Function	FUN_004b05c4
004b061c	Label	LAB_004b061c
004b06b0	Label	LAB_004b06b0
004b06d8	Function	FUN_004b06d8
004b0738	Label	LAB_004b0738
004b07d4	Label	LAB_004b07d4
004b07dc	Label	LAB_004b07dc
004b080c	Label	LAB_004b080c
004b0820	Function	FUN_004b0820
004b0880	Label	LAB_004b0880
004b0914	Label	LAB_004b0914
004b091c	Label	LAB_004b091c
004b0948	Label	LAB_004b0948
004b0978	Function	FUN_004b0978
004b09d8	Label	LAB_004b09d8
004b0a74	Label	LAB_004b0a74
004b0a7c	Label	LAB_004b0a7c
004b0aac	Label	LAB_004b0aac
004b0ad8	Function	FUN_004b0ad8
004b0b4c	Label	LAB_004b0b4c
004b0be0	Label	LAB_004b0be0
004b0be8	Label	LAB_004b0be8
004b0c20	Label	LAB_004b0c20
004b0c54	Function	FUN_004b0c54
004b0cc4	Label	LAB_004b0cc4
004b0d60	Label	LAB_004b0d60
004b0d68	Label	LAB_004b0d68
004b0da0	Label	LAB_004b0da0
004b0dd0	Function	FUN_004b0dd0
004b0e34	Label	LAB_004b0e34
004b0ec8	Label	LAB_004b0ec8
004b0ed0	Label	LAB_004b0ed0
004b0f00	Label	LAB_004b0f00
004b0f38	Function	FUN_004b0f38
004b0f98	Label	LAB_004b0f98
004b1034	Label	LAB_004b1034
004b103c	Label	LAB_004b103c
004b106c	Label	LAB_004b106c
004b10a0	Function	FUN_004b10a0
004b10b8	Label	LAB_004b10b8
004b10f4	Function	FUN_004b10f4
004b110c	Label	LAB_004b110c
004b115c	Function	FUN_004b115c
004b1174	Label	LAB_004b1174
004b119c	Label	LAB_004b119c
004b11b8	Function	FUN_004b11b8
004b11d0	Label	LAB_004b11d0
004b1210	Label	LAB_004b1210
004b1228	Function	FUN_004b1228
004b1240	Label	LAB_004b1240
004b12a8	Function	FUN_004b12a8
004b12c0	Label	LAB_004b12c0
004b1314	Label	LAB_004b1314
004b132c	Function	FUN_004b132c
004b134c	Label	LAB_004b134c
004b13b8	Function	FUN_004b13b8
004b13d8	Label	LAB_004b13d8
004b1430	Label	LAB_004b1430
004b1448	Function	FUN_004b1448
004b1460	Label	LAB_004b1460
004b14d0	Function	FUN_004b14d0
004b14e8	Label	LAB_004b14e8
004b1544	Label	LAB_004b1544
004b155c	Function	FUN_004b155c
004b15bc	Label	LAB_004b15bc
004b1670	Label	LAB_004b1670
004b16a4	Function	FUN_004b16a4
004b1708	Label	LAB_004b1708
004b17c4	Label	LAB_004b17c4
004b17cc	Label	LAB_004b17cc
004b1804	Label	LAB_004b1804
004b1818	Function	FUN_004b1818
004b1878	Label	LAB_004b1878
004b1934	Label	LAB_004b1934
004b1968	Function	FUN_004b1968
004b19cc	Label	LAB_004b19cc
004b1a90	Label	LAB_004b1a90
004b1a98	Label	LAB_004b1a98
004b1ad0	Label	LAB_004b1ad0
004b1ae4	Function	FUN_004b1ae4
004b1b4c	Label	LAB_004b1b4c
004b1c08	Label	LAB_004b1c08
004b1c10	Label	LAB_004b1c10
004b1c48	Label	LAB_004b1c48
004b1c78	Function	FUN_004b1c78
004b1cdc	Label	LAB_004b1cdc
004b1da0	Label	LAB_004b1da0
004b1da8	Label	LAB_004b1da8
004b1de0	Label	LAB_004b1de0
004b1e0c	Function	FUN_004b1e0c
004b1e84	Label	LAB_004b1e84
004b1f40	Label	LAB_004b1f40
004b1f48	Label	LAB_004b1f48
004b1f88	Label	LAB_004b1f88
004b1fbc	Function	FUN_004b1fbc
004b2030	Label	LAB_004b2030
004b20f4	Label	LAB_004b20f4
004b20fc	Label	LAB_004b20fc
004b213c	Label	LAB_004b213c
004b216c	Function	FUN_004b216c
004b21d4	Label	LAB_004b21d4
004b2290	Label	LAB_004b2290
004b2298	Label	LAB_004b2298
004b22d0	Label	LAB_004b22d0
004b2308	Function	FUN_004b2308
004b236c	Label	LAB_004b236c
004b2430	Label	LAB_004b2430
004b2438	Label	LAB_004b2438
004b2470	Label	LAB_004b2470
004b24a4	Function	FUN_004b24a4
004b2504	Label	LAB_004b2504
004b25a8	Label	LAB_004b25a8
004b25dc	Function	FUN_004b25dc
004b2640	Label	LAB_004b2640
004b26ec	Label	LAB_004b26ec
004b26f4	Label	LAB_004b26f4
004b272c	Label	LAB_004b272c
004b2740	Function	FUN_004b2740
004b27a0	Label	LAB_004b27a0
004b284c	Label	LAB_004b284c
004b2880	Function	FUN_004b2880
004b28e4	Label	LAB_004b28e4
004b2998	Label	LAB_004b2998
004b29a0	Label	LAB_004b29a0
004b29d8	Label	LAB_004b29d8
004b29ec	Function	FUN_004b29ec
004b2a54	Label	LAB_004b2a54
004b2b00	Label	LAB_004b2b00
004b2b08	Label	LAB_004b2b08
004b2b40	Label	LAB_004b2b40
004b2b70	Function	FUN_004b2b70
004b2bd4	Label	LAB_004b2bd4
004b2c88	Label	LAB_004b2c88
004b2c90	Label	LAB_004b2c90
004b2cc8	Label	LAB_004b2cc8
004b2cf4	Function	FUN_004b2cf4
004b2d6c	Label	LAB_004b2d6c
004b2e18	Label	LAB_004b2e18
004b2e20	Label	LAB_004b2e20
004b2e60	Label	LAB_004b2e60
004b2e94	Function	FUN_004b2e94
004b2f08	Label	LAB_004b2f08
004b2fbc	Label	LAB_004b2fbc
004b2fc4	Label	LAB_004b2fc4
004b3004	Label	LAB_004b3004
004b3034	Function	FUN_004b3034
004b309c	Label	LAB_004b309c
004b3148	Label	LAB_004b3148
004b3150	Label	LAB_004b3150
004b3188	Label	LAB_004b3188
004b31c0	Function	FUN_004b31c0
004b3224	Label	LAB_004b3224
004b32d8	Label	LAB_004b32d8
004b32e0	Label	LAB_004b32e0
004b3318	Label	LAB_004b3318
004b334c	Function	FUN_004b334c
004b338c	Label	LAB_004b338c
004b33d4	Label	LAB_004b33d4
004b343c	Label	LAB_004b343c
004b3450	Label	LAB_004b3450
004b3494	Label	LAB_004b3494
004b34b0	Label	LAB_004b34b0
004b34cc	Function	FUN_004b34cc
004b350c	Label	LAB_004b350c
004b3558	Label	LAB_004b3558
004b35d0	Label	LAB_004b35d0
004b35e4	Label	LAB_004b35e4
004b3628	Label	LAB_004b3628
004b3648	Label	LAB_004b3648
004b3664	Label	LAB_004b3664
004b3680	Function	FUN_004b3680
004b36d8	Label	LAB_004b36d8
004b3778	Label	LAB_004b3778
004b37a8	Function	FUN_004b37a8
004b3808	Label	LAB_004b3808
004b38b0	Label	LAB_004b38b0
004b38b8	Label	LAB_004b38b8
004b38f0	Label	LAB_004b38f0
004b3904	Function	FUN_004b3904
004b3944	Label	LAB_004b3944
004b3990	Label	LAB_004b3990
004b3a08	Label	LAB_004b3a08
004b3a1c	Label	LAB_004b3a1c
004b3a60	Label	LAB_004b3a60
004b3a80	Label	LAB_004b3a80
004b3ab8	Label	LAB_004b3ab8
004b3ad4	Function	FUN_004b3ad4
004b3b34	Label	LAB_004b3b34
004b3bdc	Label	LAB_004b3bdc
004b3be4	Label	LAB_004b3be4
004b3c1c	Label	LAB_004b3c1c
004b3c48	Function	FUN_004b3c48
004b3cb8	Label	LAB_004b3cb8
004b3d58	Label	LAB_004b3d58
004b3d60	Label	LAB_004b3d60
004b3d9c	Label	LAB_004b3d9c
004b3dd0	Function	FUN_004b3dd0
004b3e3c	Label	LAB_004b3e3c
004b3ee4	Label	LAB_004b3ee4
004b3eec	Label	LAB_004b3eec
004b3f28	Label	LAB_004b3f28
004b3f58	Function	FUN_004b3f58
004b3f98	Label	LAB_004b3f98
004b3fe4	Label	LAB_004b3fe4
004b405c	Label	LAB_004b405c
004b4070	Label	LAB_004b4070
004b40b4	Label	LAB_004b40b4
004b40d4	Label	LAB_004b40d4
004b4114	Label	LAB_004b4114
004b4130	Function	FUN_004b4130
004b4190	Label	LAB_004b4190
004b4238	Label	LAB_004b4238
004b4240	Label	LAB_004b4240
004b4278	Label	LAB_004b4278
004b42ac	Function	FUN_004b42ac
004b4314	Label	LAB_004b4314
004b43b8	Label	LAB_004b43b8
004b43e4	Function	FUN_004b43e4
004b4450	Label	LAB_004b4450
004b44fc	Label	LAB_004b44fc
004b4504	Label	LAB_004b4504
004b4534	Label	LAB_004b4534
004b4548	Function	FUN_004b4548
004b45ac	Label	LAB_004b45ac
004b4658	Label	LAB_004b4658
004b4684	Function	FUN_004b4684
004b46f0	Label	LAB_004b46f0
004b47a4	Label	LAB_004b47a4
004b47ac	Label	LAB_004b47ac
004b47e0	Label	LAB_004b47e0
004b47f4	Function	FUN_004b47f4
004b4864	Label	LAB_004b4864
004b4910	Label	LAB_004b4910
004b4918	Label	LAB_004b4918
004b494c	Label	LAB_004b494c
004b497c	Function	FUN_004b497c
004b49e8	Label	LAB_004b49e8
004b4a9c	Label	LAB_004b4a9c
004b4aa4	Label	LAB_004b4aa4
004b4ad8	Label	LAB_004b4ad8
004b4b04	Function	FUN_004b4b04
004b4b80	Label	LAB_004b4b80
004b4c2c	Label	LAB_004b4c2c
004b4c34	Label	LAB_004b4c34
004b4c70	Label	LAB_004b4c70
004b4ca4	Function	FUN_004b4ca4
004b4d20	Label	LAB_004b4d20
004b4dd4	Label	LAB_004b4dd4
004b4ddc	Label	LAB_004b4ddc
004b4e18	Label	LAB_004b4e18
004b4e48	Function	FUN_004b4e48
004b4eb4	Label	LAB_004b4eb4
004b4f60	Label	LAB_004b4f60
004b4f68	Label	LAB_004b4f68
004b4f98	Label	LAB_004b4f98
004b4fd0	Function	FUN_004b4fd0
004b503c	Label	LAB_004b503c
004b50f0	Label	LAB_004b50f0
004b50f8	Label	LAB_004b50f8
004b512c	Label	LAB_004b512c
004b5160	Function	FUN_004b5160
004b51c4	Label	LAB_004b51c4
004b5258	Label	LAB_004b5258
004b5284	Function	FUN_004b5284
004b52f0	Label	LAB_004b52f0
004b538c	Label	LAB_004b538c
004b5394	Label	LAB_004b5394
004b53c8	Label	LAB_004b53c8
004b53dc	Function	FUN_004b53dc
004b5440	Label	LAB_004b5440
004b54dc	Label	LAB_004b54dc
004b5508	Function	FUN_004b5508
004b5574	Label	LAB_004b5574
004b5618	Label	LAB_004b5618
004b5620	Label	LAB_004b5620
004b5654	Label	LAB_004b5654
004b5668	Function	FUN_004b5668
004b56d8	Label	LAB_004b56d8
004b5774	Label	LAB_004b5774
004b577c	Label	LAB_004b577c
004b57b0	Label	LAB_004b57b0
004b57e0	Function	FUN_004b57e0
004b584c	Label	LAB_004b584c
004b58f0	Label	LAB_004b58f0
004b58f8	Label	LAB_004b58f8
004b592c	Label	LAB_004b592c
004b5958	Function	FUN_004b5958
004b59d4	Label	LAB_004b59d4
004b5a70	Label	LAB_004b5a70
004b5a78	Label	LAB_004b5a78
004b5ab4	Label	LAB_004b5ab4
004b5ae8	Function	FUN_004b5ae8
004b5b64	Label	LAB_004b5b64
004b5c08	Label	LAB_004b5c08
004b5c10	Label	LAB_004b5c10
004b5c4c	Label	LAB_004b5c4c
004b5c7c	Function	FUN_004b5c7c
004b5cec	Label	LAB_004b5cec
004b5d88	Label	LAB_004b5d88
004b5d90	Label	LAB_004b5d90
004b5dc4	Label	LAB_004b5dc4
004b5dfc	Function	FUN_004b5dfc
004b5e68	Label	LAB_004b5e68
004b5f0c	Label	LAB_004b5f0c
004b5f14	Label	LAB_004b5f14
004b5f48	Label	LAB_004b5f48
004b5f7c	Function	FUN_004b5f7c
004b5fd8	Label	LAB_004b5fd8
004b6060	Label	LAB_004b6060
004b6088	Function	FUN_004b6088
004b60ec	Label	LAB_004b60ec
004b617c	Label	LAB_004b617c
004b6184	Label	LAB_004b6184
004b61b4	Label	LAB_004b61b4
004b61c8	Function	FUN_004b61c8
004b6224	Label	LAB_004b6224
004b62b4	Label	LAB_004b62b4
004b62dc	Function	FUN_004b62dc
004b6340	Label	LAB_004b6340
004b63d8	Label	LAB_004b63d8
004b63e0	Label	LAB_004b63e0
004b6410	Label	LAB_004b6410
004b6424	Function	FUN_004b6424
004b648c	Label	LAB_004b648c
004b651c	Label	LAB_004b651c
004b6524	Label	LAB_004b6524
004b6554	Label	LAB_004b6554
004b6584	Function	FUN_004b6584
004b65e8	Label	LAB_004b65e8
004b6680	Label	LAB_004b6680
004b6688	Label	LAB_004b6688
004b66b8	Label	LAB_004b66b8
004b66e4	Function	FUN_004b66e4
004b6758	Label	LAB_004b6758
004b67e8	Label	LAB_004b67e8
004b67f0	Label	LAB_004b67f0
004b6828	Label	LAB_004b6828
004b685c	Function	FUN_004b685c
004b68d0	Label	LAB_004b68d0
004b6968	Label	LAB_004b6968
004b6970	Label	LAB_004b6970
004b69a8	Label	LAB_004b69a8
004b69d8	Function	FUN_004b69d8
004b6a40	Label	LAB_004b6a40
004b6ad0	Label	LAB_004b6ad0
004b6ad8	Label	LAB_004b6ad8
004b6b08	Label	LAB_004b6b08
004b6b40	Function	FUN_004b6b40
004b6ba4	Label	LAB_004b6ba4
004b6c3c	Label	LAB_004b6c3c
004b6c44	Label	LAB_004b6c44
004b6c74	Label	LAB_004b6c74
004b6ca8	Function	FUN_004b6ca8
004b6cc4	Label	LAB_004b6cc4
004b6d04	Function	FUN_004b6d04
004b6d20	Label	LAB_004b6d20
004b6d74	Function	FUN_004b6d74
004b6d90	Label	LAB_004b6d90
004b6db8	Label	LAB_004b6db8
004b6dd8	Function	FUN_004b6dd8
004b6df4	Label	LAB_004b6df4
004b6e38	Label	LAB_004b6e38
004b6e50	Function	FUN_004b6e50
004b6e6c	Label	LAB_004b6e6c
004b6ed8	Function	FUN_004b6ed8
004b6ef4	Label	LAB_004b6ef4
004b6f4c	Label	LAB_004b6f4c
004b6f64	Function	FUN_004b6f64
004b6f88	Label	LAB_004b6f88
004b6ff8	Function	FUN_004b6ff8
004b701c	Label	LAB_004b701c
004b7078	Label	LAB_004b7078
004b7090	Function	FUN_004b7090
004b70ac	Label	LAB_004b70ac
004b7120	Function	FUN_004b7120
004b713c	Label	LAB_004b713c
004b719c	Label	LAB_004b719c
004b71b4	Function	FUN_004b71b4
004b721c	Label	LAB_004b721c
004b72cc	Label	LAB_004b72cc
004b7300	Function	FUN_004b7300
004b7370	Label	LAB_004b7370
004b7428	Label	LAB_004b7428
004b7430	Label	LAB_004b7430
004b746c	Label	LAB_004b746c
004b7480	Function	FUN_004b7480
004b74e4	Label	LAB_004b74e4
004b759c	Label	LAB_004b759c
004b75d0	Function	FUN_004b75d0
004b763c	Label	LAB_004b763c
004b76fc	Label	LAB_004b76fc
004b7704	Label	LAB_004b7704
004b7740	Label	LAB_004b7740
004b7754	Function	FUN_004b7754
004b77c4	Label	LAB_004b77c4
004b787c	Label	LAB_004b787c
004b7884	Label	LAB_004b7884
004b78c0	Label	LAB_004b78c0
004b78f0	Function	FUN_004b78f0
004b795c	Label	LAB_004b795c
004b7a1c	Label	LAB_004b7a1c
004b7a24	Label	LAB_004b7a24
004b7a60	Label	LAB_004b7a60
004b7a8c	Function	FUN_004b7a8c
004b7b00	Label	LAB_004b7b00
004b7bb8	Label	LAB_004b7bb8
004b7bc0	Label	LAB_004b7bc0
004b7c00	Label	LAB_004b7c00
004b7c38	Function	FUN_004b7c38
004b7cac	Label	LAB_004b7cac
004b7d6c	Label	LAB_004b7d6c
004b7d74	Label	LAB_004b7d74
004b7db4	Label	LAB_004b7db4
004b7de8	Function	FUN_004b7de8
004b7e58	Label	LAB_004b7e58
004b7f10	Label	LAB_004b7f10
004b7f18	Label	LAB_004b7f18
004b7f54	Label	LAB_004b7f54
004b7f8c	Function	FUN_004b7f8c
004b7ff8	Label	LAB_004b7ff8
004b80b8	Label	LAB_004b80b8
004b80c0	Label	LAB_004b80c0
004b80fc	Label	LAB_004b80fc
004b8130	Function	FUN_004b8130
004b8194	Label	LAB_004b8194
004b8234	Label	LAB_004b8234
004b8268	Function	FUN_004b8268
004b82d4	Label	LAB_004b82d4
004b837c	Label	LAB_004b837c
004b8384	Label	LAB_004b8384
004b83c0	Label	LAB_004b83c0
004b83d4	Function	FUN_004b83d4
004b8438	Label	LAB_004b8438
004b84e0	Label	LAB_004b84e0
004b8514	Function	FUN_004b8514
004b8580	Label	LAB_004b8580
004b8630	Label	LAB_004b8630
004b8638	Label	LAB_004b8638
004b8674	Label	LAB_004b8674
004b8688	Function	FUN_004b8688
004b86f8	Label	LAB_004b86f8
004b87a0	Label	LAB_004b87a0
004b87a8	Label	LAB_004b87a8
004b87e4	Label	LAB_004b87e4
004b8814	Function	FUN_004b8814
004b8880	Label	LAB_004b8880
004b8930	Label	LAB_004b8930
004b8938	Label	LAB_004b8938
004b8974	Label	LAB_004b8974
004b89a0	Function	FUN_004b89a0
004b8a14	Label	LAB_004b8a14
004b8abc	Label	LAB_004b8abc
004b8ac4	Label	LAB_004b8ac4
004b8b04	Label	LAB_004b8b04
004b8b3c	Function	FUN_004b8b3c
004b8bb0	Label	LAB_004b8bb0
004b8c60	Label	LAB_004b8c60
004b8c68	Label	LAB_004b8c68
004b8ca8	Label	LAB_004b8ca8
004b8cdc	Function	FUN_004b8cdc
004b8d4c	Label	LAB_004b8d4c
004b8df4	Label	LAB_004b8df4
004b8dfc	Label	LAB_004b8dfc
004b8e38	Label	LAB_004b8e38
004b8e70	Function	FUN_004b8e70
004b8edc	Label	LAB_004b8edc
004b8f8c	Label	LAB_004b8f8c
004b8f94	Label	LAB_004b8f94
004b8fd0	Label	LAB_004b8fd0
004b9004	Function	FUN_004b9004
004b9060	Label	LAB_004b9060
004b90f4	Label	LAB_004b90f4
004b9124	Function	FUN_004b9124
004b9188	Label	LAB_004b9188
004b9224	Label	LAB_004b9224
004b922c	Label	LAB_004b922c
004b9264	Label	LAB_004b9264
004b9278	Function	FUN_004b9278
004b92d4	Label	LAB_004b92d4
004b9370	Label	LAB_004b9370
004b93a0	Function	FUN_004b93a0
004b9404	Label	LAB_004b9404
004b94a8	Label	LAB_004b94a8
004b94b0	Label	LAB_004b94b0
004b94e8	Label	LAB_004b94e8
004b94fc	Function	FUN_004b94fc
004b9564	Label	LAB_004b9564
004b9600	Label	LAB_004b9600
004b9608	Label	LAB_004b9608
004b9640	Label	LAB_004b9640
004b9670	Function	FUN_004b9670
004b96d4	Label	LAB_004b96d4
004b9778	Label	LAB_004b9778
004b9780	Label	LAB_004b9780
004b97b8	Label	LAB_004b97b8
004b97e4	Function	FUN_004b97e4
004b985c	Label	LAB_004b985c
004b98f8	Label	LAB_004b98f8
004b9900	Label	LAB_004b9900
004b9940	Label	LAB_004b9940
004b9974	Function	FUN_004b9974
004b99e8	Label	LAB_004b99e8
004b9a8c	Label	LAB_004b9a8c
004b9a94	Label	LAB_004b9a94
004b9ad4	Label	LAB_004b9ad4
004b9b04	Function	FUN_004b9b04
004b9b6c	Label	LAB_004b9b6c
004b9c08	Label	LAB_004b9c08
004b9c10	Label	LAB_004b9c10
004b9c48	Label	LAB_004b9c48
004b9c80	Function	FUN_004b9c80
004b9ce4	Label	LAB_004b9ce4
004b9d88	Label	LAB_004b9d88
004b9d90	Label	LAB_004b9d90
004b9dc8	Label	LAB_004b9dc8
004b9dfc	Function	FUN_004b9dfc
004b9e74	Label	LAB_004b9e74
004b9e7c	Label	LAB_004b9e7c
004b9eb0	Label	LAB_004b9eb0
004b9ed0	Label	LAB_004b9ed0
004b9ed8	Label	LAB_004b9ed8
004b9ee0	Label	LAB_004b9ee0
004b9ee8	Function	FUN_004b9ee8
004b9ef0	Label	LAB_004b9ef0
004b9f18	Function	FUN_004b9f18
004b9f1c	Label	LAB_004b9f1c
004b9f2c	Label	LAB_004b9f2c
004b9f3c	Function	FUN_004b9f3c
004b9f44	Label	LAB_004b9f44
004b9f64	Label	LAB_004b9f64
004b9f74	Function	FUN_004b9f74
004b9f78	Label	LAB_004b9f78
004b9fbc	Function	FUN_004b9fbc
004b9fc0	Label	LAB_004b9fc0
004b9ff8	Label	LAB_004b9ff8
004ba008	Function	FUN_004ba008
004ba014	Label	LAB_004ba014
004ba05c	Function	FUN_004ba05c
004ba068	Label	LAB_004ba068
004ba0a4	Label	LAB_004ba0a4
004ba0b4	Function	FUN_004ba0b4
004ba0c0	Label	LAB_004ba0c0
004ba104	Function	FUN_004ba104
004ba110	Label	LAB_004ba110
004ba148	Label	LAB_004ba148
004ba158	Function	FUN_004ba158
004ba18c	Label	LAB_004ba18c
004ba1e8	Label	LAB_004ba1e8
004ba200	Function	FUN_004ba200
004ba29c	Label	LAB_004ba29c
004ba328	Label	LAB_004ba328
004ba344	Label	LAB_004ba344
004ba3cc	Label	LAB_004ba3cc
004ba414	Function	FUN_004ba414
004ba448	Label	LAB_004ba448
004ba4a8	Label	LAB_004ba4a8
004ba4b4	Label	LAB_004ba4b4
004ba4bc	Label	LAB_004ba4bc
004ba4cc	Label	LAB_004ba4cc
004ba534	Label	LAB_004ba534
004ba540	Label	LAB_004ba540
004ba554	Label	LAB_004ba554
004ba56c	Function	thunk_FUN_004ba414
004ba574	Function	FUN_004ba574
004ba620	Label	LAB_004ba620
004ba640	Label	LAB_004ba640
004ba658	Label	LAB_004ba658
004ba6d8	Label	LAB_004ba6d8
004ba6f4	Label	LAB_004ba6f4
004ba798	Label	LAB_004ba798
004ba7b0	Label	LAB_004ba7b0
004ba7f0	Label	LAB_004ba7f0
004ba81c	Function	FUN_004ba81c
004ba850	Label	LAB_004ba850
004ba8b4	Label	LAB_004ba8b4
004ba8cc	Function	FUN_004ba8cc
004ba970	Label	LAB_004ba970
004ba990	Label	LAB_004ba990
004ba998	Label	LAB_004ba998
004baa1c	Label	LAB_004baa1c
004baa38	Label	LAB_004baa38
004baae8	Label	LAB_004baae8
004baaf0	Label	LAB_004baaf0
004bab1c	Function	FUN_004bab1c
004bab50	Label	LAB_004bab50
004babbc	Label	LAB_004babbc
004babc4	Label	LAB_004babc4
004babdc	Label	LAB_004babdc
004babf0	Function	thunk_FUN_004bab1c
004babf8	Function	FUN_004babf8
004baca0	Label	LAB_004baca0
004bacc0	Label	LAB_004bacc0
004bacd8	Label	LAB_004bacd8
004bad5c	Label	LAB_004bad5c
004bad78	Label	LAB_004bad78
004bae2c	Label	LAB_004bae2c
004bae40	Label	LAB_004bae40
004bae80	Label	LAB_004bae80
004baeac	Function	FUN_004baeac
004baee0	Label	LAB_004baee0
004baf4c	Label	LAB_004baf4c
004baf64	Label	LAB_004baf64
004baf70	Label	LAB_004baf70
004baf9c	Label	LAB_004baf9c
004bafa4	Label	LAB_004bafa4
004bb020	Label	LAB_004bb020
004bb02c	Function	thunk_FUN_004baeac
004bb034	Function	FUN_004bb034
004bb0e0	Label	LAB_004bb0e0
004bb100	Label	LAB_004bb100
004bb118	Label	LAB_004bb118
004bb198	Label	LAB_004bb198
004bb1b4	Label	LAB_004bb1b4
004bb258	Label	LAB_004bb258
004bb270	Label	LAB_004bb270
004bb2bc	Label	LAB_004bb2bc
004bb2e8	Function	FUN_004bb2e8
004bb31c	Label	LAB_004bb31c
004bb390	Label	LAB_004bb390
004bb3a8	Label	LAB_004bb3a8
004bb3b4	Label	LAB_004bb3b4
004bb3dc	Label	LAB_004bb3dc
004bb3e4	Label	LAB_004bb3e4
004bb468	Label	LAB_004bb468
004bb474	Function	thunk_FUN_004bb2e8
004bb47c	Function	FUN_004bb47c
004bb524	Label	LAB_004bb524
004bb544	Label	LAB_004bb544
004bb55c	Label	LAB_004bb55c
004bb5e0	Label	LAB_004bb5e0
004bb5fc	Label	LAB_004bb5fc
004bb6b0	Label	LAB_004bb6b0
004bb6c4	Label	LAB_004bb6c4
004bb710	Label	LAB_004bb710
004bb73c	Function	FUN_004bb73c
004bb774	Label	LAB_004bb774
004bb7d8	Label	LAB_004bb7d8
004bb7e4	Label	LAB_004bb7e4
004bb7ec	Label	LAB_004bb7ec
004bb7fc	Label	LAB_004bb7fc
004bb864	Label	LAB_004bb864
004bb874	Label	LAB_004bb874
004bb8ac	Label	LAB_004bb8ac
004bb8c4	Function	thunk_FUN_004bb73c
004bb8cc	Function	FUN_004bb8cc
004bb978	Label	LAB_004bb978
004bb998	Label	LAB_004bb998
004bb9b0	Label	LAB_004bb9b0
004bba30	Label	LAB_004bba30
004bba4c	Label	LAB_004bba4c
004bbaf0	Label	LAB_004bbaf0
004bbb08	Label	LAB_004bbb08
004bbb54	Label	LAB_004bbb54
004bbb80	Function	FUN_004bbb80
004bbbb8	Label	LAB_004bbbb8
004bbbe0	Label	LAB_004bbbe0
004bbc38	Label	LAB_004bbc38
004bbc48	Label	LAB_004bbc48
004bbc74	Label	LAB_004bbc74
004bbc84	Label	LAB_004bbc84
004bbcc0	Label	LAB_004bbcc0
004bbcd8	Function	thunk_FUN_004bbb80
004bbce0	Function	FUN_004bbce0
004bbd88	Label	LAB_004bbd88
004bbda8	Label	LAB_004bbda8
004bbdc0	Label	LAB_004bbdc0
004bbe44	Label	LAB_004bbe44
004bbe60	Label	LAB_004bbe60
004bbf14	Label	LAB_004bbf14
004bbf28	Label	LAB_004bbf28
004bbf74	Label	LAB_004bbf74
004bbfa0	Function	FUN_004bbfa0
004bbfd4	Label	LAB_004bbfd4
004bc038	Label	LAB_004bc038
004bc040	Label	LAB_004bc040
004bc058	Label	LAB_004bc058
004bc090	Function	thunk_FUN_004bbfa0
004bc098	Function	FUN_004bc098
004bc148	Label	LAB_004bc148
004bc168	Label	LAB_004bc168
004bc180	Label	LAB_004bc180
004bc204	Label	LAB_004bc204
004bc220	Label	LAB_004bc220
004bc2c0	Label	LAB_004bc2c0
004bc2d8	Label	LAB_004bc2d8
004bc330	Label	LAB_004bc330
004bc35c	Function	FUN_004bc35c
004bc390	Label	LAB_004bc390
004bc3fc	Label	LAB_004bc3fc
004bc404	Label	LAB_004bc404
004bc41c	Label	LAB_004bc41c
004bc450	Function	thunk_FUN_004bc35c
004bc458	Function	FUN_004bc458
004bc50c	Label	LAB_004bc50c
004bc52c	Label	LAB_004bc52c
004bc544	Label	LAB_004bc544
004bc5c8	Label	LAB_004bc5c8
004bc5e4	Label	LAB_004bc5e4
004bc698	Label	LAB_004bc698
004bc6ac	Label	LAB_004bc6ac
004bc704	Label	LAB_004bc704
004bc730	Function	FUN_004bc730
004bc764	Label	LAB_004bc764
004bc7b0	Label	LAB_004bc7b0
004bc7c8	Function	FUN_004bc7c8
004bc864	Label	LAB_004bc864
004bc8e0	Label	LAB_004bc8e0
004bc8fc	Label	LAB_004bc8fc
004bc984	Label	LAB_004bc984
004bc9cc	Function	FUN_004bc9cc
004bca00	Label	LAB_004bca00
004bca50	Label	LAB_004bca50
004bca5c	Label	LAB_004bca5c
004bca64	Label	LAB_004bca64
004bca74	Label	LAB_004bca74
004bcacc	Label	LAB_004bcacc
004bcad8	Label	LAB_004bcad8
004bcaec	Label	LAB_004bcaec
004bcb04	Function	FUN_004bcb04
004bcbb0	Label	LAB_004bcbb0
004bcbd0	Label	LAB_004bcbd0
004bcbe8	Label	LAB_004bcbe8
004bcc68	Label	LAB_004bcc68
004bcc84	Label	LAB_004bcc84
004bcd18	Label	LAB_004bcd18
004bcd30	Label	LAB_004bcd30
004bcd70	Label	LAB_004bcd70
004bcd9c	Function	FUN_004bcd9c
004bcdd0	Label	LAB_004bcdd0
004bce24	Label	LAB_004bce24
004bce3c	Function	FUN_004bce3c
004bcee0	Label	LAB_004bcee0
004bcf00	Label	LAB_004bcf00
004bcf08	Label	LAB_004bcf08
004bcf8c	Label	LAB_004bcf8c
004bcfa8	Label	LAB_004bcfa8
004bd048	Label	LAB_004bd048
004bd050	Label	LAB_004bd050
004bd07c	Function	FUN_004bd07c
004bd0b0	Label	LAB_004bd0b0
004bd10c	Label	LAB_004bd10c
004bd114	Label	LAB_004bd114
004bd12c	Label	LAB_004bd12c
004bd140	Function	thunk_FUN_004bd07c
004bd148	Function	FUN_004bd148
004bd1f0	Label	LAB_004bd1f0
004bd210	Label	LAB_004bd210
004bd228	Label	LAB_004bd228
004bd2ac	Label	LAB_004bd2ac
004bd2c8	Label	LAB_004bd2c8
004bd36c	Label	LAB_004bd36c
004bd380	Label	LAB_004bd380
004bd3c0	Label	LAB_004bd3c0
004bd3ec	Function	FUN_004bd3ec
004bd420	Label	LAB_004bd420
004bd47c	Label	LAB_004bd47c
004bd494	Label	LAB_004bd494
004bd4a0	Label	LAB_004bd4a0
004bd4cc	Label	LAB_004bd4cc
004bd4d4	Label	LAB_004bd4d4
004bd540	Label	LAB_004bd540
004bd54c	Function	thunk_FUN_004bd3ec
004bd554	Function	FUN_004bd554
004bd600	Label	LAB_004bd600
004bd620	Label	LAB_004bd620
004bd638	Label	LAB_004bd638
004bd6b8	Label	LAB_004bd6b8
004bd6d4	Label	LAB_004bd6d4
004bd768	Label	LAB_004bd768
004bd780	Label	LAB_004bd780
004bd7cc	Label	LAB_004bd7cc
004bd7f8	Function	FUN_004bd7f8
004bd82c	Label	LAB_004bd82c
004bd890	Label	LAB_004bd890
004bd8a8	Label	LAB_004bd8a8
004bd8b4	Label	LAB_004bd8b4
004bd8dc	Label	LAB_004bd8dc
004bd8e4	Label	LAB_004bd8e4
004bd958	Label	LAB_004bd958
004bd964	Function	thunk_FUN_004bd7f8
004bd96c	Function	FUN_004bd96c
004bda14	Label	LAB_004bda14
004bda34	Label	LAB_004bda34
004bda4c	Label	LAB_004bda4c
004bdad0	Label	LAB_004bdad0
004bdaec	Label	LAB_004bdaec
004bdb90	Label	LAB_004bdb90
004bdba4	Label	LAB_004bdba4
004bdbf0	Label	LAB_004bdbf0
004bdc1c	Function	FUN_004bdc1c
004bdc54	Label	LAB_004bdc54
004bdca8	Label	LAB_004bdca8
004bdcb4	Label	LAB_004bdcb4
004bdcbc	Label	LAB_004bdcbc
004bdccc	Label	LAB_004bdccc
004bdd24	Label	LAB_004bdd24
004bdd34	Label	LAB_004bdd34
004bdd6c	Label	LAB_004bdd6c
004bdd84	Function	thunk_FUN_004bdc1c
004bdd8c	Function	FUN_004bdd8c
004bde38	Label	LAB_004bde38
004bde58	Label	LAB_004bde58
004bde70	Label	LAB_004bde70
004bdef0	Label	LAB_004bdef0
004bdf0c	Label	LAB_004bdf0c
004bdfa0	Label	LAB_004bdfa0
004bdfb8	Label	LAB_004bdfb8
004be004	Label	LAB_004be004
004be030	Function	FUN_004be030
004be068	Label	LAB_004be068
004be090	Label	LAB_004be090
004be0d8	Label	LAB_004be0d8
004be0e8	Label	LAB_004be0e8
004be114	Label	LAB_004be114
004be124	Label	LAB_004be124
004be160	Label	LAB_004be160
004be178	Function	thunk_FUN_004be030
004be180	Function	FUN_004be180
004be228	Label	LAB_004be228
004be248	Label	LAB_004be248
004be260	Label	LAB_004be260
004be2e4	Label	LAB_004be2e4
004be300	Label	LAB_004be300
004be3a4	Label	LAB_004be3a4
004be3b8	Label	LAB_004be3b8
004be404	Label	LAB_004be404
004be430	Function	FUN_004be430
004be464	Label	LAB_004be464
004be4b8	Label	LAB_004be4b8
004be4c0	Label	LAB_004be4c0
004be4d8	Label	LAB_004be4d8
004be510	Function	thunk_FUN_004be430
004be518	Function	FUN_004be518
004be5c8	Label	LAB_004be5c8
004be5e8	Label	LAB_004be5e8
004be600	Label	LAB_004be600
004be684	Label	LAB_004be684
004be6a0	Label	LAB_004be6a0
004be730	Label	LAB_004be730
004be748	Label	LAB_004be748
004be7a0	Label	LAB_004be7a0
004be7cc	Function	FUN_004be7cc
004be800	Label	LAB_004be800
004be85c	Label	LAB_004be85c
004be864	Label	LAB_004be864
004be87c	Label	LAB_004be87c
004be8b0	Function	thunk_FUN_004be7cc
004be8b8	Function	FUN_004be8b8
004be96c	Label	LAB_004be96c
004be98c	Label	LAB_004be98c
004be9a4	Label	LAB_004be9a4
004bea28	Label	LAB_004bea28
004bea44	Label	LAB_004bea44
004beae8	Label	LAB_004beae8
004beafc	Label	LAB_004beafc
004beb54	Label	LAB_004beb54
004beb80	Function	FUN_004beb80
004bebb0	Label	LAB_004bebb0
004bebf0	Label	LAB_004bebf0
004bec08	Function	FUN_004bec08
004beca4	Label	LAB_004beca4
004bed14	Label	LAB_004bed14
004bed30	Label	LAB_004bed30
004bedb4	Label	LAB_004bedb4
004bedfc	Function	FUN_004bedfc
004bee2c	Label	LAB_004bee2c
004bee74	Label	LAB_004bee74
004bee7c	Label	LAB_004bee7c
004bee94	Label	LAB_004bee94
004beea8	Function	FUN_004beea8
004bef4c	Label	LAB_004bef4c
004bef6c	Label	LAB_004bef6c
004bef84	Label	LAB_004bef84
004bf004	Label	LAB_004bf004
004bf020	Label	LAB_004bf020
004bf0a4	Label	LAB_004bf0a4
004bf0bc	Label	LAB_004bf0bc
004bf0fc	Label	LAB_004bf0fc
004bf128	Function	FUN_004bf128
004bf158	Label	LAB_004bf158
004bf1a0	Label	LAB_004bf1a0
004bf1b8	Function	FUN_004bf1b8
004bf254	Label	LAB_004bf254
004bf274	Label	LAB_004bf274
004bf27c	Label	LAB_004bf27c
004bf300	Label	LAB_004bf300
004bf31c	Label	LAB_004bf31c
004bf3ac	Label	LAB_004bf3ac
004bf3b4	Label	LAB_004bf3b4
004bf3e0	Function	FUN_004bf3e0
004bf410	Label	LAB_004bf410
004bf460	Label	LAB_004bf460
004bf468	Label	LAB_004bf468
004bf480	Label	LAB_004bf480
004bf494	Function	FUN_004bf494
004bf53c	Label	LAB_004bf53c
004bf55c	Label	LAB_004bf55c
004bf574	Label	LAB_004bf574
004bf5f4	Label	LAB_004bf5f4
004bf610	Label	LAB_004bf610
004bf6a8	Label	LAB_004bf6a8
004bf6bc	Label	LAB_004bf6bc
004bf6fc	Label	LAB_004bf6fc
004bf728	Function	FUN_004bf728
004bf758	Label	LAB_004bf758
004bf7a0	Label	LAB_004bf7a0
004bf7a8	Label	LAB_004bf7a8
004bf7c0	Label	LAB_004bf7c0
004bf7f4	Function	thunk_FUN_004bf728
004bf7fc	Function	FUN_004bf7fc
004bf8a0	Label	LAB_004bf8a0
004bf8c0	Label	LAB_004bf8c0
004bf8d8	Label	LAB_004bf8d8
004bf958	Label	LAB_004bf958
004bf974	Label	LAB_004bf974
004bf9f8	Label	LAB_004bf9f8
004bfa10	Label	LAB_004bfa10
004bfa5c	Label	LAB_004bfa5c
004bfa88	Function	FUN_004bfa88
004bfab8	Label	LAB_004bfab8
004bfb08	Label	LAB_004bfb08
004bfb10	Label	LAB_004bfb10
004bfb28	Label	LAB_004bfb28
004bfb58	Function	thunk_FUN_004bfa88
004bfb60	Function	FUN_004bfb60
004bfc08	Label	LAB_004bfc08
004bfc28	Label	LAB_004bfc28
004bfc40	Label	LAB_004bfc40
004bfcc0	Label	LAB_004bfcc0
004bfcdc	Label	LAB_004bfcdc
004bfd74	Label	LAB_004bfd74
004bfd88	Label	LAB_004bfd88
004bfdd4	Label	LAB_004bfdd4
004bfe00	Function	FUN_004bfe00
004bfe34	Label	LAB_004bfe34
004bfe84	Label	LAB_004bfe84
004bfe9c	Label	LAB_004bfe9c
004bfea8	Label	LAB_004bfea8
004bfed8	Label	LAB_004bfed8
004bfee0	Label	LAB_004bfee0
004bff40	Label	LAB_004bff40
004bff4c	Function	thunk_FUN_004bfe00
004bff54	Function	FUN_004bff54
004bfff8	Label	LAB_004bfff8
004c0018	Label	LAB_004c0018
004c0030	Label	LAB_004c0030
004c00b0	Label	LAB_004c00b0
004c00cc	Label	LAB_004c00cc
004c0150	Label	LAB_004c0150
004c0168	Label	LAB_004c0168
004c01b4	Label	LAB_004c01b4
004c01e0	Function	FUN_004c01e0
004c0214	Label	LAB_004c0214
004c0264	Label	LAB_004c0264
004c026c	Label	LAB_004c026c
004c0274	Label	LAB_004c0274
004c0284	Label	LAB_004c0284
004c02dc	Label	LAB_004c02dc
004c02e8	Label	LAB_004c02e8
004c031c	Label	LAB_004c031c
004c0334	Function	thunk_FUN_004c01e0
004c033c	Function	FUN_004c033c
004c03e4	Label	LAB_004c03e4
004c0404	Label	LAB_004c0404
004c041c	Label	LAB_004c041c
004c049c	Label	LAB_004c049c
004c04b8	Label	LAB_004c04b8
004c0550	Label	LAB_004c0550
004c0564	Label	LAB_004c0564
004c05b0	Label	LAB_004c05b0
004c05dc	Function	FUN_004c05dc
004c060c	Label	LAB_004c060c
004c0654	Label	LAB_004c0654
004c065c	Label	LAB_004c065c
004c0674	Label	LAB_004c0674
004c06ac	Function	thunk_FUN_004c05dc
004c06b4	Function	FUN_004c06b4
004c0764	Label	LAB_004c0764
004c0784	Label	LAB_004c0784
004c079c	Label	LAB_004c079c
004c081c	Label	LAB_004c081c
004c0838	Label	LAB_004c0838
004c08bc	Label	LAB_004c08bc
004c08d4	Label	LAB_004c08d4
004c092c	Label	LAB_004c092c
004c0958	Function	FUN_004c0958
004c0988	Label	LAB_004c0988
004c09d8	Label	LAB_004c09d8
004c09e0	Label	LAB_004c09e0
004c09f8	Label	LAB_004c09f8
004c0a2c	Function	thunk_FUN_004c0958
004c0a34	Function	FUN_004c0a34
004c0ae0	Label	LAB_004c0ae0
004c0b00	Label	LAB_004c0b00
004c0b14	Label	LAB_004c0b14
004c0b98	Label	LAB_004c0b98
004c0bb4	Label	LAB_004c0bb4
004c0c48	Label	LAB_004c0c48
004c0c5c	Label	LAB_004c0c5c
004c0cb4	Label	LAB_004c0cb4
004c0ce0	Function	FUN_004c0ce0
004c0d10	Label	LAB_004c0d10
004c0db8	Function	thunk_FUN_004c0ce0
004c0dc0	Function	FUN_004c0dc0
004c0e28	Label	LAB_004c0e28
004c0f20	Function	thunk_FUN_004c0dc0
004c0f28	Function	FUN_004c0f28
004c0f68	Label	LAB_004c0f68
004c0ff4	Label	LAB_004c0ff4
004c1018	Function	thunk_FUN_004c0f28
004c1020	Function	FUN_004c1020
004c1094	Label	LAB_004c1094
004c1158	Label	LAB_004c1158
004c1194	Function	thunk_FUN_004c1020
004c119c	Function	FUN_004c119c
004c120c	Label	LAB_004c120c
004c1318	Function	thunk_FUN_004c119c
004c1320	Function	FUN_004c1320
004c1390	Label	LAB_004c1390
004c1468	Label	LAB_004c1468
004c14a4	Function	thunk_FUN_004c1320
004c14ac	Function	FUN_004c14ac
004c1518	Label	LAB_004c1518
004c1620	Function	thunk_FUN_004c14ac
004c1628	Function	FUN_004c1628
004c1698	Label	LAB_004c1698
004c1770	Label	LAB_004c1770
004c17ac	Function	thunk_FUN_004c1628
004c17b4	Function	FUN_004c17b4
004c1828	Label	LAB_004c1828
004c1938	Function	thunk_FUN_004c17b4
004c1940	Function	FUN_004c1940
004c19b8	Label	LAB_004c19b8
004c1a98	Label	LAB_004c1a98
004c1ad4	Function	thunk_FUN_004c1940
004c1adc	Function	FUN_004c1adc
004c1b64	Label	LAB_004c1b64
004c1bf8	Label	LAB_004c1bf8
004c1c10	Label	LAB_004c1c10
004c1ca4	Label	LAB_004c1ca4
004c1cf0	Function	FUN_004c1cf0
004c1d88	Label	LAB_004c1d88
004c1da0	Label	LAB_004c1da0
004c1dbc	Label	LAB_004c1dbc
004c1e44	Label	LAB_004c1e44
004c1e64	Label	LAB_004c1e64
004c1f04	Label	LAB_004c1f04
004c1f1c	Label	LAB_004c1f1c
004c1f5c	Label	LAB_004c1f5c
004c1f88	Function	FUN_004c1f88
004c2018	Label	LAB_004c2018
004c2034	Label	LAB_004c2034
004c203c	Label	LAB_004c203c
004c2040	Label	LAB_004c2040
004c20c8	Label	LAB_004c20c8
004c20e8	Label	LAB_004c20e8
004c21a4	Label	LAB_004c21a4
004c21d0	Function	FUN_004c21d0
004c2260	Label	LAB_004c2260
004c2278	Label	LAB_004c2278
004c2290	Label	LAB_004c2290
004c2320	Label	LAB_004c2320
004c2340	Label	LAB_004c2340
004c23f4	Label	LAB_004c23f4
004c2408	Label	LAB_004c2408
004c2448	Label	LAB_004c2448
004c2474	Function	FUN_004c2474
004c250c	Label	LAB_004c250c
004c2528	Label	LAB_004c2528
004c2540	Label	LAB_004c2540
004c25c8	Label	LAB_004c25c8
004c25e8	Label	LAB_004c25e8
004c268c	Label	LAB_004c268c
004c26a4	Label	LAB_004c26a4
004c26f0	Label	LAB_004c26f0
004c271c	Function	FUN_004c271c
004c27ac	Label	LAB_004c27ac
004c27c4	Label	LAB_004c27c4
004c27dc	Label	LAB_004c27dc
004c286c	Label	LAB_004c286c
004c288c	Label	LAB_004c288c
004c2940	Label	LAB_004c2940
004c2954	Label	LAB_004c2954
004c29a0	Label	LAB_004c29a0
004c29cc	Function	FUN_004c29cc
004c2a64	Label	LAB_004c2a64
004c2a80	Label	LAB_004c2a80
004c2a98	Label	LAB_004c2a98
004c2b20	Label	LAB_004c2b20
004c2b40	Label	LAB_004c2b40
004c2be4	Label	LAB_004c2be4
004c2bfc	Label	LAB_004c2bfc
004c2c48	Label	LAB_004c2c48
004c2c74	Function	FUN_004c2c74
004c2d04	Label	LAB_004c2d04
004c2d1c	Label	LAB_004c2d1c
004c2d34	Label	LAB_004c2d34
004c2dc4	Label	LAB_004c2dc4
004c2de4	Label	LAB_004c2de4
004c2e98	Label	LAB_004c2e98
004c2eac	Label	LAB_004c2eac
004c2ef8	Label	LAB_004c2ef8
004c2f24	Function	FUN_004c2f24
004c2fc8	Label	LAB_004c2fc8
004c2fe4	Label	LAB_004c2fe4
004c2ffc	Label	LAB_004c2ffc
004c3084	Label	LAB_004c3084
004c30a4	Label	LAB_004c30a4
004c3148	Label	LAB_004c3148
004c3160	Label	LAB_004c3160
004c31b8	Label	LAB_004c31b8
004c31e4	Function	FUN_004c31e4
004c3280	Label	LAB_004c3280
004c329c	Label	LAB_004c329c
004c32b0	Label	LAB_004c32b0
004c3340	Label	LAB_004c3340
004c3360	Label	LAB_004c3360
004c341c	Label	LAB_004c341c
004c3430	Label	LAB_004c3430
004c3488	Label	LAB_004c3488
004c34b4	Function	FUN_004c34b4
004c353c	Label	LAB_004c353c
004c35c0	Label	LAB_004c35c0
004c35d8	Label	LAB_004c35d8
004c366c	Label	LAB_004c366c
004c36b8	Function	FUN_004c36b8
004c3750	Label	LAB_004c3750
004c3768	Label	LAB_004c3768
004c3784	Label	LAB_004c3784
004c380c	Label	LAB_004c380c
004c382c	Label	LAB_004c382c
004c38bc	Label	LAB_004c38bc
004c38d4	Label	LAB_004c38d4
004c3914	Label	LAB_004c3914
004c3940	Function	FUN_004c3940
004c39d0	Label	LAB_004c39d0
004c39ec	Label	LAB_004c39ec
004c39f4	Label	LAB_004c39f4
004c39f8	Label	LAB_004c39f8
004c3a80	Label	LAB_004c3a80
004c3aa0	Label	LAB_004c3aa0
004c3b4c	Label	LAB_004c3b4c
004c3b78	Function	FUN_004c3b78
004c3c08	Label	LAB_004c3c08
004c3c20	Label	LAB_004c3c20
004c3c38	Label	LAB_004c3c38
004c3cc8	Label	LAB_004c3cc8
004c3ce8	Label	LAB_004c3ce8
004c3d8c	Label	LAB_004c3d8c
004c3da0	Label	LAB_004c3da0
004c3de0	Label	LAB_004c3de0
004c3e0c	Function	FUN_004c3e0c
004c3ea4	Label	LAB_004c3ea4
004c3ec0	Label	LAB_004c3ec0
004c3ed8	Label	LAB_004c3ed8
004c3f60	Label	LAB_004c3f60
004c3f80	Label	LAB_004c3f80
004c4014	Label	LAB_004c4014
004c402c	Label	LAB_004c402c
004c4078	Label	LAB_004c4078
004c40a4	Function	FUN_004c40a4
004c4134	Label	LAB_004c4134
004c414c	Label	LAB_004c414c
004c4164	Label	LAB_004c4164
004c41f4	Label	LAB_004c41f4
004c4214	Label	LAB_004c4214
004c42b8	Label	LAB_004c42b8
004c42cc	Label	LAB_004c42cc
004c4318	Label	LAB_004c4318
004c4344	Function	FUN_004c4344
004c43dc	Label	LAB_004c43dc
004c43f8	Label	LAB_004c43f8
004c4410	Label	LAB_004c4410
004c4498	Label	LAB_004c4498
004c44b8	Label	LAB_004c44b8
004c454c	Label	LAB_004c454c
004c4564	Label	LAB_004c4564
004c45b0	Label	LAB_004c45b0
004c45dc	Function	FUN_004c45dc
004c466c	Label	LAB_004c466c
004c4684	Label	LAB_004c4684
004c469c	Label	LAB_004c469c
004c472c	Label	LAB_004c472c
004c474c	Label	LAB_004c474c
004c47f0	Label	LAB_004c47f0
004c4804	Label	LAB_004c4804
004c4850	Label	LAB_004c4850
004c487c	Function	FUN_004c487c
004c4920	Label	LAB_004c4920
004c493c	Label	LAB_004c493c
004c4954	Label	LAB_004c4954
004c49dc	Label	LAB_004c49dc
004c49fc	Label	LAB_004c49fc
004c4a90	Label	LAB_004c4a90
004c4aa8	Label	LAB_004c4aa8
004c4b00	Label	LAB_004c4b00
004c4b2c	Function	FUN_004c4b2c
004c4bc8	Label	LAB_004c4bc8
004c4be4	Label	LAB_004c4be4
004c4bf8	Label	LAB_004c4bf8
004c4c88	Label	LAB_004c4c88
004c4ca8	Label	LAB_004c4ca8
004c4d54	Label	LAB_004c4d54
004c4d68	Label	LAB_004c4d68
004c4dc0	Label	LAB_004c4dc0
004c4dec	Function	FUN_004c4dec
004c4e74	Label	LAB_004c4e74
004c4eec	Label	LAB_004c4eec
004c4f04	Label	LAB_004c4f04
004c4f94	Label	LAB_004c4f94
004c4fe0	Function	FUN_004c4fe0
004c5078	Label	LAB_004c5078
004c5090	Label	LAB_004c5090
004c50ac	Label	LAB_004c50ac
004c5130	Label	LAB_004c5130
004c5150	Label	LAB_004c5150
004c51d4	Label	LAB_004c51d4
004c51ec	Label	LAB_004c51ec
004c522c	Label	LAB_004c522c
004c5258	Function	FUN_004c5258
004c52e8	Label	LAB_004c52e8
004c5304	Label	LAB_004c5304
004c530c	Label	LAB_004c530c
004c5310	Label	LAB_004c5310
004c5394	Label	LAB_004c5394
004c53b4	Label	LAB_004c53b4
004c5454	Label	LAB_004c5454
004c5480	Function	FUN_004c5480
004c5510	Label	LAB_004c5510
004c5528	Label	LAB_004c5528
004c5540	Label	LAB_004c5540
004c55cc	Label	LAB_004c55cc
004c55ec	Label	LAB_004c55ec
004c5684	Label	LAB_004c5684
004c5698	Label	LAB_004c5698
004c56d8	Label	LAB_004c56d8
004c5704	Function	FUN_004c5704
004c579c	Label	LAB_004c579c
004c57b8	Label	LAB_004c57b8
004c57d0	Label	LAB_004c57d0
004c5854	Label	LAB_004c5854
004c5874	Label	LAB_004c5874
004c58fc	Label	LAB_004c58fc
004c5914	Label	LAB_004c5914
004c5960	Label	LAB_004c5960
004c598c	Function	FUN_004c598c
004c5a1c	Label	LAB_004c5a1c
004c5a34	Label	LAB_004c5a34
004c5a4c	Label	LAB_004c5a4c
004c5ad8	Label	LAB_004c5ad8
004c5af8	Label	LAB_004c5af8
004c5b90	Label	LAB_004c5b90
004c5ba4	Label	LAB_004c5ba4
004c5bf0	Label	LAB_004c5bf0
004c5c1c	Function	FUN_004c5c1c
004c5cb4	Label	LAB_004c5cb4
004c5cd0	Label	LAB_004c5cd0
004c5ce8	Label	LAB_004c5ce8
004c5d6c	Label	LAB_004c5d6c
004c5d8c	Label	LAB_004c5d8c
004c5e14	Label	LAB_004c5e14
004c5e2c	Label	LAB_004c5e2c
004c5e78	Label	LAB_004c5e78
004c5ea4	Function	FUN_004c5ea4
004c5f34	Label	LAB_004c5f34
004c5f4c	Label	LAB_004c5f4c
004c5f64	Label	LAB_004c5f64
004c5ff0	Label	LAB_004c5ff0
004c6010	Label	LAB_004c6010
004c60a8	Label	LAB_004c60a8
004c60bc	Label	LAB_004c60bc
004c6108	Label	LAB_004c6108
004c6134	Function	FUN_004c6134
004c61d8	Label	LAB_004c61d8
004c61f4	Label	LAB_004c61f4
004c620c	Label	LAB_004c620c
004c6290	Label	LAB_004c6290
004c62b0	Label	LAB_004c62b0
004c6338	Label	LAB_004c6338
004c6350	Label	LAB_004c6350
004c63a8	Label	LAB_004c63a8
004c63d4	Function	FUN_004c63d4
004c6470	Label	LAB_004c6470
004c648c	Label	LAB_004c648c
004c64a0	Label	LAB_004c64a0
004c652c	Label	LAB_004c652c
004c654c	Label	LAB_004c654c
004c65ec	Label	LAB_004c65ec
004c6600	Label	LAB_004c6600
004c6658	Label	LAB_004c6658
004c6684	Function	FUN_004c6684
004c6704	Label	LAB_004c6704
004c670c	Label	LAB_004c670c
004c6740	Label	LAB_004c6740
004c6760	Label	LAB_004c6760
004c6768	Label	LAB_004c6768
004c6770	Label	LAB_004c6770
004c6778	Function	FUN_004c6778
004c6784	Label	LAB_004c6784
004c67b0	Function	FUN_004c67b0
004c67bc	Label	LAB_004c67bc
004c67cc	Label	LAB_004c67cc
004c67dc	Function	FUN_004c67dc
004c67e8	Label	LAB_004c67e8
004c680c	Label	LAB_004c680c
004c681c	Function	FUN_004c681c
004c6824	Label	LAB_004c6824
004c686c	Function	FUN_004c686c
004c6874	Label	LAB_004c6874
004c68b0	Label	LAB_004c68b0
004c68c0	Function	FUN_004c68c0
004c68d0	Label	LAB_004c68d0
004c691c	Function	FUN_004c691c
004c692c	Label	LAB_004c692c
004c696c	Label	LAB_004c696c
004c697c	Function	FUN_004c697c
004c698c	Label	LAB_004c698c
004c69d4	Function	FUN_004c69d4
004c69e4	Label	LAB_004c69e4
004c6a20	Label	LAB_004c6a20
004c6a30	Function	FUN_004c6a30
004c6a68	Label	LAB_004c6a68
004c6ac4	Label	LAB_004c6ac4
004c6adc	Function	FUN_004c6adc
004c6b7c	Label	LAB_004c6b7c
004c6c04	Label	LAB_004c6c04
004c6c20	Label	LAB_004c6c20
004c6ca8	Label	LAB_004c6ca8
004c6cf0	Function	FUN_004c6cf0
004c6d28	Label	LAB_004c6d28
004c6d88	Label	LAB_004c6d88
004c6d90	Label	LAB_004c6d90
004c6da8	Label	LAB_004c6da8
004c6dbc	Function	thunk_FUN_004c6cf0
004c6dc4	Function	FUN_004c6dc4
004c6e6c	Label	LAB_004c6e6c
004c6e8c	Label	LAB_004c6e8c
004c6ea4	Label	LAB_004c6ea4
004c6f28	Label	LAB_004c6f28
004c6f44	Label	LAB_004c6f44
004c6fe0	Label	LAB_004c6fe0
004c6ff8	Label	LAB_004c6ff8
004c7038	Label	LAB_004c7038
004c7064	Function	FUN_004c7064
004c709c	Label	LAB_004c709c
004c70c0	Label	LAB_004c70c0
004c7108	Label	LAB_004c7108
004c7118	Label	LAB_004c7118
004c7144	Label	LAB_004c7144
004c7150	Label	LAB_004c7150
004c7168	Function	FUN_004c7168
004c7208	Label	LAB_004c7208
004c7228	Label	LAB_004c7228
004c7230	Label	LAB_004c7230
004c72b8	Label	LAB_004c72b8
004c72d4	Label	LAB_004c72d4
004c737c	Label	LAB_004c737c
004c7384	Label	LAB_004c7384
004c73b0	Function	FUN_004c73b0
004c73e8	Label	LAB_004c73e8
004c740c	Label	LAB_004c740c
004c7464	Label	LAB_004c7464
004c7474	Label	LAB_004c7474
004c74a0	Label	LAB_004c74a0
004c74ac	Label	LAB_004c74ac
004c74c8	Label	LAB_004c74c8
004c74e0	Function	thunk_FUN_004c73b0
004c74e8	Function	FUN_004c74e8
004c7594	Label	LAB_004c7594
004c75b4	Label	LAB_004c75b4
004c75cc	Label	LAB_004c75cc
004c7650	Label	LAB_004c7650
004c766c	Label	LAB_004c766c
004c771c	Label	LAB_004c771c
004c7730	Label	LAB_004c7730
004c7770	Label	LAB_004c7770
004c779c	Function	FUN_004c779c
004c77d4	Label	LAB_004c77d4
004c783c	Label	LAB_004c783c
004c7854	Label	LAB_004c7854
004c7860	Label	LAB_004c7860
004c788c	Label	LAB_004c788c
004c7894	Label	LAB_004c7894
004c790c	Label	LAB_004c790c
004c7918	Function	thunk_FUN_004c779c
004c7920	Function	FUN_004c7920
004c79c8	Label	LAB_004c79c8
004c79e8	Label	LAB_004c79e8
004c7a00	Label	LAB_004c7a00
004c7a84	Label	LAB_004c7a84
004c7aa0	Label	LAB_004c7aa0
004c7b3c	Label	LAB_004c7b3c
004c7b54	Label	LAB_004c7b54
004c7ba0	Label	LAB_004c7ba0
004c7bcc	Function	FUN_004c7bcc
004c7c04	Label	LAB_004c7c04
004c7c28	Label	LAB_004c7c28
004c7c80	Label	LAB_004c7c80
004c7c90	Label	LAB_004c7c90
004c7cbc	Label	LAB_004c7cbc
004c7cc8	Label	LAB_004c7cc8
004c7d00	Label	LAB_004c7d00
004c7d18	Function	thunk_FUN_004c7bcc
004c7d20	Function	FUN_004c7d20
004c7dcc	Label	LAB_004c7dcc
004c7dec	Label	LAB_004c7dec
004c7e04	Label	LAB_004c7e04
004c7e88	Label	LAB_004c7e88
004c7ea4	Label	LAB_004c7ea4
004c7f54	Label	LAB_004c7f54
004c7f68	Label	LAB_004c7f68
004c7fb4	Label	LAB_004c7fb4
004c7fe0	Function	FUN_004c7fe0
004c8028	Label	LAB_004c8028
004c8088	Label	LAB_004c8088
004c8090	Label	LAB_004c8090
004c80b0	Label	LAB_004c80b0
004c80e8	Function	thunk_FUN_004c7fe0
004c80f0	Function	FUN_004c80f0
004c8198	Label	LAB_004c8198
004c81b8	Label	LAB_004c81b8
004c81d0	Label	LAB_004c81d0
004c8254	Label	LAB_004c8254
004c8270	Label	LAB_004c8270
004c830c	Label	LAB_004c830c
004c8324	Label	LAB_004c8324
004c8370	Label	LAB_004c8370
004c839c	Function	FUN_004c839c
004c83e4	Label	LAB_004c83e4
004c8450	Label	LAB_004c8450
004c8458	Label	LAB_004c8458
004c8478	Label	LAB_004c8478
004c84ac	Function	thunk_FUN_004c839c
004c84b4	Function	FUN_004c84b4
004c8560	Label	LAB_004c8560
004c8580	Label	LAB_004c8580
004c8598	Label	LAB_004c8598
004c861c	Label	LAB_004c861c
004c8638	Label	LAB_004c8638
004c86e8	Label	LAB_004c86e8
004c86fc	Label	LAB_004c86fc
004c8748	Label	LAB_004c8748
004c8774	Function	FUN_004c8774
004c87ac	Label	LAB_004c87ac
004c880c	Label	LAB_004c880c
004c8814	Label	LAB_004c8814
004c882c	Label	LAB_004c882c
004c8864	Function	thunk_FUN_004c8774
004c886c	Function	FUN_004c886c
004c8920	Label	LAB_004c8920
004c8940	Label	LAB_004c8940
004c8958	Label	LAB_004c8958
004c89dc	Label	LAB_004c89dc
004c89f8	Label	LAB_004c89f8
004c8a94	Label	LAB_004c8a94
004c8aac	Label	LAB_004c8aac
004c8b04	Label	LAB_004c8b04
004c8b30	Function	FUN_004c8b30
004c8b68	Label	LAB_004c8b68
004c8b8c	Label	LAB_004c8b8c
004c8be4	Label	LAB_004c8be4
004c8bf4	Label	LAB_004c8bf4
004c8c20	Label	LAB_004c8c20
004c8c2c	Label	LAB_004c8c2c
004c8c68	Label	LAB_004c8c68
004c8c80	Function	thunk_FUN_004c8b30
004c8c88	Function	FUN_004c8c88
004c8d38	Label	LAB_004c8d38
004c8d58	Label	LAB_004c8d58
004c8d6c	Label	LAB_004c8d6c
004c8df4	Label	LAB_004c8df4
004c8e10	Label	LAB_004c8e10
004c8ebc	Label	LAB_004c8ebc
004c8ed0	Label	LAB_004c8ed0
004c8f28	Label	LAB_004c8f28
004c8f54	Function	FUN_004c8f54
004c8f8c	Label	LAB_004c8f8c
004c8fd8	Label	LAB_004c8fd8
004c8ff0	Function	FUN_004c8ff0
004c9090	Label	LAB_004c9090
004c9108	Label	LAB_004c9108
004c9124	Label	LAB_004c9124
004c91ac	Label	LAB_004c91ac
004c91f4	Function	FUN_004c91f4
004c922c	Label	LAB_004c922c
004c927c	Label	LAB_004c927c
004c9284	Label	LAB_004c9284
004c929c	Label	LAB_004c929c
004c92b0	Function	FUN_004c92b0
004c9358	Label	LAB_004c9358
004c9378	Label	LAB_004c9378
004c9390	Label	LAB_004c9390
004c9414	Label	LAB_004c9414
004c9430	Label	LAB_004c9430
004c94bc	Label	LAB_004c94bc
004c94d4	Label	LAB_004c94d4
004c9514	Label	LAB_004c9514
004c9540	Function	FUN_004c9540
004c9578	Label	LAB_004c9578
004c95cc	Label	LAB_004c95cc
004c95e4	Function	FUN_004c95e4
004c9684	Label	LAB_004c9684
004c96a4	Label	LAB_004c96a4
004c96ac	Label	LAB_004c96ac
004c9734	Label	LAB_004c9734
004c9750	Label	LAB_004c9750
004c97e8	Label	LAB_004c97e8
004c97f0	Label	LAB_004c97f0
004c981c	Function	FUN_004c981c
004c9854	Label	LAB_004c9854
004c9878	Label	LAB_004c9878
004c98c0	Label	LAB_004c98c0
004c98d0	Label	LAB_004c98d0
004c98fc	Label	LAB_004c98fc
004c9908	Label	LAB_004c9908
004c9924	Label	LAB_004c9924
004c993c	Function	FUN_004c993c
004c99e8	Label	LAB_004c99e8
004c9a08	Label	LAB_004c9a08
004c9a20	Label	LAB_004c9a20
004c9aa4	Label	LAB_004c9aa4
004c9ac0	Label	LAB_004c9ac0
004c9b60	Label	LAB_004c9b60
004c9b74	Label	LAB_004c9b74
004c9bb4	Label	LAB_004c9bb4
004c9be0	Function	FUN_004c9be0
004c9c18	Label	LAB_004c9c18
004c9c70	Label	LAB_004c9c70
004c9c88	Label	LAB_004c9c88
004c9c94	Label	LAB_004c9c94
004c9cc0	Label	LAB_004c9cc0
004c9cc8	Label	LAB_004c9cc8
004c9d30	Label	LAB_004c9d30
004c9d3c	Function	thunk_FUN_004c9be0
004c9d44	Function	FUN_004c9d44
004c9dec	Label	LAB_004c9dec
004c9e0c	Label	LAB_004c9e0c
004c9e24	Label	LAB_004c9e24
004c9ea8	Label	LAB_004c9ea8
004c9ec4	Label	LAB_004c9ec4
004c9f50	Label	LAB_004c9f50
004c9f68	Label	LAB_004c9f68
004c9fb4	Label	LAB_004c9fb4
004c9fe0	Function	FUN_004c9fe0
004ca018	Label	LAB_004ca018
004ca03c	Label	LAB_004ca03c
004ca084	Label	LAB_004ca084
004ca094	Label	LAB_004ca094
004ca0c0	Label	LAB_004ca0c0
004ca0cc	Label	LAB_004ca0cc
004ca104	Label	LAB_004ca104
004ca11c	Function	thunk_FUN_004c9fe0
004ca124	Function	FUN_004ca124
004ca1d0	Label	LAB_004ca1d0
004ca1f0	Label	LAB_004ca1f0
004ca208	Label	LAB_004ca208
004ca28c	Label	LAB_004ca28c
004ca2a8	Label	LAB_004ca2a8
004ca348	Label	LAB_004ca348
004ca35c	Label	LAB_004ca35c
004ca3a8	Label	LAB_004ca3a8
004ca3d4	Function	FUN_004ca3d4
004ca41c	Label	LAB_004ca41c
004ca46c	Label	LAB_004ca46c
004ca474	Label	LAB_004ca474
004ca494	Label	LAB_004ca494
004ca4cc	Function	thunk_FUN_004ca3d4
004ca4d4	Function	FUN_004ca4d4
004ca57c	Label	LAB_004ca57c
004ca59c	Label	LAB_004ca59c
004ca5b4	Label	LAB_004ca5b4
004ca638	Label	LAB_004ca638
004ca654	Label	LAB_004ca654
004ca6e0	Label	LAB_004ca6e0
004ca6f8	Label	LAB_004ca6f8
004ca744	Label	LAB_004ca744
004ca770	Function	FUN_004ca770
004ca7b8	Label	LAB_004ca7b8
004ca814	Label	LAB_004ca814
004ca81c	Label	LAB_004ca81c
004ca83c	Label	LAB_004ca83c
004ca870	Function	thunk_FUN_004ca770
004ca878	Function	FUN_004ca878
004ca924	Label	LAB_004ca924
004ca944	Label	LAB_004ca944
004ca95c	Label	LAB_004ca95c
004ca9e0	Label	LAB_004ca9e0
004ca9fc	Label	LAB_004ca9fc
004caa9c	Label	LAB_004caa9c
004caab0	Label	LAB_004caab0
004caafc	Label	LAB_004caafc
004cab28	Function	FUN_004cab28
004cab60	Label	LAB_004cab60
004cabb0	Label	LAB_004cabb0
004cabb8	Label	LAB_004cabb8
004cabd0	Label	LAB_004cabd0
004cac08	Function	thunk_FUN_004cab28
004cac10	Function	FUN_004cac10
004cacc4	Label	LAB_004cacc4
004cace4	Label	LAB_004cace4
004cacfc	Label	LAB_004cacfc
004cad80	Label	LAB_004cad80
004cad9c	Label	LAB_004cad9c
004cae28	Label	LAB_004cae28
004cae40	Label	LAB_004cae40
004cae98	Label	LAB_004cae98
004caec4	Function	FUN_004caec4
004caefc	Label	LAB_004caefc
004caf20	Label	LAB_004caf20
004caf68	Label	LAB_004caf68
004caf78	Label	LAB_004caf78
004cafa4	Label	LAB_004cafa4
004cafb0	Label	LAB_004cafb0
004cafec	Label	LAB_004cafec
004cb004	Function	thunk_FUN_004caec4
004cb00c	Function	FUN_004cb00c
004cb0bc	Label	LAB_004cb0bc
004cb0dc	Label	LAB_004cb0dc
004cb0f0	Label	LAB_004cb0f0
004cb178	Label	LAB_004cb178
004cb194	Label	LAB_004cb194
004cb230	Label	LAB_004cb230
004cb244	Label	LAB_004cb244
004cb29c	Label	LAB_004cb29c
004cb2c8	Function	FUN_004cb2c8
004cb2fc	Label	LAB_004cb2fc
004cb33c	Label	LAB_004cb33c
004cb354	Function	FUN_004cb354
004cb3ec	Label	LAB_004cb3ec
004cb454	Label	LAB_004cb454
004cb470	Label	LAB_004cb470
004cb4f8	Label	LAB_004cb4f8
004cb540	Function	FUN_004cb540
004cb574	Label	LAB_004cb574
004cb5b8	Label	LAB_004cb5b8
004cb5c0	Label	LAB_004cb5c0
004cb5d8	Label	LAB_004cb5d8
004cb5ec	Function	FUN_004cb5ec
004cb694	Label	LAB_004cb694
004cb6b4	Label	LAB_004cb6b4
004cb6cc	Label	LAB_004cb6cc
004cb74c	Label	LAB_004cb74c
004cb768	Label	LAB_004cb768
004cb7e8	Label	LAB_004cb7e8
004cb800	Label	LAB_004cb800
004cb840	Label	LAB_004cb840
004cb86c	Function	FUN_004cb86c
004cb8a0	Label	LAB_004cb8a0
004cb8e8	Label	LAB_004cb8e8
004cb900	Function	FUN_004cb900
004cb9a0	Label	LAB_004cb9a0
004cb9c0	Label	LAB_004cb9c0
004cb9c8	Label	LAB_004cb9c8
004cba4c	Label	LAB_004cba4c
004cba68	Label	LAB_004cba68
004cbaf4	Label	LAB_004cbaf4
004cbafc	Label	LAB_004cbafc
004cbb28	Function	FUN_004cbb28
004cbb5c	Label	LAB_004cbb5c
004cbbac	Label	LAB_004cbbac
004cbbb4	Label	LAB_004cbbb4
004cbbcc	Label	LAB_004cbbcc
004cbbe0	Function	FUN_004cbbe0
004cbc84	Label	LAB_004cbc84
004cbca4	Label	LAB_004cbca4
004cbcb8	Label	LAB_004cbcb8
004cbd3c	Label	LAB_004cbd3c
004cbd58	Label	LAB_004cbd58
004cbde8	Label	LAB_004cbde8
004cbdfc	Label	LAB_004cbdfc
004cbe3c	Label	LAB_004cbe3c
004cbe68	Function	FUN_004cbe68
004cbe9c	Label	LAB_004cbe9c
004cbee0	Label	LAB_004cbee0
004cbee8	Label	LAB_004cbee8
004cbf00	Label	LAB_004cbf00
004cbf34	Function	thunk_FUN_004cbe68
004cbf3c	Function	FUN_004cbf3c
004cbfe4	Label	LAB_004cbfe4
004cc004	Label	LAB_004cc004
004cc01c	Label	LAB_004cc01c
004cc09c	Label	LAB_004cc09c
004cc0b8	Label	LAB_004cc0b8
004cc138	Label	LAB_004cc138
004cc150	Label	LAB_004cc150
004cc19c	Label	LAB_004cc19c
004cc1c8	Function	FUN_004cc1c8
004cc1fc	Label	LAB_004cc1fc
004cc24c	Label	LAB_004cc24c
004cc254	Label	LAB_004cc254
004cc26c	Label	LAB_004cc26c
004cc298	Function	thunk_FUN_004cc1c8
004cc2a0	Function	FUN_004cc2a0
004cc344	Label	LAB_004cc344
004cc364	Label	LAB_004cc364
004cc378	Label	LAB_004cc378
004cc3fc	Label	LAB_004cc3fc
004cc418	Label	LAB_004cc418
004cc4a8	Label	LAB_004cc4a8
004cc4bc	Label	LAB_004cc4bc
004cc508	Label	LAB_004cc508
004cc534	Function	FUN_004cc534
004cc56c	Label	LAB_004cc56c
004cc5b8	Label	LAB_004cc5b8
004cc5d0	Label	LAB_004cc5d0
004cc5dc	Label	LAB_004cc5dc
004cc60c	Label	LAB_004cc60c
004cc614	Label	LAB_004cc614
004cc670	Label	LAB_004cc670
004cc67c	Function	thunk_FUN_004cc534
004cc684	Function	FUN_004cc684
004cc72c	Label	LAB_004cc72c
004cc74c	Label	LAB_004cc74c
004cc764	Label	LAB_004cc764
004cc7e4	Label	LAB_004cc7e4
004cc800	Label	LAB_004cc800
004cc880	Label	LAB_004cc880
004cc898	Label	LAB_004cc898
004cc8e4	Label	LAB_004cc8e4
004cc910	Function	FUN_004cc910
004cc948	Label	LAB_004cc948
004cc96c	Label	LAB_004cc96c
004cc9a8	Label	LAB_004cc9a8
004cc9b8	Label	LAB_004cc9b8
004cc9e4	Label	LAB_004cc9e4
004cc9f0	Label	LAB_004cc9f0
004cca28	Label	LAB_004cca28
004cca40	Function	thunk_FUN_004cc910
004cca48	Function	FUN_004cca48
004ccaec	Label	LAB_004ccaec
004ccb0c	Label	LAB_004ccb0c
004ccb20	Label	LAB_004ccb20
004ccba4	Label	LAB_004ccba4
004ccbc0	Label	LAB_004ccbc0
004ccc50	Label	LAB_004ccc50
004ccc64	Label	LAB_004ccc64
004cccb0	Label	LAB_004cccb0
004cccdc	Function	FUN_004cccdc
004ccd10	Label	LAB_004ccd10
004ccd54	Label	LAB_004ccd54
004ccd5c	Label	LAB_004ccd5c
004ccd74	Label	LAB_004ccd74
004ccdac	Function	thunk_FUN_004cccdc
004ccdb4	Function	FUN_004ccdb4
004cce60	Label	LAB_004cce60
004cce7c	Label	LAB_004cce7c
004cce94	Label	LAB_004cce94
004ccf18	Label	LAB_004ccf18
004ccf34	Label	LAB_004ccf34
004ccfac	Label	LAB_004ccfac
004ccfc4	Label	LAB_004ccfc4
004cd01c	Label	LAB_004cd01c
004cd048	Function	FUN_004cd048
004cd07c	Label	LAB_004cd07c
004cd0cc	Label	LAB_004cd0cc
004cd0d4	Label	LAB_004cd0d4
004cd0ec	Label	LAB_004cd0ec
004cd120	Function	thunk_FUN_004cd048
004cd128	Function	FUN_004cd128
004cd1d8	Label	LAB_004cd1d8
004cd1f8	Label	LAB_004cd1f8
004cd20c	Label	LAB_004cd20c
004cd290	Label	LAB_004cd290
004cd2ac	Label	LAB_004cd2ac
004cd33c	Label	LAB_004cd33c
004cd350	Label	LAB_004cd350
004cd3a8	Label	LAB_004cd3a8
004cd3d4	Function	FUN_004cd3d4
004cd410	Label	LAB_004cd410
004cd4c0	Function	thunk_FUN_004cd3d4
004cd4c8	Function	FUN_004cd4c8
004cd538	Label	LAB_004cd538
004cd638	Function	thunk_FUN_004cd4c8
004cd640	Function	FUN_004cd640
004cd688	Label	LAB_004cd688
004cd718	Label	LAB_004cd718
004cd740	Function	thunk_FUN_004cd640
004cd748	Function	FUN_004cd748
004cd7bc	Label	LAB_004cd7bc
004cd88c	Label	LAB_004cd88c
004cd8c8	Function	thunk_FUN_004cd748
004cd8d0	Function	FUN_004cd8d0
004cd944	Label	LAB_004cd944
004cda54	Function	thunk_FUN_004cd8d0
004cda5c	Function	FUN_004cda5c
004cdacc	Label	LAB_004cdacc
004cdbac	Label	LAB_004cdbac
004cdbe8	Function	thunk_FUN_004cda5c
004cdbf0	Function	FUN_004cdbf0
004cdc64	Label	LAB_004cdc64
004cdd74	Function	thunk_FUN_004cdbf0
004cdd7c	Function	FUN_004cdd7c
004cddec	Label	LAB_004cddec
004cdecc	Label	LAB_004cdecc
004cdf08	Function	thunk_FUN_004cdd7c
004cdf10	Function	FUN_004cdf10
004cdf8c	Label	LAB_004cdf8c
004ce0a4	Function	thunk_FUN_004cdf10
004ce0ac	Function	FUN_004ce0ac
004ce124	Label	LAB_004ce124
004ce20c	Label	LAB_004ce20c
004ce248	Function	thunk_FUN_004ce0ac
004ce250	Function	FUN_004ce250
004ce2dc	Label	LAB_004ce2dc
004ce36c	Label	LAB_004ce36c
004ce384	Label	LAB_004ce384
004ce418	Label	LAB_004ce418
004ce464	Function	FUN_004ce464
004ce500	Label	LAB_004ce500
004ce518	Label	LAB_004ce518
004ce534	Label	LAB_004ce534
004ce5bc	Label	LAB_004ce5bc
004ce5dc	Label	LAB_004ce5dc
004ce678	Label	LAB_004ce678
004ce690	Label	LAB_004ce690
004ce6d0	Label	LAB_004ce6d0
004ce6fc	Function	FUN_004ce6fc
004ce790	Label	LAB_004ce790
004ce7ac	Label	LAB_004ce7ac
004ce7b4	Label	LAB_004ce7b4
004ce7b8	Label	LAB_004ce7b8
004ce840	Label	LAB_004ce840
004ce860	Label	LAB_004ce860
004ce918	Label	LAB_004ce918
004ce944	Function	FUN_004ce944
004ce9dc	Label	LAB_004ce9dc
004ce9f4	Label	LAB_004ce9f4
004cea0c	Label	LAB_004cea0c
004cea98	Label	LAB_004cea98
004ceab8	Label	LAB_004ceab8
004ceb64	Label	LAB_004ceb64
004ceb78	Label	LAB_004ceb78
004cebb8	Label	LAB_004cebb8
004cebe4	Function	FUN_004cebe4
004cec80	Label	LAB_004cec80
004cec9c	Label	LAB_004cec9c
004cecb4	Label	LAB_004cecb4
004ced3c	Label	LAB_004ced3c
004ced5c	Label	LAB_004ced5c
004cedfc	Label	LAB_004cedfc
004cee14	Label	LAB_004cee14
004cee60	Label	LAB_004cee60
004cee8c	Function	FUN_004cee8c
004cef24	Label	LAB_004cef24
004cef3c	Label	LAB_004cef3c
004cef54	Label	LAB_004cef54
004cefe0	Label	LAB_004cefe0
004cf000	Label	LAB_004cf000
004cf0ac	Label	LAB_004cf0ac
004cf0c0	Label	LAB_004cf0c0
004cf10c	Label	LAB_004cf10c
004cf138	Function	FUN_004cf138
004cf1d4	Label	LAB_004cf1d4
004cf1f0	Label	LAB_004cf1f0
004cf208	Label	LAB_004cf208
004cf290	Label	LAB_004cf290
004cf2b0	Label	LAB_004cf2b0
004cf350	Label	LAB_004cf350
004cf368	Label	LAB_004cf368
004cf3b4	Label	LAB_004cf3b4
004cf3e0	Function	FUN_004cf3e0
004cf478	Label	LAB_004cf478
004cf490	Label	LAB_004cf490
004cf4a8	Label	LAB_004cf4a8
004cf534	Label	LAB_004cf534
004cf554	Label	LAB_004cf554
004cf600	Label	LAB_004cf600
004cf614	Label	LAB_004cf614
004cf660	Label	LAB_004cf660
004cf68c	Function	FUN_004cf68c
004cf734	Label	LAB_004cf734
004cf750	Label	LAB_004cf750
004cf768	Label	LAB_004cf768
004cf7f0	Label	LAB_004cf7f0
004cf810	Label	LAB_004cf810
004cf8b0	Label	LAB_004cf8b0
004cf8c8	Label	LAB_004cf8c8
004cf920	Label	LAB_004cf920
004cf94c	Function	FUN_004cf94c
004cf9f0	Label	LAB_004cf9f0
004cfa0c	Label	LAB_004cfa0c
004cfa20	Label	LAB_004cfa20
004cfaac	Label	LAB_004cfaac
004cfacc	Label	LAB_004cfacc
004cfb80	Label	LAB_004cfb80
004cfb94	Label	LAB_004cfb94
004cfbec	Label	LAB_004cfbec
004cfc18	Function	FUN_004cfc18
004cfca4	Label	LAB_004cfca4
004cfd24	Label	LAB_004cfd24
004cfd3c	Label	LAB_004cfd3c
004cfdd0	Label	LAB_004cfdd0
004cfe1c	Function	FUN_004cfe1c
004cfeb8	Label	LAB_004cfeb8
004cfed0	Label	LAB_004cfed0
004cfeec	Label	LAB_004cfeec
004cff74	Label	LAB_004cff74
004cff94	Label	LAB_004cff94
004d0020	Label	LAB_004d0020
004d0038	Label	LAB_004d0038
004d0078	Label	LAB_004d0078
004d00a4	Function	FUN_004d00a4
004d0138	Label	LAB_004d0138
004d0154	Label	LAB_004d0154
004d015c	Label	LAB_004d015c
004d0160	Label	LAB_004d0160
004d01e8	Label	LAB_004d01e8
004d0208	Label	LAB_004d0208
004d02b0	Label	LAB_004d02b0
004d02dc	Function	FUN_004d02dc
004d0374	Label	LAB_004d0374
004d038c	Label	LAB_004d038c
004d03a4	Label	LAB_004d03a4
004d0430	Label	LAB_004d0430
004d0450	Label	LAB_004d0450
004d04ec	Label	LAB_004d04ec
004d0500	Label	LAB_004d0500
004d0540	Label	LAB_004d0540
004d056c	Function	FUN_004d056c
004d0608	Label	LAB_004d0608
004d0624	Label	LAB_004d0624
004d063c	Label	LAB_004d063c
004d06c4	Label	LAB_004d06c4
004d06e4	Label	LAB_004d06e4
004d0774	Label	LAB_004d0774
004d078c	Label	LAB_004d078c
004d07d8	Label	LAB_004d07d8
004d0804	Function	FUN_004d0804
004d089c	Label	LAB_004d089c
004d08b4	Label	LAB_004d08b4
004d08cc	Label	LAB_004d08cc
004d0958	Label	LAB_004d0958
004d0978	Label	LAB_004d0978
004d0a14	Label	LAB_004d0a14
004d0a28	Label	LAB_004d0a28
004d0a74	Label	LAB_004d0a74
004d0aa0	Function	FUN_004d0aa0
004d0b3c	Label	LAB_004d0b3c
004d0b58	Label	LAB_004d0b58
004d0b70	Label	LAB_004d0b70
004d0bf8	Label	LAB_004d0bf8
004d0c18	Label	LAB_004d0c18
004d0ca8	Label	LAB_004d0ca8
004d0cc0	Label	LAB_004d0cc0
004d0d0c	Label	LAB_004d0d0c
004d0d38	Function	FUN_004d0d38
004d0dd0	Label	LAB_004d0dd0
004d0de8	Label	LAB_004d0de8
004d0e00	Label	LAB_004d0e00
004d0e8c	Label	LAB_004d0e8c
004d0eac	Label	LAB_004d0eac
004d0f48	Label	LAB_004d0f48
004d0f5c	Label	LAB_004d0f5c
004d0fa8	Label	LAB_004d0fa8
004d0fd4	Function	FUN_004d0fd4
004d107c	Label	LAB_004d107c
004d1098	Label	LAB_004d1098
004d10b0	Label	LAB_004d10b0
004d1138	Label	LAB_004d1138
004d1158	Label	LAB_004d1158
004d11e8	Label	LAB_004d11e8
004d1200	Label	LAB_004d1200
004d1258	Label	LAB_004d1258
004d1284	Function	FUN_004d1284
004d1328	Label	LAB_004d1328
004d1344	Label	LAB_004d1344
004d1358	Label	LAB_004d1358
004d13e4	Label	LAB_004d13e4
004d1404	Label	LAB_004d1404
004d14a8	Label	LAB_004d14a8
004d14bc	Label	LAB_004d14bc
004d1514	Label	LAB_004d1514
004d1540	Function	FUN_004d1540
004d15cc	Label	LAB_004d15cc
004d1640	Label	LAB_004d1640
004d1658	Label	LAB_004d1658
004d16e8	Label	LAB_004d16e8
004d1734	Function	FUN_004d1734
004d17d0	Label	LAB_004d17d0
004d17e8	Label	LAB_004d17e8
004d1804	Label	LAB_004d1804
004d1888	Label	LAB_004d1888
004d18a8	Label	LAB_004d18a8
004d1928	Label	LAB_004d1928
004d1940	Label	LAB_004d1940
004d1980	Label	LAB_004d1980
004d19ac	Function	FUN_004d19ac
004d1a40	Label	LAB_004d1a40
004d1a5c	Label	LAB_004d1a5c
004d1a64	Label	LAB_004d1a64
004d1a68	Label	LAB_004d1a68
004d1aec	Label	LAB_004d1aec
004d1b0c	Label	LAB_004d1b0c
004d1ba8	Label	LAB_004d1ba8
004d1bd4	Function	FUN_004d1bd4
004d1c6c	Label	LAB_004d1c6c
004d1c84	Label	LAB_004d1c84
004d1c9c	Label	LAB_004d1c9c
004d1d24	Label	LAB_004d1d24
004d1d44	Label	LAB_004d1d44
004d1dd4	Label	LAB_004d1dd4
004d1de8	Label	LAB_004d1de8
004d1e28	Label	LAB_004d1e28
004d1e54	Function	FUN_004d1e54
004d1ef0	Label	LAB_004d1ef0
004d1f0c	Label	LAB_004d1f0c
004d1f24	Label	LAB_004d1f24
004d1fa8	Label	LAB_004d1fa8
004d1fc8	Label	LAB_004d1fc8
004d204c	Label	LAB_004d204c
004d2064	Label	LAB_004d2064
004d20b0	Label	LAB_004d20b0
004d20dc	Function	FUN_004d20dc
004d2174	Label	LAB_004d2174
004d218c	Label	LAB_004d218c
004d21a4	Label	LAB_004d21a4
004d222c	Label	LAB_004d222c
004d224c	Label	LAB_004d224c
004d22dc	Label	LAB_004d22dc
004d22f0	Label	LAB_004d22f0
004d233c	Label	LAB_004d233c
004d2368	Function	FUN_004d2368
004d2404	Label	LAB_004d2404
004d2420	Label	LAB_004d2420
004d2438	Label	LAB_004d2438
004d24bc	Label	LAB_004d24bc
004d24dc	Label	LAB_004d24dc
004d2560	Label	LAB_004d2560
004d2578	Label	LAB_004d2578
004d25c4	Label	LAB_004d25c4
004d25f0	Function	FUN_004d25f0
004d2688	Label	LAB_004d2688
004d26a0	Label	LAB_004d26a0
004d26b8	Label	LAB_004d26b8
004d2740	Label	LAB_004d2740
004d2760	Label	LAB_004d2760
004d27f0	Label	LAB_004d27f0
004d2804	Label	LAB_004d2804
004d2850	Label	LAB_004d2850
004d287c	Function	FUN_004d287c
004d2924	Label	LAB_004d2924
004d2940	Label	LAB_004d2940
004d2958	Label	LAB_004d2958
004d29dc	Label	LAB_004d29dc
004d29fc	Label	LAB_004d29fc
004d2a80	Label	LAB_004d2a80
004d2a98	Label	LAB_004d2a98
004d2af0	Label	LAB_004d2af0
004d2b1c	Function	FUN_004d2b1c
004d2bc0	Label	LAB_004d2bc0
004d2bdc	Label	LAB_004d2bdc
004d2bf0	Label	LAB_004d2bf0
004d2c78	Label	LAB_004d2c78
004d2c98	Label	LAB_004d2c98
004d2d30	Label	LAB_004d2d30
004d2d44	Label	LAB_004d2d44
004d2d9c	Label	LAB_004d2d9c
004d2dc8	Function	FUN_004d2dc8
004d2e40	Label	LAB_004d2e40
004d2e48	Label	LAB_004d2e48
004d2e7c	Label	LAB_004d2e7c
004d2e9c	Label	LAB_004d2e9c
004d2ea4	Label	LAB_004d2ea4
004d2eac	Label	LAB_004d2eac
004d2eb4	Function	FUN_004d2eb4
004d2f2c	Label	LAB_004d2f2c
004d2f34	Label	LAB_004d2f34
004d2f68	Label	LAB_004d2f68
004d2f88	Label	LAB_004d2f88
004d2f90	Label	LAB_004d2f90
004d2f98	Label	LAB_004d2f98
004d2fa0	Function	FUN_004d2fa0
004d3018	Label	LAB_004d3018
004d3020	Label	LAB_004d3020
004d3054	Label	LAB_004d3054
004d3074	Label	LAB_004d3074
004d307c	Label	LAB_004d307c
004d3084	Label	LAB_004d3084
004d308c	Function	FUN_004d308c
004d3104	Label	LAB_004d3104
004d310c	Label	LAB_004d310c
004d3140	Label	LAB_004d3140
004d3160	Label	LAB_004d3160
004d3168	Label	LAB_004d3168
004d3170	Label	LAB_004d3170
004d3178	Function	FUN_004d3178
004d31f0	Label	LAB_004d31f0
004d31f8	Label	LAB_004d31f8
004d322c	Label	LAB_004d322c
004d324c	Label	LAB_004d324c
004d3254	Label	LAB_004d3254
004d325c	Label	LAB_004d325c
004d3264	Function	FUN_004d3264
004d32dc	Label	LAB_004d32dc
004d32e4	Label	LAB_004d32e4
004d3318	Label	LAB_004d3318
004d3338	Label	LAB_004d3338
004d3340	Label	LAB_004d3340
004d3348	Label	LAB_004d3348
004d3350	Function	FUN_004d3350
004d33c8	Label	LAB_004d33c8
004d33d0	Label	LAB_004d33d0
004d3404	Label	LAB_004d3404
004d3424	Label	LAB_004d3424
004d342c	Label	LAB_004d342c
004d3434	Label	LAB_004d3434
004d343c	Function	FUN_004d343c
004d34bc	Label	LAB_004d34bc
004d34c4	Label	LAB_004d34c4
004d34f8	Label	LAB_004d34f8
004d3518	Label	LAB_004d3518
004d3520	Label	LAB_004d3520
004d3528	Label	LAB_004d3528
004d3530	Function	FUN_004d3530
004d35b0	Label	LAB_004d35b0
004d35b8	Label	LAB_004d35b8
004d35ec	Label	LAB_004d35ec
004d360c	Label	LAB_004d360c
004d3614	Label	LAB_004d3614
004d361c	Label	LAB_004d361c
004d3624	Function	FUN_004d3624
004d36a4	Label	LAB_004d36a4
004d36ac	Label	LAB_004d36ac
004d36e0	Label	LAB_004d36e0
004d3700	Label	LAB_004d3700
004d3708	Label	LAB_004d3708
004d3710	Label	LAB_004d3710
004d3718	Function	FUN_004d3718
004d3798	Label	LAB_004d3798
004d37a0	Label	LAB_004d37a0
004d37d4	Label	LAB_004d37d4
004d37f4	Label	LAB_004d37f4
004d37fc	Label	LAB_004d37fc
004d3804	Label	LAB_004d3804
004d380c	Function	FUN_004d380c
004d388c	Label	LAB_004d388c
004d3894	Label	LAB_004d3894
004d38c8	Label	LAB_004d38c8
004d38e8	Label	LAB_004d38e8
004d38f0	Label	LAB_004d38f0
004d38f8	Label	LAB_004d38f8
004d3900	Function	FUN_004d3900
004d3980	Label	LAB_004d3980
004d3988	Label	LAB_004d3988
004d39bc	Label	LAB_004d39bc
004d39dc	Label	LAB_004d39dc
004d39e4	Label	LAB_004d39e4
004d39ec	Label	LAB_004d39ec
004d39f4	Function	FUN_004d39f4
004d3a74	Label	LAB_004d3a74
004d3a7c	Label	LAB_004d3a7c
004d3ab0	Label	LAB_004d3ab0
004d3ad0	Label	LAB_004d3ad0
004d3ad8	Label	LAB_004d3ad8
004d3ae0	Label	LAB_004d3ae0
004d3ae8	Function	FUN_004d3ae8
004d3b00	Label	LAB_004d3b00
004d3b3c	Function	FUN_004d3b3c
004d3b58	Label	LAB_004d3b58
004d3b98	Function	FUN_004d3b98
004d3bb0	Label	LAB_004d3bb0
004d3bd8	Label	LAB_004d3bd8
004d3bf4	Function	FUN_004d3bf4
004d3c10	Label	LAB_004d3c10
004d3c38	Label	LAB_004d3c38
004d3c58	Function	FUN_004d3c58
004d3c5c	Label	LAB_004d3c5c
004d3c6c	Label	LAB_004d3c6c
004d3c7c	Function	FUN_004d3c7c
004d3c80	Label	LAB_004d3c80
004d3c90	Label	LAB_004d3c90
004d3ca0	Function	FUN_004d3ca0
004d3ca4	Label	LAB_004d3ca4
004d3cb4	Label	LAB_004d3cb4
004d3cc4	Function	FUN_004d3cc4
004d3cc8	Label	LAB_004d3cc8
004d3cd8	Label	LAB_004d3cd8
004d3ce8	Function	FUN_004d3ce8
004d3cec	Label	LAB_004d3cec
004d3cfc	Label	LAB_004d3cfc
004d3d0c	Function	FUN_004d3d0c
004d3d10	Label	LAB_004d3d10
004d3d20	Label	LAB_004d3d20
004d3d30	Function	FUN_004d3d30
004d3d34	Label	LAB_004d3d34
004d3d44	Label	LAB_004d3d44
004d3d54	Function	FUN_004d3d54
004d3d6c	Label	LAB_004d3d6c
004d3dbc	Function	FUN_004d3dbc
004d3dd8	Label	LAB_004d3dd8
004d3e2c	Function	FUN_004d3e2c
004d3e44	Label	LAB_004d3e44
004d3e84	Label	LAB_004d3e84
004d3e9c	Function	FUN_004d3e9c
004d3ea8	Label	LAB_004d3ea8
004d3eb8	Label	LAB_004d3eb8
004d3ec8	Function	FUN_004d3ec8
004d3ed4	Label	LAB_004d3ed4
004d3ee4	Label	LAB_004d3ee4
004d3ef4	Function	FUN_004d3ef4
004d3f00	Label	LAB_004d3f00
004d3f10	Label	LAB_004d3f10
004d3f20	Function	FUN_004d3f20
004d3f2c	Label	LAB_004d3f2c
004d3f3c	Label	LAB_004d3f3c
004d3f4c	Function	FUN_004d3f4c
004d3f58	Label	LAB_004d3f58
004d3f68	Label	LAB_004d3f68
004d3f78	Function	FUN_004d3f78
004d3f84	Label	LAB_004d3f84
004d3f94	Label	LAB_004d3f94
004d3fa4	Function	FUN_004d3fa4
004d3fb0	Label	LAB_004d3fb0
004d3fc0	Label	LAB_004d3fc0
004d3fd0	Function	FUN_004d3fd0
004d3fec	Label	LAB_004d3fec
004d4030	Label	LAB_004d4030
004d4048	Function	FUN_004d4048
004d4074	Label	LAB_004d4074
004d40a8	Label	LAB_004d40a8
004d40b8	Function	FUN_004d40b8
004d40e8	Label	LAB_004d40e8
004d4120	Label	LAB_004d4120
004d4130	Function	FUN_004d4130
004d4138	Label	LAB_004d4138
004d4160	Function	FUN_004d4160
004d4168	Label	LAB_004d4168
004d4190	Function	FUN_004d4190
004d4198	Label	LAB_004d4198
004d41c0	Function	FUN_004d41c0
004d41c8	Label	LAB_004d41c8
004d41f0	Function	FUN_004d41f0
004d41f8	Label	LAB_004d41f8
004d4220	Function	FUN_004d4220
004d4228	Label	LAB_004d4228
004d4250	Function	FUN_004d4250
004d4258	Label	LAB_004d4258
004d4280	Function	FUN_004d4280
004d4298	Label	LAB_004d4298
004d4300	Function	FUN_004d4300
004d4330	Label	LAB_004d4330
004d4370	Label	LAB_004d4370
004d4380	Function	FUN_004d4380
004d43ac	Label	LAB_004d43ac
004d43dc	Label	LAB_004d43dc
004d43fc	Function	FUN_004d43fc
004d4430	Label	LAB_004d4430
004d4474	Label	LAB_004d4474
004d4484	Function	FUN_004d4484
004d44a0	Label	LAB_004d44a0
004d450c	Function	FUN_004d450c
004d452c	Label	LAB_004d452c
004d4598	Function	FUN_004d4598
004d45c8	Label	LAB_004d45c8
004d45f8	Label	LAB_004d45f8
004d4618	Function	FUN_004d4618
004d463c	Label	LAB_004d463c
004d46ac	Function	FUN_004d46ac
004d46c4	Label	LAB_004d46c4
004d4718	Label	LAB_004d4718
004d4730	Function	FUN_004d4730
004d4748	Label	LAB_004d4748
004d47b8	Function	FUN_004d47b8
004d47c4	Label	LAB_004d47c4
004d47f0	Function	FUN_004d47f0
004d47fc	Label	LAB_004d47fc
004d4828	Function	FUN_004d4828
004d4834	Label	LAB_004d4834
004d4860	Function	FUN_004d4860
004d486c	Label	LAB_004d486c
004d4898	Function	FUN_004d4898
004d48a4	Label	LAB_004d48a4
004d48d0	Function	FUN_004d48d0
004d48dc	Label	LAB_004d48dc
004d4908	Function	FUN_004d4908
004d4914	Label	LAB_004d4914
004d4940	Function	FUN_004d4940
004d4970	Label	LAB_004d4970
004d49b0	Label	LAB_004d49b0
004d49c8	Function	FUN_004d49c8
004d49f8	Label	LAB_004d49f8
004d4a30	Label	LAB_004d4a30
004d4a54	Function	FUN_004d4a54
004d4a70	Label	LAB_004d4a70
004d4ae4	Function	FUN_004d4ae4
004d4b00	Label	LAB_004d4b00
004d4b58	Label	LAB_004d4b58
004d4b70	Function	FUN_004d4b70
004d4b90	Label	LAB_004d4b90
004d4be8	Label	LAB_004d4be8
004d4c00	Function	FUN_004d4c00
004d4c34	Label	LAB_004d4c34
004d4c6c	Label	LAB_004d4c6c
004d4c90	Function	FUN_004d4c90
004d4cc4	Label	LAB_004d4cc4
004d4d04	Label	LAB_004d4d04
004d4d1c	Function	FUN_004d4d1c
004d4d34	Label	LAB_004d4d34
004d4d90	Label	LAB_004d4d90
004d4da8	Function	FUN_004d4da8
004d4dcc	Label	LAB_004d4dcc
004d4e28	Label	LAB_004d4e28
004d4e40	Function	FUN_004d4e40
004d4e70	Label	LAB_004d4e70
004d4ec0	Label	LAB_004d4ec0
004d4ed0	Function	FUN_004d4ed0
004d4eec	Label	LAB_004d4eec
004d4f4c	Label	LAB_004d4f4c
004d4f64	Function	FUN_004d4f64
004d4f94	Label	LAB_004d4f94
004d4fd0	Label	LAB_004d4fd0
004d4fd8	Label	LAB_004d4fd8
004d4fe8	Label	LAB_004d4fe8
004d4ffc	Function	FUN_004d4ffc
004d5004	Label	LAB_004d5004
004d5024	Label	LAB_004d5024
004d5034	Function	FUN_004d5034
004d503c	Label	LAB_004d503c
004d505c	Label	LAB_004d505c
004d506c	Function	FUN_004d506c
004d5074	Label	LAB_004d5074
004d5094	Label	LAB_004d5094
004d50a4	Function	FUN_004d50a4
004d50ac	Label	LAB_004d50ac
004d50cc	Label	LAB_004d50cc
004d50dc	Function	FUN_004d50dc
004d50e4	Label	LAB_004d50e4
004d5104	Label	LAB_004d5104
004d5114	Function	FUN_004d5114
004d511c	Label	LAB_004d511c
004d513c	Label	LAB_004d513c
004d514c	Function	FUN_004d514c
004d5154	Label	LAB_004d5154
004d5174	Label	LAB_004d5174
004d5184	Function	FUN_004d5184
004d51b0	Label	LAB_004d51b0
004d51f0	Label	LAB_004d51f0
004d51f8	Label	LAB_004d51f8
004d5208	Label	LAB_004d5208
004d521c	Function	FUN_004d521c
004d5250	Label	LAB_004d5250
004d52a4	Label	LAB_004d52a4
004d52b4	Function	FUN_004d52b4
004d52e4	Label	LAB_004d52e4
004d532c	Label	LAB_004d532c
004d5344	Function	FUN_004d5344
004d5374	Label	LAB_004d5374
004d53b4	Label	LAB_004d53b4
004d53bc	Label	LAB_004d53bc
004d53d4	Label	LAB_004d53d4
004d53e8	Function	FUN_004d53e8
004d541c	Label	LAB_004d541c
004d5468	Label	LAB_004d5468
004d5480	Function	FUN_004d5480
004d54b4	Label	LAB_004d54b4
004d54fc	Label	LAB_004d54fc
004d5514	Function	FUN_004d5514
004d5548	Label	LAB_004d5548
004d5590	Label	LAB_004d5590
004d5598	Label	LAB_004d5598
004d55a8	Label	LAB_004d55a8
004d55bc	Function	FUN_004d55bc
004d55ec	Label	LAB_004d55ec
004d5634	Label	LAB_004d5634
004d5658	Function	FUN_004d5658
004d5684	Label	LAB_004d5684
004d56c4	Label	LAB_004d56c4
004d56cc	Label	LAB_004d56cc
004d56e4	Label	LAB_004d56e4
004d56f8	Function	FUN_004d56f8
004d5730	Label	LAB_004d5730
004d577c	Label	LAB_004d577c
004d5794	Function	FUN_004d5794
004d57a0	Label	LAB_004d57a0
004d57c4	Label	LAB_004d57c4
004d57d4	Function	FUN_004d57d4
004d57e0	Label	LAB_004d57e0
004d5804	Label	LAB_004d5804
004d5814	Function	FUN_004d5814
004d5820	Label	LAB_004d5820
004d5844	Label	LAB_004d5844
004d5854	Function	FUN_004d5854
004d5860	Label	LAB_004d5860
004d5884	Label	LAB_004d5884
004d5894	Function	FUN_004d5894
004d58a0	Label	LAB_004d58a0
004d58c4	Label	LAB_004d58c4
004d58d4	Function	FUN_004d58d4
004d58e0	Label	LAB_004d58e0
004d5904	Label	LAB_004d5904
004d5914	Function	FUN_004d5914
004d5920	Label	LAB_004d5920
004d5944	Label	LAB_004d5944
004d5954	Function	FUN_004d5954
004d5984	Label	LAB_004d5984
004d59d0	Label	LAB_004d59d0
004d59d8	Label	LAB_004d59d8
004d59e8	Label	LAB_004d59e8
004d59fc	Function	FUN_004d59fc
004d5a30	Label	LAB_004d5a30
004d5a78	Label	LAB_004d5a78
004d5a9c	Function	FUN_004d5a9c
004d5ad0	Label	LAB_004d5ad0
004d5b24	Label	LAB_004d5b24
004d5b3c	Function	FUN_004d5b3c
004d5b70	Label	LAB_004d5b70
004d5bbc	Label	LAB_004d5bbc
004d5bc4	Label	LAB_004d5bc4
004d5bdc	Label	LAB_004d5bdc
004d5bf0	Function	FUN_004d5bf0
004d5c28	Label	LAB_004d5c28
004d5c7c	Label	LAB_004d5c7c
004d5c94	Function	FUN_004d5c94
004d5cc8	Label	LAB_004d5cc8
004d5d0c	Label	LAB_004d5d0c
004d5d14	Label	LAB_004d5d14
004d5d2c	Label	LAB_004d5d2c
004d5d40	Function	FUN_004d5d40
004d5d70	Label	LAB_004d5d70
004d5dbc	Label	LAB_004d5dbc
004d5dc4	Label	LAB_004d5dc4
004d5ddc	Label	LAB_004d5ddc
004d5df0	Function	FUN_004d5df0
004d5e20	Label	LAB_004d5e20
004d5e68	Label	LAB_004d5e68
004d5e70	Label	LAB_004d5e70
004d5e88	Label	LAB_004d5e88
004d5e9c	Function	FUN_004d5e9c
004d5ed0	Label	LAB_004d5ed0
004d5f2c	Label	LAB_004d5f2c
004d5f44	Function	FUN_004d5f44
004d5f74	Label	LAB_004d5f74
004d5fb0	Label	LAB_004d5fb0
004d5fb8	Label	LAB_004d5fb8
004d5fc8	Label	LAB_004d5fc8
004d5ffc	Function	FUN_004d5ffc
004d6034	Label	LAB_004d6034
004d6090	Label	LAB_004d6090
004d60a8	Function	FUN_004d60a8
004d60dc	Label	LAB_004d60dc
004d6134	Label	LAB_004d6134
004d613c	Label	LAB_004d613c
004d614c	Label	LAB_004d614c
004d6160	Function	FUN_004d6160
004d6194	Label	LAB_004d6194
004d61e4	Label	LAB_004d61e4
004d61ec	Label	LAB_004d61ec
004d6204	Label	LAB_004d6204
004d6218	Function	FUN_004d6218
004d6244	Label	LAB_004d6244
004d6284	Label	LAB_004d6284
004d628c	Label	LAB_004d628c
004d629c	Label	LAB_004d629c
004d62d0	Function	FUN_004d62d0
004d6304	Label	LAB_004d6304
004d6340	Label	LAB_004d6340
004d6348	Label	LAB_004d6348
004d6358	Label	LAB_004d6358
004d6390	Function	FUN_004d6390
004d63c0	Label	LAB_004d63c0
004d63fc	Label	LAB_004d63fc
004d6404	Label	LAB_004d6404
004d6414	Label	LAB_004d6414
004d644c	Function	FUN_004d644c
004d647c	Label	LAB_004d647c
004d64d8	Label	LAB_004d64d8
004d64e0	Label	LAB_004d64e0
004d64f0	Label	LAB_004d64f0
004d6504	Function	FUN_004d6504
004d6534	Label	LAB_004d6534
004d6574	Label	LAB_004d6574
004d657c	Label	LAB_004d657c
004d658c	Label	LAB_004d658c
004d65c4	Function	FUN_004d65c4
004d65f0	Label	LAB_004d65f0
004d6630	Label	LAB_004d6630
004d6638	Label	LAB_004d6638
004d6648	Label	LAB_004d6648
004d6680	Function	FUN_004d6680
004d66b0	Label	LAB_004d66b0
004d6700	Label	LAB_004d6700
004d6708	Label	LAB_004d6708
004d6720	Label	LAB_004d6720
004d6734	Function	FUN_004d6734
004d6764	Label	LAB_004d6764
004d67a4	Label	LAB_004d67a4
004d67ac	Label	LAB_004d67ac
004d67c4	Label	LAB_004d67c4
004d67f0	Function	FUN_004d67f0
004d6824	Label	LAB_004d6824
004d6888	Label	LAB_004d6888
004d68a0	Function	FUN_004d68a0
004d68d4	Label	LAB_004d68d4
004d691c	Label	LAB_004d691c
004d6924	Label	LAB_004d6924
004d6934	Label	LAB_004d6934
004d6968	Function	FUN_004d6968
004d69a0	Label	LAB_004d69a0
004d69f0	Label	LAB_004d69f0
004d69f8	Label	LAB_004d69f8
004d6a10	Label	LAB_004d6a10
004d6a24	Function	FUN_004d6a24
004d6a58	Label	LAB_004d6a58
004d6ab4	Label	LAB_004d6ab4
004d6abc	Label	LAB_004d6abc
004d6ad4	Label	LAB_004d6ad4
004d6ae8	Function	FUN_004d6ae8
004d6b1c	Label	LAB_004d6b1c
004d6b5c	Label	LAB_004d6b5c
004d6b64	Label	LAB_004d6b64
004d6b7c	Label	LAB_004d6b7c
004d6bac	Function	FUN_004d6bac
004d6bdc	Label	LAB_004d6bdc
004d6c1c	Label	LAB_004d6c1c
004d6c24	Label	LAB_004d6c24
004d6c3c	Label	LAB_004d6c3c
004d6c70	Function	FUN_004d6c70
004d6c9c	Label	LAB_004d6c9c
004d6cdc	Label	LAB_004d6cdc
004d6ce4	Label	LAB_004d6ce4
004d6cfc	Label	LAB_004d6cfc
004d6d2c	Function	FUN_004d6d2c
004d6d60	Label	LAB_004d6d60
004d6db4	Label	LAB_004d6db4
004d6dbc	Label	LAB_004d6dbc
004d6dd4	Label	LAB_004d6dd4
004d6de8	Function	FUN_004d6de8
004d6e28	Label	LAB_004d6e28
004d6e70	Label	LAB_004d6e70
004d6e78	Label	LAB_004d6e78
004d6e8c	Label	LAB_004d6e8c
004d6ec4	Function	FUN_004d6ec4
004d6ef8	Label	LAB_004d6ef8
004d6f40	Label	LAB_004d6f40
004d6f48	Label	LAB_004d6f48
004d6f58	Label	LAB_004d6f58
004d6f90	Function	FUN_004d6f90
004d6fc0	Label	LAB_004d6fc0
004d701c	Label	LAB_004d701c
004d7024	Label	LAB_004d7024
004d703c	Label	LAB_004d703c
004d7050	Function	FUN_004d7050
004d7080	Label	LAB_004d7080
004d70c0	Label	LAB_004d70c0
004d70c8	Label	LAB_004d70c8
004d70e0	Label	LAB_004d70e0
004d7114	Function	FUN_004d7114
004d7140	Label	LAB_004d7140
004d7180	Label	LAB_004d7180
004d7188	Label	LAB_004d7188
004d71a0	Label	LAB_004d71a0
004d71d4	Function	FUN_004d71d4
004d7204	Label	LAB_004d7204
004d7250	Label	LAB_004d7250
004d7258	Label	LAB_004d7258
004d7268	Label	LAB_004d7268
004d729c	Function	FUN_004d729c
004d72d4	Label	LAB_004d72d4
004d72f8	Label	LAB_004d72f8
004d7340	Label	LAB_004d7340
004d7350	Label	LAB_004d7350
004d737c	Label	LAB_004d737c
004d7388	Label	LAB_004d7388
004d73a0	Function	FUN_004d73a0
004d73a4	Label	LAB_004d73a4
004d73e8	Function	FUN_004d73e8
004d73ec	Label	LAB_004d73ec
004d7430	Function	FUN_004d7430
004d7434	Label	LAB_004d7434
004d7478	Function	FUN_004d7478
004d747c	Label	LAB_004d747c
004d74c0	Function	FUN_004d74c0
004d74c4	Label	LAB_004d74c4
004d7508	Function	FUN_004d7508
004d750c	Label	LAB_004d750c
004d7550	Function	FUN_004d7550
004d7554	Label	LAB_004d7554
004d7598	Function	FUN_004d7598
004d75cc	Label	LAB_004d75cc
004d7618	Label	LAB_004d7618
004d7620	Label	LAB_004d7620
004d7638	Label	LAB_004d7638
004d7664	Function	FUN_004d7664
004d769c	Label	LAB_004d769c
004d76c0	Label	LAB_004d76c0
004d7708	Label	LAB_004d7708
004d7718	Label	LAB_004d7718
004d7744	Label	LAB_004d7744
004d7750	Label	LAB_004d7750
004d776c	Label	LAB_004d776c
004d7784	Function	FUN_004d7784
004d77c0	Label	LAB_004d77c0
004d780c	Label	LAB_004d780c
004d7814	Label	LAB_004d7814
004d7828	Label	LAB_004d7828
004d7860	Function	FUN_004d7860
004d7890	Label	LAB_004d7890
004d78dc	Label	LAB_004d78dc
004d78e4	Label	LAB_004d78e4
004d78f4	Label	LAB_004d78f4
004d792c	Function	FUN_004d792c
004d7938	Label	LAB_004d7938
004d7980	Function	FUN_004d7980
004d798c	Label	LAB_004d798c
004d79d4	Function	FUN_004d79d4
004d79dc	Label	LAB_004d79dc
004d7a24	Function	FUN_004d7a24
004d7a2c	Label	LAB_004d7a2c
004d7a74	Function	FUN_004d7a74
004d7a80	Label	LAB_004d7a80
004d7ac8	Function	FUN_004d7ac8
004d7ad4	Label	LAB_004d7ad4
004d7b1c	Function	FUN_004d7b1c
004d7b24	Label	LAB_004d7b24
004d7b6c	Function	FUN_004d7b6c
004d7b74	Label	LAB_004d7b74
004d7bbc	Function	FUN_004d7bbc
004d7bc4	Label	LAB_004d7bc4
004d7c0c	Function	FUN_004d7c0c
004d7c14	Label	LAB_004d7c14
004d7c5c	Function	FUN_004d7c5c
004d7c64	Label	LAB_004d7c64
004d7cac	Function	FUN_004d7cac
004d7cb8	Label	LAB_004d7cb8
004d7d00	Function	FUN_004d7d00
004d7d0c	Label	LAB_004d7d0c
004d7d54	Function	FUN_004d7d54
004d7d60	Label	LAB_004d7d60
004d7da8	Function	FUN_004d7da8
004d7dac	Label	LAB_004d7dac
004d7de4	Label	LAB_004d7de4
004d7df4	Function	FUN_004d7df4
004d7e00	Label	LAB_004d7e00
004d7e44	Function	FUN_004d7e44
004d7e50	Label	LAB_004d7e50
004d7e94	Function	FUN_004d7e94
004d7ea4	Label	LAB_004d7ea4
004d7ef0	Function	FUN_004d7ef0
004d7ef4	Label	LAB_004d7ef4
004d7f2c	Label	LAB_004d7f2c
004d7f3c	Function	FUN_004d7f3c
004d7f40	Label	LAB_004d7f40
004d7f78	Label	LAB_004d7f78
004d7f88	Function	FUN_004d7f88
004d7f94	Label	LAB_004d7f94
004d7fd8	Function	FUN_004d7fd8
004d7fe8	Label	LAB_004d7fe8
004d8034	Function	FUN_004d8034
004d8044	Label	LAB_004d8044
004d8090	Function	FUN_004d8090
004d8094	Label	LAB_004d8094
004d80cc	Label	LAB_004d80cc
004d80dc	Function	FUN_004d80dc
004d80ec	Label	LAB_004d80ec
004d8138	Function	FUN_004d8138
004d8148	Label	LAB_004d8148
004d8194	Function	FUN_004d8194
004d81a4	Label	LAB_004d81a4
004d81f0	Function	FUN_004d81f0
004d8200	Label	LAB_004d8200
004d824c	Function	FUN_004d824c
004d8250	Label	LAB_004d8250
004d8288	Label	LAB_004d8288
004d8298	Function	FUN_004d8298
004d829c	Label	LAB_004d829c
004d82d4	Label	LAB_004d82d4
004d82e4	Function	FUN_004d82e4
004d82f0	Label	LAB_004d82f0
004d8334	Function	FUN_004d8334
004d8340	Label	LAB_004d8340
004d8384	Function	FUN_004d8384
004d8388	Label	LAB_004d8388
004d83c0	Label	LAB_004d83c0
004d83d0	Function	FUN_004d83d0
004d83dc	Label	LAB_004d83dc
004d8420	Function	FUN_004d8420
004d842c	Label	LAB_004d842c
004d8470	Function	FUN_004d8470
004d8478	Label	LAB_004d8478
004d84b4	Label	LAB_004d84b4
004d84c4	Function	FUN_004d84c4
004d84cc	Label	LAB_004d84cc
004d8508	Label	LAB_004d8508
004d8518	Function	FUN_004d8518
004d8528	Label	LAB_004d8528
004d8570	Function	FUN_004d8570
004d8578	Label	LAB_004d8578
004d85b4	Label	LAB_004d85b4
004d85c4	Function	FUN_004d85c4
004d85d0	Label	LAB_004d85d0
004d860c	Label	LAB_004d860c
004d861c	Function	FUN_004d861c
004d8628	Label	LAB_004d8628
004d8664	Label	LAB_004d8664
004d8674	Function	FUN_004d8674
004d8684	Label	LAB_004d8684
004d86cc	Function	FUN_004d86cc
004d86d8	Label	LAB_004d86d8
004d8714	Label	LAB_004d8714
004d8724	Function	FUN_004d8724
004d8730	Label	LAB_004d8730
004d876c	Label	LAB_004d876c
004d877c	Function	FUN_004d877c
004d8788	Label	LAB_004d8788
004d87c4	Label	LAB_004d87c4
004d87d4	Function	FUN_004d87d4
004d87e4	Label	LAB_004d87e4
004d882c	Function	FUN_004d882c
004d883c	Label	LAB_004d883c
004d8884	Function	FUN_004d8884
004d888c	Label	LAB_004d888c
004d88c8	Label	LAB_004d88c8
004d88d8	Function	FUN_004d88d8
004d88e0	Label	LAB_004d88e0
004d891c	Label	LAB_004d891c
004d892c	Function	FUN_004d892c
004d8934	Label	LAB_004d8934
004d8970	Label	LAB_004d8970
004d8980	Function	FUN_004d8980
004d8988	Label	LAB_004d8988
004d89c4	Label	LAB_004d89c4
004d89d4	Function	FUN_004d89d4
004d89e4	Label	LAB_004d89e4
004d8a2c	Function	FUN_004d8a2c
004d8a3c	Label	LAB_004d8a3c
004d8a84	Function	FUN_004d8a84
004d8a90	Label	LAB_004d8a90
004d8acc	Label	LAB_004d8acc
004d8adc	Function	FUN_004d8adc
004d8ae8	Label	LAB_004d8ae8
004d8b24	Label	LAB_004d8b24
004d8b34	Function	FUN_004d8b34
004d8b44	Label	LAB_004d8b44
004d8b8c	Function	FUN_004d8b8c
004d8b9c	Label	LAB_004d8b9c
004d8bdc	Label	LAB_004d8bdc
004d8bec	Function	FUN_004d8bec
004d8bfc	Label	LAB_004d8bfc
004d8c3c	Label	LAB_004d8c3c
004d8c4c	Function	FUN_004d8c4c
004d8c5c	Label	LAB_004d8c5c
004d8c9c	Label	LAB_004d8c9c
004d8cac	Function	FUN_004d8cac
004d8cb8	Label	LAB_004d8cb8
004d8cf0	Label	LAB_004d8cf0
004d8d00	Function	FUN_004d8d00
004d8d0c	Label	LAB_004d8d0c
004d8d44	Label	LAB_004d8d44
004d8d54	Function	FUN_004d8d54
004d8d60	Label	LAB_004d8d60
004d8d98	Label	LAB_004d8d98
004d8da8	Function	FUN_004d8da8
004d8db4	Label	LAB_004d8db4
004d8dec	Label	LAB_004d8dec
004d8dfc	Function	FUN_004d8dfc
004d8e08	Label	LAB_004d8e08
004d8e40	Label	LAB_004d8e40
004d8e50	Function	FUN_004d8e50
004d8e5c	Label	LAB_004d8e5c
004d8e94	Label	LAB_004d8e94
004d8ea4	Function	FUN_004d8ea4
004d8eb4	Label	LAB_004d8eb4
004d8ef4	Label	LAB_004d8ef4
004d8f04	Function	FUN_004d8f04
004d8f10	Label	LAB_004d8f10
004d8f48	Label	LAB_004d8f48
004d8f58	Function	FUN_004d8f58
004d8f68	Label	LAB_004d8f68
004d8fa8	Label	LAB_004d8fa8
004d8fb8	Function	FUN_004d8fb8
004d8fc8	Label	LAB_004d8fc8
004d9008	Label	LAB_004d9008
004d9018	Function	FUN_004d9018
004d9028	Label	LAB_004d9028
004d9068	Label	LAB_004d9068
004d9078	Function	FUN_004d9078
004d9088	Label	LAB_004d9088
004d90c4	Label	LAB_004d90c4
004d90d4	Function	FUN_004d90d4
004d90e4	Label	LAB_004d90e4
004d9120	Label	LAB_004d9120
004d9130	Function	FUN_004d9130
004d9140	Label	LAB_004d9140
004d917c	Label	LAB_004d917c
004d918c	Function	FUN_004d918c
004d919c	Label	LAB_004d919c
004d91d8	Label	LAB_004d91d8
004d91e8	Function	FUN_004d91e8
004d91f8	Label	LAB_004d91f8
004d9234	Label	LAB_004d9234
004d9244	Function	FUN_004d9244
004d9254	Label	LAB_004d9254
004d9290	Label	LAB_004d9290
004d92a0	Function	FUN_004d92a0
004d92b0	Label	LAB_004d92b0
004d92ec	Label	LAB_004d92ec
004d92fc	Function	FUN_004d92fc
004d932c	Label	LAB_004d932c
004d9354	Label	LAB_004d9354
004d9358	Label	LAB_004d9358
004d935c	Label	LAB_004d935c
004d9374	Label	LAB_004d9374
004d93bc	Label	LAB_004d93bc
004d93cc	Label	LAB_004d93cc
004d9454	Label	LAB_004d9454
004d9474	Label	LAB_004d9474
004d94b8	Label	LAB_004d94b8
004d94f4	Label	LAB_004d94f4
004d9524	Label	LAB_004d9524
004d9528	Label	LAB_004d9528
004d953c	Label	LAB_004d953c
004d9548	Label	LAB_004d9548
004d9568	Label	LAB_004d9568
004d9574	Label	LAB_004d9574
004d9580	Label	LAB_004d9580
004d95c0	Label	LAB_004d95c0
004d95d8	Label	LAB_004d95d8
004d95e4	Label	LAB_004d95e4
004d960c	Label	LAB_004d960c
004d9614	Function	FUN_004d9614
004d96e4	Label	LAB_004d96e4
004d96f4	Label	LAB_004d96f4
004d9734	Label	LAB_004d9734
004d973c	Label	LAB_004d973c
004d976c	Label	LAB_004d976c
004d978c	Label	LAB_004d978c
004d9790	Label	LAB_004d9790
004d97ac	Label	LAB_004d97ac
004d97b4	Label	LAB_004d97b4
004d9820	Label	LAB_004d9820
004d9828	Label	LAB_004d9828
004d9854	Label	LAB_004d9854
004d9864	Label	LAB_004d9864
004d9878	Label	LAB_004d9878
004d9880	Label	LAB_004d9880
004d98a4	Function	FUN_004d98a4
004d994c	Label	LAB_004d994c
004d9984	Label	LAB_004d9984
004d99ac	Label	LAB_004d99ac
004d9a24	Label	LAB_004d9a24
004d9a6c	Label	LAB_004d9a6c
004d9a90	Label	LAB_004d9a90
004d9a94	Label	LAB_004d9a94
004d9aac	Label	LAB_004d9aac
004d9ac0	Label	LAB_004d9ac0
004d9ad0	Label	LAB_004d9ad0
004d9ad4	Label	LAB_004d9ad4
004d9ad8	Label	LAB_004d9ad8
004d9b00	Label	LAB_004d9b00
004d9b30	Label	LAB_004d9b30
004d9b4c	Label	LAB_004d9b4c
004d9b58	Label	LAB_004d9b58
004d9b7c	Label	LAB_004d9b7c
004d9b9c	Label	LAB_004d9b9c
004d9bac	Label	LAB_004d9bac
004d9bb4	Label	LAB_004d9bb4
004d9bec	Label	LAB_004d9bec
004d9c1c	Label	LAB_004d9c1c
004d9c3c	Label	LAB_004d9c3c
004d9c4c	Label	LAB_004d9c4c
004d9c58	Label	LAB_004d9c58
004d9c64	Label	LAB_004d9c64
004d9c8c	Label	LAB_004d9c8c
004d9c90	Label	LAB_004d9c90
004d9c9c	Label	LAB_004d9c9c
004d9ca8	Label	LAB_004d9ca8
004d9cd0	Label	LAB_004d9cd0
004d9ce0	Label	LAB_004d9ce0
004d9cf0	Label	LAB_004d9cf0
004d9cf8	Function	FUN_004d9cf8
004d9d84	Label	LAB_004d9d84
004d9da0	Label	LAB_004d9da0
004d9da8	Label	LAB_004d9da8
004d9e64	Label	LAB_004d9e64
004d9eb0	Label	LAB_004d9eb0
004d9ec4	Label	LAB_004d9ec4
004d9f34	Label	LAB_004d9f34
004d9f80	Label	LAB_004d9f80
004d9f88	Label	LAB_004d9f88
004d9f9c	Label	LAB_004d9f9c
004d9fb4	Label	LAB_004d9fb4
004d9ffc	Label	LAB_004d9ffc
004da024	Label	LAB_004da024
004da028	Label	LAB_004da028
004da054	Label	LAB_004da054
004da06c	Label	LAB_004da06c
004da07c	Label	LAB_004da07c
004da09c	Label	LAB_004da09c
004da0f8	Label	LAB_004da0f8
004da144	Label	LAB_004da144
004da150	Label	LAB_004da150
004da188	Label	LAB_004da188
004da1e8	Label	LAB_004da1e8
004da208	Label	LAB_004da208
004da20c	Label	LAB_004da20c
004da224	Label	LAB_004da224
004da238	Label	LAB_004da238
004da250	Label	LAB_004da250
004da278	Label	LAB_004da278
004da284	Label	LAB_004da284
004da290	Label	LAB_004da290
004da2a8	Label	LAB_004da2a8
004da2c0	Label	LAB_004da2c0
004da2ec	Label	LAB_004da2ec
004da2fc	Label	LAB_004da2fc
004da30c	Label	LAB_004da30c
004da314	Label	LAB_004da314
004da31c	Function	FUN_004da31c
004da424	Label	LAB_004da424
004da440	Label	LAB_004da440
004da4cc	Label	LAB_004da4cc
004da4e0	Label	LAB_004da4e0
004da500	Label	LAB_004da500
004da554	Label	LAB_004da554
004da564	Label	LAB_004da564
004da5bc	Label	LAB_004da5bc
004da620	Label	LAB_004da620
004da634	Label	LAB_004da634
004da644	Label	LAB_004da644
004da64c	Label	LAB_004da64c
004da688	Label	LAB_004da688
004da6bc	Label	LAB_004da6bc
004da6dc	Label	LAB_004da6dc
004da6e4	Label	LAB_004da6e4
004da70c	Label	LAB_004da70c
004da714	Label	LAB_004da714
004da71c	Label	LAB_004da71c
004da720	Label	LAB_004da720
004da738	Function	FUN_004da738
004da864	Label	LAB_004da864
004da88c	Label	LAB_004da88c
004da8a0	Label	LAB_004da8a0
004da988	Label	LAB_004da988
004daa3c	Label	LAB_004daa3c
004daaa4	Label	LAB_004daaa4
004daad4	Label	LAB_004daad4
004dab1c	Label	LAB_004dab1c
004dab6c	Label	LAB_004dab6c
004dab98	Label	LAB_004dab98
004dabf4	Label	LAB_004dabf4
004dac20	Label	LAB_004dac20
004dac38	Label	LAB_004dac38
004dac40	Label	LAB_004dac40
004dac84	Label	LAB_004dac84
004dac8c	Label	LAB_004dac8c
004dacc4	Label	LAB_004dacc4
004dace0	Label	LAB_004dace0
004dacec	Label	LAB_004dacec
004dad08	Label	LAB_004dad08
004dad1c	Label	LAB_004dad1c
004dad5c	Label	LAB_004dad5c
004dad74	Label	LAB_004dad74
004dad8c	Label	LAB_004dad8c
004dadc4	Label	LAB_004dadc4
004dadf0	Label	LAB_004dadf0
004dadf8	Label	LAB_004dadf8
004dae0c	Label	LAB_004dae0c
004dae28	Label	LAB_004dae28
004dae3c	Function	FUN_004dae3c
004daf2c	Label	LAB_004daf2c
004daf54	Label	LAB_004daf54
004daf70	Label	LAB_004daf70
004db080	Label	LAB_004db080
004db160	Label	LAB_004db160
004db1e0	Label	LAB_004db1e0
004db220	Label	LAB_004db220
004db270	Label	LAB_004db270
004db2dc	Label	LAB_004db2dc
004db31c	Label	LAB_004db31c
004db384	Label	LAB_004db384
004db3c0	Label	LAB_004db3c0
004db3d4	Label	LAB_004db3d4
004db3dc	Label	LAB_004db3dc
004db420	Label	LAB_004db420
004db428	Label	LAB_004db428
004db474	Label	LAB_004db474
004db490	Label	LAB_004db490
004db4a0	Label	LAB_004db4a0
004db4e4	Label	LAB_004db4e4
004db504	Label	LAB_004db504
004db51c	Label	LAB_004db51c
004db524	Label	LAB_004db524
004db53c	Label	LAB_004db53c
004db590	Label	LAB_004db590
004db5a8	Label	LAB_004db5a8
004db5c4	Label	LAB_004db5c4
004db610	Label	LAB_004db610
004db640	Label	LAB_004db640
004db648	Label	LAB_004db648
004db660	Label	LAB_004db660
004db680	Label	LAB_004db680
004db698	Function	FUN_004db698
004db788	Label	LAB_004db788
004db7b0	Label	LAB_004db7b0
004db7d8	Label	LAB_004db7d8
004db7f4	Label	LAB_004db7f4
004db9a4	Label	LAB_004db9a4
004dbb04	Label	LAB_004dbb04
004dbbb8	Label	LAB_004dbbb8
004dbbc8	Label	LAB_004dbbc8
004dbc1c	Label	LAB_004dbc1c
004dbc5c	Label	LAB_004dbc5c
004dbcf4	Label	LAB_004dbcf4
004dbd58	Label	LAB_004dbd58
004dbda8	Label	LAB_004dbda8
004dbdf0	Label	LAB_004dbdf0
004dbe08	Label	LAB_004dbe08
004dbe4c	Label	LAB_004dbe4c
004dbe68	Label	LAB_004dbe68
004dbed8	Label	LAB_004dbed8
004dbefc	Label	LAB_004dbefc
004dbf70	Label	LAB_004dbf70
004dbfa0	Label	LAB_004dbfa0
004dbfa8	Label	LAB_004dbfa8
004dbfbc	Label	LAB_004dbfbc
004dbfdc	Label	LAB_004dbfdc
004dc058	Label	LAB_004dc058
004dc074	Label	LAB_004dc074
004dc098	Label	LAB_004dc098
004dc10c	Label	LAB_004dc10c
004dc148	Label	LAB_004dc148
004dc150	Label	LAB_004dc150
004dc170	Label	LAB_004dc170
004dc198	Label	LAB_004dc198
004dc1b8	Function	FUN_004dc1b8
004dc224	Label	LAB_004dc224
004dc260	Label	LAB_004dc260
004dc2e4	Label	LAB_004dc2e4
004dc2f0	Label	LAB_004dc2f0
004dc328	Label	LAB_004dc328
004dc358	Label	LAB_004dc358
004dc360	Label	LAB_004dc360
004dc368	Function	FUN_004dc368
004dc460	Label	LAB_004dc460
004dc468	Label	LAB_004dc468
004dc48c	Label	LAB_004dc48c
004dc4b4	Function	FUN_004dc4b4
004dc514	Label	LAB_004dc514
004dc55c	Label	LAB_004dc55c
004dc568	Function	FUN_004dc568
004dc600	Label	LAB_004dc600
004dc608	Label	LAB_004dc608
004dc678	Label	LAB_004dc678
004dc6d4	Label	LAB_004dc6d4
004dc96c	Function	FUN_004dc96c
004dc974	Function	FUN_004dc974
004dc9e0	Label	LAB_004dc9e0
004dca30	Label	LAB_004dca30
004dca6c	Function	FUN_004dca6c
004dcb60	Label	LAB_004dcb60
004dcc50	Label	LAB_004dcc50
004dcc6c	Label	switchD_004dcc6c::switchD
004dcc74	Label	switchD_004dcdbc::caseD_4dcc74
004dcccc	Label	LAB_004dcccc
004dccdc	Label	LAB_004dccdc
004dcd20	Label	switchD_004dcc6c::caseD_4dcd20
004dcd20	Label	switchD_004dcdbc::caseD_4dcd20
004dcd24	Label	LAB_004dcd24
004dcd3c	Label	LAB_004dcd3c
004dcd88	Label	switchD_004dcc6c::caseD_4dcd88
004dcdbc	Label	switchD_004dcdbc::switchD
004dcdc4	Label	switchD_004dcc6c::caseD_4dcdc4
004dcdcc	Label	LAB_004dcdcc
004dcddc	Label	LAB_004dcddc
004dce30	Label	switchD_004dcc6c::caseD_4dce30
004dce54	Label	LAB_004dce54
004dce68	Label	switchD_004dcc6c::caseD_4dce68
004dcea8	Label	LAB_004dcea8
004dcebc	Label	LAB_004dcebc
004dcefc	Label	LAB_004dcefc
004dcf00	Label	LAB_004dcf00
004dcf20	Label	switchD_004dcc6c::caseD_4dcf20
004dcf3c	Label	LAB_004dcf3c
004dcf40	Label	LAB_004dcf40
004dcf5c	Label	switchD_004dcc6c::caseD_4dcf5c
004dcf94	Label	LAB_004dcf94
004dcf98	Label	LAB_004dcf98
004dcfc0	Label	switchD_004dcc6c::caseD_4dcfc0
004dcfdc	Label	LAB_004dcfdc
004dcfe0	Label	LAB_004dcfe0
004dd018	Label	switchD_004dcc6c::caseD_4dd018
004dd03c	Label	switchD_004dcc6c::caseD_4dd03c
004dd074	Label	switchD_004dcc6c::caseD_4dd074
004dd0a8	Label	switchD_004dcc6c::caseD_4dd0a8
004dd0b8	Label	LAB_004dd0b8
004dd0c0	Label	LAB_004dd0c0
004dd114	Label	LAB_004dd114
004dd128	Label	LAB_004dd128
004dd168	Label	LAB_004dd168
004dd170	Label	switchD_004dcc6c::caseD_4dd170
004dd1a4	Label	switchD_004dcc6c::caseD_4dd1a4
004dd1c4	Label	LAB_004dd1c4
004dd2e4	Label	LAB_004dd2e4
004dd35c	Label	switchD_004dcc6c::caseD_4dd35c
004dd384	Label	LAB_004dd384
004dd39c	Label	LAB_004dd39c
004dd4b4	Label	LAB_004dd4b4
004dd5c0	Label	LAB_004dd5c0
004dd6b8	Label	LAB_004dd6b8
004dd730	Label	LAB_004dd730
004dd740	Label	LAB_004dd740
004dd768	Label	LAB_004dd768
004dd7a4	Label	LAB_004dd7a4
004dd800	Label	LAB_004dd800
004dd834	Label	LAB_004dd834
004dd8cc	Label	LAB_004dd8cc
004dd8d0	Label	LAB_004dd8d0
004dd8f8	Label	LAB_004dd8f8
004dd90c	Label	switchD_004dcc6c::caseD_4dd90c
004dd990	Label	LAB_004dd990
004dd9f8	Label	LAB_004dd9f8
004dda18	Label	LAB_004dda18
004dda20	Label	LAB_004dda20
004dda2c	Label	LAB_004dda2c
004dda34	Label	LAB_004dda34
004dda60	Label	switchD_004dcc6c::caseD_4dda60
004dda80	Label	LAB_004dda80
004ddbd4	Label	switchD_004dcc6c::caseD_4ddbd4
004ddc08	Label	switchD_004dcc6c::caseD_4ddc08
004ddc8c	Label	LAB_004ddc8c
004ddcf4	Label	LAB_004ddcf4
004ddd14	Label	LAB_004ddd14
004ddd1c	Label	LAB_004ddd1c
004ddd34	Label	switchD_004dcc6c::caseD_4ddd34
004ddd44	Label	LAB_004ddd44
004ddd4c	Label	LAB_004ddd4c
004ddd9c	Label	LAB_004ddd9c
004dddb0	Label	LAB_004dddb0
004ddde4	Label	switchD_004dcc6c::caseD_4ddde4
004dde0c	Label	LAB_004dde0c
004dde24	Label	LAB_004dde24
004ddfe4	Label	LAB_004ddfe4
004de0fc	Label	LAB_004de0fc
004de174	Label	LAB_004de174
004de1ac	Label	LAB_004de1ac
004de1e0	Label	LAB_004de1e0
004de23c	Label	LAB_004de23c
004de274	Label	LAB_004de274
004de304	Label	LAB_004de304
004de328	Label	LAB_004de328
004de33c	Label	switchD_004dcc6c::caseD_4de33c
004de3c4	Label	LAB_004de3c4
004de434	Label	LAB_004de434
004de438	Label	LAB_004de438
004de454	Label	LAB_004de454
004de46c	Label	LAB_004de46c
004de480	Label	LAB_004de480
004de624	Label	LAB_004de624
004de6ec	Label	LAB_004de6ec
004de754	Label	LAB_004de754
004de784	Label	LAB_004de784
004de7d4	Label	LAB_004de7d4
004de818	Label	LAB_004de818
004de83c	Label	LAB_004de83c
004de8a8	Label	LAB_004de8a8
004de8d0	Label	LAB_004de8d0
004de8e8	Label	switchD_004dcc6c::caseD_4de8e8
004de970	Label	LAB_004de970
004de9dc	Label	LAB_004de9dc
004de9fc	Label	LAB_004de9fc
004dea14	Label	LAB_004dea14
004dea28	Label	LAB_004dea28
004deb4c	Label	LAB_004deb4c
004dec14	Label	LAB_004dec14
004decd4	Label	LAB_004decd4
004ded3c	Label	LAB_004ded3c
004ded4c	Label	LAB_004ded4c
004ded6c	Label	LAB_004ded6c
004dedb0	Label	LAB_004dedb0
004dedf4	Label	LAB_004dedf4
004dee18	Label	LAB_004dee18
004dee84	Label	LAB_004dee84
004deeac	Label	LAB_004deeac
004deec0	Label	switchD_004dcc6c::caseD_4deec0
004deed0	Label	LAB_004deed0
004deedc	Label	LAB_004deedc
004deee4	Label	LAB_004deee4
004def20	Label	LAB_004def20
004def28	Label	LAB_004def28
004def60	Label	LAB_004def60
004def68	Label	LAB_004def68
004def9c	Label	LAB_004def9c
004defc0	Label	LAB_004defc0
004defd0	Label	LAB_004defd0
004df008	Label	LAB_004df008
004df03c	Label	LAB_004df03c
004df05c	Label	LAB_004df05c
004df084	Label	LAB_004df084
004df08c	Label	LAB_004df08c
004df0a0	Label	LAB_004df0a0
004df0bc	Label	LAB_004df0bc
004df114	Label	LAB_004df114
004df124	Label	LAB_004df124
004df174	Label	LAB_004df174
004df1c8	Label	LAB_004df1c8
004df1e0	Label	LAB_004df1e0
004df1ec	Label	LAB_004df1ec
004df1fc	Label	LAB_004df1fc
004df21c	Label	LAB_004df21c
004df244	Label	LAB_004df244
004df268	Label	LAB_004df268
004df290	Label	LAB_004df290
004df2b0	Label	LAB_004df2b0
004df2d8	Label	LAB_004df2d8
004df2e8	Label	LAB_004df2e8
004df30c	Label	switchD_004dcdbc::caseD_4df30c
004df328	Label	switchD_004dcdbc::caseD_4df328
004df344	Label	switchD_004dcdbc::caseD_4df344
004df360	Label	switchD_004dcdbc::caseD_4df360
004df374	Label	switchD_004dcdbc::caseD_4df374
004df410	Label	LAB_004df410
004df41c	Label	LAB_004df41c
004df430	Label	LAB_004df430
004df444	Label	LAB_004df444
004df454	Label	LAB_004df454
004df470	Label	LAB_004df470
004df488	Label	LAB_004df488
004df49c	Label	LAB_004df49c
004df4a8	Label	LAB_004df4a8
004df4c4	Label	LAB_004df4c4
004df4d4	Label	LAB_004df4d4
004df514	Label	LAB_004df514
004df534	Label	LAB_004df534
004df544	Label	LAB_004df544
004df584	Label	LAB_004df584
004df594	Label	LAB_004df594
004df5a8	Label	LAB_004df5a8
004df5b0	Label	LAB_004df5b0
004df5e8	Label	LAB_004df5e8
004df604	Label	LAB_004df604
004df648	Label	LAB_004df648
004df670	Label	LAB_004df670
004df678	Label	LAB_004df678
004df6b4	Label	LAB_004df6b4
004df6d8	Label	LAB_004df6d8
004df6e0	Label	LAB_004df6e0
004df6e8	Label	LAB_004df6e8
004df72c	Label	LAB_004df72c
004df748	Label	LAB_004df748
004df760	Label	LAB_004df760
004df76c	Label	LAB_004df76c
004df788	Label	LAB_004df788
004df790	Label	LAB_004df790
004df79c	Label	LAB_004df79c
004df7b0	Label	LAB_004df7b0
004df7c8	Label	LAB_004df7c8
004df7dc	Label	LAB_004df7dc
004df7f4	Label	LAB_004df7f4
004df7fc	Label	LAB_004df7fc
004df810	Label	LAB_004df810
004df824	Label	LAB_004df824
004df830	Label	LAB_004df830
004df83c	Label	LAB_004df83c
004df848	Label	LAB_004df848
004df854	Label	LAB_004df854
004df86c	Label	LAB_004df86c
004df884	Label	LAB_004df884
004df894	Label	LAB_004df894
004df8ac	Label	LAB_004df8ac
004df8c4	Label	LAB_004df8c4
004df8d4	Label	LAB_004df8d4
004df8e4	Label	LAB_004df8e4
004df8f4	Label	LAB_004df8f4
004df910	Label	LAB_004df910
004df92c	Label	LAB_004df92c
004df940	Label	LAB_004df940
004df95c	Label	LAB_004df95c
004df9bc	Label	LAB_004df9bc
004df9cc	Label	LAB_004df9cc
004dfa18	Label	LAB_004dfa18
004dfa6c	Label	LAB_004dfa6c
004dfa84	Label	LAB_004dfa84
004dfa94	Label	LAB_004dfa94
004dfa9c	Label	LAB_004dfa9c
004dfad0	Label	LAB_004dfad0
004dfaf0	Label	LAB_004dfaf0
004dfaf8	Label	LAB_004dfaf8
004dfb20	Label	LAB_004dfb20
004dfb28	Label	LAB_004dfb28
004dfb30	Label	LAB_004dfb30
004dfb64	Label	LAB_004dfb64
004dfb84	Label	LAB_004dfb84
004dfb8c	Label	LAB_004dfb8c
004dfbb4	Label	LAB_004dfbb4
004dfbbc	Label	LAB_004dfbbc
004dfbc4	Label	LAB_004dfbc4
004dfbc8	Label	LAB_004dfbc8
004dfbe0	Label	LAB_004dfbe0
004dfbe4	Label	LAB_004dfbe4
004dfbfc	Label	LAB_004dfbfc
004dfc48	Label	LAB_004dfc48
004dfc60	Label	LAB_004dfc60
004dfc7c	Label	LAB_004dfc7c
004dfcc8	Label	LAB_004dfcc8
004dfce0	Label	LAB_004dfce0
004dfcfc	Label	LAB_004dfcfc
004dfd04	Label	LAB_004dfd04
004dfd0c	Label	LAB_004dfd0c
004dfd24	Label	LAB_004dfd24
004dfd68	Label	LAB_004dfd68
004dfd98	Label	LAB_004dfd98
004dfdb0	Label	LAB_004dfdb0
004dfdf4	Label	LAB_004dfdf4
004dfe24	Label	LAB_004dfe24
004dfe64	Label	LAB_004dfe64
004dfe7c	Label	LAB_004dfe7c
004dfe94	Label	LAB_004dfe94
004dfed4	Label	LAB_004dfed4
004dfeec	Label	LAB_004dfeec
004dff04	Label	LAB_004dff04
004dff0c	Label	LAB_004dff0c
004dff14	Label	LAB_004dff14
004dff28	Label	LAB_004dff28
004dff60	Label	LAB_004dff60
004dff8c	Label	LAB_004dff8c
004dffa0	Label	LAB_004dffa0
004dffd8	Label	LAB_004dffd8
004e0004	Label	LAB_004e0004
004e0020	Label	LAB_004e0020
004e0034	Label	LAB_004e0034
004e0050	Label	LAB_004e0050
004e0064	Label	LAB_004e0064
004e0084	Label	LAB_004e0084
004e009c	Label	LAB_004e009c
004e00bc	Label	LAB_004e00bc
004e00d4	Function	FUN_004e00d4
004e00f8	Function	FUN_004e00f8
004e0100	Function	FUN_004e0100
004e0108	Function	FUN_004e0108
004e0110	Function	FUN_004e0110
004e0154	Label	LAB_004e0154
004e0190	Label	LAB_004e0190
004e01b4	Label	LAB_004e01b4
004e01d4	Label	LAB_004e01d4
004e01e8	Label	LAB_004e01e8
004e0208	Label	LAB_004e0208
004e0228	Label	LAB_004e0228
004e0244	Label	LAB_004e0244
004e0258	Label	LAB_004e0258
004e0274	Label	LAB_004e0274
004e02bc	Function	FUN_004e02bc
004e02d8	Label	LAB_004e02d8
004e02e0	Label	LAB_004e02e0
004e02f8	Label	LAB_004e02f8
004e0380	Label	LAB_004e0380
004e0388	Label	LAB_004e0388
004e0390	Label	LAB_004e0390
004e039c	Label	LAB_004e039c
004e03a4	Label	LAB_004e03a4
004e0444	Label	LAB_004e0444
004e0464	Label	LAB_004e0464
004e0480	Label	switchD_004e0480::switchD
004e0488	Label	switchD_004e0480::caseD_1c
004e0488	Label	switchD_004e0480::caseD_1d
004e04a8	Label	LAB_004e04a8
004e04c8	Label	LAB_004e04c8
004e04ec	Label	LAB_004e04ec
004e0504	Label	switchD_004e0480::caseD_f
004e050c	Label	LAB_004e050c
004e051c	Label	switchD_004e0480::caseD_7
004e051c	Label	switchD_004e0480::caseD_10
004e051c	Label	switchD_004e0480::caseD_11
004e051c	Label	switchD_004e0480::caseD_12
004e051c	Label	switchD_004e0480::caseD_13
004e0534	Label	switchD_004e0480::caseD_1
004e0534	Label	switchD_004e0480::caseD_3
004e0534	Label	switchD_004e0480::caseD_5
004e0534	Label	switchD_004e0480::caseD_8
004e0534	Label	switchD_004e0480::caseD_9
004e0534	Label	switchD_004e0480::caseD_a
004e0534	Label	switchD_004e0480::caseD_b
004e054c	Label	switchD_004e0480::caseD_0
004e054c	Label	switchD_004e0480::caseD_2
004e054c	Label	switchD_004e0480::caseD_4
004e054c	Label	switchD_004e0480::caseD_6
004e054c	Label	switchD_004e0480::caseD_c
004e054c	Label	switchD_004e0480::caseD_d
004e054c	Label	switchD_004e0480::caseD_e
004e054c	Label	switchD_004e0480::caseD_14
004e054c	Label	switchD_004e0480::caseD_15
004e054c	Label	switchD_004e0480::caseD_16
004e054c	Label	switchD_004e0480::caseD_17
004e054c	Label	switchD_004e0480::caseD_18
004e054c	Label	switchD_004e0480::caseD_19
004e054c	Label	switchD_004e0480::caseD_1a
004e054c	Label	switchD_004e0480::caseD_1b
004e0560	Label	LAB_004e0560
004e0568	Label	LAB_004e0568
004e059c	Label	LAB_004e059c
004e05a4	Label	LAB_004e05a4
004e05f0	Label	LAB_004e05f0
004e0604	Label	LAB_004e0604
004e060c	Label	LAB_004e060c
004e0624	Label	LAB_004e0624
004e062c	Label	LAB_004e062c
004e063c	Label	LAB_004e063c
004e0664	Label	LAB_004e0664
004e0694	Label	LAB_004e0694
004e069c	Label	LAB_004e069c
004e06a4	Label	LAB_004e06a4
004e06b0	Label	LAB_004e06b0
004e06b8	Label	LAB_004e06b8
004e06d4	Label	LAB_004e06d4
004e0734	Label	LAB_004e0734
004e0748	Label	LAB_004e0748
004e0760	Function	FUN_004e0760
004e07c0	Label	LAB_004e07c0
004e07d0	Label	LAB_004e07d0
004e07e4	Label	LAB_004e07e4
004e07ec	Label	LAB_004e07ec
004e0808	Label	LAB_004e0808
004e080c	Label	LAB_004e080c
004e081c	Label	LAB_004e081c
004e0850	Label	LAB_004e0850
004e0854	Label	LAB_004e0854
004e0870	Label	LAB_004e0870
004e08ac	Label	LAB_004e08ac
004e08c0	Label	LAB_004e08c0
004e08cc	Label	LAB_004e08cc
004e08d8	Label	LAB_004e08d8
004e08e0	Label	LAB_004e08e0
004e0900	Label	LAB_004e0900
004e0944	Label	switchD_004e0944::switchD
004e094c	Label	switchD_004e0944::caseD_1c
004e094c	Label	switchD_004e0944::caseD_1d
004e0980	Label	LAB_004e0980
004e09a4	Label	LAB_004e09a4
004e09b0	Label	LAB_004e09b0
004e09c8	Label	switchD_004e0944::caseD_f
004e09d4	Label	switchD_004e0944::caseD_7
004e09d4	Label	switchD_004e0944::caseD_10
004e09d4	Label	switchD_004e0944::caseD_11
004e09d4	Label	switchD_004e0944::caseD_12
004e09d4	Label	switchD_004e0944::caseD_13
004e09ec	Label	switchD_004e0944::caseD_1
004e09ec	Label	switchD_004e0944::caseD_3
004e09ec	Label	switchD_004e0944::caseD_5
004e09ec	Label	switchD_004e0944::caseD_8
004e09ec	Label	switchD_004e0944::caseD_9
004e09ec	Label	switchD_004e0944::caseD_a
004e09ec	Label	switchD_004e0944::caseD_b
004e0a04	Label	switchD_004e0944::caseD_0
004e0a04	Label	switchD_004e0944::caseD_2
004e0a04	Label	switchD_004e0944::caseD_4
004e0a04	Label	switchD_004e0944::caseD_6
004e0a04	Label	switchD_004e0944::caseD_c
004e0a04	Label	switchD_004e0944::caseD_d
004e0a04	Label	switchD_004e0944::caseD_e
004e0a04	Label	switchD_004e0944::caseD_14
004e0a04	Label	switchD_004e0944::caseD_15
004e0a04	Label	switchD_004e0944::caseD_16
004e0a04	Label	switchD_004e0944::caseD_17
004e0a04	Label	switchD_004e0944::caseD_18
004e0a04	Label	switchD_004e0944::caseD_19
004e0a04	Label	switchD_004e0944::caseD_1a
004e0a04	Label	switchD_004e0944::caseD_1b
004e0a18	Label	LAB_004e0a18
004e0a2c	Label	LAB_004e0a2c
004e0a48	Label	LAB_004e0a48
004e0a50	Label	switchD_004ea58c::caseD_1
004e0ad4	Label	LAB_004e0ad4
004e0ae8	Label	LAB_004e0ae8
004e0af4	Label	LAB_004e0af4
004e0b08	Label	LAB_004e0b08
004e0b7c	Label	LAB_004e0b7c
004e0b88	Label	LAB_004e0b88
004e0b8c	Label	LAB_004e0b8c
004e0c00	Label	LAB_004e0c00
004e0c14	Label	LAB_004e0c14
004e0c48	Label	LAB_004e0c48
004e0c7c	Label	LAB_004e0c7c
004e0cac	Label	LAB_004e0cac
004e0cc0	Label	LAB_004e0cc0
004e0cc4	Label	LAB_004e0cc4
004e0cdc	Label	LAB_004e0cdc
004e0ce8	Label	LAB_004e0ce8
004e0cf4	Label	LAB_004e0cf4
004e0cf8	Label	LAB_004e0cf8
004e0d04	Label	LAB_004e0d04
004e0d1c	Label	LAB_004e0d1c
004e0d2c	Label	LAB_004e0d2c
004e0d44	Label	LAB_004e0d44
004e0d54	Label	LAB_004e0d54
004e0da8	Label	LAB_004e0da8
004e0dc4	Label	LAB_004e0dc4
004e0e20	Label	LAB_004e0e20
004e0e4c	Label	LAB_004e0e4c
004e0f7c	Label	LAB_004e0f7c
004e0f88	Label	LAB_004e0f88
004e0f98	Label	LAB_004e0f98
004e0fb4	Label	LAB_004e0fb4
004e0fc8	Label	LAB_004e0fc8
004e10f0	Label	LAB_004e10f0
004e110c	Label	LAB_004e110c
004e112c	Label	LAB_004e112c
004e1138	Label	LAB_004e1138
004e1140	Label	LAB_004e1140
004e1148	Label	LAB_004e1148
004e1158	Label	LAB_004e1158
004e1164	Label	LAB_004e1164
004e1190	Label	LAB_004e1190
004e11ac	Label	LAB_004e11ac
004e11d0	Label	LAB_004e11d0
004e11e8	Label	LAB_004e11e8
004e1204	Label	LAB_004e1204
004e120c	Label	switchD_004ea58c::caseD_30
004e1308	Label	LAB_004e1308
004e1360	Label	LAB_004e1360
004e136c	Label	LAB_004e136c
004e1370	Label	LAB_004e1370
004e13c4	Label	LAB_004e13c4
004e13d0	Label	LAB_004e13d0
004e13d4	Label	LAB_004e13d4
004e142c	Label	LAB_004e142c
004e1438	Label	LAB_004e1438
004e143c	Label	LAB_004e143c
004e1444	Label	LAB_004e1444
004e1454	Label	LAB_004e1454
004e1460	Label	LAB_004e1460
004e1470	Label	LAB_004e1470
004e147c	Label	LAB_004e147c
004e14b0	Label	LAB_004e14b0
004e14d0	Label	LAB_004e14d0
004e1518	Label	LAB_004e1518
004e1520	Label	LAB_004e1520
004e1538	Label	LAB_004e1538
004e154c	Label	LAB_004e154c
004e159c	Label	LAB_004e159c
004e15a4	Label	LAB_004e15a4
004e15bc	Label	LAB_004e15bc
004e15d0	Label	LAB_004e15d0
004e15f0	Label	LAB_004e15f0
004e1620	Label	LAB_004e1620
004e162c	Label	LAB_004e162c
004e1654	Label	LAB_004e1654
004e1694	Label	LAB_004e1694
004e169c	Label	LAB_004e169c
004e16ac	Label	LAB_004e16ac
004e16cc	Label	LAB_004e16cc
004e16dc	Label	LAB_004e16dc
004e16f8	Label	LAB_004e16f8
004e1714	Label	LAB_004e1714
004e1734	Label	LAB_004e1734
004e1750	Label	LAB_004e1750
004e176c	Label	LAB_004e176c
004e1790	Label	LAB_004e1790
004e17b4	Label	LAB_004e17b4
004e17d0	Label	LAB_004e17d0
004e17d8	Label	LAB_004e17d8
004e17e8	Label	LAB_004e17e8
004e1808	Label	LAB_004e1808
004e1818	Label	LAB_004e1818
004e1828	Label	LAB_004e1828
004e1830	Label	LAB_004e1830
004e183c	Label	LAB_004e183c
004e1848	Label	LAB_004e1848
004e1854	Label	LAB_004e1854
004e1860	Label	LAB_004e1860
004e1870	Label	LAB_004e1870
004e1880	Label	LAB_004e1880
004e1888	Label	LAB_004e1888
004e18c0	Label	LAB_004e18c0
004e18d4	Label	LAB_004e18d4
004e18e8	Label	LAB_004e18e8
004e18f4	Label	LAB_004e18f4
004e1904	Label	LAB_004e1904
004e1920	Label	LAB_004e1920
004e1958	Label	LAB_004e1958
004e1974	Label	LAB_004e1974
004e19b4	Label	LAB_004e19b4
004e19c0	Label	LAB_004e19c0
004e19c8	Label	LAB_004e19c8
004e1a48	Label	LAB_004e1a48
004e1a68	Label	LAB_004e1a68
004e1ad4	Label	PTR_DAT_004e1ad4
004e23dc	Label	LAB_004e23dc
004e23e4	Label	LAB_004e23e4
004e23f0	Label	LAB_004e23f0
004e279c	Label	switchD_004ea58c::caseD_6
004e2818	Label	LAB_004e2818
004e2820	Label	LAB_004e2820
004e2828	Label	LAB_004e2828
004e2838	Label	LAB_004e2838
004e2858	Label	LAB_004e2858
004e2868	Label	switchD_004ea58c::caseD_2d
004e28a8	Label	LAB_004e28a8
004e28b0	Label	LAB_004e28b0
004e28d4	Label	LAB_004e28d4
004e28e4	Label	LAB_004e28e4
004e28f0	Label	LAB_004e28f0
004e28fc	Label	LAB_004e28fc
004e2914	Label	LAB_004e2914
004e2924	Label	LAB_004e2924
004e2930	Label	LAB_004e2930
004e2938	Label	LAB_004e2938
004e2948	Label	LAB_004e2948
004e2960	Label	switchD_004ea58c::caseD_2e
004e29a8	Label	LAB_004e29a8
004e29b0	Label	LAB_004e29b0
004e29d4	Label	LAB_004e29d4
004e29e4	Label	LAB_004e29e4
004e29f0	Label	LAB_004e29f0
004e29fc	Label	LAB_004e29fc
004e2a14	Label	LAB_004e2a14
004e2a24	Label	LAB_004e2a24
004e2a30	Label	LAB_004e2a30
004e2a38	Label	LAB_004e2a38
004e2a48	Label	LAB_004e2a48
004e2a60	Label	LAB_004e2a60
004e2bb8	Function	switchD_004ea58c::caseD_1b
004e2db8	Label	LAB_004e2db8
004e2dd0	Label	LAB_004e2dd0
004e2de8	Label	LAB_004e2de8
004e2e7c	Label	LAB_004e2e7c
004e2e8c	Label	LAB_004e2e8c
004e2e9c	Label	LAB_004e2e9c
004e2ea0	Label	LAB_004e2ea0
004e2f40	Label	LAB_004e2f40
004e2f50	Label	LAB_004e2f50
004e2f54	Label	LAB_004e2f54
004e2ff4	Label	LAB_004e2ff4
004e3008	Label	LAB_004e3008
004e302c	Label	LAB_004e302c
004e3050	Label	LAB_004e3050
004e3068	Label	LAB_004e3068
004e3074	Label	LAB_004e3074
004e3080	Label	LAB_004e3080
004e3084	Label	LAB_004e3084
004e3090	Label	LAB_004e3090
004e30a4	Label	LAB_004e30a4
004e30b0	Label	LAB_004e30b0
004e30c4	Label	LAB_004e30c4
004e30d0	Label	LAB_004e30d0
004e30e0	Label	LAB_004e30e0
004e3160	Label	LAB_004e3160
004e3184	Label	LAB_004e3184
004e31c0	Label	LAB_004e31c0
004e31d8	Label	LAB_004e31d8
004e31f0	Label	LAB_004e31f0
004e3224	Label	LAB_004e3224
004e3254	Label	LAB_004e3254
004e32a8	Label	LAB_004e32a8
004e3388	Label	LAB_004e3388
004e33a8	Label	LAB_004e33a8
004e33b4	Label	LAB_004e33b4
004e33bc	Label	LAB_004e33bc
004e33c8	Label	LAB_004e33c8
004e33d8	Label	LAB_004e33d8
004e33e4	Label	LAB_004e33e4
004e33f0	Label	LAB_004e33f0
004e34d8	Label	LAB_004e34d8
004e34f0	Label	LAB_004e34f0
004e350c	Label	switchD_004ea58c::caseD_3f
004e3790	Label	LAB_004e3790
004e3794	Label	LAB_004e3794
004e38c0	Label	LAB_004e38c0
004e38f0	Label	LAB_004e38f0
004e3924	Label	LAB_004e3924
004e3988	Label	LAB_004e3988
004e3994	Label	LAB_004e3994
004e3998	Label	LAB_004e3998
004e39fc	Label	LAB_004e39fc
004e3a08	Label	LAB_004e3a08
004e3a0c	Label	LAB_004e3a0c
004e3a68	Label	LAB_004e3a68
004e3a74	Label	LAB_004e3a74
004e3a78	Label	LAB_004e3a78
004e3a80	Label	LAB_004e3a80
004e3a94	Label	LAB_004e3a94
004e3aa0	Label	LAB_004e3aa0
004e3ab8	Label	LAB_004e3ab8
004e3ac4	Label	LAB_004e3ac4
004e3adc	Label	LAB_004e3adc
004e3b08	Label	LAB_004e3b08
004e3b24	Label	LAB_004e3b24
004e3b44	Label	LAB_004e3b44
004e3b68	Label	LAB_004e3b68
004e3b88	Label	LAB_004e3b88
004e3ba8	Label	LAB_004e3ba8
004e3bcc	Label	LAB_004e3bcc
004e3bf0	Label	LAB_004e3bf0
004e3c14	Label	LAB_004e3c14
004e3c58	Label	LAB_004e3c58
004e3c68	Label	LAB_004e3c68
004e3c7c	Label	LAB_004e3c7c
004e3c90	Label	LAB_004e3c90
004e3cc8	Label	LAB_004e3cc8
004e3cd8	Label	LAB_004e3cd8
004e3ce0	Label	LAB_004e3ce0
004e3cec	Label	LAB_004e3cec
004e3cf8	Label	LAB_004e3cf8
004e3d2c	Label	LAB_004e3d2c
004e3d3c	Label	LAB_004e3d3c
004e3d44	Label	LAB_004e3d44
004e3d74	Label	LAB_004e3d74
004e3da0	Label	LAB_004e3da0
004e3dbc	Label	LAB_004e3dbc
004e3dd8	Label	LAB_004e3dd8
004e3df4	Label	LAB_004e3df4
004e3e1c	Label	LAB_004e3e1c
004e3e44	Label	LAB_004e3e44
004e3e6c	Label	LAB_004e3e6c
004e3e74	Label	switchD_004ea58c::caseD_13
004e3fb4	Label	LAB_004e3fb4
004e3fcc	Label	LAB_004e3fcc
004e3fe4	Label	LAB_004e3fe4
004e4504	Label	LAB_004e4504
004e45dc	Label	LAB_004e45dc
004e4600	Label	LAB_004e4600
004e46b0	Label	LAB_004e46b0
004e4734	Label	LAB_004e4734
004e4754	Label	LAB_004e4754
004e477c	Label	switchD_004ea58c::caseD_16
004e4bbc	Label	LAB_004e4bbc
004e4be4	Label	LAB_004e4be4
004e4bf0	Label	LAB_004e4bf0
004e4c18	Label	LAB_004e4c18
004e4c7c	Label	LAB_004e4c7c
004e4c88	Label	LAB_004e4c88
004e4c8c	Label	LAB_004e4c8c
004e4cf4	Label	LAB_004e4cf4
004e4d00	Label	LAB_004e4d00
004e4d04	Label	LAB_004e4d04
004e4d08	Label	LAB_004e4d08
004e4f7c	Label	LAB_004e4f7c
004e4f9c	Label	LAB_004e4f9c
004e5184	Label	LAB_004e5184
004e5194	Label	LAB_004e5194
004e519c	Label	LAB_004e519c
004e51a8	Label	LAB_004e51a8
004e51b4	Label	LAB_004e51b4
004e51e4	Label	LAB_004e51e4
004e5218	Label	LAB_004e5218
004e5378	Label	LAB_004e5378
004e539c	Label	LAB_004e539c
004e53c0	Label	LAB_004e53c0
004e5420	Label	LAB_004e5420
004e55a4	Label	LAB_004e55a4
004e560c	Label	LAB_004e560c
004e5630	Label	LAB_004e5630
004e5644	Label	LAB_004e5644
004e5664	Label	LAB_004e5664
004e5678	Label	LAB_004e5678
004e56a0	Label	LAB_004e56a0
004e56b0	Label	LAB_004e56b0
004e56c4	Label	LAB_004e56c4
004e56d4	Label	LAB_004e56d4
004e56e8	Label	LAB_004e56e8
004e56f8	Label	LAB_004e56f8
004e5720	Label	LAB_004e5720
004e5730	Label	LAB_004e5730
004e5740	Label	LAB_004e5740
004e5750	Label	LAB_004e5750
004e5764	Label	LAB_004e5764
004e5774	Label	LAB_004e5774
004e57b4	Label	LAB_004e57b4
004e57f4	Label	LAB_004e57f4
004e583c	Label	LAB_004e583c
004e586c	Label	LAB_004e586c
004e5898	Label	LAB_004e5898
004e58d0	Label	LAB_004e58d0
004e58ec	Label	LAB_004e58ec
004e590c	Label	LAB_004e590c
004e5920	Label	LAB_004e5920
004e5930	Label	LAB_004e5930
004e5948	Label	LAB_004e5948
004e5958	Label	LAB_004e5958
004e5968	Label	LAB_004e5968
004e5aa0	Label	LAB_004e5aa0
004e5ab4	Label	LAB_004e5ab4
004e5abc	Label	LAB_004e5abc
004e5ad4	Label	LAB_004e5ad4
004e5ad8	Label	LAB_004e5ad8
004e5b00	Label	LAB_004e5b00
004e5b08	Label	LAB_004e5b08
004e5b1c	Label	LAB_004e5b1c
004e5b24	Label	LAB_004e5b24
004e5b38	Label	LAB_004e5b38
004e5b70	Label	LAB_004e5b70
004e5c44	Label	LAB_004e5c44
004e5c6c	Label	LAB_004e5c6c
004e5ca4	Label	LAB_004e5ca4
004e5ccc	Label	LAB_004e5ccc
004e5cf0	Label	LAB_004e5cf0
004e5d24	Label	LAB_004e5d24
004e5d44	Label	LAB_004e5d44
004e5df0	Label	LAB_004e5df0
004e5e30	Label	LAB_004e5e30
004e5e64	Label	LAB_004e5e64
004e5e70	Label	LAB_004e5e70
004e5e7c	Label	LAB_004e5e7c
004e5f1c	Label	LAB_004e5f1c
004e5f30	Label	LAB_004e5f30
004e5f3c	Label	LAB_004e5f3c
004e5f50	Label	LAB_004e5f50
004e5fd0	Label	LAB_004e5fd0
004e5fdc	Label	LAB_004e5fdc
004e5fe0	Label	LAB_004e5fe0
004e6060	Label	LAB_004e6060
004e6074	Label	LAB_004e6074
004e60a4	Label	LAB_004e60a4
004e60d0	Label	LAB_004e60d0
004e6110	Label	LAB_004e6110
004e612c	Label	LAB_004e612c
004e6148	Label	LAB_004e6148
004e6160	Label	LAB_004e6160
004e616c	Label	LAB_004e616c
004e6178	Label	LAB_004e6178
004e617c	Label	LAB_004e617c
004e6188	Label	LAB_004e6188
004e6198	Label	LAB_004e6198
004e61ac	Label	LAB_004e61ac
004e61bc	Label	LAB_004e61bc
004e61d0	Label	LAB_004e61d0
004e61e0	Label	LAB_004e61e0
004e6208	Label	LAB_004e6208
004e6218	Label	LAB_004e6218
004e6228	Label	LAB_004e6228
004e6238	Label	LAB_004e6238
004e6248	Label	LAB_004e6248
004e6258	Label	LAB_004e6258
004e6278	Label	LAB_004e6278
004e6284	Label	LAB_004e6284
004e628c	Label	LAB_004e628c
004e6294	Label	LAB_004e6294
004e62a4	Label	LAB_004e62a4
004e62bc	Label	LAB_004e62bc
004e62cc	Label	LAB_004e62cc
004e62dc	Label	LAB_004e62dc
004e62f4	Label	LAB_004e62f4
004e6310	Label	LAB_004e6310
004e6378	Label	LAB_004e6378
004e63b0	Label	LAB_004e63b0
004e63b8	Label	LAB_004e63b8
004e6404	Label	LAB_004e6404
004e6408	Label	LAB_004e6408
004e6430	Label	LAB_004e6430
004e6450	Label	LAB_004e6450
004e6470	Label	LAB_004e6470
004e64a8	Label	LAB_004e64a8
004e64c8	Label	LAB_004e64c8
004e64dc	Label	LAB_004e64dc
004e64ec	Label	LAB_004e64ec
004e6544	Label	LAB_004e6544
004e655c	Label	LAB_004e655c
004e657c	Label	LAB_004e657c
004e6590	Label	LAB_004e6590
004e65a0	Label	LAB_004e65a0
004e65bc	Label	LAB_004e65bc
004e65d8	Label	LAB_004e65d8
004e65f4	Label	LAB_004e65f4
004e6614	Label	LAB_004e6614
004e661c	Label	LAB_004e661c
004e6624	Label	LAB_004e6624
004e662c	Label	LAB_004e662c
004e6634	Label	LAB_004e6634
004e663c	Label	LAB_004e663c
004e6654	Label	LAB_004e6654
004e6664	Label	LAB_004e6664
004e6674	Label	switchD_004ea58c::caseD_2a
004e66f4	Label	LAB_004e66f4
004e6714	Label	LAB_004e6714
004e6738	Label	LAB_004e6738
004e6754	Label	LAB_004e6754
004e6770	Label	LAB_004e6770
004e677c	Function	FUN_004e677c
004e6790	Label	LAB_004e6790
004e679c	Label	LAB_004e679c
004e67b0	Label	LAB_004e67b0
004e67bc	Label	LAB_004e67bc
004e67e0	Label	LAB_004e67e0
004e6800	Label	LAB_004e6800
004e6820	Label	LAB_004e6820
004e6838	Label	LAB_004e6838
004e685c	Label	LAB_004e685c
004e687c	Label	LAB_004e687c
004e6894	Label	LAB_004e6894
004e68a0	Label	LAB_004e68a0
004e68b4	Label	LAB_004e68b4
004e68c0	Label	LAB_004e68c0
004e68d0	Label	LAB_004e68d0
004e68dc	Label	LAB_004e68dc
004e6900	Label	LAB_004e6900
004e6914	Label	LAB_004e6914
004e6938	Label	LAB_004e6938
004e694c	Label	LAB_004e694c
004e6970	Label	LAB_004e6970
004e6984	Label	LAB_004e6984
004e69a0	Label	LAB_004e69a0
004e69b0	Label	LAB_004e69b0
004e69c4	Label	LAB_004e69c4
004e69d0	Label	LAB_004e69d0
004e69e0	Label	LAB_004e69e0
004e69ec	Label	LAB_004e69ec
004e69f0	Label	LAB_004e69f0
004e6a10	Label	LAB_004e6a10
004e6a24	Label	LAB_004e6a24
004e6a34	Label	LAB_004e6a34
004e6a48	Label	LAB_004e6a48
004e6a58	Label	LAB_004e6a58
004e6a7c	Label	LAB_004e6a7c
004e6aac	Label	LAB_004e6aac
004e6ae0	Label	LAB_004e6ae0
004e6b10	Label	LAB_004e6b10
004e6b30	Label	LAB_004e6b30
004e6b54	Label	LAB_004e6b54
004e6b80	Label	LAB_004e6b80
004e6bb4	Label	LAB_004e6bb4
004e6be8	Label	LAB_004e6be8
004e6c14	Label	LAB_004e6c14
004e6c38	Label	LAB_004e6c38
004e6c54	Label	LAB_004e6c54
004e6c84	Label	LAB_004e6c84
004e6cc8	Label	LAB_004e6cc8
004e6d0c	Label	LAB_004e6d0c
004e6d48	Label	LAB_004e6d48
004e6d68	Label	LAB_004e6d68
004e6d84	Label	LAB_004e6d84
004e6db0	Label	LAB_004e6db0
004e6dcc	Label	LAB_004e6dcc
004e6de8	Label	LAB_004e6de8
004e6e04	Label	LAB_004e6e04
004e6e1c	Label	LAB_004e6e1c
004e6e34	Label	LAB_004e6e34
004e6e40	Function	FUN_004e6e40
004e6e54	Label	LAB_004e6e54
004e6e64	Label	LAB_004e6e64
004e6e74	Label	LAB_004e6e74
004e6e80	Label	LAB_004e6e80
004e6e90	Label	LAB_004e6e90
004e6ea0	Label	LAB_004e6ea0
004e6eb4	Label	LAB_004e6eb4
004e6ec4	Label	LAB_004e6ec4
004e6ed8	Label	switchD_004ea58c::caseD_1e
004e70d8	Label	LAB_004e70d8
004e70f0	Label	LAB_004e70f0
004e7108	Label	LAB_004e7108
004e719c	Label	LAB_004e719c
004e71ac	Label	LAB_004e71ac
004e71bc	Label	LAB_004e71bc
004e71c0	Label	LAB_004e71c0
004e7260	Label	LAB_004e7260
004e7270	Label	LAB_004e7270
004e7274	Label	LAB_004e7274
004e7530	Label	LAB_004e7530
004e7560	Label	LAB_004e7560
004e75b4	Label	LAB_004e75b4
004e76b4	Label	LAB_004e76b4
004e76c0	Label	LAB_004e76c0
004e76c8	Label	LAB_004e76c8
004e76d4	Label	LAB_004e76d4
004e7720	Label	LAB_004e7720
004e7838	Label	LAB_004e7838
004e7864	Label	LAB_004e7864
004e7870	Label	LAB_004e7870
004e7888	Label	LAB_004e7888
004e78a4	Label	switchD_004ea58c::caseD_20
004e7c00	Label	LAB_004e7c00
004e7c38	Label	LAB_004e7c38
004e7c78	Label	LAB_004e7c78
004e800c	Label	LAB_004e800c
004e8050	Label	LAB_004e8050
004e8088	Label	LAB_004e8088
004e819c	Label	LAB_004e819c
004e81c8	Label	LAB_004e81c8
004e81f0	Label	LAB_004e81f0
004e8258	Label	switchD_004ea58c::caseD_1c
004e82e4	Label	LAB_004e82e4
004e82f8	Label	LAB_004e82f8
004e8304	Label	LAB_004e8304
004e8318	Label	LAB_004e8318
004e838c	Label	LAB_004e838c
004e8398	Label	LAB_004e8398
004e839c	Label	LAB_004e839c
004e8410	Label	LAB_004e8410
004e8424	Label	LAB_004e8424
004e8444	Label	LAB_004e8444
004e8464	Label	LAB_004e8464
004e847c	Label	LAB_004e847c
004e8488	Label	LAB_004e8488
004e8494	Label	LAB_004e8494
004e8498	Label	LAB_004e8498
004e84a4	Label	LAB_004e84a4
004e84b8	Label	LAB_004e84b8
004e84c4	Label	LAB_004e84c4
004e84d8	Label	LAB_004e84d8
004e84e4	Label	LAB_004e84e4
004e84f4	Label	LAB_004e84f4
004e8574	Label	LAB_004e8574
004e8598	Label	LAB_004e8598
004e85b4	Label	LAB_004e85b4
004e85c8	Label	LAB_004e85c8
004e85e0	Label	LAB_004e85e0
004e85f4	Label	LAB_004e85f4
004e8614	Label	LAB_004e8614
004e8620	Label	LAB_004e8620
004e8628	Label	LAB_004e8628
004e8630	Label	LAB_004e8630
004e8640	Label	LAB_004e8640
004e8658	Label	LAB_004e8658
004e8674	Label	LAB_004e8674
004e86c8	Label	LAB_004e86c8
004e86f4	Label	LAB_004e86f4
004e86fc	Label	LAB_004e86fc
004e8728	Label	LAB_004e8728
004e873c	Label	LAB_004e873c
004e8764	Label	LAB_004e8764
004e8774	Label	LAB_004e8774
004e8788	Label	LAB_004e8788
004e8798	Label	LAB_004e8798
004e87ac	Label	LAB_004e87ac
004e87bc	Label	LAB_004e87bc
004e87e4	Label	LAB_004e87e4
004e87f4	Label	LAB_004e87f4
004e8804	Label	LAB_004e8804
004e8814	Label	LAB_004e8814
004e8828	Label	LAB_004e8828
004e8838	Label	LAB_004e8838
004e8884	Label	LAB_004e8884
004e88c4	Label	LAB_004e88c4
004e890c	Label	LAB_004e890c
004e893c	Label	LAB_004e893c
004e8968	Label	LAB_004e8968
004e89a0	Label	LAB_004e89a0
004e89bc	Label	LAB_004e89bc
004e89dc	Label	LAB_004e89dc
004e89f0	Label	LAB_004e89f0
004e89f8	Label	LAB_004e89f8
004e8a00	Label	LAB_004e8a00
004e8a10	Label	LAB_004e8a10
004e8a28	Label	LAB_004e8a28
004e8a38	Label	LAB_004e8a38
004e8a48	Label	switchD_004ea58c::caseD_14
004e8af8	Label	LAB_004e8af8
004e8d10	Label	LAB_004e8d10
004e8d1c	Label	LAB_004e8d1c
004e8f38	Label	LAB_004e8f38
004e8fa8	Label	LAB_004e8fa8
004e9044	Label	LAB_004e9044
004e9050	Label	LAB_004e9050
004e9054	Label	LAB_004e9054
004e90c4	Label	LAB_004e90c4
004e90f4	Label	LAB_004e90f4
004e911c	Label	LAB_004e911c
004e9144	Label	LAB_004e9144
004e9188	Label	LAB_004e9188
004e91a0	Label	LAB_004e91a0
004e91b0	Label	LAB_004e91b0
004e91b4	Label	LAB_004e91b4
004e91c4	Label	LAB_004e91c4
004e91e0	Label	LAB_004e91e0
004e91ec	Label	LAB_004e91ec
004e9208	Label	LAB_004e9208
004e9214	Label	LAB_004e9214
004e921c	Label	LAB_004e921c
004e9248	Label	LAB_004e9248
004e9250	Label	LAB_004e9250
004e9298	Label	LAB_004e9298
004e92e8	Label	LAB_004e92e8
004e92ec	Label	LAB_004e92ec
004e931c	Label	LAB_004e931c
004e933c	Label	LAB_004e933c
004e935c	Label	LAB_004e935c
004e9394	Label	LAB_004e9394
004e93b4	Label	LAB_004e93b4
004e93c4	Label	LAB_004e93c4
004e93fc	Label	LAB_004e93fc
004e9414	Label	LAB_004e9414
004e9454	Label	LAB_004e9454
004e9464	Label	LAB_004e9464
004e9474	Label	LAB_004e9474
004e9484	Label	LAB_004e9484
004e9494	Label	LAB_004e9494
004e94b4	Label	LAB_004e94b4
004e94cc	Label	LAB_004e94cc
004e94d4	Label	LAB_004e94d4
004e96e8	Label	LAB_004e96e8
004e96ec	Label	LAB_004e96ec
004e96f4	Label	LAB_004e96f4
004e9718	Label	LAB_004e9718
004e9724	Label	LAB_004e9724
004e972c	Label	LAB_004e972c
004e9738	Label	LAB_004e9738
004e97d8	Label	LAB_004e97d8
004e9814	Label	LAB_004e9814
004e9824	Label	LAB_004e9824
004e9838	Label	LAB_004e9838
004e9848	Label	LAB_004e9848
004e9858	Label	LAB_004e9858
004e9864	Label	LAB_004e9864
004e9874	Label	LAB_004e9874
004e988c	Label	LAB_004e988c
004e98a4	Label	LAB_004e98a4
004e98c0	Label	switchD_004ea5dc::caseD_5
004e9924	Function	switchD_004ea5dc::caseD_4
004e9974	Label	switchD_004ea5dc::caseD_3
004e99b4	Label	LAB_004e99b4
004e99bc	Label	switchD_004ea5dc::caseD_2
004e99fc	Label	LAB_004e99fc
004e9a04	Label	switchD_004ea5dc::caseD_1
004e9a44	Label	LAB_004e9a44
004e9a4c	Label	switchD_004ea5dc::caseD_0
004e9a4c	Label	switchD_004ea5dc::caseD_6
004e9a4c	Label	switchD_004ea5dc::caseD_7
004e9a60	Function	FUN_004e9a60
004e9abc	Label	switchD_004e9abc::switchD
004e9ac4	Label	switchD_004e9abc::caseD_6
004e9adc	Label	switchD_004e9abc::default
004e9ae4	Label	switchD_004e9abc::caseD_7
004e9afc	Label	LAB_004e9afc
004e9b0c	Label	switchD_004e9abc::caseD_2
004e9b20	Label	switchD_004e9abc::caseD_3
004e9b3c	Label	switchD_004e9abc::caseD_4
004e9b64	Label	LAB_004e9b64
004e9b68	Label	LAB_004e9b68
004e9b70	Label	switchD_004e9abc::caseD_5
004e9ba0	Label	switchD_004e9abc::caseD_1
004e9be0	Label	LAB_004e9be0
004e9bf0	Label	LAB_004e9bf0
004e9bf4	Label	LAB_004e9bf4
004e9bfc	Label	LAB_004e9bfc
004e9c1c	Label	LAB_004e9c1c
004e9c3c	Label	LAB_004e9c3c
004e9c5c	Label	switchD_004e9abc::caseD_0
004e9c9c	Label	LAB_004e9c9c
004e9cb0	Label	LAB_004e9cb0
004e9ce8	Label	LAB_004e9ce8
004e9cf0	Label	LAB_004e9cf0
004e9d28	Label	LAB_004e9d28
004e9d30	Label	LAB_004e9d30
004e9d68	Label	LAB_004e9d68
004e9d70	Label	LAB_004e9d70
004e9da8	Label	LAB_004e9da8
004e9db0	Label	LAB_004e9db0
004e9de8	Label	LAB_004e9de8
004e9df0	Label	LAB_004e9df0
004e9e28	Label	LAB_004e9e28
004e9e30	Label	switchD_004ea514::caseD_21
004e9e74	Label	LAB_004e9e74
004e9e7c	Label	switchD_004ea514::caseD_23
004e9ec0	Label	LAB_004e9ec0
004e9ec8	Label	switchD_004ea514::caseD_24
004e9f0c	Label	LAB_004e9f0c
004e9f14	Label	switchD_004ea514::caseD_25
004e9f58	Label	LAB_004e9f58
004e9f60	Label	switchD_004ea514::caseD_26
004e9fa4	Label	LAB_004e9fa4
004e9fac	Label	switchD_004ea514::caseD_27
004e9ff0	Label	LAB_004e9ff0
004e9ff8	Label	switchD_004ea514::caseD_2a
004ea03c	Label	LAB_004ea03c
004ea044	Label	switchD_004ea514::caseD_2b
004ea088	Label	LAB_004ea088
004ea090	Label	switchD_004ea514::caseD_1a
004ea0d8	Label	LAB_004ea0d8
004ea0f0	Label	LAB_004ea0f0
004ea114	Label	LAB_004ea114
004ea128	Label	LAB_004ea128
004ea134	Label	switchD_004ea514::caseD_1b
004ea174	Label	LAB_004ea174
004ea1a0	Label	switchD_004ea514::caseD_18
004ea1e4	Label	switchD_004ea514::caseD_19
004ea228	Function	switchD_004ea514::caseD_0
004ea260	Label	LAB_004ea260
004ea268	Label	switchD_004ea514::caseD_3
004ea2a0	Label	LAB_004ea2a0
004ea2a8	Label	switchD_004ea514::caseD_2
004ea2e0	Label	LAB_004ea2e0
004ea2e8	Label	switchD_004ea514::caseD_4
004ea32c	Label	LAB_004ea32c
004ea334	Label	switchD_004ea514::caseD_7
004ea378	Label	LAB_004ea378
004ea380	Label	switchD_004ea514::caseD_6
004ea3c4	Label	LAB_004ea3c4
004ea3cc	Label	LAB_004ea3cc
004ea3f0	Label	LAB_004ea3f0
004ea3f8	Label	switchD_004ea514::caseD_10
004ea41c	Label	LAB_004ea41c
004ea424	Label	switchD_004ea514::caseD_12
004ea448	Label	LAB_004ea448
004ea450	Label	switchD_004ea514::caseD_11
004ea474	Label	switchD_004ea514::caseD_13
004ea498	Label	LAB_004ea498
004ea4b8	Label	LAB_004ea4b8
004ea4ec	Label	LAB_004ea4ec
004ea4f4	Function	FUN_004ea4f4
004ea514	Label	switchD_004ea514::switchD
004ea51c	Label	LAB_004ea51c
004ea53c	Label	switchD_004ea53c::switchD
004ea544	Label	LAB_004ea544
004ea56c	Label	LAB_004ea56c
004ea58c	Label	switchD_004ea58c::switchD
004ea594	Label	switchD_004ea58c::caseD_0
004ea5bc	Label	LAB_004ea5bc
004ea5dc	Label	switchD_004ea5dc::switchD
004ea5e4	Label	LAB_004ea5e4
004ea5ec	Label	LAB_004ea5ec
004ea5f4	Label	LAB_004ea5f4
004ea5fc	Label	switchD_004ea514::caseD_c
004ea620	Label	LAB_004ea620
004ea670	Label	LAB_004ea670
004ea6a4	Function	FUN_004ea6a4
004ea6f4	Label	LAB_004ea6f4
004ea724	Function	FUN_004ea724
004ea774	Label	LAB_004ea774
004ea7a8	Function	FUN_004ea7a8
004ea7f8	Label	LAB_004ea7f8
004ea828	Function	FUN_004ea828
004ea878	Label	LAB_004ea878
004ea8a8	Function	FUN_004ea8a8
004ea938	Label	LAB_004ea938
004ea94c	Function	FUN_004ea94c
004ea9dc	Label	LAB_004ea9dc
004ea9f0	Label	LAB_004ea9f0
004eaa28	Label	LAB_004eaa28
004eaa60	Label	LAB_004eaa60
004eaa98	Label	LAB_004eaa98
004eab44	Function	FUN_004eab44
004eabf0	Label	switchD_004ea58c::caseD_3e
004eac00	Label	switchD_004ea58c::caseD_3d
004eac10	Label	switchD_004ea58c::caseD_29
004eac20	Label	switchD_004ea58c::caseD_28
004eac30	Label	switchD_004ea58c::caseD_12
004eac40	Label	switchD_004ea58c::caseD_11
004eac50	Label	switchD_004ea58c::caseD_10
004eac60	Label	switchD_004ea58c::caseD_c
004eac70	Label	LAB_004eac70
004eac78	Label	switchD_004ea514::caseD_d
004eac80	Label	switchD_004ea514::caseD_1
004eac80	Label	switchD_004ea514::caseD_5
004eac80	Label	switchD_004ea514::caseD_a
004eac80	Label	switchD_004ea514::caseD_b
004eac80	Label	switchD_004ea514::caseD_e
004eac80	Label	switchD_004ea514::caseD_f
004eac80	Label	switchD_004ea514::caseD_14
004eac80	Label	switchD_004ea514::caseD_15
004eac80	Label	switchD_004ea514::caseD_16
004eac80	Label	switchD_004ea514::caseD_17
004eac80	Label	switchD_004ea514::caseD_1c
004eac80	Label	switchD_004ea514::caseD_1d
004eac80	Label	switchD_004ea514::caseD_1e
004eac80	Label	switchD_004ea514::caseD_1f
004eac80	Label	switchD_004ea514::caseD_28
004eac80	Label	switchD_004ea514::caseD_29
004eac80	Label	switchD_004ea514::caseD_2c
004eac80	Label	switchD_004ea514::caseD_2d
004eac80	Label	switchD_004ea514::caseD_2e
004eac80	Label	switchD_004ea514::caseD_2f
004eac80	Label	switchD_004ea514::caseD_30
004eac80	Label	switchD_004ea514::caseD_31
004eac80	Label	switchD_004ea514::caseD_32
004eac80	Label	switchD_004ea514::caseD_33
004eac80	Label	switchD_004ea514::caseD_34
004eac80	Label	switchD_004ea514::caseD_35
004eac80	Label	switchD_004ea514::caseD_36
004eac80	Label	switchD_004ea514::caseD_37
004eac80	Label	switchD_004ea514::caseD_38
004eac80	Label	switchD_004ea514::caseD_39
004eac80	Label	switchD_004ea514::caseD_3a
004eac80	Label	switchD_004ea514::caseD_3b
004eac80	Label	switchD_004ea514::caseD_3c
004eac80	Label	switchD_004ea514::caseD_3d
004eac80	Label	switchD_004ea514::caseD_3e
004eac80	Label	switchD_004ea514::caseD_3f
004eac80	Label	switchD_004ea53c::caseD_2
004eac80	Label	switchD_004ea53c::caseD_3
004eac80	Label	switchD_004ea53c::caseD_4
004eac80	Label	switchD_004ea53c::caseD_5
004eac80	Label	switchD_004ea53c::caseD_6
004eac80	Label	switchD_004ea53c::caseD_7
004eac80	Label	switchD_004ea53c::caseD_8
004eac80	Label	switchD_004ea53c::caseD_9
004eac80	Label	switchD_004ea53c::caseD_a
004eac80	Label	switchD_004ea53c::caseD_b
004eac80	Label	switchD_004ea53c::caseD_c
004eac80	Label	switchD_004ea53c::caseD_d
004eac80	Label	switchD_004ea53c::caseD_e
004eac80	Label	switchD_004ea53c::caseD_f
004eac80	Label	switchD_004ea53c::caseD_12
004eac80	Label	switchD_004ea53c::caseD_13
004eac80	Label	switchD_004ea53c::caseD_14
004eac80	Label	switchD_004ea53c::caseD_15
004eac80	Label	switchD_004ea53c::caseD_16
004eac80	Label	switchD_004ea53c::caseD_17
004eac80	Label	switchD_004ea53c::caseD_18
004eac80	Label	switchD_004ea53c::caseD_19
004eac80	Label	switchD_004ea53c::caseD_1a
004eac80	Label	switchD_004ea53c::caseD_1b
004eac80	Label	switchD_004ea53c::caseD_1c
004eac80	Label	switchD_004ea53c::caseD_1d
004eac80	Label	switchD_004ea53c::caseD_1e
004eac80	Label	switchD_004ea53c::caseD_1f
004eac80	Label	switchD_004ea58c::caseD_2
004eac80	Label	switchD_004ea58c::caseD_3
004eac80	Label	switchD_004ea58c::caseD_4
004eac80	Label	switchD_004ea58c::caseD_5
004eac80	Label	switchD_004ea58c::caseD_7
004eac80	Label	switchD_004ea58c::caseD_8
004eac80	Label	switchD_004ea58c::caseD_9
004eac80	Label	switchD_004ea58c::caseD_a
004eac80	Label	switchD_004ea58c::caseD_b
004eac80	Label	switchD_004ea58c::caseD_d
004eac80	Label	switchD_004ea58c::caseD_e
004eac80	Label	switchD_004ea58c::caseD_f
004eac80	Label	switchD_004ea58c::caseD_15
004eac80	Label	switchD_004ea58c::caseD_17
004eac80	Label	switchD_004ea58c::caseD_18
004eac80	Label	switchD_004ea58c::caseD_19
004eac80	Label	switchD_004ea58c::caseD_1a
004eac80	Label	switchD_004ea58c::caseD_1d
004eac80	Label	switchD_004ea58c::caseD_1f
004eac80	Label	switchD_004ea58c::caseD_21
004eac80	Label	switchD_004ea58c::caseD_22
004eac80	Label	switchD_004ea58c::caseD_23
004eac80	Label	switchD_004ea58c::caseD_24
004eac80	Label	switchD_004ea58c::caseD_25
004eac80	Label	switchD_004ea58c::caseD_26
004eac80	Label	switchD_004ea58c::caseD_27
004eac80	Label	switchD_004ea58c::caseD_2b
004eac80	Label	switchD_004ea58c::caseD_2c
004eac80	Label	switchD_004ea58c::caseD_2f
004eac80	Label	switchD_004ea58c::caseD_31
004eac80	Label	switchD_004ea58c::caseD_32
004eac80	Label	switchD_004ea58c::caseD_33
004eac80	Label	switchD_004ea58c::caseD_34
004eac80	Label	switchD_004ea58c::caseD_35
004eac80	Label	switchD_004ea58c::caseD_36
004eac80	Label	switchD_004ea58c::caseD_37
004eac80	Label	switchD_004ea58c::caseD_38
004eac80	Label	switchD_004ea58c::caseD_39
004eac80	Label	switchD_004ea58c::caseD_3a
004eac80	Label	switchD_004ea58c::caseD_3b
004eac80	Label	switchD_004ea58c::caseD_3c
004eac88	Label	LAB_004eac88
004eacc0	Label	LAB_004eacc0
004eacc8	Label	LAB_004eacc8
004ead04	Label	LAB_004ead04
004ead0c	Label	switchD_004ea514::caseD_20
004ead54	Label	LAB_004ead54
004ead5c	Label	switchD_004ea514::caseD_22
004eada4	Label	LAB_004eada4
004eadac	Function	FUN_004eadac
004eadd8	Label	LAB_004eadd8
004eade0	Label	LAB_004eade0
004eae0c	Label	LAB_004eae0c
004eae3c	Label	LAB_004eae3c
004eaea0	Label	LAB_004eaea0
004eaea8	Label	LAB_004eaea8
004eaeb8	Label	LAB_004eaeb8
004eaef4	Label	LAB_004eaef4
004eaf0c	Label	LAB_004eaf0c
004eaf70	Label	LAB_004eaf70
004eaf78	Label	LAB_004eaf78
004eaf88	Label	LAB_004eaf88
004eafc4	Label	LAB_004eafc4
004eafdc	Label	LAB_004eafdc
004eb014	Label	LAB_004eb014
004eb054	Label	LAB_004eb054
004eb058	Label	LAB_004eb058
004eb0b4	Label	LAB_004eb0b4
004eb0d0	Function	FUN_004eb0d0
004eb0fc	Label	switchD_004eb0fc::switchD
004eb104	Label	switchD_004eb0fc::caseD_12
004eb110	Label	switchD_004eb0fc::caseD_1
004eb110	Label	switchD_004eb0fc::caseD_2
004eb110	Label	switchD_004eb0fc::caseD_4
004eb110	Label	switchD_004eb0fc::caseD_5
004eb110	Label	switchD_004eb0fc::caseD_6
004eb110	Label	switchD_004eb0fc::caseD_7
004eb110	Label	switchD_004eb0fc::caseD_11
004eb110	Label	switchD_004eb0fc::caseD_13
004eb110	Label	switchD_004eb0fc::caseD_14
004eb110	Label	switchD_004eb0fc::caseD_15
004eb110	Label	switchD_004eb0fc::caseD_16
004eb110	Label	switchD_004eb0fc::caseD_17
004eb110	Label	switchD_004eb0fc::caseD_18
004eb110	Label	switchD_004eb0fc::caseD_19
004eb110	Label	switchD_004eb0fc::caseD_1a
004eb110	Label	switchD_004eb0fc::caseD_1b
004eb110	Label	switchD_004eb0fc::caseD_1c
004eb110	Label	switchD_004eb0fc::caseD_1d
004eb110	Label	switchD_004eb0fc::caseD_1e
004eb110	Label	switchD_004eb0fc::caseD_1f
004eb110	Label	switchD_004eb0fc::caseD_27
004eb110	Label	switchD_004eb0fc::caseD_2c
004eb110	Label	switchD_004eb0fc::caseD_2d
004eb110	Label	switchD_004eb0fc::caseD_2f
004eb110	Label	switchD_004eb0fc::caseD_30
004eb110	Label	switchD_004eb0fc::caseD_31
004eb110	Label	switchD_004eb0fc::caseD_33
004eb110	Label	switchD_004eb0fc::caseD_34
004eb110	Label	switchD_004eb0fc::caseD_35
004eb110	Label	switchD_004eb0fc::caseD_36
004eb110	Label	switchD_004eb0fc::caseD_37
004eb110	Label	switchD_004eb0fc::caseD_38
004eb110	Label	switchD_004eb0fc::caseD_39
004eb110	Label	switchD_004eb1ac::caseD_1
004eb110	Label	switchD_004eb1ac::caseD_5
004eb110	Label	switchD_004eb1ac::caseD_a
004eb110	Label	switchD_004eb1ac::caseD_b
004eb110	Label	switchD_004eb1ac::caseD_c
004eb110	Label	switchD_004eb1ac::caseD_d
004eb110	Label	switchD_004eb1ac::caseD_e
004eb110	Label	switchD_004eb1ac::caseD_f
004eb110	Label	switchD_004eb1ac::caseD_14
004eb110	Label	switchD_004eb1ac::caseD_15
004eb110	Label	switchD_004eb1ac::caseD_16
004eb110	Label	switchD_004eb1ac::caseD_17
004eb110	Label	switchD_004eb1ac::caseD_1c
004eb110	Label	switchD_004eb1ac::caseD_1d
004eb110	Label	switchD_004eb1ac::caseD_1e
004eb110	Label	switchD_004eb1ac::caseD_1f
004eb110	Label	switchD_004eb1ac::caseD_28
004eb110	Label	switchD_004eb1ac::caseD_29
004eb118	Label	switchD_004eb0fc::caseD_8
004eb118	Label	switchD_004eb0fc::caseD_9
004eb118	Label	switchD_004eb0fc::caseD_a
004eb118	Label	switchD_004eb0fc::caseD_b
004eb118	Label	switchD_004eb0fc::caseD_c
004eb118	Label	switchD_004eb0fc::caseD_d
004eb118	Label	switchD_004eb0fc::caseD_e
004eb118	Label	switchD_004eb0fc::caseD_20
004eb118	Label	switchD_004eb0fc::caseD_21
004eb118	Label	switchD_004eb0fc::caseD_23
004eb118	Label	switchD_004eb0fc::caseD_24
004eb118	Label	switchD_004eb0fc::caseD_25
004eb124	Label	LAB_004eb124
004eb134	Label	switchD_004eb0fc::caseD_f
004eb14c	Label	switchD_004eb0fc::caseD_10
004eb15c	Label	LAB_004eb15c
004eb174	Label	LAB_004eb174
004eb188	Label	switchD_004eb0fc::caseD_0
004eb1ac	Label	switchD_004eb1ac::switchD
004eb1b4	Label	switchD_004eb0fc::caseD_22
004eb1b4	Label	switchD_004eb0fc::caseD_26
004eb1c0	Label	LAB_004eb1c0
004eb1d4	Label	switchD_004eb0fc::caseD_3
004eb1e8	Label	switchD_004eb0fc::caseD_32
004eb1e8	Label	switchD_004eb0fc::caseD_3a
004eb1fc	Label	switchD_004eb0fc::caseD_28
004eb1fc	Label	switchD_004eb0fc::caseD_29
004eb1fc	Label	switchD_004eb0fc::caseD_2a
004eb1fc	Label	switchD_004eb0fc::caseD_2b
004eb1fc	Label	switchD_004eb0fc::caseD_2e
004eb208	Label	LAB_004eb208
004eb210	Label	LAB_004eb210
004eb220	Label	LAB_004eb220
004eb238	Label	LAB_004eb238
004eb248	Label	LAB_004eb248
004eb250	Label	switchD_004eb1ac::caseD_18
004eb250	Label	switchD_004eb1ac::caseD_19
004eb250	Label	switchD_004eb1ac::caseD_1a
004eb250	Label	switchD_004eb1ac::caseD_1b
004eb25c	Label	switchD_004eb1ac::caseD_8
004eb25c	Label	switchD_004eb1ac::caseD_11
004eb25c	Label	switchD_004eb1ac::caseD_13
004eb270	Label	switchD_004eb1ac::caseD_10
004eb270	Label	switchD_004eb1ac::caseD_12
004eb288	Label	switchD_004eb1ac::caseD_9
004eb294	Label	LAB_004eb294
004eb2ac	Label	switchD_004eb1ac::caseD_4
004eb2ac	Label	switchD_004eb1ac::caseD_6
004eb2ac	Label	switchD_004eb1ac::caseD_7
004eb2ac	Label	switchD_004eb1ac::caseD_20
004eb2ac	Label	switchD_004eb1ac::caseD_21
004eb2ac	Label	switchD_004eb1ac::caseD_22
004eb2ac	Label	switchD_004eb1ac::caseD_23
004eb2ac	Label	switchD_004eb1ac::caseD_24
004eb2ac	Label	switchD_004eb1ac::caseD_25
004eb2ac	Label	switchD_004eb1ac::caseD_26
004eb2ac	Label	switchD_004eb1ac::caseD_27
004eb2ac	Label	switchD_004eb1ac::caseD_2a
004eb2ac	Label	switchD_004eb1ac::caseD_2b
004eb2c4	Label	LAB_004eb2c4
004eb2dc	Label	switchD_004eb1ac::caseD_0
004eb2dc	Label	switchD_004eb1ac::caseD_2
004eb2dc	Label	switchD_004eb1ac::caseD_3
004eb300	Label	LAB_004eb300
004eb314	Label	LAB_004eb314
004eb31c	Function	FUN_004eb31c
004eb3a4	Label	switchD_004eb3a4::switchD
004eb3ac	Label	LAB_004eb3ac
004eb3b4	Label	switchD_004eb3a4::caseD_1
004eb3b4	Label	switchD_004eb3a4::caseD_2
004eb3b4	Label	switchD_004eb3a4::caseD_3
004eb3b4	Label	switchD_004eb3a4::caseD_4
004eb3b4	Label	switchD_004eb3a4::caseD_5
004eb3b4	Label	switchD_004eb3a4::caseD_6
004eb3b4	Label	switchD_004eb3a4::caseD_7
004eb3b4	Label	switchD_004eb3a4::caseD_f
004eb3b4	Label	switchD_004eb3a4::caseD_11
004eb3b4	Label	switchD_004eb3a4::caseD_13
004eb3b4	Label	switchD_004eb3a4::caseD_14
004eb3b4	Label	switchD_004eb3a4::caseD_15
004eb3b4	Label	switchD_004eb3a4::caseD_16
004eb3b4	Label	switchD_004eb3a4::caseD_17
004eb3b4	Label	switchD_004eb3a4::caseD_18
004eb3b4	Label	switchD_004eb3a4::caseD_19
004eb3b4	Label	switchD_004eb3a4::caseD_1a
004eb3b4	Label	switchD_004eb3a4::caseD_1b
004eb3b4	Label	switchD_004eb3a4::caseD_1c
004eb3b4	Label	switchD_004eb3a4::caseD_1d
004eb3b4	Label	switchD_004eb3a4::caseD_1e
004eb3b4	Label	switchD_004eb3a4::caseD_1f
004eb3b4	Label	switchD_004eb3a4::caseD_27
004eb3b4	Label	switchD_004eb3a4::caseD_2c
004eb3b4	Label	switchD_004eb3a4::caseD_2d
004eb3b4	Label	switchD_004eb3a4::caseD_2f
004eb3b4	Label	switchD_004eb3a4::caseD_30
004eb3b4	Label	switchD_004eb3a4::caseD_31
004eb3b4	Label	switchD_004eb3a4::caseD_33
004eb3b4	Label	switchD_004eb3a4::caseD_34
004eb3b4	Label	switchD_004eb3a4::caseD_35
004eb3b4	Label	switchD_004eb3a4::caseD_36
004eb3b4	Label	switchD_004eb3a4::caseD_37
004eb3b4	Label	switchD_004eb3a4::caseD_38
004eb3b4	Label	switchD_004eb3a4::caseD_39
004eb3b4	Label	switchD_004eb56c::caseD_1
004eb3b4	Label	switchD_004eb56c::caseD_5
004eb3b4	Label	switchD_004eb56c::caseD_a
004eb3b4	Label	switchD_004eb56c::caseD_b
004eb3b4	Label	switchD_004eb56c::caseD_c
004eb3b4	Label	switchD_004eb56c::caseD_d
004eb3b4	Label	switchD_004eb56c::caseD_e
004eb3b4	Label	switchD_004eb56c::caseD_f
004eb3b4	Label	switchD_004eb56c::caseD_10
004eb3b4	Label	switchD_004eb56c::caseD_12
004eb3b4	Label	switchD_004eb56c::caseD_14
004eb3b4	Label	switchD_004eb56c::caseD_15
004eb3b4	Label	switchD_004eb56c::caseD_16
004eb3b4	Label	switchD_004eb56c::caseD_17
004eb3b4	Label	switchD_004eb56c::caseD_1c
004eb3b4	Label	switchD_004eb56c::caseD_1d
004eb3b4	Label	switchD_004eb56c::caseD_1e
004eb3b4	Label	switchD_004eb56c::caseD_1f
004eb3b4	Label	switchD_004eb56c::caseD_28
004eb3b4	Label	switchD_004eb56c::caseD_29
004eb3b8	Label	LAB_004eb3b8
004eb414	Label	switchD_004eb3a4::caseD_8
004eb414	Label	switchD_004eb3a4::caseD_9
004eb414	Label	switchD_004eb3a4::caseD_a
004eb414	Label	switchD_004eb3a4::caseD_b
004eb414	Label	switchD_004eb3a4::caseD_c
004eb414	Label	switchD_004eb3a4::caseD_d
004eb414	Label	switchD_004eb3a4::caseD_e
004eb414	Label	switchD_004eb3a4::caseD_20
004eb414	Label	switchD_004eb3a4::caseD_21
004eb414	Label	switchD_004eb3a4::caseD_23
004eb414	Label	switchD_004eb3a4::caseD_24
004eb414	Label	switchD_004eb3a4::caseD_25
004eb420	Label	LAB_004eb420
004eb428	Label	LAB_004eb428
004eb42c	Label	LAB_004eb42c
004eb490	Label	LAB_004eb490
004eb4f0	Label	switchD_004eb3a4::caseD_28
004eb4f0	Label	switchD_004eb3a4::caseD_29
004eb4f0	Label	switchD_004eb3a4::caseD_2a
004eb4f0	Label	switchD_004eb3a4::caseD_2b
004eb4f0	Label	switchD_004eb3a4::caseD_2e
004eb4fc	Label	switchD_004eb3a4::caseD_32
004eb4fc	Label	switchD_004eb3a4::caseD_3a
004eb510	Label	switchD_004eb3a4::caseD_10
004eb520	Label	LAB_004eb520
004eb538	Label	LAB_004eb538
004eb54c	Label	switchD_004eb3a4::caseD_0
004eb56c	Label	switchD_004eb56c::switchD
004eb574	Label	switchD_004eb3a4::caseD_22
004eb574	Label	switchD_004eb3a4::caseD_26
004eb588	Label	switchD_004eb3a4::caseD_12
004eb5a8	Label	switchD_004eb56c::caseD_18
004eb5a8	Label	switchD_004eb56c::caseD_19
004eb5a8	Label	switchD_004eb56c::caseD_1a
004eb5a8	Label	switchD_004eb56c::caseD_1b
004eb5b4	Label	switchD_004eb56c::caseD_8
004eb5b4	Label	switchD_004eb56c::caseD_11
004eb5b4	Label	switchD_004eb56c::caseD_13
004eb5c8	Label	switchD_004eb56c::caseD_9
004eb5d4	Label	LAB_004eb5d4
004eb5dc	Label	LAB_004eb5dc
004eb5e0	Label	LAB_004eb5e0
004eb618	Label	switchD_004eb56c::caseD_4
004eb618	Label	switchD_004eb56c::caseD_6
004eb618	Label	switchD_004eb56c::caseD_7
004eb618	Label	switchD_004eb56c::caseD_20
004eb618	Label	switchD_004eb56c::caseD_21
004eb618	Label	switchD_004eb56c::caseD_22
004eb618	Label	switchD_004eb56c::caseD_23
004eb618	Label	switchD_004eb56c::caseD_24
004eb618	Label	switchD_004eb56c::caseD_25
004eb618	Label	switchD_004eb56c::caseD_26
004eb618	Label	switchD_004eb56c::caseD_27
004eb618	Label	switchD_004eb56c::caseD_2a
004eb618	Label	switchD_004eb56c::caseD_2b
004eb634	Label	switchD_004eb56c::caseD_0
004eb634	Label	switchD_004eb56c::caseD_2
004eb634	Label	switchD_004eb56c::caseD_3
004eb648	Label	LAB_004eb648
004eb650	Label	LAB_004eb650
004eb668	Function	FUN_004eb668
004eb6f4	Label	switchD_004eb6f4::switchD
004eb6fc	Label	switchD_004eb6f4::caseD_1
004eb73c	Label	LAB_004eb73c
004eb748	Label	LAB_004eb748
004eb764	Label	switchD_004eb6f4::default
004eb768	Label	LAB_004eb768
004eb7ac	Label	LAB_004eb7ac
004eb7cc	Label	LAB_004eb7cc
004eb7d8	Label	LAB_004eb7d8
004eb7ec	Label	LAB_004eb7ec
004eb7f0	Label	LAB_004eb7f0
004eb814	Label	LAB_004eb814
004eb830	Label	switchD_004eb6f4::caseD_7
004eb848	Label	LAB_004eb848
004eb84c	Label	LAB_004eb84c
004eb85c	Label	LAB_004eb85c
004eb870	Label	LAB_004eb870
004eb8c4	Label	LAB_004eb8c4
004eb924	Label	switchD_004eb6f4::caseD_2
004eb948	Label	LAB_004eb948
004eb978	Label	LAB_004eb978
004eb9dc	Label	switchD_004eb6f4::caseD_3
004eb9f8	Label	switchD_004eb6f4::caseD_4
004eba28	Label	switchD_004eb6f4::caseD_5
004eba58	Label	switchD_004eb6f4::caseD_6
004eba78	Label	LAB_004eba78
004ebaa8	Label	LAB_004ebaa8
004ebaf4	Label	LAB_004ebaf4
004ebb14	Label	LAB_004ebb14
004ebb34	Label	LAB_004ebb34
004ebb40	Label	LAB_004ebb40
004ebb60	Label	LAB_004ebb60
004ebb80	Label	LAB_004ebb80
004ebb8c	Label	LAB_004ebb8c
004ebb98	Label	switchD_004eb6f4::caseD_0
004ebbd8	Label	LAB_004ebbd8
004ebbec	Label	LAB_004ebbec
004ebc18	Label	LAB_004ebc18
004ebc2c	Label	switchD_004ea53c::caseD_0
004ebc58	Label	LAB_004ebc58
004ebc6c	Label	switchD_004ea53c::caseD_10
004ebc98	Label	LAB_004ebc98
004ebcb4	Label	LAB_004ebcb4
004ebcf0	Label	LAB_004ebcf0
004ebd04	Label	LAB_004ebd04
004ebd4c	Label	LAB_004ebd4c
004ebd54	Function	switchD_004ea514::caseD_8
004ebdb4	Label	LAB_004ebdb4
004ebdc4	Label	LAB_004ebdc4
004ebdec	Label	LAB_004ebdec
004ebe10	Label	LAB_004ebe10
004ebe38	Label	LAB_004ebe38
004ebefc	Label	LAB_004ebefc
004ebf40	Label	LAB_004ebf40
004ebf5c	Label	LAB_004ebf5c
004ebfcc	Label	LAB_004ebfcc
004ebff0	Label	LAB_004ebff0
004ebffc	Label	LAB_004ebffc
004ec010	Label	LAB_004ec010
004ec014	Label	LAB_004ec014
004ec054	Label	LAB_004ec054
004ec088	Label	LAB_004ec088
004ec0ec	Label	LAB_004ec0ec
004ec120	Label	LAB_004ec120
004ec16c	Label	LAB_004ec16c
004ec188	Label	LAB_004ec188
004ec194	Label	LAB_004ec194
004ec1a0	Label	LAB_004ec1a0
004ec1ac	Label	LAB_004ec1ac
004ec27c	Label	LAB_004ec27c
004ec2c0	Label	LAB_004ec2c0
004ec2dc	Label	LAB_004ec2dc
004ec34c	Label	LAB_004ec34c
004ec370	Label	LAB_004ec370
004ec37c	Label	LAB_004ec37c
004ec390	Label	LAB_004ec390
004ec394	Label	LAB_004ec394
004ec3d4	Label	LAB_004ec3d4
004ec408	Label	LAB_004ec408
004ec46c	Label	LAB_004ec46c
004ec4a0	Label	LAB_004ec4a0
004ec4ec	Label	LAB_004ec4ec
004ec508	Label	LAB_004ec508
004ec514	Label	LAB_004ec514
004ec520	Label	LAB_004ec520
004ec52c	Label	switchD_004ea514::caseD_9
004ec57c	Label	LAB_004ec57c
004ec608	Label	LAB_004ec608
004ec64c	Label	LAB_004ec64c
004ec668	Label	LAB_004ec668
004ec6d8	Label	LAB_004ec6d8
004ec6fc	Label	LAB_004ec6fc
004ec708	Label	LAB_004ec708
004ec71c	Label	LAB_004ec71c
004ec720	Label	LAB_004ec720
004ec760	Label	LAB_004ec760
004ec794	Label	LAB_004ec794
004ec7f8	Label	LAB_004ec7f8
004ec82c	Label	LAB_004ec82c
004ec878	Label	LAB_004ec878
004ec894	Label	LAB_004ec894
004ec8a0	Label	LAB_004ec8a0
004ec8ac	Label	LAB_004ec8ac
004ec8b8	Label	LAB_004ec8b8
004ec98c	Label	LAB_004ec98c
004ec9d0	Label	LAB_004ec9d0
004ec9ec	Label	LAB_004ec9ec
004eca5c	Label	LAB_004eca5c
004eca80	Label	LAB_004eca80
004eca9c	Label	LAB_004eca9c
004ecab8	Label	LAB_004ecab8
004ecadc	Label	LAB_004ecadc
004ecaf8	Label	LAB_004ecaf8
004ecb04	Label	LAB_004ecb04
004ecb40	Label	LAB_004ecb40
004ecb74	Label	LAB_004ecb74
004ecbc0	Label	LAB_004ecbc0
004ecbf4	Label	LAB_004ecbf4
004ecc40	Label	LAB_004ecc40
004ecc4c	Label	LAB_004ecc4c
004ecc58	Label	LAB_004ecc58
004ecc64	Label	switchD_004ea53c::caseD_1
004ecd38	Label	LAB_004ecd38
004ecd7c	Label	LAB_004ecd7c
004ecd98	Label	LAB_004ecd98
004ece08	Label	LAB_004ece08
004ece2c	Label	LAB_004ece2c
004ece48	Label	LAB_004ece48
004ece64	Label	LAB_004ece64
004ece88	Label	LAB_004ece88
004ecea4	Label	LAB_004ecea4
004eceb0	Label	LAB_004eceb0
004eceec	Label	LAB_004eceec
004ecf20	Label	LAB_004ecf20
004ecf6c	Label	LAB_004ecf6c
004ecfa0	Label	LAB_004ecfa0
004ecfec	Label	LAB_004ecfec
004ecff8	Label	LAB_004ecff8
004ed004	Label	LAB_004ed004
004ed010	Label	switchD_004ea53c::caseD_11
004ed0ec	Label	LAB_004ed0ec
004ed130	Label	LAB_004ed130
004ed14c	Label	LAB_004ed14c
004ed1bc	Label	LAB_004ed1bc
004ed1e0	Label	LAB_004ed1e0
004ed1fc	Label	LAB_004ed1fc
004ed218	Label	LAB_004ed218
004ed23c	Label	LAB_004ed23c
004ed258	Label	LAB_004ed258
004ed264	Label	LAB_004ed264
004ed2a0	Label	LAB_004ed2a0
004ed2d4	Label	LAB_004ed2d4
004ed320	Label	LAB_004ed320
004ed354	Label	LAB_004ed354
004ed3a0	Label	LAB_004ed3a0
004ed3ac	Label	LAB_004ed3ac
004ed3b8	Label	LAB_004ed3b8
004ed590	Label	LAB_004ed590
004ed5f0	Label	LAB_004ed5f0
004ed610	Label	LAB_004ed610
004ed634	Label	LAB_004ed634
004ed648	Function	FUN_004ed648
004ed674	Label	LAB_004ed674
004ed680	Function	FUN_004ed680
004ed6a8	Function	FUN_004ed6a8
004ed6b0	Function	FUN_004ed6b0
004ed6f0	Label	LAB_004ed6f0
004ed74c	Label	LAB_004ed74c
004ed7a4	Label	LAB_004ed7a4
004ed7b0	Label	LAB_004ed7b0
004ed7bc	Label	LAB_004ed7bc
004ed7e4	Label	LAB_004ed7e4
004ed800	Label	LAB_004ed800
004ed818	Label	LAB_004ed818
004ed868	Label	LAB_004ed868
004ed86c	Label	LAB_004ed86c
004ed8bc	Label	LAB_004ed8bc
004ed8c4	Label	LAB_004ed8c4
004ed8d0	Label	LAB_004ed8d0
004ed8e4	Label	LAB_004ed8e4
004ed954	Label	LAB_004ed954
004ed958	Label	LAB_004ed958
004ed9a4	Label	LAB_004ed9a4
004ed9a8	Label	LAB_004ed9a8
004ed9ac	Label	LAB_004ed9ac
004ed9d0	Label	LAB_004ed9d0
004ed9d4	Label	LAB_004ed9d4
004ed9e0	Label	LAB_004ed9e0
004eda58	Label	LAB_004eda58
004edab4	Label	LAB_004edab4
004edac4	Label	LAB_004edac4
004edacc	Label	LAB_004edacc
004edadc	Label	LAB_004edadc
004edae8	Label	LAB_004edae8
004edaf0	Label	LAB_004edaf0
004edb00	Label	LAB_004edb00
004edb08	Label	LAB_004edb08
004edb1c	Label	LAB_004edb1c
004edb30	Label	LAB_004edb30
004edb38	Label	LAB_004edb38
004edb40	Label	LAB_004edb40
004edb50	Function	FUN_004edb50
004edb7c	Label	LAB_004edb7c
004edb9c	Label	LAB_004edb9c
004edbb0	Function	<EXTERNAL>::png_write_image
004edbc0	Function	<EXTERNAL>::pthread_getspecific
004edbd0	Function	<EXTERNAL>::rewind
004edbe0	Function	<EXTERNAL>::strcat
004edbf0	Function	<EXTERNAL>::png_create_read_struct
004edc00	Function	<EXTERNAL>::FT_Set_Pixel_Sizes
004edc10	Function	<EXTERNAL>::shmdt
004edc20	Function	<EXTERNAL>::compress
004edc30	Function	<EXTERNAL>::mkdir
004edc40	Function	<EXTERNAL>::scandir
004edc50	Function	<EXTERNAL>::pthread_key_create
004edc60	Function	<EXTERNAL>::png_create_write_struct
004edc70	Function	<EXTERNAL>::dlopen
004edc80	Function	<EXTERNAL>::calloc
004edc90	Function	<EXTERNAL>::FT_Set_Transform
004edca0	Function	<EXTERNAL>::fputc
004edcb0	Function	<EXTERNAL>::FT_Load_Char
004edcc0	Function	<EXTERNAL>::write
004edcd0	Function	<EXTERNAL>::malloc
004edce0	Function	<EXTERNAL>::png_destroy_read_struct
004edcf0	Function	<EXTERNAL>::pthread_setspecific
004edd00	Function	<EXTERNAL>::png_write_info
004edd10	Function	<EXTERNAL>::png_free
004edd20	Function	<EXTERNAL>::png_get_image_width
004edd30	Function	<EXTERNAL>::png_sig_cmp
004edd40	Function	<EXTERNAL>::dlsym
004edd50	Function	<EXTERNAL>::FT_Init_FreeType
004edd60	Function	<EXTERNAL>::png_get_rows
004edd70	Function	<EXTERNAL>::__cxa_atexit
004edd80	Function	<EXTERNAL>::png_destroy_write_struct
004edd90	Function	<EXTERNAL>::_setjmp
004edda0	Function	<EXTERNAL>::islower
004eddb0	Function	<EXTERNAL>::pthread_detach
004eddc0	Function	<EXTERNAL>::shmat
004eddd0	Function	<EXTERNAL>::__isoc99_sscanf
004edde0	Function	<EXTERNAL>::pthread_mutex_unlock
004eddf0	Function	<EXTERNAL>::vsnprintf
004ede00	Function	<EXTERNAL>::png_write_end
004ede10	Function	<EXTERNAL>::png_set_longjmp_fn
004ede20	Function	<EXTERNAL>::dlerror
004ede30	Function	<EXTERNAL>::pthread_mutex_lock
004ede40	Function	<EXTERNAL>::free
004ede50	Function	<EXTERNAL>::pthread_key_delete
004ede60	Function	<EXTERNAL>::png_get_color_type
004ede70	Function	<EXTERNAL>::dlclose
004ede80	Function	<EXTERNAL>::stpcpy
004ede90	Function	<EXTERNAL>::readlink
004edea0	Function	<EXTERNAL>::_IO_putc
004edeb0	Function	<EXTERNAL>::hcfota_url
004edec0	Function	<EXTERNAL>::png_set_IHDR
004eded0	Function	<EXTERNAL>::png_malloc
004edee0	Function	<EXTERNAL>::pthread_self
004edef0	Function	<EXTERNAL>::remove
004edf00	Function	<EXTERNAL>::__strdup
004edf10	Function	<EXTERNAL>::read
004edf20	Function	<EXTERNAL>::shmget
004edf30	Function	<EXTERNAL>::png_create_info_struct
004edf40	Function	<EXTERNAL>::vfprintf
004edf50	Function	<EXTERNAL>::FT_New_Face
004edf60	Function	<EXTERNAL>::pthread_once
004edf70	Function	<EXTERNAL>::png_read_png
004edf80	Function	<EXTERNAL>::__isoc99_fscanf
004edf90	Function	<EXTERNAL>::ioctl
004edfa0	Function	<EXTERNAL>::png_init_io
004edfb0	Function	<EXTERNAL>::system
004edfc0	Function	<EXTERNAL>::strtod
004edfd0	Function	<EXTERNAL>::png_get_image_height
004edfe0	Function	<EXTERNAL>::realloc
004ee000	Label	__DT_FINI
004ee000	Function	_fini
004ee020	Label	LAB_004ee020
004ee040	Label	_IO_stdin_used
004ee050	Label	s_%s/setting.xml_004ee050
004ee060	Label	DAT_004ee060
004ee064	Label	s_displayfps_004ee064
004ee070	Label	s_open_config.xml_fail!_004ee070
004ee088	Label	s_displayfps:%d_004ee088
004ee098	Label	s_displaythread_004ee098
004ee0a8	Label	s_softrotation_004ee0a8
004ee0b8	Label	PTR_DAT_004ee0b8
004ee0bc	Label	DAT_004ee0bc
004ee0c4	Label	DAT_004ee0c4
004ee0cc	Label	DAT_004ee0cc
004ee0d0	Label	s_%s_creat_fail_004ee0d0
004ee0e0	Label	s_%s_creat_004ee0e0
004ee0ec	Label	s_level_004ee0ec
004ee0f4	Label	s_savestatehotkey_004ee0f4
004ee104	Label	s_quicksavehotkey_004ee104
004ee114	Label	s_quickloadhotkey_004ee114
004ee124	Label	s_quicksnaphotkey_004ee124
004ee134	Label	s_selectcoreskey_004ee134
004ee144	Label	s_autorestore_004ee144
004ee150	Label	s_gamemenuhotkey_004ee150
004ee160	Label	s_autorun_004ee160
004ee168	Label	s_driver_004ee168
004ee170	Label	s_/proc/self/exe_004ee170
004ee180	Label	s_============================_004ee180
004ee1a0	Label	DAT_004ee1a0
004ee1a4	Label	s_/proc/meminfo_004ee1a4
004ee1b4	Label	DAT_004ee1b4
004ee1b8	Label	s_MemFree:%d_KB_004ee1b8
004ee1c8	Label	s_============================_004ee1c8
004ee1e8	Label	s_shmget_failed_004ee1e8
004ee1f8	Label	s_shmat_failed_004ee1f8
004ee218	Label	s_aXDT8kluSPu6PvHIV2JhA1V4_004ee218
004ee234	Label	s_/dev/mem_004ee234
004ee240	Label	s_open(/dev/mem)_failed._004ee240
004ee258	Label	s_mmap_base_failed._004ee258
004ee26c	Label	s_%08x%08x_004ee26c
004ee278	Label	s_id:_%x_004ee278
004ee280	Label	s_/sys/devices/platform/soc/1882e0_004ee280
004ee2b0	Label	s_Open_lock_004ee2b0
004ee2bc	Label	DAT_004ee2bc
004ee2c4	Label	s_Write_lock_004ee2c4
004ee2d0	Label	s_unlock_004ee2d0
004ee2d8	Label	s_Write_unlock_004ee2d8
004ee2e8	Label	DAT_004ee2e8
004ee2f0	Label	DAT_004ee2f0
004ee2f4	Label	s_Upgrading:_[%s]_%03d%%_004ee2f4
004ee30c	Label	s_No_%s_not_found!_004ee30c
004ee320	Label	s_reboot_-f_004ee320
004ee32c	Label	DAT_004ee32c
004ee334	Label	DAT_004ee334
004ee33c	Label	DAT_004ee33c
004ee344	Label	DAT_004ee344
004ee34c	Label	s_/dev/input/js%d_004ee34c
004ee35c	Label	s_USB_Joystick_%d_Closed_004ee35c
004ee374	Label	s_USB_Joystick_%d_Opened_004ee374
004ee38c	Label	s_JS%d_value_%6hd,_type:_%2u,_axis_004ee38c
004ee3bc	Label	s_USB_Joystick_Test:_004ee3bc
004ee3c0	Label	s_Joystick_Test:_004ee3c0
004ee3c4	Label	s_tick_Test:_004ee3c4
004ee3c8	Label	s_Test:_004ee3c8
004ee3cc	Label	s_t:_004ee3cc
004ee3d0	Label	s_resource_004ee3d0
004ee3d4	Label	s_urce_004ee3d4
004ee3d8	Label	s__004ee3d8
004ee3dc	Label	DAT_004ee3dc
004ee3e0	Label	s_rkgame_v1.44_004ee3e0
004ee3f0	Label	s_directory:%s_appname:%s_004ee3f0
004ee40c	Label	s_update/HCFOTA.bin_004ee40c
004ee410	Label	s_te/HCFOTA.bin_004ee410
004ee414	Label	s_CFOTA.bin_004ee414
004ee418	Label	s_A.bin_004ee418
004ee41c	Label	s_n_004ee41c
004ee41d	Label	s__004ee41d
004ee420	Label	s_can't_create_XintiaoThread_proce_004ee420
004ee450	Label	s_/USBJoystickTest_004ee450
004ee464	Label	s_/JoystickTest_004ee464
004ee480	Label	s_/dev/mem_004ee480
004ee4e8	Label	s_find_%s_process_fail_004ee4e8
004ee500	Label	s_%s/driver.so_004ee500
004ee510	Label	s_open_driver.so_sucess_004ee510
004ee528	Label	s_video_driver_setting_004ee528
004ee540	Label	s_can't_find_video_driver_setting_p_004ee540
004ee568	Label	s_video_drivers_init_004ee568
004ee57c	Label	s_video_driver_disp_frame_004ee57c
004ee594	Label	s_can't_find_video_driver_disp_fra_004ee594
004ee5bc	Label	s_video_driver_setmode_004ee5bc
004ee5d4	Label	s_can't_find_video_driver_setmode_p_004ee5d4
004ee5fc	Label	s_video_driver_get_size_004ee5fc
004ee614	Label	s_can't_find_video_driver_get_size_004ee614
004ee63c	Label	s_api_cube_free_004ee63c
004ee64c	Label	s_can't_find_api_cube_free_proc_004ee64c
004ee66c	Label	s_api_cube_malloc_004ee66c
004ee67c	Label	s_can't_find_api_cube_malloc_proc_004ee67c
004ee69c	Label	s_check_exit_game_004ee69c
004ee6ac	Label	s_can't_find_check_exit_game_proc_004ee6ac
004ee6cc	Label	s_api_cube_send_msg_004ee6cc
004ee6e0	Label	s_can't_find_api_cube_send_msg_pro_004ee6e0
004ee704	Label	s_cube_ioctl_004ee704
004ee710	Label	s_can't_find_api_cube_ioctl_proc_004ee710
004ee730	Label	s_open_driver.so_fail,_%s._004ee730
004ee74c	Label	s_video_driver_set_rotation:_%X_004ee74c
004ee76c	Label	s_video_driver_deinit_004ee76c
004ee780	Label	s_sound_driver_init_004ee780
004ee794	Label	s_can't_find_sound_driver_init_pro_004ee794
004ee7b8	Label	s_sound_driver_playframe_004ee7b8
004ee7d0	Label	s_can't_find_sound_driver_playfram_004ee7d0
004ee7f8	Label	s_pcm_get_buffering_percent_004ee7f8
004ee814	Label	s_can't_find_sound_driver_bufferin_004ee814
004ee844	Label	s_sound_driver_flush_004ee844
004ee858	Label	s_can't_find_sound_driver_flush_pr_004ee858
004ee87c	Label	s_sound_driver_deinit_004ee87c
004ee890	Label	s_exit_game_004ee890
004ee89c	Label	s_enter_multios_app_004ee89c
004ee8b0	Label	s_run_enter_multios_app_process_004ee8b0
004ee8d0	Label	s_find_enter_multios_app_process_f_004ee8d0
004ee8f8	Label	s_invalid_distance_code_004ee8f8
004ee910	Label	s_invalid_literal/length_code_004ee910
004ee92c	Label	s_oversubscribed_dynamic_bit_lengt_004ee92c
004ee954	Label	s_incomplete_dynamic_bit_lengths_t_004ee954
004ee978	Label	s_oversubscribed_literal/length_tr_004ee978
004ee99c	Label	s_incomplete_literal/length_tree_004ee99c
004ee9bc	Label	s_oversubscribed_distance_tree_004ee9bc
004ee9dc	Label	s_incomplete_distance_tree_004ee9dc
004ee9f8	Label	s_empty_distance_tree_with_lengths_004ee9f8
004eea1c	Label	s_invalid_block_type_004eea1c
004eea30	Label	s_invalid_stored_block_lengths_004eea30
004eea50	Label	s_too_many_length_or_distance_symb_004eea50
004eea74	Label	s_invalid_bit_length_repeat_004eea74
004eea90	Label	PTR_DAT_004eea90
004eea94	Label	s_unknown_compression_method_004eea94
004eeab0	Label	s_invalid_window_size_004eeab0
004eeac4	Label	s_incorrect_header_check_004eeac4
004eeadc	Label	s_need_dictionary_004eeadc
004eeaec	Label	s_incorrect_data_check_004eeaec
004eeb04	Label	PTR_DAT_004eeb04
004eeb08	Label	s_unknown_zip_result_code_004eeb08
004eeb20	Label	s_Success_004eeb20
004eeb28	Label	s_Culdn't_duplicate_handle_004eeb28
004eeb44	Label	s_Couldn't_create/open_file_004eeb44
004eeb60	Label	s_Failed_to_allocate_memory_004eeb60
004eeb7c	Label	s_Error_writing_to_file_004eeb7c
004eeb94	Label	s_File_not_found_in_the_zipfile_004eeb94
004eebb4	Label	s_Still_more_data_to_unzip_004eebb4
004eebd0	Label	s_Zipfile_is_corrupt_or_not_a_zipf_004eebd0
004eebf4	Label	s_Error_reading_file_004eebf4
004eec08	Label	s_Caller:_faulty_arguments_004eec08
004eec24	Label	s_Caller:_the_file_had_already_bee_004eec24
004eec5c	Label	s_Caller:_can_only_get_memory_of_a_004eec5c
004eec8c	Label	s_Caller:_not_enough_space_allocat_004eec8c
004eecc4	Label	s_Caller:_there_was_a_previous_err_004eecc4
004eece8	Label	s_Caller:_additions_to_the_zip_hav_004eece8
004eed20	Label	s_Caller:_mixing_creation_and_open_004eed20
004eed4c	Label	s_Zip-bug:_internal_initialisation_004eed4c
004eed7c	Label	s_Zip-bug:_trying_to_seek_the_unse_004eed7c
004eeda4	Label	s_Zip-bug:_the_anticipated_size_tu_004eeda4
004eedd4	Label	s_Zip-bug:_tried_to_change_mind,_b_004eedd4
004eee04	Label	s_Zip-bug:_an_internal_error_durin_004eee04
004eee30	Label	switchD_0040bf44::switchdataD_004eee30
004eee34	Label	UINT_004eee34
004eee58	Label	switchD_0040d84c::switchdataD_004eee58
004eee60	Label	UINT_004eee60
004eee80	Label	switchD_0040e9d8::switchdataD_004eee80
004eeeb8	Label	DAT_004eeeb8
004ef2b8	Label	cpdext
004ef330	Label	cpdist
004ef3a8	Label	cplext
004ef424	Label	cplens
004ef4a0	Label	border
004ef4a4	Label	DAT_004ef4a4
004ef4a8	Label	DAT_004ef4a8
004ef4ec	Label	fixed_td
004ef5ec	Label	fixed_tl
004f0000	Label	fixed_tl[2580]
004f05f4	Label	inflate_mask
004f0610	Label	inflate_mask[28]
004f0640	Label	s_%s_%d_%d_004f0640
004f064c	Label	s_/dev/fb0_004f064c
004f0658	Label	s_Find_%s_fail_004f0658
004f0668	Label	s_open_%s_fail_004f0668
004f0678	Label	DAT_004f0678
004f067c	Label	s_%s/language/Title_Game.raw_004f067c
004f0698	Label	s_%d_GAMES_AVAILABLE._004f0698
004f06ac	Label	s_FT_Load_Char_ERROR_004f06ac
004f06c0	Label	s_%s/language/Title_Media.raw_004f06c0
004f06dc	Label	s_%s/language/Movie.raw_004f06dc
004f06f4	Label	s_%s/language/Movie_.raw_004f06f4
004f070c	Label	s_%s/language/Music.raw_004f070c
004f0724	Label	s_%s/language/Music_.raw_004f0724
004f073c	Label	s_%s/language/Photo.raw_004f073c
004f0754	Label	s_%s/language/Photo_.raw_004f0754
004f076c	Label	s_%s/language/E-Book.raw_004f076c
004f0784	Label	s_%s/language/E-Book_.raw_004f0784
004f079c	Label	s_%s/language/Title_Setting.raw_004f079c
004f07bc	Label	s_%s/language/Language.raw_004f07bc
004f07d8	Label	s_%s/language/Language_.raw_004f07d8
004f07f4	Label	s_%s/language/Screen.raw_004f07f4
004f080c	Label	s_%s/language/Screen_.raw_004f080c
004f0824	Label	s_%s/language/KeyMapp.raw_004f0824
004f083c	Label	s_%s/language/KeyMapp_.raw_004f083c
004f0858	Label	s_%s/language/Factry.raw_004f0858
004f0870	Label	s_%s/language/Factry_.raw_004f0870
004f0888	Label	s_%s/language/FRMsgBox.raw_004f0888
004f08a4	Label	s_%ssaves/%s/default.scf_004f08a4
004f08bc	Label	s_%s/UI_Res.cpd_004f08bc
004f08cc	Label	s_%s/language/Footer_Menu.raw_004f08cc
004f08e8	Label	s_Volume.raw_004f08e8
004f08f4	Label	s_VersionNumber.raw_004f08f4
004f0908	Label	s_PageInd.raw_004f0908
004f0914	Label	s_KeyMap_Key.raw_004f0914
004f0924	Label	s_Emu_Icon_0.raw_004f0924
004f0934	Label	s_Emu_Icon_1.raw_004f0934
004f0944	Label	s_PopupMenu.raw_004f0944
004f0954	Label	s_KeyName.raw_004f0954
004f0960	Label	s_/tmp/main_ui.log_004f0960
004f0974	Label	s_KeyMapping.raw_004f0974
004f0984	Label	s_%s/language/Footer_Keymap.raw_004f0984
004f09a4	Label	s_%ssaves_004f09a4
004f09ac	Label	s_%ssaves/%s_004f09ac
004f09b8	Label	DAT_004f09b8
004f09bc	Label	s_SetVolume.raw_004f09bc
004f09cc	Label	s_SetLight.raw_004f09cc
004f09dc	Label	s_SetLanguage.raw_004f09dc
004f09ec	Label	s_SetScreen.raw_004f09ec
004f09fc	Label	s_SetKeyMap.raw_004f09fc
004f0a0c	Label	s_SetFacRest.raw_004f0a0c
004f0a1c	Label	s_MovieBg.raw_004f0a1c
004f0a28	Label	s_MusicBg.raw_004f0a28
004f0a34	Label	s_PhotoBg.raw_004f0a34
004f0a40	Label	s_E-BookBg.raw_004f0a40
004f0a50	Label	s_ALLEMU.raw_004f0a50
004f0a5c	Label	s_MAME.raw_004f0a5c
004f0a68	Label	s_PS1.raw_004f0a68
004f0a70	Label	s_FC.raw_004f0a70
004f0a78	Label	s_SFC.raw_004f0a78
004f0a80	Label	s_MD.raw_004f0a80
004f0a88	Label	s_GB.raw_004f0a88
004f0a90	Label	s_GBC.raw_004f0a90
004f0a98	Label	s_GBA.raw_004f0a98
004f0aa0	Label	s_PCE.raw_004f0aa0
004f0aa8	Label	s_ATARI.raw_004f0aa8
004f0ab4	Label	s_SMS.raw_004f0ab4
004f0abc	Label	s_GG.raw_004f0abc
004f0ac4	Label	s_NGPC.raw_004f0ac4
004f0ad0	Label	s_SWC.raw_004f0ad0
004f0ad8	Label	s_DOWNLOAD.raw_004f0ad8
004f0ae8	Label	s_FAVORITE.raw_004f0ae8
004f0af8	Label	s_HISTORY.raw_004f0af8
004f0b10	Label	s_cube_get_backlight_brightness_004f0b10
004f0b30	Label	DAT_004f0b30
004f0b38	Label	DAT_004f0b38
004f0b44	Label	DAT_004f0b44
004f0b46	Label	DAT_004f0b46
004f0b7c	Label	DAT_004f0b7c
004f0b98	Label	DAT_004f0b98
004f0b9a	Label	DAT_004f0b9a
004f0bac	Label	DAT_004f0bac
004f0bae	Label	DAT_004f0bae
004f0bc4	Label	PTR_DAT_004f0bc4
004f0bcc	Label	PTR_DAT_004f0bcc
004f0bd4	Label	DAT_004f0bd4
004f0bdc	Label	DAT_004f0bdc
004f0bdf	Label	DAT_004f0bdf
004f0bf0	Label	DAT_004f0bf0
004f0bf8	Label	DAT_004f0bf8
004f0c00	Label	s_HzTable.bin_004f0c00
004f0c0c	Label	s_Open_HzTable.bin_004f0c0c
004f0c20	Label	s_Open_resource_fail_004f0c20
004f0c34	Label	s_%s/allfiles.lst_004f0c34
004f0c44	Label	s_%s/root.dat_004f0c44
004f0c50	Label	s_%s/%s_004f0c50
004f0c58	Label	s_%s/%s/filelist.csv_004f0c58
004f0c6c	Label	s_%s/%s/filelist.txt_004f0c6c
004f0c80	Label	DAT_004f0c80
004f1844	Label	s_%s/%s%c%s%c%s%c%s%c%s_004f1844
004f185c	Label	s_%d_%d_004f185c
004f1864	Label	s_m_fileinfosize_%x_004f1864
004f1878	Label	s_m_time:%d_004f1878
004f1884	Label	s_1.6.25_004f1884
004f188c	Label	s_ERROR:png_create_write_struct/n_004f188c
004f18ac	Label	s_ERROR:png_create_info_struct/n_004f18ac
004f18cc	Label	s_%s/images/%s.png_004f18cc
004f18e0	Label	s_%s/images/%s(%d).png_004f18e0
004f18f8	Label	s_SaveSnap:%s_004f18f8
004f1910	Label	s_ABCDEFGHJKLMNOPQRSTWXYZ_004f1910
004f1925	Label	s_YZ_004f1925
004f1926	Label	s_Z_004f1926
004f197c	Label	DAT_004f197c
004f1990	Label	s_SELECT_004f1990
004f1998	Label	s_START_004f1998
004f19a0	Label	DAT_004f19a0
004f19a8	Label	DAT_004f19a8
004f19b0	Label	s_RIGHT_004f19b0
004f19b8	Label	s_RESET_004f19b8
004f19c0	Label	s_DISABLE_004f19c0
004f19c8	Label	s_Filetype_%d_004f19c8
004f19d8	Label	DAT_004f19d8
004f19dc	Label	DAT_004f19dc
004f19e0	Label	s_zipcount_%d_004f19e0
004f19f0	Label	s_FilenameExt_%s_004f19f0
004f1a00	Label	s_open_%s_fail!_004f1a00
004f1a10	Label	s_%s_open_fail_004f1a10
004f1a20	Label	s_%s/favorites.lst_004f1a20
004f1a34	Label	s_%s/setting.xml_004f1a34
004f1a44	Label	s_open_setting.xml_fail!_004f1a44
004f1a5c	Label	s_config_004f1a5c
004f1a64	Label	s_language_004f1a64
004f1a70	Label	s_volume_004f1a70
004f1a78	Label	s_screen_004f1a78
004f1a80	Label	s_light_004f1a80
004f1a88	Label	s_defaultlanguage_004f1a88
004f1a98	Label	s_autorestore_004f1a98
004f1aa4	Label	s_sound_004f1aa4
004f1aac	Label	s_filebrowser_004f1aac
004f1ab8	Label	PTR_DAT_004f1ab8
004f1abc	Label	DAT_004f1abc
004f1ac4	Label	s_effect%d_004f1ac4
004f1ad0	Label	s_joystick_004f1ad0
004f1adc	Label	s_cores_004f1adc
004f1ae0	Label	s_s_004f1ae0
004f1ae1	Label	s__004f1ae1
004f1ae4	Label	s_index_004f1ae4
004f1aec	Label	s_button_004f1aec
004f1af4	Label	s_value_004f1af4
004f1afc	Label	DAT_004f1afc
004f1b00	Label	s_extname_004f1b00
004f1b08	Label	s_corename_004f1b08
004f1b14	Label	s_filename_004f1b14
004f1b18	Label	s_name_004f1b18
004f1b20	Label	s_gamelist_004f1b20
004f1b2c	Label	DAT_004f1b2c
004f1b30	Label	DAT_004f1b30
004f1b34	Label	DAT_004f1b34
004f1b38	Label	DAT_004f1b38
004f1b3c	Label	DAT_004f1b3c
004f1b40	Label	DAT_004f1b40
004f1b44	Label	DAT_004f1b44
004f1b48	Label	DAT_004f1b48
004f1b4c	Label	PTR_LAB_00485348+1_004f1b4c
004f1b50	Label	DAT_004f1b50
004f1b54	Label	DAT_004f1b54
004f1b58	Label	DAT_004f1b58
004f1b5c	Label	s_cores/filelist.xml_004f1b5c
004f1b60	Label	s_s/filelist.xml_004f1b60
004f1b64	Label	s_lelist.xml_004f1b64
004f1b68	Label	s_st.xml_004f1b68
004f1b6c	Label	s_ml_004f1b6c
004f1b6d	Label	s_l_004f1b6d
004f1b6e	Label	s__004f1b6e
004f1b70	Label	s_open_cores/filelist.xml_fail!_004f1b70
004f1b90	Label	s_game.raw_004f1b90
004f1b9c	Label	s_%s/resource.cpd_004f1b9c
004f1bac	Label	s_find_%s_fail_004f1bac
004f1bbc	Label	s_open_%s_fail:_%d_004f1bbc
004f1bd0	Label	s_ui.cfg_004f1bd0
004f1bd8	Label	s_find_ui.cfg_in_%s_fail_004f1bd8
004f1bf0	Label	s_GameSum_rect_004f1bf0
004f1c00	Label	s_GameSum_fontsize_004f1c00
004f1c14	Label	s_GameSum_fontcolor_004f1c14
004f1c28	Label	s_TypeName_Name_004f1c28
004f1c38	Label	s_TypeName_rect_004f1c38
004f1c48	Label	s_TypeName_fontsize_004f1c48
004f1c5c	Label	s_TypeName_fontcolor_004f1c5c
004f1c70	Label	s_GameList_count_004f1c70
004f1c80	Label	s_GameList_fontsize_004f1c80
004f1c94	Label	s_GameList_fontcolor_004f1c94
004f1ca8	Label	s_GameList_selectsize_004f1ca8
004f1cbc	Label	s_GameList_list_%d_004f1cbc
004f1cd0	Label	s_GameList_selectcolor_004f1cd0
004f1ce8	Label	s_GameList_starxoffset_004f1ce8
004f1d00	Label	s_GameList_staryoffset_004f1d00
004f1d18	Label	s_GameList_starsize_004f1d18
004f1d2c	Label	s_GameList_starcolor_004f1d2c
004f1d40	Label	s_GameList_starcode_004f1d40
004f1d54	Label	s_Thumbnail_region_004f1d54
004f1d68	Label	s_SearchInput_rect_004f1d68
004f1d7c	Label	s_SearchInput_fontsize_004f1d7c
004f1d94	Label	s_SearchInput_fontcolor_004f1d94
004f1dac	Label	s_SearchInput_CursorSize_004f1dac
004f1dc4	Label	s_SearchInput_CursorColor_004f1dc4
004f1ddc	Label	s_SearchInput_CursorCode_004f1ddc
004f1df4	Label	s_SearchInput_MoveTable_%d_004f1df4
004f1e10	Label	s_%d,%d,%d,%d,%d_004f1e10
004f1e1c	Label	s_%d_004f1e1c
004f1e20	Label	s_SettingVol_rect_004f1e20
004f1e30	Label	s_SettingVol_fontsize_004f1e30
004f1e44	Label	s_SettingVol_fontcolor_004f1e44
004f1e5c	Label	s_Setting_CheckCode_004f1e5c
004f1e70	Label	s_Setting_UncheckCode_004f1e70
004f1e84	Label	s_Setting_CheckColor_004f1e84
004f1e98	Label	s_Setting_CheckSize_004f1e98
004f1eac	Label	s_Setting_LanguageRect_004f1eac
004f1ec4	Label	s_Setting_LanguageFontColor_004f1ec4
004f1ee0	Label	s_Setting_LanguageFontSize_004f1ee0
004f1efc	Label	s_Setting_FilelistRect_004f1efc
004f1f14	Label	s_Setting_FilelistFontSize_004f1f14
004f1f30	Label	s_Setting_FilelistFontColor_004f1f30
004f1f4c	Label	s_Setting_FilelistSelectFontSize_004f1f4c
004f1f6c	Label	s_Setting_FilelistSelectFontColor_004f1f6c
004f1f8c	Label	s_Setting_FilelistPageLines_004f1f8c
004f1fa8	Label	s_Setting_FilelistLineHigh_004f1fa8
004f1fc4	Label	s_Setting_RecoverRect_004f1fc4
004f1fd8	Label	s_Setting_RecoverFontSize_004f1fd8
004f1ff0	Label	s_Setting_RecoverFontColor_004f1ff0
004f200c	Label	s_Setting_RecoverInfo1_004f200c
004f2024	Label	DAT_004f2024
004f2028	Label	DAT_004f2028
004f202c	Label	DAT_004f202c
004f2030	Label	DAT_004f2030
004f2034	Label	DAT_004f2034
004f2038	Label	DAT_004f2038
004f203c	Label	DAT_004f203c
004f2040	Label	DAT_004f2040
004f2044	Label	DAT_004f2044
004f2048	Label	DAT_004f2048
004f204c	Label	DAT_004f204c
004f2050	Label	DAT_004f2050
004f2054	Label	s_Warning:Restore_the_default_and_a_004f2054
004f2058	Label	s_ing:Restore_the_default_and_all_d_004f2058
004f205c	Label	s_Restore_the_default_and_all_data_004f205c
004f2060	Label	s_ore_the_default_and_all_data_wil_004f2060
004f2064	Label	s_the_default_and_all_data_will_be_004f2064
004f2068	Label	s_default_and_all_data_will_be_cle_004f2068
004f206c	Label	s_ult_and_all_data_will_be_cleared_004f206c
004f2070	Label	s_and_all_data_will_be_cleared!_004f2070
004f2074	Label	s_all_data_will_be_cleared!_004f2074
004f2078	Label	s_data_will_be_cleared!_004f2078
004f207c	Label	s_will_be_cleared!_004f207c
004f2090	Label	s_Setting_RecoverInfo2_004f2090
004f20a8	Label	DAT_004f20a8
004f20ac	Label	DAT_004f20ac
004f20b0	Label	DAT_004f20b0
004f20b4	Label	DAT_004f20b4
004f20b8	Label	DAT_004f20b8
004f20bc	Label	DAT_004f20bc
004f20c0	Label	DAT_004f20c0
004f20c4	Label	PTR_DAT_004f20c4
004f20c8	Label	s_Confirm_to_press_A_to_restore_th_004f20c8
004f20cc	Label	s_irm_to_press_A_to_restore_the_de_004f20cc
004f20d0	Label	s_to_press_A_to_restore_the_defaul_004f20d0
004f20d4	Label	s_ress_A_to_restore_the_default_004f20d4
004f20d8	Label	s_A_to_restore_the_default_004f20d8
004f20dc	Label	s_o_restore_the_default_004f20dc
004f20e0	Label	s_store_the_default_004f20e0
004f20e4	Label	s_e_the_default_004f20e4
004f20e8	Label	s_e_default_004f20e8
004f20ec	Label	s_fault_004f20ec
004f20f0	Label	s_t_004f20f0
004f20f4	Label	s_Game_ThumbnailRect_004f20f4
004f2108	Label	s_Game_VideoRect_004f2108
004f2118	Label	s_Game_VideoFontSize_004f2118
004f212c	Label	s_Game_VideoFontColor_004f212c
004f2140	Label	s_Game_JoystickTab%d_004f2140
004f2154	Label	s_%d,%d,%d,%d,%d,%d,%d,%d_004f2154
004f2160	Label	s_%d,%d,%d,%d_004f2160
004f216c	Label	s_%s/menu.log_004f216c
004f2178	Label	s_FT_Init_FreeType_ERROR_004f2178
004f2190	Label	s_%s/font.ttf_004f2190
004f219c	Label	s_FT_New_Face_ERROR_004f219c
004f21b0	Label	s_%3d/%3d_004f21b0
004f21b8	Label	DAT_004f21b8
004f21bc	Label	DAT_004f21bc
004f21c0	Label	s_%d.%s_004f21c0
004f21c8	Label	s_%s/%s/images/%s(%d).png_004f21c8
004f21e0	Label	s_%s/%s/images/%s.png_004f21e0
004f21f4	Label	s_draw_image:%s_004f21f4
004f2204	Label	DAT_004f2204
004f2208	Label	s_System_Volume_Information_004f2208
004f2224	Label	DAT_004f2224
004f222c	Label	s_The_specified_file_is_missing_004f222c
004f224c	Label	s_Select_a_emulator_core_library_004f224c
004f226c	Label	s_cores/config.xml_004f226c
004f2270	Label	s_s/config.xml_004f2270
004f2274	Label	s_nfig.xml_004f2274
004f2278	Label	s_.xml_004f2278
004f227c	Label	s__004f227c
004f2280	Label	DAT_004f2280
004f2284	Label	PTR_DAT_004f2284
004f2288	Label	s_open_config.xml_fail!_004f2288
004f22a0	Label	DAT_004f22a0
004f22a8	Label	s_supported_extensions_004f22a8
004f22c0	Label	s_emucore_004f22c0
004f22dc	Label	s_m_ui.language:%d_004f22dc
004f22f0	Label	s_GetFileCore:%s_004f22f0
004f2300	Label	s_0002_004f2300
004f2308	Label	s_**_Cannot_initialize_MP3_decoder_004f2308
004f232c	Label	DAT_004f232c
004f2330	Label	s_%s%c%s%c%s%c%s%c%s_004f2330
004f2344	Label	s_mui_run_game:%s_004f2344
004f2358	Label	s_RomName:%s_004f2358
004f2364	Label	s_find_%s_miss_004f2364
004f2374	Label	s_load_bg.raw_004f2374
004f2380	Label	s_%s/recent.lst_004f2380
004f2390	Label	s_can't_create_mui_SoundplayThread_004f2390
004f23c4	Label	s_can't_create_mui_DisplayThread_p_004f23c4
004f23f4	Label	s__004f23f4
004f23f8	Label	s_filelist_run_game:%s_004f23f8
004f2410	Label	s_menu.raw_004f2410
004f241c	Label	s_search.raw_004f241c
004f2428	Label	s_can't_create_mui_SearchThread_pr_004f2428
004f2458	Label	s_footbar5.raw_004f2458
004f2468	Label	s_footbar4.raw_004f2468
004f2478	Label	s_SeletEmuCore_%s_004f2478
004f248c	Label	s_%s%s/%s/%s.sav_004f248c
004f249c	Label	s_LoadDefaultState:%s_004f249c
004f24b4	Label	DAT_004f24b4
004f24bc	Label	s_%s%s/%s_004f24bc
004f24c4	Label	s_SaveDefaultState:%s_004f24c4
004f24dc	Label	s_%ssaves/%s/%s.scf_004f24dc
004f24f0	Label	s_Load_%s_004f24f0
004f24fc	Label	s_%s/states/%s/%s.sv%d_004f24fc
004f2514	Label	s_nodata.raw_004f2514
004f2520	Label	s_%s/states_004f2520
004f252c	Label	s_%s/states/%s_004f252c
004f253c	Label	DAT_004f253c
004f255c	Label	s_saves_004f255c
004f2560	Label	s_s_004f2560
004f2561	Label	s__004f2561
004f2564	Label	s_%s/joystick.cpd_004f2564
004f2574	Label	s_%04x_%04x_%04x_004f2574
004f2584	Label	s_%04x_%04x_004f2584
004f2590	Label	s_JoystickTest_004f2590
004f25a0	Label	s_joystick.raw_004f25a0
004f25b0	Label	s_find_joystick.raw_fail_004f25b0
004f25c8	Label	s_Loading_%s_004f25c8
004f25d8	Label	s_Loading_%s_004f25d8
004f25ec	Label	s_footbar1.raw_004f25ec
004f25fc	Label	s_mui_menu_exit_back_to_here..._004f25fc
004f261c	Label	s_footbar2.raw_004f261c
004f262c	Label	s_This_record_will_be_deleted_004f262c
004f2648	Label	s_A_confirm_004f2648
004f2654	Label	s_B_cancel_004f2654
004f2660	Label	DAT_004f2660
004f267c	Label	DAT_004f267c
004f2688	Label	DAT_004f2688
004f2694	Label	s_footbar3.raw_004f2694
004f26a4	Label	s_%s:%s_004f26a4
004f26ac	Label	DAT_004f26ac
004f26b0	Label	s_root_path:%s_004f26b0
004f26c0	Label	s_main_menu_004f26c0
004f26cc	Label	DAT_004f26cc
004f26d4	Label	DAT_004f26d4
004f26d8	Label	DAT_004f26d8
004f26dc	Label	DAT_004f26dc
004f26e0	Label	DAT_004f26e0
004f26e4	Label	DAT_004f26e4
004f26e8	Label	DAT_004f26e8
004f26ec	Label	DAT_004f26ec
004f26f0	Label	DAT_004f26f0
004f26f4	Label	s_ATARI_004f26f4
004f26fc	Label	PTR_DAT_004f26fc
004f2700	Label	DAT_004f2700
004f2704	Label	DAT_004f2704
004f270c	Label	DAT_004f270c
004f2710	Label	DAT_004f2710
004f2714	Label	DAT_004f2714
004f2718	Label	DAT_004f2718
004f271c	Label	DAT_004f271c
004f2720	Label	DAT_004f2720
004f2724	Label	DAT_004f2724
004f2728	Label	DAT_004f2728
004f272c	Label	DAT_004f272c
004f2760	Label	DAT_004f2760
004f2850	Label	switchD_00431630::switchdataD_004f2850
004f2854	Label	UINT_004f2854
004f2874	Label	DAT_004f2874
004f2878	Label	DAT_004f2878
004f287c	Label	DAT_004f287c
004f2880	Label	DAT_004f2880
004f2884	Label	DAT_004f2884
004f2888	Label	DAT_004f2888
004f288c	Label	DAT_004f288c
004f2890	Label	DAT_004f2890
004f2894	Label	DAT_004f2894
004f28d4	Label	DAT_004f28d4
004f2934	Label	DAT_004f2934
004f2994	Label	DAT_004f2994
004f29f4	Label	DAT_004f29f4
004f2a54	Label	DAT_004f2a54
004f2ab4	Label	DAT_004f2ab4
004f2ab8	Label	DAT_004f2ab8
004f2abc	Label	DAT_004f2abc
004f2ac0	Label	DAT_004f2ac0
004f2b64	Label	DAT_004f2b64
004f2cd0	Label	DAT_004f2cd0
004f2cd4	Label	s_gpsp_unzip:%s_to_%x_004f2cd4
004f2cec	Label	s_Open_ZIP_file_ok_004f2cec
004f2d00	Label	s_UnzipItem_success!_004f2d00
004f2d14	Label	s_UnzipItem_failed_004f2d14
004f2d28	Label	s_RETRO_ENVIRONMENT_SET_PIXEL_FORM_004f2d28
004f2d50	Label	s_RETRO_ENVIRONMENT_GET_LOG_INTERF_004f2d50
004f2d78	Label	s_RETRO_ENVIRONMENT_GET_VARIABLE:k_004f2d78
004f2da0	Label	s_RETRO_ENVIRONMENT_GET_VARIABLE:v_004f2da0
004f2dcc	Label	s_retro_set_poplepos_steering_004f2dcc
004f2de8	Label	s_MaxPort:%d_004f2de8
004f2df4	Label	s_%.02f_%.02f_004f2df4
004f2e00	Label	s_Load_Proc1_with_core_%s_004f2e00
004f2e1c	Label	s_retro_set_video_refresh_004f2e1c
004f2e34	Label	s_retro_set_audio_sample_batch_004f2e34
004f2e54	Label	s_retro_set_input_state_004f2e54
004f2e6c	Label	s_retro_set_environment_004f2e6c
004f2e84	Label	s_retro_set_input_poll_004f2e84
004f2e9c	Label	s_retro_init_004f2e9c
004f2ea8	Label	s_open_%s_fail,%s_004f2ea8
004f2ebc	Label	s_retro_get_region_004f2ebc
004f2ed0	Label	s_pal_ntsc:%d_004f2ed0
004f2ee0	Label	s_retro_run_004f2ee0
004f2eec	Label	s_SetFrameSkip_004f2eec
004f2efc	Label	s_find_retro_get_region_process_fa_004f2efc
004f2f24	Label	s_find__SetFrameSkip_process_004f2f24
004f2f40	Label	s_retro_unload_game_004f2f40
004f2f54	Label	s_retro_deinit_004f2f54
004f2f64	Label	s_%s/cores/libemu_sfc.so_004f2f64
004f2f7c	Label	s_Loading_%s_..._004f2f7c
004f2f90	Label	s_retro_load_game_004f2f90
004f2fa0	Label	s_find_retro_load_game_process_fai_004f2fa0
004f301c	Label	s_Malloc_called_too_many_times!_004f301c
004f303c	Label	s_Free_error_%x_004f303c
004f304c	Label	s_mem_deinit_%d,%d_004f304c
004f3060	Label	s_%s/cores/%s_004f3060
004f306c	Label	s_retro_is_support_004f306c
004f3080	Label	s_retro_set_progress_callback_004f3080
004f309c	Label	s_use_%s_to_run_%s_004f309c
004f30b0	Label	s_%s_unsupport._004f30b0
004f30c0	Label	s_libemu_neogeo.so_004f30c0
004f30d4	Label	s_libemu_capcom.so_004f30d4
004f30e8	Label	s_libemu_pgm.so_004f30e8
004f30f8	Label	s_libemu_cps2.so_004f30f8
004f3108	Label	s_libemu_extend.so_004f3108
004f311c	Label	s_libemu_fbalpha.so_004f311c
004f3130	Label	s_libemu_fbalpha2012.so_004f3130
004f3148	Label	s_libemu_mame2000.so_004f3148
004f315c	Label	s_libemu_fba.so_004f315c
004f316c	Label	s_with_cores:%s_004f316c
004f317c	Label	s_%s/cores/%s.cfg_004f317c
004f318c	Label	s_%scores/%s_004f318c
004f3198	Label	s_unsupport_this_game_rom_004f3198
004f31b4	Label	s_support_this_game_rom_004f31b4
004f31cc	Label	s_retro_set_controller_port_device_004f31cc
004f31f0	Label	s_device0_type_004f31f0
004f31f8	Label	s_type_004f31f8
004f3200	Label	s_device1_type_004f3200
004f3210	Label	s_find_retro_set_controller_port_d_004f3210
004f3248	Label	s_retcode:%d_004f3248
004f3254	Label	DAT_004f3254
004f325c	Label	s_%s/cores/libemu_gpsp.so_004f325c
004f3274	Label	s_retro_set_unzip_004f3274
004f3284	Label	s_run_game_%s,%s_004f3284
004f3294	Label	s_Load_FBA_game:_%s_..._004f3294
004f32ac	Label	s_Exit_FBA_back_to_here..._004f32ac
004f32c8	Label	s_/MAME/_004f32c8
004f32d0	Label	s_UnzipItem_to_ZIP_BUF_ZIP_BUF_SIZ_004f32d0
004f32f8	Label	s_/game.cfg_004f32f8
004f32fc	Label	s_e.cfg_004f32fc
004f3300	Label	s_g_004f3300
004f3301	Label	s__004f3301
004f3304	Label	s_autorun_%s_%s_004f3304
004f3314	Label	s_Loading_nes_%s_..._004f3314
004f332c	Label	s_%s/cores/libemu_nes.so_004f332c
004f3344	Label	s_Loading_%s_..._004f3344
004f33d0	Label	s_retro_serialize_size_004f33d0
004f33e8	Label	s_find_retro_serialize_size_proces_004f33e8
004f3414	Label	s_retro_serialize_004f3414
004f3424	Label	s_retro_save_state:%s_004f3424
004f343c	Label	s_find_retro_serialize_process_fai_004f343c
004f3460	Label	s_retro_unserialize_004f3460
004f3474	Label	s_find_retro_unserialize_process_f_004f3474
004f34a0	Label	PS_index
004f34b8	Label	FBA_index
004f34d0	Label	PCE_index
004f34e8	Label	GBA_index
004f3500	Label	SNES_index
004f3518	Label	MD_index
004f3530	Label	STD_index
004f3534	Label	DAT_004f3534
004f3538	Label	DAT_004f3538
004f353c	Label	DAT_004f353c
004f3548	Label	joy_key_mask
004f354c	Label	joy_key_mask[4]
004f3568	Label	joy_key_mask[32]
004f3574	Label	joy_key_mask[44]
004f3588	Label	asc2_1608
004f3b80	Label	DAT_004f3b80
004f3b88	Label	DAT_004f3b88
004f3b8c	Label	DAT_004f3b8c
004f3b90	Label	DAT_004f3b90
004f3ba0	Label	xmp3_sfBandTable
004f3e3c	Label	xmp3_slotTab
004f3f4c	Label	xmp3_sideBytesTab
004f3f60	Label	xmp3_samplesPerFrameTab
004f3f64	Label	xmp3_samplesPerFrameTab[4]
004f3f74	Label	xmp3_bitrateTab
004f4084	Label	xmp3_samplerateTab
004f40b0	Label	DAT_004f40b0
004f40b1	Label	DAT_004f40b1
004f40b2	Label	DAT_004f40b2
004f40b3	Label	DAT_004f40b3
004f40f8	Label	DAT_004f40f8
004f40f9	Label	DAT_004f40f9
004f4120	Label	xmp3_polyCoef
004f45bc	Label	xmp3_csa
004f45c0	Label	DAT_004f45c0
004f45c4	Label	DAT_004f45c4
004f45c8	Label	DAT_004f45c8
004f45cc	Label	DAT_004f45cc
004f45d0	Label	DAT_004f45d0
004f45d4	Label	DAT_004f45d4
004f45d8	Label	DAT_004f45d8
004f45dc	Label	DAT_004f45dc
004f45e0	Label	DAT_004f45e0
004f45e4	Label	DAT_004f45e4
004f45e8	Label	DAT_004f45e8
004f45ec	Label	DAT_004f45ec
004f45f0	Label	DAT_004f45f0
004f45f4	Label	DAT_004f45f4
004f45f8	Label	DAT_004f45f8
004f4604	Label	xmp3_ISFIIP
004f4608	Label	xmp3_ISFIIP[4]
004f4614	Label	xmp3_ISFMpeg2
004f4714	Label	xmp3_ISFMpeg1
004f472c	Label	xmp3_ISFMpeg1[24]
004f474c	Label	xmp3_imdctWin
004f4750	Label	DAT_004f4750
004f478c	Label	DAT_004f478c
004f4790	Label	DAT_004f4790
004f4794	Label	DAT_004f4794
004f4798	Label	DAT_004f4798
004f47d4	Label	DAT_004f47d4
004f47d8	Label	DAT_004f47d8
004f486c	Label	DAT_004f486c
004f4870	Label	DAT_004f4870
004f4874	Label	DAT_004f4874
004f4878	Label	DAT_004f4878
004f487c	Label	DAT_004f487c
004f4880	Label	DAT_004f4880
004f4884	Label	DAT_004f4884
004f4888	Label	DAT_004f4888
004f488c	Label	DAT_004f488c
004f4890	Label	DAT_004f4890
004f4894	Label	DAT_004f4894
004f4898	Label	DAT_004f4898
004f4990	Label	DAT_004f4990
004f4994	Label	DAT_004f4994
004f4998	Label	DAT_004f4998
004f499c	Label	DAT_004f499c
004f49f4	Label	DAT_004f49f4
004f49f8	Label	DAT_004f49f8
004f4a00	Label	xmp3_quadTabMaxBits
004f4a08	Label	xmp3_quadTabOffset
004f4a10	Label	xmp3_quadTable
004f4a60	Label	xmp3_huffTabLookup
004f4a64	Label	xmp3_huffTabLookup[4]
004f4b60	Label	xmp3_huffTabOffset
004f4be0	Label	xmp3_huffTable
004f6d2c	Label	DAT_004f6d2c
004f6d4c	Label	DAT_004f6d4c
004f6d50	Label	DAT_004f6d50
004f6e14	Label	DAT_004f6e14
004f6e18	Label	DAT_004f6e18
004f6e1c	Label	DAT_004f6e1c
004f6f10	Label	DAT_004f6f10
004f6f20	Label	DAT_004f6f20
004f6f21	Label	DAT_004f6f21
004f6fb8	Label	DAT_004f6fb8
004f6fbc	Label	DAT_004f6fbc
004f6fc0	Label	DAT_004f6fc0
004f6fc4	Label	DAT_004f6fc4
004f6fc8	Label	DAT_004f6fc8
004f6fcc	Label	DAT_004f6fcc
004f7000	Label	s_Unable_to_allocate_memory_for_at_004f7000
004f705c	Label	PTR_DAT_004f705c
004f7060	Label	DAT_004f7060
004f7064	Label	DAT_004f7064
004f7068	Label	DAT_004f7068
004f7070	Label	s_AElig_004f7070
004f7400	Label	s_r_004f7400
004f740c	Label	s_icirc_004f740c
004f762c	Label	DAT_004f762c
004f7794	Label	s_Bad_control_character_0x%02x_not_004f7794
004f77d0	Label	s_Invalid_UTF-8_sequence_for_chara_004f77d0
004f7800	Label	DAT_004f7800
004f7808	Label	s_Entity_name_too_long_under_paren_004f7808
004f7830	Label	s_Character_entity_"%s"_not_termin_004f7830
004f7868	Label	s_Entity_name_"%s;"_not_supported_u_004f7868
004f789c	Label	s_Bad_control_character_0x%02x_und_004f789c
004f78e8	Label	s_Unable_to_expand_string_buffer_t_004f78e8
004f7914	Label	s_integer_004f7914
004f791c	Label	s_(null)_004f791c
004f7924	Label	s_Unable_to_allocate_string_buffer_004f7924
004f7948	Label	s_Bad_custom_value_'%s'_in_parent_<_004f7948
004f7970	Label	s_Bad_%s_value_'%s'_in_parent_<%s>_004f7970
004f7994	Label	s_Unable_to_add_value_node_of_type_004f7994
004f79c8	Label	s_Bare_<_in_element!_004f79c8
004f79dc	Label	DAT_004f79dc
004f79e0	Label	s_![CDATA[_004f79e0
004f79ec	Label	s_<%s>_cannot_be_a_second_root_nod_004f79ec
004f7a14	Label	s_<%s>_004f7a14
004f7a1c	Label	s_Unable_to_add_comment_node_to_pa_004f7a1c
004f7a48	Label	DAT_004f7a48
004f7a4c	Label	s_Unable_to_add_CDATA_node_to_pare_004f7a4c
004f7a78	Label	s_Unable_to_add_processing_instruc_004f7a78
004f7ab4	Label	s_Unable_to_add_declaration_node_t_004f7ab4
004f7ae4	Label	s_Mismatched_close_tag_<%s>_under_p_004f7ae4
004f7b14	Label	s_Unable_to_add_element_node_to_pa_004f7b14
004f7b40	Label	s_Unable_to_allocate_memory_for_na_004f7b40
004f7b64	Label	s_Unable_to_allocate_memory_for_va_004f7b64
004f7b8c	Label	s_Expected_'>'_after_'%c'_for_elem_004f7b8c
004f7bc4	Label	s_Bare_<_in_element_%s!_004f7bc4
004f7bdc	Label	s_Missing_value_for_attribute_'%s'_004f7bdc
004f7c0c	Label	s_Expected_>_but_got_'%c'_instead_f_004f7c0c
004f7c40	Label	s_Missing_close_tag_</%s>_under_pa_004f7c40
004f7c6c	Label	s_Early_EOF_in_comment_node!_004f7c6c
004f7c88	Label	s_Early_EOF_in_CDATA_node!_004f7c88
004f7ca4	Label	s_Early_EOF_in_processing_instruct_004f7ca4
004f7cd0	Label	s_Early_EOF_in_declaration_node!_004f7cd0
004f7cf0	Label	DAT_004f7cf0
004f7cf4	Label	s_MXML_ELEMENT_004f7cf4
004f7d04	Label	s_MXML_INTEGER_004f7d04
004f7d14	Label	s_MXML_OPAQUE_004f7d14
004f7d20	Label	s_MXML_REAL_004f7d20
004f7d2c	Label	s_MXML_TEXT_004f7d2c
004f7d38	Label	s_MXML_CUSTOM_004f7d38
004f7d50	Label	switchD_0043fb30::switchdataD_004f7d50
004f7d68	Label	switchD_004419e8::switchdataD_004f7d68
004f7d80	Label	s_![CDATA[%s]]_004f7d80
004f7db8	Label	s_mxml:_%s_004f7db8
004f7dc4	Label	DAT_004f7dc4
004f7dc8	Label	s_PS-X_EXE_004f7dc8
004f7dd8	Label	s_Error:_NULL_ptr_or_empty_filenam_004f7dd8
004f7e10	Label	s_Error_returned_from_gzdopen()_004f7e10
004f7e30	Label	s_Error_in_%s()_opening_file_%s_004f7e30
004f7e50	Label	s_SYSTEM.CNF;1_004f7e50
004f7e60	Label	DAT_004f7e60
004f7e64	Label	DAT_004f7e64
004f7e68	Label	DAT_004f7e68
004f7e6c	Label	s_BOOT_=_cdrom:\%255s_004f7e6c
004f7e80	Label	s_BOOT_=_cdrom:%255s_004f7e80
004f7e94	Label	s_cdrom:_004f7e94
004f7e9c	Label	s_cdrom:\%255s_004f7e9c
004f7eac	Label	s_CD-ROM_Label:_%.32s_004f7eac
004f7ec4	Label	s_CD-ROM_ID:_%.9s_004f7ec4
004f7ed8	Label	s_CD-ROM_EXE_Name:_%.255s_004f7ed8
004f7ef4	Label	DAT_004f7ef4
004f7ef8	Label	DAT_004f7ef8
004f7efc	Label	DAT_004f7efc
004f7f00	Label	DAT_004f7f00
004f7f04	Label	DAT_004f7f04
004f7f08	Label	DAT_004f7f08
004f7f0a	Label	DAT_004f7f0a
004f7f0c	Label	s_Error_opening_file:_%s._004f7f0c
004f7f28	Label	s_%s/libps.exe_004f7f28
004f7f38	Label	s_Error_reading_PSX_EXE_executable_004f7f38
004f7f60	Label	s_Error_reading_CPE_EXE_executable_004f7f60
004f7f88	Label	s_Unknown_CPE_opcode_%02x_at_posit_004f7f88
004f7fb4	Label	s_COFF_files_not_supported._004f7fb4
004f7fd0	Label	s_This_file_does_not_appear_to_be_a_004f7fd0
004f8004	Label	s_Error_opening_savestate_file_for_004f8004
004f8034	Label	s_Warning:_could_not_allocate_memo_004f8034
004f8070	Label	s_Error_in_SaveState()_writing_fil_004f8070
004f8098	Label	s_..out_of_RAM_or_no_free_space_le_004f8098
004f80cc	Label	s_Error_opening_savestate_file_for_004f80cc
004f80fc	Label	s_Warning:_using_buggy_older_saves_004f80fc
004f813c	Label	s_Error_in_LoadState()_loading_fil_004f813c
004f8164	Label	s_STv4_PCSX_004f8164
004f82ac	Label	s_zlib_open_004f82ac
004f82b8	Label	DAT_004f82b8
004f82bc	Label	s_STv4_PCSX_v1.9_004f82bc
004f82dc	Label	DAT_004f82dc
004f82e0	Label	DAT_004f82e0
004f8300	Label	DAT_004f8300
004f8304	Label	PTR_DAT_004f8304
004f8320	Label	s_Error_allocating_memory!_004f8320
004f833c	Label	s_Could_not_open_BIOS_directory:_"_004f833c
004f8378	Label	s_Error:_skipping_empty_BIOS_file_%_004f8378
004f83a0	Label	s_Warning:_size_of_BIOS_file_%s_is_004f83a0
004f83dc	Label	s_Expected_%zu_bytes_and_got_only_%_004f83dc
004f8404	Label	s_Loaded_BIOS_image:_%s_004f8404
004f841c	Label	s_Could_not_locate_BIOS:_"%s"._Ena_004f841c
004f8450	Label	s_Using_HLE_emulated_BIOS_function_004f8450
004f8490	Label	DAT_004f8490
004f8498	Label	DAT_004f8498
004f84a0	Label	DAT_004f84a0
004f84a4	Label	DAT_004f84a4
004f84a8	Label	DAT_004f84a8
004f84ac	Label	DAT_004f84ac
004f84b0	Label	DAT_004f84b0
004f84b4	Label	DAT_004f84b4
004f84b8	Label	DAT_004f84b8
004f84bc	Label	DAT_004f84bc
004f84c0	Label	DAT_004f84c0
004f84c4	Label	DAT_004f84c4
004f85c8	Label	DAT_004f85c8
004f85cc	Label	DAT_004f85cc
004f85d0	Label	DAT_004f85d0
004f85d4	Label	DAT_004f85d4
004f85d8	Label	DAT_004f85d8
004f85dc	Label	DAT_004f85dc
004f85e0	Label	DAT_004f85e0
004f85e4	Label	DAT_004f85e4
004f85e8	Label	DAT_004f85e8
004f85ec	Label	DAT_004f85ec
004f86d0	Label	switchD_0044c598::switchdataD_004f86d0
004f8820	Label	DAT_004f8820
00500000	Label	DAT_00500000
0050495a	Label	DAT_0050495a
00504b42	Label	DAT_00504b42
00504e10	Label	DAT_00504e10
005060a0	Label	s_malloc_%x,%x:_Out_of_memory_erro_005060a0
005060c4	Label	DAT_005060c4
005060c8	Label	DAT_005060c8
005060cc	Label	s_bu10:_005060cc
005060d4	Label	DAT_005060d4
005060dc	Label	DAT_005060dc
005060e8	Label	DAT_005060e8
005060f4	Label	DAT_005060f4
005060f8	Label	s_%3ux%3ux%s_CPU=%3u%%_FPS=%3u/%u_005060f8
00506118	Label	s_000x000x00_CPU=000%%_FPS=000/00_00506118
00506138	Label	DAT_00506138
0050613c	Label	DAT_0050613c
00506140	Label	s_Warning:_unrecognized_hres_%d_in_00506140
00506170	Label	s_pl_screenshot_160x120_rgb565_00506170
00506194	Label	DAT_00506194
00506290	Label	DAT_00506290
00506294	Label	DAT_00506294
00506390	Label	s_sector_%d_is_past_img_end_00506390
005063ac	Label	s_seek_error_for_block_%d_at_%llx:_005063ac
005063cc	Label	s__005063cc
005063d0	Label	s_block_%d_is_too_large:_%u_005063d0
005063ec	Label	s_read_error_for_block_%d_at_%lx:_005063ec
00506410	Label	s_1.2.11_00506410
00506418	Label	s_uncompress_failed_with_%d_for_bl_00506418
0050644c	Label	s_cdbuffer_size:_%lu_!=_%lu,_secto_0050644c
00506474	Label	s_src/cdriso.c_00506474
00506484	Label	s_cdHandle_==_((void_*)0)_00506484
0050649c	Label	s_Error_reading_mixed_subchannel_i_0050649c
005064d8	Label	DAT_005064d8
005064dc	Label	DAT_005064dc
005064e0	Label	DAT_005064e0
005064e4	Label	DAT_005064e4
005064e8	Label	s_.toc.bin_005064e8
005064f4	Label	s_TRACK_005064f4
005064fc	Label	DAT_005064fc
00506504	Label	s_Warning:_.CUE_file_is_really_a_._00506504
00506544	Label	s_MODE2_RAW_00506544
00506550	Label	DAT_00506550
00506554	Label	s_RW_RAW_00506554
0050655c	Label	s_AUDIO_0050655c
00506564	Label	s_DATAFILE_00506564
00506568	Label	s_FILE_00506568
00506570	Label	s_DATAFILE_"%[^"]"_#%d_%8s_00506570
0050658c	Label	s_DATAFILE_"%[^"]"_%8s_0050658c
005065a4	Label	s_FILE_"%[^"]"_#%d_%8s_%8s_005065a4
005065c0	Label	DAT_005065c0
005065c8	Label	s_SILENCE_005065c8
005065d0	Label	s_Error_reading_.TOC_file_%s_005065d0
005065f8	Label	s_Could't_open_'%s'_for_reading:_%_005065f8
0050661c	Label	s_Loaded_CD_Image:_%s_0050661c
00506630	Label	s_[+toc]_00506630
00506638	Label	DAT_00506638
0050663c	Label	DAT_0050663c
00506640	Label	s_[TRACK_00506640
00506648	Label	s_MODE=_00506648
00506650	Label	s_MODE=%d_00506650
00506658	Label	s_INDEX_1=_00506658
00506664	Label	s_INDEX_1=%d_00506664
00506670	Label	s_[+ccd]_00506670
00506678	Label	s_Error_reading_.CCD_file_%s_00506678
00506698	Label	DAT_00506698
0050669c	Label	DAT_0050669c
005066a0	Label	s_Error:_%s_is_not_a_valid_.MDS_fi_005066a0
005066c8	Label	s_[+mds]_005066c8
005066d0	Label	s_Error_reading_.MDS_file_%s_005066d0
005066f0	Label	s_TRACK_%u_MODE%u/%u_005066f0
00506704	Label	s_.cue:_failed_to_parse_TRACK_00506704
00506720	Label	s_INDEX_00506720
00506728	Label	s_INDEX_%02d_%8s_00506728
00506738	Label	s_.cue:_failed_to_parse_INDEX_00506738
00506754	Label	s_PREGAP_00506754
0050675c	Label	s_PREGAP_%8s_0050675c
00506768	Label	s_FILE_"%255[^"]"_00506768
0050677c	Label	s_FILE_%255s_0050677c
00506788	Label	s_could_not_open:_%s_00506788
005067a0	Label	s_Error_reading_.CUE_file_%s_005067a0
005067c0	Label	s_[+cue]_005067c0
005067c8	Label	DAT_005067c8
005067d0	Label	DAT_005067d0
005067d8	Label	s_failed_to_read_pbp_005067d8
005067ec	Label	s_failed_to_seek_to_%x_005067ec
00506804	Label	s_failed_to_read_sig_(1)_00506804
0050681c	Label	s_PSTITLEIMG_0050681c
00506828	Label	s_failed_to_read_offsettab_00506828
00506844	Label	s_failed_to_seek_to_%llx_00506844
0050685c	Label	s_failed_to_read_sig_(2)_0050685c
00506874	Label	s_PSISOIMG00_00506874
00506880	Label	s_bad_psar_sig:_%s_00506880
00506894	Label	s_failed_reading_first_toc_entry_00506894
005068b4	Label	s_failed_reading_second_toc_entry_005068b4
005068d4	Label	s_failed_reading_toc_entry_for_tra_005068d4
005068fc	Label	s_failed_to_seek_to_ISO_index_005068fc
00506918	Label	s_failed_to_read_index_entry_#%d_00506918
00506938	Label	s_[pbp]_00506938
00506940	Label	DAT_00506940
00506948	Label	s_.cbin_00506948
00506950	Label	s_failed_to_read_ciso_header_00506950
0050696c	Label	DAT_0050696c
00506974	Label	s_bad_ciso_header_00506974
00506984	Label	s_failed_to_read_index_table_00506984
005069a0	Label	DAT_005069a0
005069a4	Label	DAT_005069a4
005069a8	Label	DAT_005069a8
005069ac	Label	DAT_005069ac
005069b0	Label	s_[+sbi]_005069b0
005069b8	Label	s_[2048]_005069b8
005069c0	Label	s_Loading_multi-CD_image_%d_of_%d._005069c0
005069e4	Label	s_Track_%.2d_(%s)_-_Start_%.2d:%.2_005069e4
00506a24	Label	s_[cbin]_00506a24
00506a2c	Label	s_[+sub]_00506a2c
00506a34	Label	s_ERROR:_multidisk_eboot_has_0_ima_00506a34
00506a5c	Label	s_subHandle_==_((void_*)0)_00506a5c
00506a78	Label	s_Error_reading_subchannel_info_in_00506a78
00506aac	Label	DAT_00506aac
00506ad0	Label	s_CDR_init_00506ad0
00506adc	Label	PTR_s_.bin_00506adc
00506ae0	Label	PTR_DAT_00506ae0
00506af0	Label	switchD_0045db00::switchdataD_00506af0
00506f6c	Label	switchD_0045ef70::switchdataD_00506f6c
00506fe0	Label	DAT_00506fe0
005071e0	Label	s_cdrom:_fixing_up_old_savestate_005071e0
00507200	Label	s_Looking_for_patch_%s_00507200
00507218	Label	s_Invalid_PPF_patch_file_(header_m_00507218
00507240	Label	s_._00507240
00507244	Label	DAT_00507244
0050724c	Label	s_Unsupported_PPF_version_(%d)._0050724c
0050726c	Label	s_Loaded_PPF_%d.0_patch:_%s._0050726c
00507288	Label	s_Error_reading_patch_file_%s_in_B_00507288
005072bc	Label	s_SBI_sector_%d_>=_%d?_005072bc
005072d4	Label	s_Error_reading_file_%s_in_LoadSBI_005072d4
005072fc	Label	s_Error_in_%s():_memcard_%d,_adr_%_005072fc
00507344	Label	s_Error_in_%s():_memcard_%d,_adr_%_00507344
00507394	Label	s_Adjusted_size_to_within_128KB_ra_00507394
005073c0	Label	s_Error_in_%s()_writing_memcard_fi_005073c0
005073e8	Label	s_Error:_NULL_or_empty_filename_pa_005073e8
00507418	Label	s_Error_in_%s()_creating_memcard_f_00507418
00507444	Label	s_%s():_NULL_filename_param,_memca_00507444
00507480	Label	s_memcards/card%d.mcd_00507480
00507494	Label	s_No_memory_card_value_was_specifi_00507494
005074d8	Label	s_The_memory_card_%s_doesn't_exist_005074d8
00507508	Label	s_Error_in_%s():_Creating_memcard_f_00507508
00507538	Label	s_Maybe_file_already_exists_and_fi_00507538
00507578	Label	s_Memcard_slot_%d_is_now_empty._00507578
00507598	Label	s_Loading_memory_card_%s_00507598
005075ac	Label	s_%s_005075ac
005075b0	Label	s_Detected_Connectix_VGS_memcard_f_005075b0
005075d8	Label	s_Error_seeking_to_position_64_(VG_005075d8
00507608	Label	s_Detected_DexDrive_memcard_format_00507608
0050762c	Label	s_Error_seeking_to_position_3904_(_0050762c
00507664	Label	s_Warning:_unknown_memcard_format_(_00507664
00507700	Label	s_Warning:_fstat()_file_size_check_00507700
00507728	Label	s_Error_reading_data_from_memory_c_00507728
00507754	Label	s_Wanted_%zu_bytes_and_got_%zu_00507754
00507774	Label	s_Error_in_%s():_00507774
00507784	Label	s_Error_reading_memcard_file_%s_00507784
005077a4	Label	s_Converted_memcard_file_to_native_005077a4
005077d4	Label	s_Error_converting_memcard_file_005077d4
005077f4	Label	s_Maybe_file/folder_lacks_write_pe_005077f4
00507820	Label	s_Error_opening_memcard_file_%s_00507820
00507840	Label	s_Error_in_%s()_writing_to_memcard_00507840
00507868	Label	s_Error_writing_to_memcard_file_%s_00507868
00507890	Label	switchD_00460b28::switchdataD_00507890
005078a8	Label	switchD_00461210::switchdataD_005078a8
005078c0	Label	switchD_00461240::switchdataD_005078c0
005078d8	Label	switchD_00461f3c::switchdataD_005078d8
005078f0	Label	switchD_00461f6c::switchdataD_005078f0
00507908	Label	s_SaveMcd_00507908
00507910	Label	s_LoadMcd_00507910
00507918	Label	s_CreateMcd_00507918
00507924	Label	s_FlushMcd_00507924
00507930	Label	s_sioMcdRead_00507930
0050793c	Label	s_sioMcdWrite_0050793c
00507950	Label	switchD_00464ea4::switchdataD_00507950
0050797c	Label	DAT_0050797c
00507980	Label	DAT_00507980
00507984	Label	DAT_00507984
00507988	Label	DAT_00507988
0050798c	Label	DAT_0050798c
00507990	Label	DAT_00507990
00507994	Label	DAT_00507994
00507998	Label	DAT_00507998
0050799c	Label	DAT_0050799c
005079a0	Label	DAT_005079a0
005079b0	Label	switchD_00465324::switchdataD_005079b0
005079d0	Label	switchD_00465528::switchdataD_005079d0
00507b50	Label	switchD_00465fd0::switchdataD_00507b50
00507b74	Label	switchD_00466d24::switchdataD_00507b74
00507b98	Label	DAT_00507b98
00507ba0	Label	DAT_00507ba0
00507bb0	Label	s_allocate_vram_00507bb0
00507bc0	Label	DAT_00507bc0
00507cc0	Label	s_%s(%d)_calloc_vram_ptr_orig:%d_00507cc0
00507ce0	Label	s_could_not_allocate_vram,_expect_c_00507ce0
00507d0c	Label	s_ERROR:_could_not_allocate_VRAM,_e_00507d0c
00507d40	Label	DAT_00507d40
00507d44	Label	DAT_00507d44
00507dc0	Label	DAT_00507dc0
00507dc2	Label	DAT_00507dc2
00507dc4	Label	DAT_00507dc4
00507dc6	Label	DAT_00507dc6
005085c0	Label	s_%s/pcsx4all.cfg_005085c0
005085d0	Label	s_Failed_to_open_config_file:_"%s"_005085d0
00508600	Label	s_CONFIG_VERSION_00508600
00508610	Label	s_Incompatible_config_version_for_"_00508610
0050865c	Label	s_Incompatible_config_format_for_"_0050865c
0050868c	Label	DAT_0050868c
00508694	Label	s_PsxAuto_00508694
0050869c	Label	DAT_0050869c
005086a4	Label	s_RCntFix_005086a4
005086ac	Label	s_VSyncWA_005086ac
005086b4	Label	s_PsxType_005086b4
005086bc	Label	s_SpuIrq_005086bc
005086c4	Label	s_SyncAudio_005086c4
005086d0	Label	s_SpuUpdateFreq_005086d0
005086e0	Label	s_ForcedXAUpdates_005086e0
005086f0	Label	s_ShowFps_005086f0
005086f8	Label	s_FrameLimit_005086f8
00508704	Label	s_FrameSkip_00508704
00508710	Label	s_AnalogArrow_00508710
0050871c	Label	s_Analog_Mode_0050871c
00508728	Label	s_SpuUseInterpolation_00508728
0050873c	Label	s_SpuUseReverb_0050873c
0050874c	Label	s_SpuVolume_0050874c
00508758	Label	s_LastDir_00508758
00508760	Label	s_BiosDir_00508760
00508768	Label	DAT_00508768
00508770	Label	s_CycleMultiplier_00508770
00508780	Label	DAT_00508780
00508788	Label	s_clip_368_00508788
00508794	Label	s_lighting_00508794
005087a0	Label	s_fast_lighting_005087a0
005087b0	Label	s_blending_005087b0
005087bc	Label	s_dithering_005087bc
005087c8	Label	s_interlace_005087c8
005089b0	Label	s_%s/%s.%d.sav_005089b0
005089c0	Label	s_want_to_exit_005089c0
005089d0	Label	s_%scores/.pcsx4all_005089d0
005089e4	Label	s_%s/sstates_005089e4
005089e8	Label	s_states_005089e8
005089f0	Label	s_%s/memcards_005089f0
005089fc	Label	s_%s/bios_005089fc
00508a04	Label	s_%s/patches_00508a04
00508a10	Label	s_mcd001.mcr_00508a10
00508a1c	Label	s_mcd002.mcr_00508a1c
00508a28	Label	s_scph1001.bin_00508a28
00508a2c	Label	s_1001.bin_00508a2c
00508a30	Label	s_.bin_00508a30
00508a34	Label	s__00508a34
00508a38	Label	s_PSX_emulator_couldn't_be_initial_00508a38
00508a60	Label	s_Failed_loading_plugins._00508a60
00508a78	Label	s_Failed_checking_ISO_image._00508a78
00508a94	Label	s_Running_ISO_image:_%s._00508a94
00508aac	Label	s_Failed_loading_ISO_image._00508aac
00508ac8	Label	s_Failed_loading_executable._00508ac8
00508ae4	Label	s_Running_executable:_%s._00508ae4
00508b00	Label	s_Running_BIOS._00508b00
00508b10	Label	DAT_00508b10
00508b14	Label	DAT_00508b14
00508b18	Label	DAT_00508b18
00508b1c	Label	DAT_00508b1c
00508b20	Label	DAT_00508b20
00508b24	Label	DAT_00508b24
00508b28	Label	DAT_00508b28
00508b2c	Label	DAT_00508b2c
00508f50	Label	s_SLPS02124_00508f50
00508f5c	Label	s_SLPS03503_00508f5c
00508f70	Label	s_SCES01564_00508f70
00508f7a	Label	s_SCES02031_00508f7a
00509010	Label	s_SLES00613_00509010
0050901a	Label	s_SLED00690_0050901a
00509060	Label	s_SCPS45183_00509060
0050906a	Label	s_SCPS45183_0050906a
00509160	Label	s_FPS:_%6.1f_CPU:_%6.1f%%_00509160
0050917c	Label	s_FPS_min:_%6.1f_max:_%6.1f_avg:_%_0050917c
005091a4	Label	s_CPU_min:_%6.1f%%_max:_%6.1f%%_av_005091a4
005091d0	Label	DAT_005091d0
005091d4	Label	DAT_005091d4
005091d8	Label	DAT_005091d8
005091dc	Label	DAT_005091dc
005091e0	Label	DAT_005091e0
005091e1	Label	DAT_005091e1
005091e4	Label	s_selected_sound_output_driver:_%s_005091e4
00509208	Label	s_the_impossible_happened_00509208
00509220	Label	DAT_00509220
00509230	Label	switchD_00470afc::switchdataD_00509230
0050926c	Label	switchD_00470b60::switchdataD_0050926c
00509458	Label	DAT_00509458
00509480	Label	PTR_DAT_00509480
00509484	Label	s_Feb_14_2024_00509484
00509490	Label	DAT_00509490
00509494	Label	s_Running_PCSX_Version_%s_(%s)._00509494
005094b4	Label	s_%s:%d_%d_005094b4
005094c0	Label	s_%s:%d_005094c0
005094d0	Label	s_psxInit_005094d0
005094e0	Label	s_ERROR:_SPU_plugin_'spu_pcsxrearm_005094e0
00509530	Label	s_ERROR_initializing_SPU_plugin_'s_00509530
00509560	Label	s_ERROR_opening_audio_backend_for_S_00509560
00509598	Label	s_->_SPU_plugin_'spu_pcsxrearmed'_i_00509598
005095d4	Label	s_simple_005095d4
005095dc	Label	s_gaussian_005095dc
005095e8	Label	s_cubic_005095e8
005095f0	Label	s_src/plugins.c_005095f0
00509600	Label	s_spu_config.iUseInterpolation_>=_0_00509600
00509648	Label	s_->_SPU_plugin_using_configuratio_00509648
00509770	Label	s_->_WARNING:_'-silent'_option_in_e_00509770
005097c0	Label	s_Error_initializing_CD-ROM_plugin_005097c0
005097e8	Label	s_Error_initializing_GPU_plugin:_%_005097e8
0050980c	Label	s_Error_initializing_SPU_plugin:_%_0050980c
00509830	Label	s_Error_opening_CD-ROM:_%s_00509830
0050984c	Label	s_Plugins_loaded._0050984c
00509860	Label	s_SPU_init_00509860
00509870	Label	DAT_00509870
00509874	Label	DAT_00509874
00509880	Label	DAT_00509880
00509890	Label	DAT_00509890
005098a0	Label	s_FATAL_ERROR:_unable_to_free_regi_005098a0
005098c8	Label	s_mipsrec:_Shutting_down_005098c8
005098e0	Label	s_Error_in_%s():_regcache_state_ar_005098e0
0050991c	Label	s_Error_in_%s():_regcache_state_ar_0050991c
00509948	Label	s_SCES03886_00509948
00509954	Label	s_SLUS00870_00509954
00509960	Label	s_SCPS10101_00509960
0050996c	Label	s_SCES01979_0050996c
00509978	Label	s_SLES01979_00509978
00509984	Label	s_SCES03404_00509984
00509990	Label	s_SCES03423_00509990
0050999c	Label	s_mipsrec:_Using_Icache_workaround_0050999c
005099ec	Label	s_mipsrec:_Code_cache_size_limit_e_005099ec
00509a2c	Label	s_mipsrec:_Initializing_00509a2c
00509a44	Label	s_WARNING:_Recompiler_is_using_slo_00509a44
00509a88	Label	s_Error_allocating_memory_00509a88
00509aa0	Label	s_WARNING:_Recompiler_is_emitting_s_00509aa0
00509ae4	Label	s_%s():_WARNING:_Unhandled_MFC2_lo_00509ae4
00509b2c	Label	s_ERROR:_unrecognized_opcode_in_%s_00509b2c
00509b54	Label	s_Error_in_%s():_branch_opcode=0x%_00509b54
00509b7c	Label	s_Error_opcode=%08x_00509b7c
00509b90	Label	s_ERROR:_unrecognized_store_opcode_00509b90
00509bbc	Label	s_ERROR:_unrecognized_load_opcode_i_00509bbc
00509bf0	Label	switchD_00475efc::switchdataD_00509bf0
00509c68	Label	s_recMFC2_00509c68
00509c70	Label	s_convertBranchToConditionalMoves_00509c70
00509c90	Label	s_regPopState_00509c90
00509c9c	Label	s_regPushState_00509c9c
00509cac	Label	s_general_loads_stores_00509cac
00509cc4	Label	s_emit_const_hw_load_00509cc4
00509cd8	Label	s_emit_const_hw_store_00509cd8
00509cf0	Label	s_/pcsx4all_psxmem_00509cf0
00509d04	Label	s_ERROR:_%s_expects_system_page_si_00509d04
00509d64	Label	s_Mapping/mirroring_2MB_PSX_RAM_us_00509d64
00509d9c	Label	s_Error_acquiring_POSIX_shared_mem_00509d9c
00509dd0	Label	s_Error_in_call_to_ftruncate(),_co_00509dd0
00509e0c	Label	s_Error:_mmap()_to_%p_of_%uMB_fail_00509e0c
00509e34	Label	s_Error:_creating_1st_mmap()_mirro_00509e34
00509e70	Label	s_Error:_creating_2nd_mmap()_mirro_00509e70
00509eac	Label	s_Error:_creating_3rd_mmap()_mirro_00509eac
00509ee8	Label	s_..mapped_to_%p_00509ee8
00509efc	Label	s_Mapping_8MB_Expansion_ROM_+_64KB_00509efc
00509f3c	Label	s_Error:_mmap()_to_%p_of_%uKB_fail_00509f3c
00509f64	Label	s_ERROR:_Failed_to_map/mirror_PSX_m_00509f64
00509fd8	Label	s_/pcsx4all_recram_00509fd8
00509fec	Label	s_ERROR:_%s_expects_system_page_si_00509fec
0050a04c	Label	s_Mapping/mirroring_%uMB_recRAM_us_0050a04c
0050a084	Label	s_Error_in_call_to_ftruncate(),_co_0050a084
0050a0c0	Label	s_Error:_creating_1st_mmap()_mirro_0050a0c0
0050a0f4	Label	s_Error:_creating_2nd_mmap()_mirro_0050a0f4
0050a128	Label	s_Error:_creating_3rd_mmap()_mirro_0050a128
0050a15c	Label	s_Mapping_%uKB_recROM_using_mmap_0050a15c
0050a17c	Label	s_ERROR:_Failed_to_map/mirror_recR_0050a17c
0050a200	Label	s_rec_mmap_rec_mem_0050a200
0050a214	Label	s_rec_mmap_psx_mem_0050a214
0050a230	Label	switchD_00487a6c::switchdataD_0050a230
0050a2e0	Label	switchD_00487af8::switchdataD_0050a2e0
0050a3cc	Label	switchD_00487bf4::switchdataD_0050a3cc
0050a47c	Label	switchD_00487cc8::switchdataD_0050a47c
0050a568	Label	switchD_00487d80::switchdataD_0050a568
0050a618	Label	s_opcodeGetWrites_0050a618
0050a628	Label	s_opcodeGetReads_0050a628
0050a640	Label	s_Unknown_opcode_in_%s():_%08x_0050a640
0050a6ec	Label	s_res_change_hres:_%d_vres:_%d_dep_0050a6ec
0050a730	Label	switchD_004dcc6c::switchdataD_0050a730
0050aacc	Label	switchD_004dcdbc::switchdataD_0050aacc
0050aae8	Label	DAT_0050aae8
0050ab08	Label	PTR_FUN_0050ab08
0050cb08	Label	PTR_FUN_0050cb08
0050cf88	Label	PTR_FUN_0050cf88
0050d088	Label	DAT_0050d088
0050d090	Label	DAT_0050d090
0050d148	Label	switchD_004e0480::switchdataD_0050d148
0050d1c0	Label	switchD_004e0944::switchdataD_0050d1c0
0050d240	Label	s_hleBootstrap_0050d240
0050d250	Label	s_CdromLabel:_"%s":_PC_=_%8.8x_(SP_0050d250
0050d280	Label	switchD_004e9abc::switchdataD_0050d280
0050d2a0	Label	switchD_004eb0fc::switchdataD_0050d2a0
0050d38c	Label	switchD_004eb1ac::switchdataD_0050d38c
0050d43c	Label	switchD_004eb3a4::switchdataD_0050d43c
0050d528	Label	switchD_004eb56c::switchdataD_0050d528
0050d5d8	Label	switchD_004eb6f4::switchdataD_0050d5d8
0050d600	Label	eh_frame_hdr_0050d600
0050fa7c	Label	cie_0050fa7c
0050fa90	Label	fde_0050fa90
0050faa4	Label	fde_0050faa4
0050fab8	Label	fde_0050fab8
0050facc	Label	fde_0050facc
0050fae0	Label	fde_0050fae0
0050faf4	Label	fde_0050faf4
0050fb08	Label	fde_0050fb08
0050fb1c	Label	fde_0050fb1c
0050fb30	Label	fde_0050fb30
0050fb44	Label	fde_0050fb44
0050fb58	Label	fde_0050fb58
0050fb6c	Label	fde_0050fb6c
0050fb80	Label	fde_0050fb80
0050fb94	Label	fde_0050fb94
0050fba8	Label	fde_0050fba8
0050fbbc	Label	fde_0050fbbc
0050fbd0	Label	fde_0050fbd0
0050fbe4	Label	fde_0050fbe4
0050fbf8	Label	fde_0050fbf8
0050fc0c	Label	fde_0050fc0c
0050fc20	Label	fde_0050fc20
0050fc34	Label	fde_0050fc34
0050fc48	Label	fde_0050fc48
0050fc5c	Label	fde_0050fc5c
0050fc70	Label	fde_0050fc70
0050fc84	Label	fde_0050fc84
0050fc98	Label	fde_0050fc98
0050fcac	Label	fde_0050fcac
0050fcc0	Label	fde_0050fcc0
0050fcd4	Label	fde_0050fcd4
0050fce8	Label	fde_0050fce8
0050fcfc	Label	fde_0050fcfc
0050fd10	Label	fde_0050fd10
0050fd24	Label	fde_0050fd24
0050fd38	Label	fde_0050fd38
0050fd4c	Label	fde_0050fd4c
0050fd60	Label	fde_0050fd60
0050fd74	Label	fde_0050fd74
0050fd88	Label	fde_0050fd88
0050fd9c	Label	fde_0050fd9c
0050fdb0	Label	fde_0050fdb0
0050fdc4	Label	fde_0050fdc4
0050fde0	Label	fde_0050fde0
0050fdfc	Label	fde_0050fdfc
0050fe10	Label	fde_0050fe10
0050fe24	Label	fde_0050fe24
0050fe38	Label	fde_0050fe38
0050fe4c	Label	fde_0050fe4c
0050fe60	Label	fde_0050fe60
0050fe74	Label	fde_0050fe74
0050fe88	Label	fde_0050fe88
0050fe9c	Label	fde_0050fe9c
0050feb0	Label	fde_0050feb0
0050fec4	Label	fde_0050fec4
0050fed8	Label	fde_0050fed8
0050feec	Label	fde_0050feec
0050ff00	Label	fde_0050ff00
0050ff14	Label	fde_0050ff14
0050ff28	Label	fde_0050ff28
0050ff3c	Label	fde_0050ff3c
0050ff50	Label	fde_0050ff50
0050ff64	Label	fde_0050ff64
0050ff78	Label	fde_0050ff78
0050ff8c	Label	fde_0050ff8c
0050ffa0	Label	fde_0050ffa0
0050ffb4	Label	fde_0050ffb4
0050ffc8	Label	fde_0050ffc8
0050ffdc	Label	fde_0050ffdc
0050fff0	Label	fde_0050fff0
00510000	Label	uleb128_00510000
00510018	Label	fde_00510018
0051002c	Label	fde_0051002c
00510040	Label	fde_00510040
00510054	Label	fde_00510054
0051007c	Label	fde_0051007c
00510090	Label	fde_00510090
005100b8	Label	fde_005100b8
005100cc	Label	fde_005100cc
005100f4	Label	fde_005100f4
00510108	Label	fde_00510108
00510138	Label	fde_00510138
0051014c	Label	fde_0051014c
00510174	Label	fde_00510174
00510188	Label	fde_00510188
005101b0	Label	fde_005101b0
005101c4	Label	fde_005101c4
005101ec	Label	fde_005101ec
00510200	Label	fde_00510200
00510214	Label	fde_00510214
00510228	Label	fde_00510228
0051024c	Label	fde_0051024c
00510260	Label	fde_00510260
00510274	Label	fde_00510274
00510288	Label	fde_00510288
005102ac	Label	fde_005102ac
005102c0	Label	fde_005102c0
005102e4	Label	fde_005102e4
005102f8	Label	fde_005102f8
0051031c	Label	fde_0051031c
00510330	Label	fde_00510330
0051035c	Label	fde_0051035c
00510370	Label	fde_00510370
0051039c	Label	fde_0051039c
005103b0	Label	fde_005103b0
005103d4	Label	fde_005103d4
005103e8	Label	fde_005103e8
0051040c	Label	fde_0051040c
00510420	Label	fde_00510420
00510434	Label	fde_00510434
00510448	Label	fde_00510448
0051045c	Label	fde_0051045c
00510470	Label	fde_00510470
00510484	Label	fde_00510484
00510498	Label	fde_00510498
005104ac	Label	fde_005104ac
005104c0	Label	fde_005104c0
005104d4	Label	fde_005104d4
005104e8	Label	fde_005104e8
005104fc	Label	fde_005104fc
00510510	Label	fde_00510510
00510538	Label	fde_00510538
0051054c	Label	fde_0051054c
00510574	Label	fde_00510574
00510588	Label	fde_00510588
0051059c	Label	fde_0051059c
005105b0	Label	fde_005105b0
005105c4	Label	fde_005105c4
005105d8	Label	fde_005105d8
005105ec	Label	fde_005105ec
00510600	Label	fde_00510600
00510624	Label	fde_00510624
00510638	Label	fde_00510638
0051064c	Label	fde_0051064c
00510660	Label	fde_00510660
00510684	Label	fde_00510684
00510698	Label	fde_00510698
005106bc	Label	fde_005106bc
005106d0	Label	fde_005106d0
005106f4	Label	fde_005106f4
00510708	Label	fde_00510708
00510730	Label	fde_00510730
00510744	Label	fde_00510744
0051076c	Label	fde_0051076c
00510780	Label	fde_00510780
005107a4	Label	fde_005107a4
005107b8	Label	fde_005107b8
005107dc	Label	fde_005107dc
005107f0	Label	fde_005107f0
00510804	Label	fde_00510804
00510818	Label	fde_00510818
0051082c	Label	fde_0051082c
00510840	Label	fde_00510840
00510854	Label	fde_00510854
00510868	Label	fde_00510868
0051088c	Label	fde_0051088c
005108a0	Label	fde_005108a0
005108b4	Label	fde_005108b4
005108c8	Label	fde_005108c8
005108ec	Label	fde_005108ec
00510900	Label	fde_00510900
0051092c	Label	fde_0051092c
00510940	Label	fde_00510940
0051096c	Label	fde_0051096c
00510980	Label	fde_00510980
00510994	Label	fde_00510994
005109a8	Label	fde_005109a8
005109cc	Label	fde_005109cc
005109e0	Label	fde_005109e0
005109f4	Label	fde_005109f4
00510a08	Label	fde_00510a08
00510a1c	Label	fde_00510a1c
00510a30	Label	fde_00510a30
00510a44	Label	fde_00510a44
00510a58	Label	fde_00510a58
00510a6c	Label	fde_00510a6c
00510a80	Label	fde_00510a80
00510a94	Label	fde_00510a94
00510aa8	Label	fde_00510aa8
00510abc	Label	fde_00510abc
00510ad0	Label	fde_00510ad0
00510af4	Label	fde_00510af4
00510b08	Label	fde_00510b08
00510b30	Label	fde_00510b30
00510b44	Label	fde_00510b44
00510b58	Label	fde_00510b58
00510b6c	Label	fde_00510b6c
00510b80	Label	fde_00510b80
00510ba8	Label	fde_00510ba8
00510bd8	Label	fde_00510bd8
00510c00	Label	fde_00510c00
00510c30	Label	fde_00510c30
00510c60	Label	fde_00510c60
00510c8c	Label	fde_00510c8c
00510cc0	Label	fde_00510cc0
00510cf8	Label	fde_00510cf8
00510d28	Label	fde_00510d28
00510d58	Label	fde_00510d58
00510d80	Label	fde_00510d80
00510db0	Label	fde_00510db0
00510dd8	Label	fde_00510dd8
00510e08	Label	fde_00510e08
00510e38	Label	fde_00510e38
00510e64	Label	fde_00510e64
00510e98	Label	fde_00510e98
00510ed0	Label	fde_00510ed0
00510f00	Label	fde_00510f00
00510f30	Label	fde_00510f30
00510f54	Label	fde_00510f54
00510f80	Label	fde_00510f80
00510fa4	Label	fde_00510fa4
00510fd0	Label	fde_00510fd0
00510ffc	Label	fde_00510ffc
00511028	Label	fde_00511028
0051105c	Label	fde_0051105c
00511090	Label	fde_00511090
005110bc	Label	fde_005110bc
005110e8	Label	fde_005110e8
00511114	Label	fde_00511114
00511144	Label	fde_00511144
00511170	Label	fde_00511170
005111a0	Label	fde_005111a0
005111d0	Label	fde_005111d0
00511200	Label	fde_00511200
00511238	Label	fde_00511238
00511270	Label	fde_00511270
005112a0	Label	fde_005112a0
005112d0	Label	fde_005112d0
005112fc	Label	fde_005112fc
0051132c	Label	fde_0051132c
00511358	Label	fde_00511358
00511388	Label	fde_00511388
005113b8	Label	fde_005113b8
005113e8	Label	fde_005113e8
0051141c	Label	fde_0051141c
00511450	Label	fde_00511450
00511480	Label	fde_00511480
005114b0	Label	fde_005114b0
005114d8	Label	fde_005114d8
00511504	Label	fde_00511504
0051152c	Label	fde_0051152c
00511560	Label	fde_00511560
0051158c	Label	fde_0051158c
005115c0	Label	fde_005115c0
005115f4	Label	fde_005115f4
00511628	Label	fde_00511628
00511654	Label	fde_00511654
00511688	Label	fde_00511688
005116b0	Label	fde_005116b0
005116e0	Label	fde_005116e0
00511708	Label	fde_00511708
00511738	Label	fde_00511738
00511764	Label	fde_00511764
00511794	Label	fde_00511794
005117cc	Label	fde_005117cc
00511804	Label	fde_00511804
00511834	Label	fde_00511834
00511864	Label	fde_00511864
0051188c	Label	fde_0051188c
005118bc	Label	fde_005118bc
005118e4	Label	fde_005118e4
00511914	Label	fde_00511914
00511944	Label	fde_00511944
00511974	Label	fde_00511974
005119a8	Label	fde_005119a8
005119e0	Label	fde_005119e0
00511a10	Label	fde_00511a10
00511a40	Label	fde_00511a40
00511a64	Label	fde_00511a64
00511a90	Label	fde_00511a90
00511ab4	Label	fde_00511ab4
00511ae0	Label	fde_00511ae0
00511b0c	Label	fde_00511b0c
00511b38	Label	fde_00511b38
00511b68	Label	fde_00511b68
00511b9c	Label	fde_00511b9c
00511bc8	Label	fde_00511bc8
00511bf4	Label	fde_00511bf4
00511c20	Label	fde_00511c20
00511c54	Label	fde_00511c54
00511c80	Label	fde_00511c80
00511cb4	Label	fde_00511cb4
00511ce8	Label	fde_00511ce8
00511d1c	Label	fde_00511d1c
00511d54	Label	fde_00511d54
00511d8c	Label	fde_00511d8c
00511dc0	Label	fde_00511dc0
00511df4	Label	fde_00511df4
00511e20	Label	fde_00511e20
00511e54	Label	fde_00511e54
00511e80	Label	fde_00511e80
00511eb4	Label	fde_00511eb4
00511ee8	Label	fde_00511ee8
00511f1c	Label	fde_00511f1c
00511f54	Label	fde_00511f54
00511f8c	Label	fde_00511f8c
00511fc0	Label	fde_00511fc0
00511ff4	Label	fde_00511ff4
0051201c	Label	fde_0051201c
0051204c	Label	fde_0051204c
00512074	Label	fde_00512074
005120a4	Label	fde_005120a4
005120d4	Label	fde_005120d4
00512104	Label	fde_00512104
00512138	Label	fde_00512138
00512170	Label	fde_00512170
005121a0	Label	fde_005121a0
005121d0	Label	fde_005121d0
005121e4	Label	fde_005121e4
00512220	Label	fde_00512220
00512234	Label	fde_00512234
0051226c	Label	fde_0051226c
00512280	Label	fde_00512280
005122bc	Label	fde_005122bc
005122d0	Label	fde_005122d0
0051230c	Label	fde_0051230c
00512320	Label	fde_00512320
00512334	Label	fde_00512334
0051236c	Label	fde_0051236c
00512380	Label	fde_00512380
00512394	Label	fde_00512394
005123d0	Label	fde_005123d0
005123f0	Label	fde_005123f0
00512404	Label	fde_00512404
0051243c	Label	fde_0051243c
00512450	Label	fde_00512450
00512464	Label	fde_00512464
005124a0	Label	fde_005124a0
005124b4	Label	fde_005124b4
005124c8	Label	fde_005124c8
00512500	Label	fde_00512500
00512514	Label	fde_00512514
00512528	Label	fde_00512528
00512564	Label	fde_00512564
00512578	Label	fde_00512578
005125b4	Label	fde_005125b4
005125c8	Label	fde_005125c8
00512600	Label	fde_00512600
00512614	Label	fde_00512614
00512650	Label	fde_00512650
00512664	Label	fde_00512664
005126a0	Label	fde_005126a0
005126b4	Label	fde_005126b4
005126ec	Label	fde_005126ec
00512700	Label	fde_00512700
00512714	Label	fde_00512714
00512750	Label	fde_00512750
00512770	Label	fde_00512770
005127a8	Label	fde_005127a8
005127bc	Label	fde_005127bc
005127d0	Label	fde_005127d0
0051280c	Label	fde_0051280c
00512820	Label	fde_00512820
00512858	Label	fde_00512858
0051286c	Label	fde_0051286c
00512880	Label	fde_00512880
005128bc	Label	fde_005128bc
005128d0	Label	fde_005128d0
00512908	Label	fde_00512908
0051291c	Label	fde_0051291c
00512954	Label	fde_00512954
00512968	Label	fde_00512968
005129a0	Label	fde_005129a0
005129b4	Label	fde_005129b4
005129f0	Label	fde_005129f0
00512a04	Label	fde_00512a04
00512a40	Label	fde_00512a40
00512a54	Label	fde_00512a54
00512a90	Label	fde_00512a90
00512aa4	Label	fde_00512aa4
00512ae0	Label	fde_00512ae0
00512af4	Label	fde_00512af4
00512b30	Label	fde_00512b30
00512b44	Label	fde_00512b44
00512b80	Label	fde_00512b80
00512b94	Label	fde_00512b94
00512bd0	Label	fde_00512bd0
00512c0c	Label	fde_00512c0c
00512c48	Label	fde_00512c48
00512c84	Label	fde_00512c84
00512cbc	Label	fde_00512cbc
00512cf8	Label	fde_00512cf8
00512d30	Label	fde_00512d30
00512d6c	Label	fde_00512d6c
00512da4	Label	fde_00512da4
00512de0	Label	fde_00512de0
00512e18	Label	fde_00512e18
00512e54	Label	fde_00512e54
00512e90	Label	fde_00512e90
00512ecc	Label	fde_00512ecc
00512f04	Label	fde_00512f04
00512f40	Label	fde_00512f40
00512f78	Label	fde_00512f78
00512fb4	Label	fde_00512fb4
00512fec	Label	fde_00512fec
00513028	Label	fde_00513028
00513060	Label	fde_00513060
0051309c	Label	fde_0051309c
005130d8	Label	fde_005130d8
00513114	Label	fde_00513114
00513150	Label	fde_00513150
0051318c	Label	fde_0051318c
005131c8	Label	fde_005131c8
00513204	Label	fde_00513204
00513240	Label	fde_00513240
0051327c	Label	fde_0051327c
005132b8	Label	fde_005132b8
005132cc	Label	fde_005132cc
00513308	Label	fde_00513308
0051331c	Label	fde_0051331c
00513358	Label	fde_00513358
0051336c	Label	fde_0051336c
005133a8	Label	fde_005133a8
005133bc	Label	fde_005133bc
005133f4	Label	fde_005133f4
00513408	Label	fde_00513408
0051341c	Label	fde_0051341c
00513458	Label	fde_00513458
0051346c	Label	fde_0051346c
00513480	Label	fde_00513480
005134b8	Label	fde_005134b8
005134d8	Label	fde_005134d8
005134ec	Label	fde_005134ec
00513528	Label	fde_00513528
00513548	Label	fde_00513548
0051355c	Label	fde_0051355c
00513594	Label	fde_00513594
005135a8	Label	fde_005135a8
005135bc	Label	fde_005135bc
005135f8	Label	fde_005135f8
0051360c	Label	fde_0051360c
00513620	Label	fde_00513620
00513658	Label	fde_00513658
0051366c	Label	fde_0051366c
005136a8	Label	fde_005136a8
005136bc	Label	fde_005136bc
005136f8	Label	fde_005136f8
0051370c	Label	fde_0051370c
00513748	Label	fde_00513748
0051375c	Label	fde_0051375c
00513794	Label	fde_00513794
005137a8	Label	fde_005137a8
005137e4	Label	fde_005137e4
005137f8	Label	fde_005137f8
00513830	Label	fde_00513830
00513850	Label	fde_00513850
0051388c	Label	fde_0051388c
005138a0	Label	fde_005138a0
005138b4	Label	fde_005138b4
005138ec	Label	fde_005138ec
00513900	Label	fde_00513900
0051393c	Label	fde_0051393c
00513950	Label	fde_00513950
00513964	Label	fde_00513964
0051399c	Label	fde_0051399c
005139b0	Label	fde_005139b0
005139e8	Label	fde_005139e8
005139fc	Label	fde_005139fc
00513a38	Label	fde_00513a38
00513a4c	Label	fde_00513a4c
00513a84	Label	fde_00513a84
00513a98	Label	fde_00513a98
00513ad0	Label	fde_00513ad0
00513ae4	Label	fde_00513ae4
00513b20	Label	fde_00513b20
00513b34	Label	fde_00513b34
00513b70	Label	fde_00513b70
00513b84	Label	fde_00513b84
00513bc0	Label	fde_00513bc0
00513bd4	Label	fde_00513bd4
00513c10	Label	fde_00513c10
00513c24	Label	fde_00513c24
00513c60	Label	fde_00513c60
00513c74	Label	fde_00513c74
00513cb0	Label	fde_00513cb0
00513cec	Label	fde_00513cec
00513d28	Label	fde_00513d28
00513d64	Label	fde_00513d64
00513da0	Label	fde_00513da0
00513ddc	Label	fde_00513ddc
00513e18	Label	fde_00513e18
00513e54	Label	fde_00513e54
00513e90	Label	fde_00513e90
00513ecc	Label	fde_00513ecc
00513f08	Label	fde_00513f08
00513f44	Label	fde_00513f44
00513f80	Label	fde_00513f80
00513fbc	Label	fde_00513fbc
00513ff8	Label	fde_00513ff8
00514034	Label	fde_00514034
00514070	Label	fde_00514070
005140ac	Label	fde_005140ac
005140e8	Label	fde_005140e8
00514124	Label	fde_00514124
00514160	Label	fde_00514160
0051419c	Label	fde_0051419c
005141d8	Label	fde_005141d8
00514214	Label	fde_00514214
00514250	Label	fde_00514250
0051428c	Label	fde_0051428c
005142c8	Label	fde_005142c8
00514304	Label	fde_00514304
00514340	Label	fde_00514340
0051437c	Label	fde_0051437c
005143b8	Label	fde_005143b8
005143e0	Label	fde_005143e0
00514410	Label	fde_00514410
0051443c	Label	fde_0051443c
00514470	Label	fde_00514470
005144a4	Label	fde_005144a4
005144d8	Label	fde_005144d8
00514510	Label	fde_00514510
0051454c	Label	fde_0051454c
00514580	Label	fde_00514580
005145b4	Label	fde_005145b4
005145e0	Label	fde_005145e0
00514614	Label	fde_00514614
00514640	Label	fde_00514640
00514674	Label	fde_00514674
005146a8	Label	fde_005146a8
005146dc	Label	fde_005146dc
00514710	Label	fde_00514710
00514748	Label	fde_00514748
0051477c	Label	fde_0051477c
005147b0	Label	fde_005147b0
005147d8	Label	fde_005147d8
00514808	Label	fde_00514808
00514830	Label	fde_00514830
00514860	Label	fde_00514860
0051488c	Label	fde_0051488c
005148bc	Label	fde_005148bc
005148f0	Label	fde_005148f0
00514924	Label	fde_00514924
00514954	Label	fde_00514954
00514984	Label	fde_00514984
00514998	Label	fde_00514998
005149ac	Label	fde_005149ac
005149c0	Label	fde_005149c0
005149d4	Label	fde_005149d4
005149e8	Label	fde_005149e8
005149fc	Label	fde_005149fc
00514a10	Label	fde_00514a10
00514a24	Label	fde_00514a24
00514a38	Label	fde_00514a38
00514a4c	Label	fde_00514a4c
00514a78	Label	fde_00514a78
00514aac	Label	fde_00514aac
00514ad8	Label	fde_00514ad8
00514b0c	Label	fde_00514b0c
00514b40	Label	fde_00514b40
00514b74	Label	fde_00514b74
00514bb0	Label	fde_00514bb0
00514be8	Label	fde_00514be8
00514c1c	Label	fde_00514c1c
00514c50	Label	fde_00514c50
00514c7c	Label	fde_00514c7c
00514cb0	Label	fde_00514cb0
00514cdc	Label	fde_00514cdc
00514d10	Label	fde_00514d10
00514d44	Label	fde_00514d44
00514d78	Label	fde_00514d78
00514db4	Label	fde_00514db4
00514dec	Label	fde_00514dec
00514e20	Label	fde_00514e20
00514e54	Label	fde_00514e54
00514e80	Label	fde_00514e80
00514eb8	Label	fde_00514eb8
00514ee4	Label	fde_00514ee4
00514f18	Label	fde_00514f18
00514f50	Label	fde_00514f50
00514f84	Label	fde_00514f84
00514fb8	Label	fde_00514fb8
00514ff0	Label	fde_00514ff0
00515028	Label	fde_00515028
0051505c	Label	fde_0051505c
00515088	Label	fde_00515088
005150b8	Label	fde_005150b8
005150e4	Label	fde_005150e4
00515118	Label	fde_00515118
0051514c	Label	fde_0051514c
00515180	Label	fde_00515180
005151b8	Label	fde_005151b8
005151f4	Label	fde_005151f4
00515224	Label	fde_00515224
00515258	Label	fde_00515258
00515280	Label	fde_00515280
005152b4	Label	fde_005152b4
005152e0	Label	fde_005152e0
00515314	Label	fde_00515314
00515348	Label	fde_00515348
0051537c	Label	fde_0051537c
005153b4	Label	fde_005153b4
005153f0	Label	fde_005153f0
00515424	Label	fde_00515424
00515458	Label	fde_00515458
00515480	Label	fde_00515480
005154b0	Label	fde_005154b0
005154d8	Label	fde_005154d8
00515508	Label	fde_00515508
00515538	Label	fde_00515538
00515568	Label	fde_00515568
0051559c	Label	fde_0051559c
005155d0	Label	fde_005155d0
00515600	Label	fde_00515600
00515630	Label	fde_00515630
00515644	Label	fde_00515644
00515658	Label	fde_00515658
0051566c	Label	fde_0051566c
00515680	Label	fde_00515680
00515694	Label	fde_00515694
005156a8	Label	fde_005156a8
005156bc	Label	fde_005156bc
005156d0	Label	fde_005156d0
005156e4	Label	fde_005156e4
005156f8	Label	fde_005156f8
00515724	Label	fde_00515724
0051575c	Label	fde_0051575c
0051578c	Label	fde_0051578c
005157c4	Label	fde_005157c4
005157fc	Label	fde_005157fc
00515834	Label	fde_00515834
00515870	Label	fde_00515870
005158ac	Label	fde_005158ac
005158e4	Label	fde_005158e4
0051591c	Label	fde_0051591c
00515948	Label	fde_00515948
0051597c	Label	fde_0051597c
005159ac	Label	fde_005159ac
005159e4	Label	fde_005159e4
00515a18	Label	fde_00515a18
00515a50	Label	fde_00515a50
00515a88	Label	fde_00515a88
00515ac4	Label	fde_00515ac4
00515af8	Label	fde_00515af8
00515b30	Label	fde_00515b30
00515b5c	Label	fde_00515b5c
00515b90	Label	fde_00515b90
00515bbc	Label	fde_00515bbc
00515bf0	Label	fde_00515bf0
00515c24	Label	fde_00515c24
00515c58	Label	fde_00515c58
00515c90	Label	fde_00515c90
00515cc8	Label	fde_00515cc8
00515cfc	Label	fde_00515cfc
00515d30	Label	fde_00515d30
00515d44	Label	fde_00515d44
00515d58	Label	fde_00515d58
00515d6c	Label	fde_00515d6c
00515d80	Label	fde_00515d80
00515d94	Label	fde_00515d94
00515da8	Label	fde_00515da8
00515dbc	Label	fde_00515dbc
00515dd0	Label	fde_00515dd0
00515de4	Label	fde_00515de4
00515df8	Label	fde_00515df8
00515e0c	Label	fde_00515e0c
00515e44	Label	fde_00515e44
00515e68	Label	fde_00515e68
00515e7c	Label	fde_00515e7c
00515eb8	Label	fde_00515eb8
00515ecc	Label	fde_00515ecc
00515f08	Label	fde_00515f08
00515f1c	Label	fde_00515f1c
00515f30	Label	fde_00515f30
00515f6c	Label	fde_00515f6c
00515f8c	Label	fde_00515f8c
00515fa0	Label	fde_00515fa0
00515fdc	Label	fde_00515fdc
00515ffc	Label	fde_00515ffc
00516010	Label	fde_00516010
0051604c	Label	fde_0051604c
00516074	Label	fde_00516074
00516088	Label	fde_00516088
005160c4	Label	fde_005160c4
005160ec	Label	fde_005160ec
00516100	Label	fde_00516100
0051613c	Label	fde_0051613c
00516150	Label	fde_00516150
00516164	Label	fde_00516164
0051619c	Label	fde_0051619c
005161b0	Label	fde_005161b0
005161c4	Label	fde_005161c4
00516200	Label	fde_00516200
00516214	Label	fde_00516214
0051624c	Label	fde_0051624c
00516270	Label	fde_00516270
005162ac	Label	fde_005162ac
005162c0	Label	fde_005162c0
005162fc	Label	fde_005162fc
00516310	Label	fde_00516310
00516324	Label	fde_00516324
00516360	Label	fde_00516360
00516380	Label	fde_00516380
00516394	Label	fde_00516394
005163d0	Label	fde_005163d0
005163f0	Label	fde_005163f0
00516404	Label	fde_00516404
00516440	Label	fde_00516440
00516468	Label	fde_00516468
0051647c	Label	fde_0051647c
005164b8	Label	fde_005164b8
005164e0	Label	fde_005164e0
005164f4	Label	fde_005164f4
00516530	Label	fde_00516530
00516544	Label	fde_00516544
00516558	Label	fde_00516558
00516590	Label	fde_00516590
005165a4	Label	fde_005165a4
005165b8	Label	fde_005165b8
005165f4	Label	fde_005165f4
00516608	Label	fde_00516608
00516640	Label	fde_00516640
00516654	Label	fde_00516654
0051668c	Label	fde_0051668c
005166a0	Label	fde_005166a0
005166dc	Label	fde_005166dc
005166f0	Label	fde_005166f0
0051672c	Label	fde_0051672c
00516740	Label	fde_00516740
00516754	Label	fde_00516754
0051678c	Label	fde_0051678c
005167a0	Label	fde_005167a0
005167b4	Label	fde_005167b4
005167f0	Label	fde_005167f0
00516810	Label	fde_00516810
00516824	Label	fde_00516824
0051685c	Label	fde_0051685c
00516880	Label	fde_00516880
00516894	Label	fde_00516894
005168d0	Label	fde_005168d0
005168e4	Label	fde_005168e4
005168f8	Label	fde_005168f8
00516930	Label	fde_00516930
00516944	Label	fde_00516944
00516958	Label	fde_00516958
00516994	Label	fde_00516994
005169a8	Label	fde_005169a8
005169bc	Label	fde_005169bc
005169ec	Label	fde_005169ec
00516a00	Label	fde_00516a00
00516a20	Label	fde_00516a20
00516a34	Label	fde_00516a34
00516a6c	Label	fde_00516a6c
00516a80	Label	fde_00516a80
00516ab8	Label	fde_00516ab8
00516acc	Label	fde_00516acc
00516b04	Label	fde_00516b04
00516b18	Label	fde_00516b18
00516b4c	Label	fde_00516b4c
00516b60	Label	fde_00516b60
00516b98	Label	fde_00516b98
00516bac	Label	fde_00516bac
00516be0	Label	fde_00516be0
00516bf4	Label	fde_00516bf4
00516c2c	Label	fde_00516c2c
00516c40	Label	fde_00516c40
00516c78	Label	fde_00516c78
00516cb4	Label	fde_00516cb4
00516cf0	Label	fde_00516cf0
00516d28	Label	fde_00516d28
00516d64	Label	fde_00516d64
00516d9c	Label	fde_00516d9c
00516dd8	Label	fde_00516dd8
00516e10	Label	fde_00516e10
00516e4c	Label	fde_00516e4c
00516e84	Label	fde_00516e84
00516ebc	Label	fde_00516ebc
00516ef8	Label	fde_00516ef8
00516f34	Label	fde_00516f34
00516f6c	Label	fde_00516f6c
00516fa8	Label	fde_00516fa8
00516fe0	Label	fde_00516fe0
0051701c	Label	fde_0051701c
00517054	Label	fde_00517054
00517090	Label	fde_00517090
005170c8	Label	fde_005170c8
00517100	Label	fde_00517100
0051713c	Label	fde_0051713c
00517178	Label	fde_00517178
005171b4	Label	fde_005171b4
005171f0	Label	fde_005171f0
0051722c	Label	fde_0051722c
00517268	Label	fde_00517268
005172a4	Label	fde_005172a4
005172e0	Label	fde_005172e0
0051731c	Label	fde_0051731c
00517330	Label	fde_00517330
00517344	Label	fde_00517344
00517358	Label	fde_00517358
0051736c	Label	fde_0051736c
00517380	Label	fde_00517380
00517394	Label	fde_00517394
005173a8	Label	fde_005173a8
005173bc	Label	fde_005173bc
005173d0	Label	fde_005173d0
005173e4	Label	fde_005173e4
005173f8	Label	fde_005173f8
00517434	Label	fde_00517434
00517448	Label	fde_00517448
0051745c	Label	fde_0051745c
00517498	Label	fde_00517498
005174b8	Label	fde_005174b8
005174f4	Label	fde_005174f4
00517518	Label	fde_00517518
0051752c	Label	fde_0051752c
00517568	Label	fde_00517568
00517588	Label	fde_00517588
0051759c	Label	fde_0051759c
005175d8	Label	fde_005175d8
005175fc	Label	fde_005175fc
00517610	Label	fde_00517610
0051764c	Label	fde_0051764c
00517670	Label	fde_00517670
00517684	Label	fde_00517684
005176c0	Label	fde_005176c0
005176e4	Label	fde_005176e4
005176f8	Label	fde_005176f8
00517734	Label	fde_00517734
00517748	Label	fde_00517748
0051775c	Label	fde_0051775c
00517798	Label	fde_00517798
005177bc	Label	fde_005177bc
005177d0	Label	fde_005177d0
00517808	Label	fde_00517808
0051781c	Label	fde_0051781c
00517858	Label	fde_00517858
0051786c	Label	fde_0051786c
005178a8	Label	fde_005178a8
005178bc	Label	fde_005178bc
005178f8	Label	fde_005178f8
0051791c	Label	fde_0051791c
00517958	Label	fde_00517958
00517978	Label	fde_00517978
0051798c	Label	fde_0051798c
005179c8	Label	fde_005179c8
005179ec	Label	fde_005179ec
00517a00	Label	fde_00517a00
00517a3c	Label	fde_00517a3c
00517a60	Label	fde_00517a60
00517a74	Label	fde_00517a74
00517ab0	Label	fde_00517ab0
00517ad4	Label	fde_00517ad4
00517ae8	Label	fde_00517ae8
00517b24	Label	fde_00517b24
00517b38	Label	fde_00517b38
00517b4c	Label	fde_00517b4c
00517b88	Label	fde_00517b88
00517bac	Label	fde_00517bac
00517bc0	Label	fde_00517bc0
00517bf8	Label	fde_00517bf8
00517c0c	Label	fde_00517c0c
00517c44	Label	fde_00517c44
00517c58	Label	fde_00517c58
00517c94	Label	fde_00517c94
00517ca8	Label	fde_00517ca8
00517ce4	Label	fde_00517ce4
00517cf8	Label	fde_00517cf8
00517d30	Label	fde_00517d30
00517d44	Label	fde_00517d44
00517d58	Label	fde_00517d58
00517d94	Label	fde_00517d94
00517da8	Label	fde_00517da8
00517dbc	Label	fde_00517dbc
00517df4	Label	fde_00517df4
00517e14	Label	fde_00517e14
00517e28	Label	fde_00517e28
00517e64	Label	fde_00517e64
00517e88	Label	fde_00517e88
00517e9c	Label	fde_00517e9c
00517ed4	Label	fde_00517ed4
00517ee8	Label	fde_00517ee8
00517efc	Label	fde_00517efc
00517f38	Label	fde_00517f38
00517f4c	Label	fde_00517f4c
00517f60	Label	fde_00517f60
00517f98	Label	fde_00517f98
00517fb4	Label	fde_00517fb4
00517fc8	Label	fde_00517fc8
00517ffc	Label	fde_00517ffc
00518010	Label	fde_00518010
00518034	Label	fde_00518034
00518048	Label	fde_00518048
00518080	Label	fde_00518080
00518094	Label	fde_00518094
005180cc	Label	fde_005180cc
005180e0	Label	fde_005180e0
00518118	Label	fde_00518118
0051812c	Label	fde_0051812c
00518164	Label	fde_00518164
00518178	Label	fde_00518178
005181b0	Label	fde_005181b0
005181c4	Label	fde_005181c4
005181fc	Label	fde_005181fc
00518210	Label	fde_00518210
00518248	Label	fde_00518248
0051825c	Label	fde_0051825c
00518298	Label	fde_00518298
005182d4	Label	fde_005182d4
00518310	Label	fde_00518310
0051834c	Label	fde_0051834c
00518388	Label	fde_00518388
005183c4	Label	fde_005183c4
00518400	Label	fde_00518400
0051843c	Label	fde_0051843c
00518478	Label	fde_00518478
005184b4	Label	fde_005184b4
005184f0	Label	fde_005184f0
0051852c	Label	fde_0051852c
00518568	Label	fde_00518568
005185a4	Label	fde_005185a4
005185e0	Label	fde_005185e0
0051861c	Label	fde_0051861c
00518658	Label	fde_00518658
00518694	Label	fde_00518694
005186d0	Label	fde_005186d0
0051870c	Label	fde_0051870c
00518748	Label	fde_00518748
00518784	Label	fde_00518784
005187c0	Label	fde_005187c0
005187fc	Label	fde_005187fc
00518838	Label	fde_00518838
00518874	Label	fde_00518874
005188b0	Label	fde_005188b0
005188ec	Label	fde_005188ec
00518928	Label	fde_00518928
00518964	Label	fde_00518964
00518978	Label	fde_00518978
0051898c	Label	fde_0051898c
005189a0	Label	fde_005189a0
005189b4	Label	fde_005189b4
005189c8	Label	fde_005189c8
005189dc	Label	fde_005189dc
005189f0	Label	fde_005189f0
00518a04	Label	fde_00518a04
00518a18	Label	fde_00518a18
00518a2c	Label	fde_00518a2c
00518a40	Label	fde_00518a40
00518a54	Label	fde_00518a54
00518a68	Label	fde_00518a68
00518a7c	Label	fde_00518a7c
00518a90	Label	fde_00518a90
00518aa4	Label	fde_00518aa4
00518ab8	Label	fde_00518ab8
00518acc	Label	fde_00518acc
00518ae0	Label	fde_00518ae0
00518af4	Label	fde_00518af4
00518b08	Label	fde_00518b08
00518b1c	Label	fde_00518b1c
00518b30	Label	fde_00518b30
00518b44	Label	fde_00518b44
00518b58	Label	fde_00518b58
00518b6c	Label	fde_00518b6c
00518b80	Label	fde_00518b80
00518b94	Label	fde_00518b94
00518ba8	Label	fde_00518ba8
00518bbc	Label	fde_00518bbc
00518bd0	Label	fde_00518bd0
00518be4	Label	fde_00518be4
00518bf8	Label	fde_00518bf8
00518c0c	Label	fde_00518c0c
00518c20	Label	fde_00518c20
00518c34	Label	fde_00518c34
00518c48	Label	fde_00518c48
00518c5c	Label	fde_00518c5c
00518c70	Label	fde_00518c70
00518c84	Label	fde_00518c84
00518c98	Label	fde_00518c98
00518cac	Label	fde_00518cac
00518cc0	Label	fde_00518cc0
00518cd4	Label	fde_00518cd4
00518ce8	Label	fde_00518ce8
00518cfc	Label	fde_00518cfc
00518d10	Label	fde_00518d10
00518d24	Label	fde_00518d24
00518d38	Label	fde_00518d38
00518d4c	Label	fde_00518d4c
00518d60	Label	fde_00518d60
00518d74	Label	fde_00518d74
00518d88	Label	fde_00518d88
00518d9c	Label	fde_00518d9c
00518db0	Label	fde_00518db0
00518dc4	Label	fde_00518dc4
00518dd8	Label	fde_00518dd8
00518dec	Label	fde_00518dec
00518e00	Label	fde_00518e00
00518e14	Label	fde_00518e14
00518e28	Label	fde_00518e28
00518e3c	Label	fde_00518e3c
00518e50	Label	fde_00518e50
00518e64	Label	fde_00518e64
00518e78	Label	fde_00518e78
00518e8c	Label	fde_00518e8c
00518ea0	Label	fde_00518ea0
00518eb4	Label	fde_00518eb4
00518ec8	Label	fde_00518ec8
00518edc	Label	fde_00518edc
00518ef0	Label	fde_00518ef0
00518f04	Label	fde_00518f04
00518f18	Label	fde_00518f18
00518f2c	Label	fde_00518f2c
00518f40	Label	fde_00518f40
00518f54	Label	fde_00518f54
00518f68	Label	fde_00518f68
00518f7c	Label	fde_00518f7c
00518f90	Label	fde_00518f90
00518fa4	Label	fde_00518fa4
00518fb8	Label	fde_00518fb8
00518fcc	Label	fde_00518fcc
00518fe0	Label	fde_00518fe0
00518ff4	Label	fde_00518ff4
00519008	Label	fde_00519008
0051901c	Label	fde_0051901c
00519030	Label	fde_00519030
00519044	Label	fde_00519044
00519058	Label	fde_00519058
0051906c	Label	fde_0051906c
00519080	Label	fde_00519080
00519094	Label	fde_00519094
005190a8	Label	fde_005190a8
005190bc	Label	fde_005190bc
005190d0	Label	fde_005190d0
005190e4	Label	fde_005190e4
005190f8	Label	fde_005190f8
0051910c	Label	fde_0051910c
00519120	Label	fde_00519120
00519134	Label	fde_00519134
00519148	Label	fde_00519148
0051915c	Label	fde_0051915c
00519170	Label	fde_00519170
00519184	Label	fde_00519184
00519198	Label	fde_00519198
005191ac	Label	fde_005191ac
005191c0	Label	fde_005191c0
005191d4	Label	fde_005191d4
005191e8	Label	fde_005191e8
005191fc	Label	fde_005191fc
00519210	Label	fde_00519210
00519224	Label	fde_00519224
00519238	Label	fde_00519238
0051924c	Label	fde_0051924c
00519260	Label	fde_00519260
00519274	Label	fde_00519274
00519288	Label	fde_00519288
0051929c	Label	fde_0051929c
005192b0	Label	fde_005192b0
005192c4	Label	fde_005192c4
005192d8	Label	fde_005192d8
005192ec	Label	fde_005192ec
00519300	Label	fde_00519300
00519314	Label	fde_00519314
00519328	Label	fde_00519328
0051933c	Label	fde_0051933c
00519350	Label	fde_00519350
00519370	Label	fde_00519370
00519384	Label	fde_00519384
00519398	Label	fde_00519398
005193ac	Label	fde_005193ac
005193c0	Label	fde_005193c0
005193d4	Label	fde_005193d4
005193f4	Label	fde_005193f4
00519408	Label	fde_00519408
0051941c	Label	fde_0051941c
00519430	Label	fde_00519430
00519444	Label	fde_00519444
00519458	Label	fde_00519458
0051946c	Label	fde_0051946c
00519480	Label	fde_00519480
00519494	Label	fde_00519494
005194b8	Label	fde_005194b8
005194d8	Label	fde_005194d8
005194ec	Label	fde_005194ec
00519500	Label	fde_00519500
00519514	Label	fde_00519514
00519528	Label	fde_00519528
0051953c	Label	fde_0051953c
00519550	Label	fde_00519550
00519564	Label	fde_00519564
00519578	Label	fde_00519578
0051958c	Label	fde_0051958c
005195a0	Label	fde_005195a0
005195b4	Label	fde_005195b4
005195c8	Label	fde_005195c8
005195dc	Label	fde_005195dc
005195f0	Label	fde_005195f0
00519604	Label	fde_00519604
00519618	Label	fde_00519618
0051962c	Label	fde_0051962c
00519640	Label	fde_00519640
00519654	Label	fde_00519654
00519668	Label	fde_00519668
0051967c	Label	fde_0051967c
00519690	Label	fde_00519690
005196a4	Label	fde_005196a4
005196b8	Label	fde_005196b8
005196cc	Label	fde_005196cc
005196e0	Label	fde_005196e0
005196f4	Label	fde_005196f4
00519708	Label	fde_00519708
0051971c	Label	fde_0051971c
00519730	Label	fde_00519730
00519744	Label	fde_00519744
00519758	Label	fde_00519758
0051976c	Label	fde_0051976c
00519780	Label	fde_00519780
00519794	Label	fde_00519794
005197a8	Label	fde_005197a8
005197bc	Label	fde_005197bc
005197d0	Label	fde_005197d0
005197e4	Label	fde_005197e4
005197f8	Label	fde_005197f8
0051980c	Label	fde_0051980c
00519820	Label	fde_00519820
00519834	Label	fde_00519834
00519848	Label	fde_00519848
0051985c	Label	fde_0051985c
00519870	Label	fde_00519870
00519884	Label	fde_00519884
00519898	Label	fde_00519898
005198ac	Label	fde_005198ac
005198c0	Label	fde_005198c0
005198d4	Label	fde_005198d4
005198e8	Label	fde_005198e8
005198fc	Label	fde_005198fc
00519910	Label	fde_00519910
00519924	Label	fde_00519924
00519938	Label	fde_00519938
0051994c	Label	fde_0051994c
00519960	Label	fde_00519960
00519974	Label	fde_00519974
00519988	Label	fde_00519988
0051999c	Label	fde_0051999c
005199b0	Label	fde_005199b0
005199c4	Label	fde_005199c4
005199d8	Label	fde_005199d8
005199ec	Label	fde_005199ec
00519a00	Label	fde_00519a00
00519a14	Label	fde_00519a14
00519a28	Label	fde_00519a28
00519a3c	Label	fde_00519a3c
00519a50	Label	fde_00519a50
00519a64	Label	fde_00519a64
00519a78	Label	fde_00519a78
00519a8c	Label	fde_00519a8c
00519aa0	Label	fde_00519aa0
00519ab4	Label	fde_00519ab4
00519ac8	Label	fde_00519ac8
00519adc	Label	fde_00519adc
00519af0	Label	fde_00519af0
00519b04	Label	fde_00519b04
00519b38	Label	fde_00519b38
00519b88	Label	fde_00519b88
00519bc4	Label	fde_00519bc4
00519c04	Label	fde_00519c04
00519c40	Label	fde_00519c40
00519c7c	Label	fde_00519c7c
00519cb8	Label	fde_00519cb8
00519cf4	Label	fde_00519cf4
00519d28	Label	fde_00519d28
00519d3c	Label	fde_00519d3c
00519d78	Label	fde_00519d78
00519d8c	Label	fde_00519d8c
00519db8	Label	fde_00519db8
00519df8	Label	fde_00519df8
00519e14	Label	fde_00519e14
00519e28	Label	fde_00519e28
00519e3c	Label	fde_00519e3c
00519e50	Label	fde_00519e50
00519e64	Label	fde_00519e64
00519e80	Label	LAB_00519e80
00519ea0	Function	<EXTERNAL>::open
00519eb0	Function	<EXTERNAL>::getrusage
00519ec0	Function	<EXTERNAL>::fread
00519ed0	Function	<EXTERNAL>::SDL_Quit
00519ee0	Function	<EXTERNAL>::fileno
00519ef0	Function	<EXTERNAL>::__ctype_toupper_loc
00519f00	Function	<EXTERNAL>::fseeko
00519f10	Function	<EXTERNAL>::sscanf
00519f20	Function	<EXTERNAL>::access
00519f30	Function	<EXTERNAL>::strstr
00519f40	Function	<EXTERNAL>::fopen
00519f50	Function	<EXTERNAL>::gzseek
00519f60	Function	<EXTERNAL>::strncasecmp
00519f70	Function	<EXTERNAL>::uncompress
00519f80	Function	<EXTERNAL>::sysconf
00519f90	Function	<EXTERNAL>::SDL_JoystickOpen
00519fa0	Function	<EXTERNAL>::__fxstat
00519fb0	Function	<EXTERNAL>::fgets
00519fc0	Function	<EXTERNAL>::fwrite
00519fd0	Function	<EXTERNAL>::memcpy
00519fe0	Function	<EXTERNAL>::strlen
00519ff0	Function	<EXTERNAL>::munmap
0051a000	Function	<EXTERNAL>::usleep
0051a010	Function	<EXTERNAL>::fprintf
0051a020	Function	<EXTERNAL>::readdir
0051a030	Function	<EXTERNAL>::sprintf
0051a040	Function	<EXTERNAL>::__xstat
0051a060	Function	<EXTERNAL>::strcmp
0051a070	Function	<EXTERNAL>::time
0051a080	Function	<EXTERNAL>::fsync
0051a090	Function	<EXTERNAL>::__errno_location
0051a0a0	Function	<EXTERNAL>::inflate
0051a0b0	Function	<EXTERNAL>::fclose
0051a0c0	Function	<EXTERNAL>::strncpy
0051a0d0	Function	<EXTERNAL>::fflush
0051a0e0	Function	<EXTERNAL>::dup
0051a0f0	Function	<EXTERNAL>::memcmp
0051a100	Function	<EXTERNAL>::strrchr
0051a110	Function	<EXTERNAL>::inflateInit2_
0051a120	Function	<EXTERNAL>::fseek
0051a130	Function	<EXTERNAL>::SDL_JoystickEventState
0051a140	Function	<EXTERNAL>::SDL_InitSubSystem
0051a150	Function	<EXTERNAL>::strchr
0051a160	Function	<EXTERNAL>::__libc_start_main
0051a170	Function	<EXTERNAL>::ftruncate
0051a180	Function	<EXTERNAL>::gettimeofday
0051a190	Function	<EXTERNAL>::_IO_getc
0051a1a0	Function	<EXTERNAL>::__ctype_b_loc
0051a1b0	Function	<EXTERNAL>::strtol
0051a1c0	Function	<EXTERNAL>::pthread_create
0051a1d0	Function	<EXTERNAL>::strncmp
0051a1f0	Function	<EXTERNAL>::shm_unlink
0051a200	Function	<EXTERNAL>::pthread_exit
0051a210	Function	<EXTERNAL>::strcasecmp
0051a220	Function	<EXTERNAL>::fgetc
0051a230	Function	<EXTERNAL>::opendir
0051a240	Function	<EXTERNAL>::pthread_join
0051a250	Function	<EXTERNAL>::inflateReset
0051a260	Function	<EXTERNAL>::closedir
0051a270	Function	<EXTERNAL>::exit
0051a280	Function	<EXTERNAL>::printf
0051a290	Function	<EXTERNAL>::gzwrite
0051a2a0	Function	<EXTERNAL>::strerror
0051a2b0	Function	<EXTERNAL>::strtok
0051a2c0	Function	<EXTERNAL>::puts
0051a2d0	Function	<EXTERNAL>::perror
0051a2e0	Function	<EXTERNAL>::memset
0051a2f0	Function	<EXTERNAL>::putchar
0051a300	Function	<EXTERNAL>::ftello
0051a310	Function	<EXTERNAL>::gzclose
0051a320	Function	<EXTERNAL>::snprintf
0051a330	Function	<EXTERNAL>::close
0051a340	Function	<EXTERNAL>::abort
0051a350	Function	<EXTERNAL>::gzdopen
0051a360	Function	<EXTERNAL>::memmove
0051a370	Function	<EXTERNAL>::shm_open
0051a380	Function	<EXTERNAL>::gzread
0051a390	Function	<EXTERNAL>::strcpy
0051a3a0	Function	<EXTERNAL>::mmap
0051a3b0	Function	<EXTERNAL>::__assert_fail
0051a3c0	Function	<EXTERNAL>::ftell
0052a3cc	Label	DAT_0052a3cc
0052a3d0	Label	__DT_FINI_ARRAY
0052a3d4	Label	DAT_0052a3d4
0052a3dc	Label	DAT_0052a3dc
0052a3e4	Label	DAT_0052a3e4
0052a3e8	Label	PTR_s_SetVolume.raw_0052a3e8
0052a858	Label	PTR_s_icirc_0052a858
0052a85c	Label	DAT_0052a85c
0052ac60	Label	PTR_s_MXML_ELEMENT_0052ac60
0052ac78	Label	__DT_MIPS_PLTGOT
0052ac78	Label	_gp_2
0052ac80	Label	PTR_open_0052ac80
0052ac84	Label	PTR_getrusage_0052ac84
0052ac88	Label	PTR_fread_0052ac88
0052ac8c	Label	PTR_SDL_Quit_0052ac8c
0052ac90	Label	PTR_fileno_0052ac90
0052ac94	Label	PTR___ctype_toupper_loc_0052ac94
0052ac98	Label	PTR_fseeko_0052ac98
0052ac9c	Label	PTR_sscanf_0052ac9c
0052aca0	Label	PTR_access_0052aca0
0052aca4	Label	PTR_strstr_0052aca4
0052aca8	Label	PTR_fopen_0052aca8
0052acac	Label	PTR_gzseek_0052acac
0052acb0	Label	PTR_strncasecmp_0052acb0
0052acb4	Label	PTR_uncompress_0052acb4
0052acb8	Label	PTR_sysconf_0052acb8
0052acbc	Label	PTR_SDL_JoystickOpen_0052acbc
0052acc0	Label	PTR___fxstat_0052acc0
0052acc4	Label	PTR_fgets_0052acc4
0052acc8	Label	PTR_fwrite_0052acc8
0052accc	Label	PTR_memcpy_0052accc
0052acd0	Label	PTR_strlen_0052acd0
0052acd4	Label	PTR_munmap_0052acd4
0052acd8	Label	PTR_usleep_0052acd8
0052acdc	Label	PTR_fprintf_0052acdc
0052ace0	Label	PTR_readdir_0052ace0
0052ace4	Label	PTR_sprintf_0052ace4
0052ace8	Label	PTR___xstat_0052ace8
0052acf0	Label	PTR_strcmp_0052acf0
0052acf4	Label	PTR_time_0052acf4
0052acf8	Label	PTR_fsync_0052acf8
0052acfc	Label	PTR___errno_location_0052acfc
0052ad00	Label	PTR_inflate_0052ad00
0052ad04	Label	PTR_fclose_0052ad04
0052ad08	Label	PTR_strncpy_0052ad08
0052ad0c	Label	PTR_fflush_0052ad0c
0052ad10	Label	PTR_dup_0052ad10
0052ad14	Label	PTR_memcmp_0052ad14
0052ad18	Label	PTR_strrchr_0052ad18
0052ad1c	Label	PTR_inflateInit2__0052ad1c
0052ad20	Label	PTR_fseek_0052ad20
0052ad24	Label	PTR_SDL_JoystickEventState_0052ad24
0052ad28	Label	PTR_SDL_InitSubSystem_0052ad28
0052ad2c	Label	PTR_strchr_0052ad2c
0052ad30	Label	PTR___libc_start_main_0052ad30
0052ad34	Label	PTR_ftruncate_0052ad34
0052ad38	Label	PTR_gettimeofday_0052ad38
0052ad3c	Label	PTR__IO_getc_0052ad3c
0052ad40	Label	PTR___ctype_b_loc_0052ad40
0052ad44	Label	PTR_strtol_0052ad44
0052ad48	Label	PTR_pthread_create_0052ad48
0052ad4c	Label	PTR_strncmp_0052ad4c
0052ad54	Label	PTR_shm_unlink_0052ad54
0052ad58	Label	PTR_pthread_exit_0052ad58
0052ad5c	Label	PTR_strcasecmp_0052ad5c
0052ad60	Label	PTR_fgetc_0052ad60
0052ad64	Label	PTR_opendir_0052ad64
0052ad68	Label	PTR_pthread_join_0052ad68
0052ad6c	Label	PTR_inflateReset_0052ad6c
0052ad70	Label	PTR_closedir_0052ad70
0052ad74	Label	PTR_exit_0052ad74
0052ad78	Label	PTR_printf_0052ad78
0052ad7c	Label	PTR_gzwrite_0052ad7c
0052ad80	Label	PTR_strerror_0052ad80
0052ad84	Label	PTR_strtok_0052ad84
0052ad88	Label	PTR_puts_0052ad88
0052ad8c	Label	PTR_perror_0052ad8c
0052ad90	Label	PTR_memset_0052ad90
0052ad94	Label	PTR_putchar_0052ad94
0052ad98	Label	PTR_ftello_0052ad98
0052ad9c	Label	PTR_gzclose_0052ad9c
0052ada0	Label	PTR_snprintf_0052ada0
0052ada4	Label	PTR_close_0052ada4
0052ada8	Label	PTR_abort_0052ada8
0052adac	Label	PTR_gzdopen_0052adac
0052adb0	Label	PTR_memmove_0052adb0
0052adb4	Label	PTR_shm_open_0052adb4
0052adb8	Label	PTR_gzread_0052adb8
0052adbc	Label	PTR_strcpy_0052adbc
0052adc0	Label	PTR_mmap_0052adc0
0052adc4	Label	PTR___assert_fail_0052adc4
0052adc8	Label	PTR_ftell_0052adc8
0052add0	Label	_fdata
0052add0	Label	Rowspacing
0052ade0	Label	PTR_s_aXDT8kluSPu6PvHIV2JhA1V4_0052ade0
0052adf0	Label	USB_Table
0052af70	Label	DAT_0052af70
0052af74	Label	DAT_0052af74
0052af78	Label	DAT_0052af78
0052af80	Label	DEFKeyMappingBuf
0052afbc	Label	DAT_0052afbc
0052afc0	Label	KEY_Table
0052aff8	Label	KEY_Table[56]
0052affc	Label	KEY_Table[60]
0052b000	Label	P1_Table
0052b040	Label	DAT_0052b040
0052b044	Label	DAT_0052b044
0052b048	Label	DAT_0052b048
0052b04c	Label	DAT_0052b04c
0052b050	Label	DAT_0052b050
0052b054	Label	DAT_0052b054
0052b058	Label	DAT_0052b058
0052b05c	Label	DAT_0052b05c
0052b060	Label	DAT_0052b060
0052b064	Label	DAT_0052b064
0052b068	Label	DAT_0052b068
0052b0ac	Label	DAT_0052b0ac
0052b0b0	Label	DAT_0052b0b0
0052b0b4	Label	DAT_0052b0b4
0052b0b8	Label	DAT_0052b0b8
0052b0bc	Label	DAT_0052b0bc
0052b0c0	Label	DAT_0052b0c0
0052b0c4	Label	DAT_0052b0c4
0052b0c8	Label	DAT_0052b0c8
0052b0cc	Label	DAT_0052b0cc
0052b0d0	Label	DAT_0052b0d0
0052b0d4	Label	DAT_0052b0d4
0052b0d8	Label	DAT_0052b0d8
0052b0dc	Label	DAT_0052b0dc
0052b0e0	Label	mui_typetable
0052b120	Label	DAT_0052b120
0052b124	Label	DAT_0052b124
0052b128	Label	DAT_0052b128
0052b12c	Label	DAT_0052b12c
0052b130	Label	DAT_0052b130
0052b4b8	Label	DAT_0052b4b8
0052b4bc	Label	DAT_0052b4bc
0052b4c0	Label	DAT_0052b4c0
0052b4c4	Label	DAT_0052b4c4
0052b4c8	Label	DAT_0052b4c8
0052b4cc	Label	DAT_0052b4cc
0052b4d0	Label	DAT_0052b4d0
0052b4d4	Label	DAT_0052b4d4
0052b4d8	Label	DAT_0052b4d8
0052b4dc	Label	DAT_0052b4dc
0052b4e0	Label	DAT_0052b4e0
0052b4e4	Label	DAT_0052b4e4
0052b4e8	Label	DAT_0052b4e8
0052b4ec	Label	DAT_0052b4ec
0052b4f0	Label	DAT_0052b4f0
0052b4f4	Label	DAT_0052b4f4
0052b4f8	Label	DAT_0052b4f8
0052b4fc	Label	DAT_0052b4fc
0052b500	Label	DAT_0052b500
0052b504	Label	DAT_0052b504
0052b508	Label	DAT_0052b508
0052b50c	Label	DAT_0052b50c
0052b510	Label	DAT_0052b510
0052b514	Label	DAT_0052b514
0052b518	Label	DAT_0052b518
0052b51c	Label	DAT_0052b51c
0052b590	Label	DAT_0052b590
0052b594	Label	DAT_0052b594
0052b598	Label	DAT_0052b598
0052b59c	Label	DAT_0052b59c
0052b5a0	Label	DAT_0052b5a0
0052b5a4	Label	DAT_0052b5a4
0052b5a8	Label	DAT_0052b5a8
0052b5ac	Label	DAT_0052b5ac
0052b5b0	Label	DAT_0052b5b0
0052b5b4	Label	DAT_0052b5b4
0052b5b8	Label	DAT_0052b5b8
0052b604	Label	DAT_0052b604
0052b608	Label	DAT_0052b608
0052b60c	Label	DAT_0052b60c
0052b610	Label	DAT_0052b610
0052b614	Label	DAT_0052b614
0052b618	Label	DAT_0052b618
0052b61c	Label	DAT_0052b61c
0052b620	Label	DAT_0052b620
0052b624	Label	DAT_0052b624
0052b628	Label	DAT_0052b628
0052b62c	Label	DAT_0052b62c
0052b630	Label	DAT_0052b630
0052b634	Label	DAT_0052b634
0052b920	Label	DAT_0052b920
0052b924	Label	DAT_0052b924
0052b928	Label	DAT_0052b928
0052b92c	Label	DAT_0052b92c
0052b930	Label	DAT_0052b930
0052b934	Label	DAT_0052b934
0052b938	Label	DAT_0052b938
0052b940	Label	DAT_0052b940
0052b944	Label	DAT_0052b944
0052b948	Label	DAT_0052b948
0052b94c	Label	DAT_0052b94c
0052b950	Label	DAT_0052b950
0052b954	Label	DAT_0052b954
0052b958	Label	DAT_0052b958
0052b95c	Label	DAT_0052b95c
0052b960	Label	DAT_0052b960
0052b964	Label	DAT_0052b964
0052b968	Label	DAT_0052b968
0052b96c	Label	DAT_0052b96c
0052b970	Label	DAT_0052b970
0052b978	Label	DAT_0052b978
0052b97c	Label	DAT_0052b97c
0052b980	Label	DAT_0052b980
0052b984	Label	DAT_0052b984
0052b988	Label	DAT_0052b988
0052b98c	Label	DAT_0052b98c
0052b990	Label	DAT_0052b990
0052b994	Label	DAT_0052b994
0052b998	Label	DAT_0052b998
0052b99c	Label	DAT_0052b99c
0052b9a0	Label	DAT_0052b9a0
0052b9a4	Label	DAT_0052b9a4
0052b9a8	Label	DAT_0052b9a8
0052b9af	Label	DAT_0052b9af
0052b9b8	Label	DAT_0052b9b8
0052b9bc	Label	DAT_0052b9bc
0052b9c0	Label	DAT_0052b9c0
0052b9c4	Label	DAT_0052b9c4
0052b9c8	Label	DAT_0052b9c8
0052b9cc	Label	DAT_0052b9cc
0052b9d0	Label	DAT_0052b9d0
0052b9d4	Label	DAT_0052b9d4
0052b9d8	Label	DAT_0052b9d8
0052b9dc	Label	DAT_0052b9dc
0052b9e0	Label	DAT_0052b9e0
0052b9e4	Label	DAT_0052b9e4
0052b9e8	Label	DAT_0052b9e8
0052b9ec	Label	DAT_0052b9ec
0052ba28	Label	DAT_0052ba28
0052ba2c	Label	DAT_0052ba2c
0052ba30	Label	DAT_0052ba30
0052ba34	Label	DAT_0052ba34
0052ba38	Label	DAT_0052ba38
0052ba3c	Label	DAT_0052ba3c
0052ba40	Label	DAT_0052ba40
0052ba44	Label	DAT_0052ba44
0052ba48	Label	DAT_0052ba48
0052ba4c	Label	DAT_0052ba4c
0052ba50	Label	DAT_0052ba50
0052ba54	Label	DAT_0052ba54
0052ba58	Label	DAT_0052ba58
0052ba5c	Label	DAT_0052ba5c
0052ba60	Label	DAT_0052ba60
0052ba64	Label	DAT_0052ba64
0052ba68	Label	DAT_0052ba68
0052ba6c	Label	DAT_0052ba6c
0052ba80	Label	DAT_0052ba80
0052ba84	Label	DAT_0052ba84
0052ba88	Label	DAT_0052ba88
0052ba8c	Label	DAT_0052ba8c
0052ba90	Label	DAT_0052ba90
0052ba94	Label	DAT_0052ba94
0052ba98	Label	DAT_0052ba98
0052ba9c	Label	DAT_0052ba9c
0052baa0	Label	DAT_0052baa0
0052baa4	Label	DAT_0052baa4
0052baa8	Label	DAT_0052baa8
0052bac0	Label	DAT_0052bac0
0052bac4	Label	DAT_0052bac4
0052bac8	Label	DAT_0052bac8
0052bacc	Label	DAT_0052bacc
0052bad0	Label	DAT_0052bad0
0052bad4	Label	DAT_0052bad4
0052bad8	Label	DAT_0052bad8
0052badc	Label	DAT_0052badc
0052bae0	Label	DAT_0052bae0
0052bae4	Label	DAT_0052bae4
0052bae8	Label	DAT_0052bae8
0052bb50	Label	DAT_0052bb50
0052bb54	Label	DAT_0052bb54
0052bb58	Label	DAT_0052bb58
0052bb5c	Label	DAT_0052bb5c
0052bb60	Label	DAT_0052bb60
0052bb64	Label	DAT_0052bb64
0052bb68	Label	DAT_0052bb68
0052bb6c	Label	DAT_0052bb6c
0052be90	Label	DefKeyMapBufferList
0052bed0	Label	mui_typename
0052bed4	Label	PTR_DAT_0052bed4
0052bf10	Label	PTR_s_libemu_neogeo.so_0052bf10
0052bf14	Label	PTR_s_libemu_capcom.so_0052bf14
0052bf18	Label	PTR_s_libemu_pgm.so_0052bf18
0052bf1c	Label	PTR_s_libemu_cps2.so_0052bf1c
0052bf20	Label	PTR_s_libemu_extend.so_0052bf20
0052bf24	Label	PTR_s_libemu_fbalpha.so_0052bf24
0052bf28	Label	PTR_s_libemu_fbalpha2012.so_0052bf28
0052bf2c	Label	PTR_s_libemu_mame2000.so_0052bf2c
0052bf30	Label	PTR_s_libemu_fba.so_0052bf30
0052bf34	Label	PTR_s__0052bf34
0052bf38	Label	steering_data
0052bf3c	Label	DAT_0052bf3c
0052bf40	Label	user_joy_key_mask
0052bf44	Label	DAT_0052bf44
0052bf60	Label	DAT_0052bf60
0052bf64	Label	DAT_0052bf64
0052bf68	Label	DAT_0052bf68
0052bf6c	Label	DAT_0052bf6c
0052bf78	Label	DAT_0052bf78
0052bf7c	Label	DAT_0052bf7c
0052bf80	Label	DAT_0052bf80
0052bf84	Label	DAT_0052bf84
0052bfa0	Label	DAT_0052bfa0
0052bfa4	Label	DAT_0052bfa4
0052bfa8	Label	DAT_0052bfa8
0052bfac	Label	DAT_0052bfac
0052bfb8	Label	DAT_0052bfb8
0052bfbc	Label	DAT_0052bfbc
0052c040	Label	default_core_list
0052c060	Label	DAT_0052c060
0052c064	Label	DAT_0052c064
0052c084	Label	PTR_DAT_0052c084
0052c0a4	Label	DAT_0052c0a4
0052c0a8	Label	DAT_0052c0a8
0052c0c8	Label	DAT_0052c0c8
0052c0e8	Label	DAT_0052c0e8
0052c0ec	Label	s_libemu_sfc.so_0052c0ec
0052dad0	Label	fps0
0052dad4	Label	log_dummy_level
0052dad8	Label	sound_len
0052dadc	Label	GameMenuHotKey
0052dae0	Label	SelectCoresKey
0052dae4	Label	QuickSnapKey
0052dae8	Label	QuickLoadKey
0052daec	Label	QuickSaveKey
0052daf0	Label	SaveDefaultStateKey
0052db00	Label	PTR_STD_index_0052db00
0052db10	Label	DAT_0052db10
0052db20	Label	PTR_FUN_0052db20
0052db24	Label	PTR_gzread_0052db24
0052db28	Label	PTR_gzwrite_0052db28
0052db2c	Label	PTR_gzseek_0052db2c
0052db30	Label	PTR_FUN_0052db30
0052db34	Label	DAT_0052db34
0052db38	Label	DAT_0052db38
0052db40	Label	DAT_0052db40
0052db44	Label	DAT_0052db44
0052db50	Label	DAT_0052db50
0052db58	Label	DAT_0052db58
0052db60	Label	DAT_0052db60
0052db70	Label	DAT_0052db70
0052db72	Label	DAT_0052db72
0052db73	Label	DAT_0052db73
0052db78	Label	DAT_0052db78
0052db7a	Label	DAT_0052db78+2
0052db7b	Label	DAT_0052db78+3
0052db7c	Label	DAT_0052db7c
0052db7d	Label	DAT_0052db7c+1
0052db7e	Label	DAT_0052db7c+2
0052db7f	Label	DAT_0052db7c+3
0052db80	Label	DAT_0052db80
0052db90	Label	DAT_0052db90
0052db92	Label	DAT_0052db92
0052dba0	Label	PTR_FUN_0052dba0
0052dbbc	Label	PTR_LAB_0052dbbc
0052dc3c	Label	switchD_004750c0::switchdataD_0052dc3c
0052dd3c	Label	PTR_LAB_0052dd3c
0052ddbc	Label	switchD_00475070::switchdataD_0052ddbc
0052de3c	Label	switchD_00475048::switchdataD_0052de3c
0052df3c	Label	PTR_LAB_0052df3c
0052e03c	Label	DAT_0052e03c
0052e05c	Label	DAT_0052e05c
0052e07c	Label	DAT_0052e07c
0052e09c	Label	PTR_DAT_0052e09c
0052e0bc	Label	DAT_0052e0bc
0052e0c0	Label	switchD_004ea5dc::switchdataD_0052e0c0
0052e4dc	Label	PTR_LAB_0052e4dc
0052e55c	Label	switchD_004ea58c::switchdataD_0052e55c
0052e65c	Label	PTR_LAB_0052e65c
0052e6dc	Label	switchD_004ea53c::switchdataD_0052e6dc
0052e75c	Label	switchD_004ea514::switchdataD_0052e75c
0052e85c	Label	PTR_FUN_0052e85c
0052e95c	Label	DAT_0052e95c
0052e96c	Label	DAT_0052e96c
0052e97c	Label	DAT_0052e97c
0052e98c	Label	DAT_0052e98c
0052e99c	Label	DAT_0052e99c
0052e9ac	Label	DAT_0052e9ac
0052e9bc	Label	DAT_0052e9bc
0052e9cc	Label	PTR_DAT_0052e9cc
0052e9e0	Label	__DT_MIPS_RLD_MAP
0052e9e0	Label	__RLD_MAP
0052e9f0	Label	__DT_PLTGOT
0052e9f8	Label	PTR_LAB_0052e9f8
0052e9fc	Label	PTR_DAT_0052e9fc
0052ea00	Label	PTR_DAT_0052ea00
0052ea04	Label	PTR__mxml_entity_cb_0052ea04
0052ea08	Label	PTR__mxml_global_0052ea08
0052ea0c	Label	PTR_stderr_0052ea0c
0052ea10	Label	PTR_fprintf_0052ea10
0052ea14	Label	PTR_fixed_tl[2580]_0052ea14
0052ea18	Label	PTR_fflush_0052ea18
0052ea1c	Label	PTR_fileno_0052ea1c
0052ea20	Label	PTR_fsync_0052ea20
0052ea24	Label	PTR_RARCH_LOG_V_0052ea24
0052ea28	Label	PTR_sprintf_0052ea28
0052ea2c	Label	PTR_work_path_0052ea2c
0052ea30	Label	PTR_fopen_0052ea30
0052ea34	Label	PTR_mxmlLoadFile_0052ea34
0052ea38	Label	PTR_fclose_0052ea38
0052ea3c	Label	PTR_mxmlFindElement_0052ea3c
0052ea40	Label	PTR_strtol_0052ea40
0052ea44	Label	PTR_displayfps_0052ea44
0052ea48	Label	PTR_RARCH_LOG_0052ea48
0052ea4c	Label	PTR_DisplayThread_0052ea4c
0052ea50	Label	PTR_soft_rotation_0052ea50
0052ea54	Label	PTR_mxmlElementGetAttr_0052ea54
0052ea58	Label	PTR_strcpy_0052ea58
0052ea5c	Label	PTR_joykey_explaned_0052ea5c
0052ea60	Label	PTR_SaveDefaultStateKey_0052ea60
0052ea64	Label	PTR_QuickSaveKey_0052ea64
0052ea68	Label	PTR_QuickLoadKey_0052ea68
0052ea6c	Label	PTR_QuickSnapKey_0052ea6c
0052ea70	Label	PTR_SelectCoresKey_0052ea70
0052ea74	Label	PTR_AutoRestoreKey_0052ea74
0052ea78	Label	PTR_GameMenuHotKey_0052ea78
0052ea7c	Label	PTR_autorunfile_0052ea7c
0052ea80	Label	PTR_mxmlDelete_0052ea80
0052ea84	Label	PTR_log_dummy_level_0052ea84
0052ea88	Label	PTR_autorundriver_0052ea88
0052ea8c	Label	PTR_memcpy_0052ea8c
0052ea90	Label	PTR_strrchr_0052ea90
0052ea94	Label	PTR_fgets_0052ea94
0052ea98	Label	PTR_output_x_0052ea98
0052ea9c	Label	PTR_output_y_0052ea9c
0052eaa0	Label	PTR_scr_h_size_0052eaa0
0052eaa4	Label	PTR_scr_data_0052eaa4
0052eaa8	Label	PTR_asc2_1608_0052eaa8
0052eaac	Label	PTR_Rowspacing_0052eaac
0052eab0	Label	PTR_scr_v_size_0052eab0
0052eab4	Label	PTR_bprintf_buf_0052eab4
0052eab8	Label	PTR_outputxy1_0052eab8
0052eabc	Label	PTR_spi_printf_needflash_0052eabc
0052eac0	Label	PTR_shmid_0052eac0
0052eac4	Label	PTR_shm_0052eac4
0052eac8	Label	PTR_usleep_0052eac8
0052eacc	Label	PTR___DT_MIPS_BASE_ADDRESS_0052eacc
0052ead0	Label	PTR_memset_0052ead0
0052ead4	Label	PTR_open_0052ead4
0052ead8	Label	PTR_mmap_0052ead8
0052eadc	Label	PTR_munmap_0052eadc
0052eae0	Label	PTR_close_0052eae0
0052eae4	Label	PTR_strlen_0052eae4
0052eae8	Label	PTR_key2_0052eae8
0052eaec	Label	PTR_LAB_0052eaec
0052eaf0	Label	PTR_perror_0052eaf0
0052eaf4	Label	PTR___xstat_0052eaf4
0052eaf8	Label	PTR_upgrade_detect_0052eaf8
0052eafc	Label	PTR_exit_0052eafc
0052eb00	Label	PTR_check_exit_game_0052eb00
0052eb04	Label	PTR_xintiao_0052eb04
0052eb08	Label	PTR_exit_game_0052eb08
0052eb0c	Label	PTR_access_0052eb0c
0052eb10	Label	PTR_spi_printf_0052eb10
0052eb14	Label	PTR_dispFlip_0052eb14
0052eb18	Label	PTR_get_executable_path_0052eb18
0052eb1c	Label	PTR_resource_path_0052eb1c
0052eb20	Label	PTR_SDCARD_PATH_0052eb20
0052eb24	Label	PTR_myStrrstr_0052eb24
0052eb28	Label	PTR_GetConfig_0052eb28
0052eb2c	Label	PTR_dispmeninfo_0052eb2c
0052eb30	Label	PTR_InitDisplay_0052eb30
0052eb34	Label	PTR_InitSound_0052eb34
0052eb38	Label	PTR_InitJoystick_0052eb38
0052eb3c	Label	PTR_sfc_init_0052eb3c
0052eb40	Label	PTR_spi_driver_init_0052eb40
0052eb44	Label	PTR_sfc_uninit_0052eb44
0052eb48	Label	PTR_DeinitSound_0052eb48
0052eb4c	Label	PTR_DeinitDisplay_0052eb4c
0052eb50	Label	PTR_UpdateROM_0052eb50
0052eb54	Label	PTR_ShareMemCreat_0052eb54
0052eb58	Label	PTR_pthread_create_0052eb58
0052eb5c	Label	PTR_XintiaoThread_0052eb5c
0052eb60	Label	PTR_strcmp_0052eb60
0052eb64	Label	PTR_JoystickTest_0052eb64
0052eb68	Label	PTR_main_menu_0052eb68
0052eb6c	Label	PTR_autorun_0052eb6c
0052eb70	Label	PTR_TestUSBJoy_0052eb70
0052eb74	Label	PTR_pinmux_init_0052eb74
0052eb78	Label	PTR_pinmux_deinit_0052eb78
0052eb7c	Label	PTR_pinmux_configure_0052eb7c
0052eb80	Label	PTR_gpio_init_0052eb80
0052eb84	Label	PTR_gpio_configure_0052eb84
0052eb88	Label	PTR_sunxi_gpio_output_0052eb88
0052eb8c	Label	PTR_gpio_get_configure_0052eb8c
0052eb90	Label	PTR_gpio_set_output_0052eb90
0052eb94	Label	PTR_gpio_get_input_0052eb94
0052eb98	Label	PTR_OS_Delay_0052eb98
0052eb9c	Label	PTR_sunxi_gpio_set_cfgpin_0052eb9c
0052eba0	Label	PTR_sunxi_gpio_input_0052eba0
0052eba4	Label	PTR_KEY_VALUE_Addr_0052eba4
0052eba8	Label	PTR_api_cube_ioctl_0052eba8
0052ebac	Label	PTR_Cube_State_Reg_0052ebac
0052ebb0	Label	PTR_joy_key_0052ebb0
0052ebb4	Label	PTR_ReadJoystickProc_0052ebb4
0052ebb8	Label	PTR_joytemp0_0052ebb8
0052ebbc	Label	PTR_joytemp1_0052ebbc
0052ebc0	Label	PTR_processvblank_0052ebc0
0052ebc4	Label	PTR_IR_JoyKey_0052ebc4
0052ebc8	Label	PTR_Joy1_Delay_0052ebc8
0052ebcc	Label	PTR_Joy1_Press_0052ebcc
0052ebd0	Label	PTR_printf_0052ebd0
0052ebd4	Label	PTR_video_driver_setting_0052ebd4
0052ebd8	Label	PTR_puts_0052ebd8
0052ebdc	Label	PTR_video_driver_frame_0052ebdc
0052ebe0	Label	PTR_set_rotation_0052ebe0
0052ebe4	Label	PTR_video_driver_get_size_0052ebe4
0052ebe8	Label	PTR_api_cube_free_0052ebe8
0052ebec	Label	PTR_api_cube_malloc_0052ebec
0052ebf0	Label	PTR_api_cube_send_msg_0052ebf0
0052ebf4	Label	PTR_USE_HDMI_OUT_0052ebf4
0052ebf8	Label	PTR_this_frame_0052ebf8
0052ebfc	Label	PTR_sound_driver_init_0052ebfc
0052ec00	Label	PTR_sound_driver_playframe_0052ec00
0052ec04	Label	PTR_sound_driver_buffering_percent_0052ec04
0052ec08	Label	PTR_sound_driver_flush_0052ec08
0052ec0c	Label	PTR_inflate_flush_0052ec0c
0052ec10	Label	PTR_inflate_mask_0052ec10
0052ec14	Label	PTR_inflate_codes_free_0052ec14
0052ec18	Label	PTR_inflate_blocks_reset_0052ec18
0052ec1c	Label	PTR_inflate_blocks_free_0052ec1c
0052ec20	Label	PTR_huft_build_0052ec20
0052ec24	Label	PTR_cplens_0052ec24
0052ec28	Label	PTR_cplext_0052ec28
0052ec2c	Label	PTR_cpdist_0052ec2c
0052ec30	Label	PTR_cpdext_0052ec30
0052ec34	Label	PTR_fixed_tl_0052ec34
0052ec38	Label	PTR_fixed_td_0052ec38
0052ec3c	Label	PTR_inflate_trees_fixed_0052ec3c
0052ec40	Label	PTR_inflate_codes_new_0052ec40
0052ec44	Label	PTR_inflate_codes_0052ec44
0052ec48	Label	PTR_inflate_trees_dynamic_0052ec48
0052ec4c	Label	PTR_border_0052ec4c
0052ec50	Label	PTR_inflate_trees_bits_0052ec50
0052ec54	Label	PTR_inflate_blocks_new_0052ec54
0052ec58	Label	PTR_fseek_0052ec58
0052ec5c	Label	PTR_ftell_0052ec5c
0052ec60	Label	PTR_SPI_MODE_0052ec60
0052ec64	Label	PTR_spi_memcpy_0052ec64
0052ec68	Label	PTR_fread_0052ec68
0052ec6c	Label	PTR_lufseek_0052ec6c
0052ec70	Label	PTR_lufread_0052ec70
0052ec74	Label	PTR_inflate_blocks_0052ec74
0052ec78	Label	PTR_luferror_0052ec78
0052ec7c	Label	PTR_unzlocal_getByte_0052ec7c
0052ec80	Label	PTR_luftell_0052ec80
0052ec84	Label	PTR_unzlocal_getShort_0052ec84
0052ec88	Label	PTR_unzlocal_getLong_0052ec88
0052ec8c	Label	PTR_unzlocal_DosDateToTmuDate_0052ec8c
0052ec90	Label	PTR_unzlocal_GetCurrentFileInfoInternal_0052ec90
0052ec94	Label	PTR_unzlocal_SearchCentralDir_0052ec94
0052ec98	Label	PTR_lufclose_0052ec98
0052ec9c	Label	PTR_strcmpcasenosensitive_internal_0052ec9c
0052eca0	Label	PTR_unzlocal_CheckCurrentFileCoherencyHeader_0052eca0
0052eca4	Label	PTR_inflateInit2_0052eca4
0052eca8	Label	PTR_m_TUnzip_0052eca8
0052ecac	Label	PTR_timet2filetime_0052ecac
0052ecb0	Label	PTR_lufopen_0052ecb0
0052ecb4	Label	PTR_unzOpenInternal_0052ecb4
0052ecb8	Label	PTR_Get_0052ecb8
0052ecbc	Label	PTR_fwrite_0052ecbc
0052ecc0	Label	PTR_lasterrorU_0052ecc0
0052ecc4	Label	PTR_strncpy_0052ecc4
0052ecc8	Label	PTR_Open_0052ecc8
0052eccc	Label	PTR_Find_0052eccc
0052ecd0	Label	PTR_Unzip_0052ecd0
0052ecd4	Label	PTR_Close_0052ecd4
0052ecd8	Label	PTR_diff_prev_0052ecd8
0052ecdc	Label	PTR_GetTicks_0052ecdc
0052ece0	Label	PTR_Joystick_RegTemp_0052ece0
0052ece4	Label	PTR_scr_buf_0052ece4
0052ece8	Label	PTR_OpenZipU_0052ece8
0052ecec	Label	PTR_FindZipItemA_0052ecec
0052ecf0	Label	PTR_CloseZipU_0052ecf0
0052ecf4	Label	PTR_UnzipItem_0052ecf4
0052ecf8	Label	PTR_PrevBgBuff_0052ecf8
0052ecfc	Label	PTR_CurrBgBuff_0052ecfc
0052ed00	Label	PTR_VolumeBmpBuffer_0052ed00
0052ed04	Label	PTR_scrblock_0052ed04
0052ed08	Label	PTR_blockcopy_8888_0052ed08
0052ed0c	Label	PTR_dstblock_0052ed0c
0052ed10	Label	PTR_UIModeIndex_0052ed10
0052ed14	Label	PTR_SettingIndex_0052ed14
0052ed18	Label	PTR_EmulatorIndex_0052ed18
0052ed1c	Label	PTR_GetFileFormZip_0052ed1c
0052ed20	Label	PTR_TitleNameBuff_0052ed20
0052ed24	Label	PTR_PageIndBuffer_0052ed24
0052ed28	Label	PTR_GetWorkPath_0052ed28
0052ed2c	Label	PTR_StrTemp_0052ed2c
0052ed30	Label	PTR_LanguageIndex_0052ed30
0052ed34	Label	PTR_LoadFileToBuffer_0052ed34
0052ed38	Label	PTR_FooterBuff_0052ed38
0052ed3c	Label	PTR_DrawIcon_0052ed3c
0052ed40	Label	PTR_GetGameSum_0052ed40
0052ed44	Label	PTR_face_0052ed44
0052ed48	Label	PTR_Letterbitmap_0052ed48
0052ed4c	Label	PTR_VersionNumberBuffer_0052ed4c
0052ed50	Label	PTR_VolumeReg_0052ed50
0052ed54	Label	PTR_LightReg_0052ed54
0052ed58	Label	PTR_TempBuffer_0052ed58
0052ed5c	Label	PTR_ScreenScaling_0052ed5c
0052ed60	Label	PTR_MediaIndex_0052ed60
0052ed64	Label	PTR_ReadJoystickC_0052ed64
0052ed68	Label	PTR_mui_typename_0052ed68
0052ed6c	Label	PTR_KeyMappingChange_0052ed6c
0052ed70	Label	PTR_KeyMappingBuffer_0052ed70
0052ed74	Label	PTR_DEFKeyMappingBuf_0052ed74
0052ed78	Label	PTR_EmulatorNumber_0052ed78
0052ed7c	Label	PTR_mui_GetLanguage_0052ed7c
0052ed80	Label	PTR_mui_GetScreen_0052ed80
0052ed84	Label	PTR_PCSXSetColorMode_0052ed84
0052ed88	Label	PTR_InitKekMapping_0052ed88
0052ed8c	Label	PTR_HDMI_State_reg_0052ed8c
0052ed90	Label	PTR_mui_Effect_0052ed90
0052ed94	Label	PTR_DrawUIPrep_0052ed94
0052ed98	Label	PTR_WaitNMI_0052ed98
0052ed9c	Label	PTR_VolumeRegChange_0052ed9c
0052eda0	Label	PTR_LightRegChange_0052eda0
0052eda4	Label	PTR_cube_get_backlight_brightness_0052eda4
0052eda8	Label	PTR_KeyMap_KeyBuff_0052eda8
0052edac	Label	PTR_KeyMap_EmuIconBuff0_0052edac
0052edb0	Label	PTR_KeyMap_EmuIconBuff1_0052edb0
0052edb4	Label	PTR_KeyMap_KeyNameBuff_0052edb4
0052edb8	Label	PTR_KeyMap_PopupMenuBuff_0052edb8
0052edbc	Label	PTR_SoundPlay_0052edbc
0052edc0	Label	PTR_BgFadeIn_0052edc0
0052edc4	Label	PTR_control_set_0052edc4
0052edc8	Label	PTR_FreeAllUIBuffer_0052edc8
0052edcc	Label	PTR_enter_multios_app_0052edcc
0052edd0	Label	PTR_cube_get_volume_0052edd0
0052edd4	Label	PTR_DrowVolume_0052edd4
0052edd8	Label	PTR_cube_set_volume_0052edd8
0052eddc	Label	PTR_ShowAreYouSureMsg_0052eddc
0052ede0	Label	PTR_mui_SaveScreen_0052ede0
0052ede4	Label	PTR_mui_setlanguage_0052ede4
0052ede8	Label	PTR_cube_set_backlight_brightness_0052ede8
0052edec	Label	PTR_PopupBoxFlag_0052edec
0052edf0	Label	PTR_KeyMappingIndex_0052edf0
0052edf4	Label	PTR_KeyMapEmuIndex_0052edf4
0052edf8	Label	PTR_MapKeySetIndex_0052edf8
0052edfc	Label	PTR_KeyMapEmuStart_0052edfc
0052ee00	Label	PTR_KeyMapEmuOffset_0052ee00
0052ee04	Label	PTR_mui_Restore_0052ee04
0052ee08	Label	PTR_hztable_0052ee08
0052ee0c	Label	PTR_mui_gamesum_0052ee0c
0052ee10	Label	PTR_FUN_0052ee10
0052ee14	Label	PTR_root_path_0052ee14
0052ee18	Label	PTR_file_info_list_0052ee18
0052ee1c	Label	PTR_mui_extract_basename_0052ee1c
0052ee20	Label	PTR_strupr_0052ee20
0052ee24	Label	PTR_utf8_to_ansi_0052ee24
0052ee28	Label	PTR_DAT_0052ee28
0052ee2c	Label	PTR_rotation_0052ee2c
0052ee30	Label	PTR_mui_extract_basepath_0052ee30
0052ee34	Label	PTR_fileName_0052ee34
0052ee38	Label	PTR_RomName_0052ee38
0052ee3c	Label	PTR_writePng_0052ee3c
0052ee40	Label	PTR_strstr_0052ee40
0052ee44	Label	PTR___ctype_toupper_loc_0052ee44
0052ee48	Label	PTR_GetFilenameExt_0052ee48
0052ee4c	Label	PTR_Filetype_0052ee4c
0052ee50	Label	PTR_GetCoreIndex_0052ee50
0052ee54	Label	PTR_ZIP_BUF_SIZE_0052ee54
0052ee58	Label	PTR_ZIP_BUF_0052ee58
0052ee5c	Label	PTR_GetZipItemA_0052ee5c
0052ee60	Label	PTR_DisplayZoomFlag_0052ee60
0052ee64	Label	PTR_m_light_0052ee64
0052ee68	Label	PTR_mui_MenuMusic_0052ee68
0052ee6c	Label	PTR_USB_Table_0052ee6c
0052ee70	Label	PTR_default_core_list_0052ee70
0052ee74	Label	PTR_gettimeofday_0052ee74
0052ee78	Label	PTR___ctype_b_loc_0052ee78
0052ee7c	Label	PTR_strtriml_0052ee7c
0052ee80	Label	PTR_strtrimr_0052ee80
0052ee84	Label	PTR_strtrim_0052ee84
0052ee88	Label	PTR_strchr_0052ee88
0052ee8c	Label	PTR_mainkey_0052ee8c
0052ee90	Label	PTR_get_item_from_line_0052ee90
0052ee94	Label	PTR_get_items_from_zipfile_0052ee94
0052ee98	Label	PTR_get_value_from_items_0052ee98
0052ee9c	Label	PTR_draw_Letterbitmap_0052ee9c
0052eea0	Label	PTR_GameSum_x_0052eea0
0052eea4	Label	PTR_LAB_0052eea4
0052eea8	Label	PTR_DAT_0052eea8
0052eeac	Label	PTR_ReadJoystick_0052eeac
0052eeb0	Label	PTR_load_png_image_0052eeb0
0052eeb4	Label	PTR_outputblankxy_0052eeb4
0052eebc	Label	PTR_EmuCore_Blank_0052eebc
0052eec0	Label	PTR_EmuCore_Line_0052eec0
0052eec4	Label	PTR_mui_ReadJoystick_0052eec4
0052eec8	Label	PTR_mui_WaitNMI_0052eec8
0052eecc	Label	PTR_EmuCore_list_0052eecc
0052eed0	Label	PTR_mui_DisplayLine_list_0052eed0
0052eed4	Label	PTR_mxmlElementSetAttr_0052eed4
0052eed8	Label	PTR_mxmlSaveFile_0052eed8
0052eedc	Label	PTR_SoundPlayer_0052eedc
0052eee0	Label	PTR_MP3FreeDecoder_0052eee0
0052eee4	Label	PTR_Soundplayflag_0052eee4
0052eee8	Label	PTR_SoundClose_0052eee8
0052eeec	Label	PTR_MP3InitDecoder_0052eeec
0052eef0	Label	PTR_MP3FindSyncWord_0052eef0
0052eef4	Label	PTR_pausemenu_gamename_0052eef4
0052eef8	Label	PTR_GetFileCore_0052eef8
0052eefc	Label	PTR_LoadSkipState_0052eefc
0052ef00	Label	PTR_Core_Load_0052ef00
0052ef04	Label	PTR_mui_SoundplayThread_0052ef04
0052ef08	Label	PTR_mui_DisplayThumbnailThread_0052ef08
0052ef0c	Label	PTR_file_info_list_ext_0052ef0c
0052ef10	Label	PTR_run_game_0052ef10
0052ef14	Label	PTR_mui_file_list_buf_temp_0052ef14
0052ef18	Label	PTR_mui_file_list_buf_size_temp_0052ef18
0052ef1c	Label	PTR_draw_footbar_0052ef1c
0052ef20	Label	PTR_mui_SearchThread_0052ef20
0052ef24	Label	PTR_SaveMenuLog_0052ef24
0052ef28	Label	PTR_MP3Decode_0052ef28
0052ef2c	Label	PTR_PlaySound_0052ef2c
0052ef30	Label	PTR_errorcount_0052ef30
0052ef34	Label	PTR_Mp3DecodeLoop_0052ef34
0052ef38	Label	PTR_AudioProcess_0052ef38
0052ef3c	Label	PTR_gameType_0052ef3c
0052ef40	Label	PTR_mui_typetable_0052ef40
0052ef44	Label	PTR_retro_load_state_0052ef44
0052ef48	Label	PTR_retro_save_state_0052ef48
0052ef4c	Label	PTR_keyMapping_0052ef4c
0052ef50	Label	PTR_video_driver_set_rotation_0052ef50
0052ef54	Label	PTR_init_user_joy_key_mask_0052ef54
0052ef58	Label	PTR_DefKeyMapBufferList_0052ef58
0052ef5c	Label	PTR_blockadaptive_0052ef5c
0052ef60	Label	PTR_uncompress_0052ef60
0052ef64	Label	PTR_bimapFilebuffer_0052ef64
0052ef68	Label	PTR_blockcopy_0052ef68
0052ef6c	Label	PTR_disp_state_tumble_0052ef6c
0052ef70	Label	PTR_pause_ret_0052ef70
0052ef74	Label	PTR_mui_popwindows_0052ef74
0052ef78	Label	PTR_mui_popoffwindows_0052ef78
0052ef7c	Label	PTR_mui_save_state_0052ef7c
0052ef80	Label	PTR_mui_load_state_0052ef80
0052ef84	Label	PTR_PauseMenuIn_0052ef84
0052ef88	Label	PTR_SaveDefaultSnap_0052ef88
0052ef8c	Label	PTR_ChangeSeting_0052ef8c
0052ef90	Label	PTR_StopSound_0052ef90
0052ef94	Label	PTR_video_driver_set_colormode_0052ef94
0052ef98	Label	PTR_mui_game_exit_0052ef98
0052ef9c	Label	PTR_SaveKeyMappingConfigFile_0052ef9c
0052efa0	Label	PTR_SaveDefaultState_0052efa0
0052efa4	Label	PTR_uleb128_0052efa4
0052efa8	Label	PTR_rgb8888_to_rgb565_0052efa8
0052efac	Label	PTR_LoadDefaultState_0052efac
0052efb0	Label	PTR_P1_Table_0052efb0
0052efb4	Label	PTR_USBJoy_debug_0052efb4
0052efb8	Label	PTR_KEY_Table_0052efb8
0052efbc	Label	PTR_game_joy_key_0052efbc
0052efc0	Label	PTR_user_joy_key_mask_0052efc0
0052efc4	Label	PTR_TurboKeyProcess_0052efc4
0052efc8	Label	PTR_remove_all_scf_0052efc8
0052efcc	Label	PTR_progress_buffer_0052efcc
0052efd0	Label	PTR_PrevScr_0052efd0
0052efd4	Label	PTR_FlyModeFlag_0052efd4
0052efd8	Label	PTR_FlyOut_LR_0052efd8
0052efdc	Label	PTR_mui_typelist_index_0052efdc
0052efe0	Label	PTR_popwindows_0052efe0
0052efe4	Label	PTR_popoffwindows_0052efe4
0052efe8	Label	PTR_mui_dir_serial_list_0052efe8
0052efec	Label	PTR_mui_DisplayPage_list_0052efec
0052eff0	Label	PTR_get_filetype_0052eff0
0052eff4	Label	PTR_GetFileType_0052eff4
0052eff8	Label	PTR_mui_Search_list_0052eff8
0052effc	Label	PTR_RUN_MUI_0052effc
0052f000	Label	PTR_mui_InitFont_0052f000
0052f004	Label	PTR_InitFileinfo_0052f004
0052f008	Label	PTR_LoadMenuLog_0052f008
0052f00c	Label	PTR_LAB_0052f00c
0052f010	Label	PTR_JoystickTestRet_0052f010
0052f014	Label	PTR_main_ui_0052f014
0052f018	Label	PTR_rotation_buff_0052f018
0052f01c	Label	PTR_corecfg_0052f01c
0052f020	Label	PTR_use_rgb_8888_0052f020
0052f024	Label	PTR_steering_data_0052f024
0052f028	Label	PTR_pcsx_game_info_0052f028
0052f02c	Label	PTR_pcsx_load_game_0052f02c
0052f030	Label	PTR_MaxPort_0052f030
0052f034	Label	PTR_fps_0052f034
0052f038	Label	PTR_maxSkips_0052f038
0052f03c	Label	PTR_FrameCount0_0052f03c
0052f040	Label	PTR_skipCounter_0052f040
0052f044	Label	PTR_FrameCount_0052f044
0052f048	Label	PTR_initialTicks_0052f048
0052f04c	Label	PTR_fpsbuf_0052f04c
0052f050	Label	PTR_pal_ntsc_0052f050
0052f054	Label	PTR_prev_time_0052f054
0052f058	Label	PTR_fps0_0052f058
0052f05c	Label	PTR_DispFrameCount_0052f05c
0052f060	Label	PTR_FrameSkip_0052f060
0052f064	Label	PTR_skipframe_count_0052f064
0052f068	Label	PTR_UIDebug_0052f068
0052f06c	Label	PTR_GBA_index_0052f06c
0052f070	Label	PTR_STD_index_0052f070
0052f074	Label	PTR_SNES_index_0052f074
0052f078	Label	PTR_user_joy_key_trubo_0052f078
0052f07c	Label	PTR_joy_key_mask_0052f07c
0052f080	Label	PTR_PS_index_0052f080
0052f084	Label	PTR_FBA_index_0052f084
0052f088	Label	PTR_PCE_index_0052f088
0052f08c	Label	PTR_MD_index_0052f08c
0052f090	Label	PTR_dosave_0052f090
0052f094	Label	PTR_joy_key_temp_0052f094
0052f098	Label	PTR_pf_0052f098
0052f09c	Label	PTR_fps_ptr_0052f09c
0052f0a0	Label	PTR_InitKeyMapping0fEmuType_0052f0a0
0052f0a4	Label	PTR_overtime_0052f0a4
0052f0a8	Label	PTR_overtime1_0052f0a8
0052f0ac	Label	PTR_run_process_0052f0ac
0052f0b0	Label	PTR_DrawFrame_0052f0b0
0052f0b4	Label	PTR_PlayFrame_0052f0b4
0052f0b8	Label	PTR_joystick_input_0052f0b8
0052f0bc	Label	PTR_environment_0052f0bc
0052f0c0	Label	PTR_joystick_poll_0052f0c0
0052f0c4	Label	PTR__retro_get_region_0052f0c4
0052f0c8	Label	PTR__retro_run_0052f0c8
0052f0cc	Label	PTR__SetFrameSkip_0052f0cc
0052f0d0	Label	PTR_sound_len_0052f0d0
0052f0d4	Label	PTR_RetroInitSound_0052f0d4
0052f0d8	Label	PTR_outTimeVal_0052f0d8
0052f0dc	Label	PTR_inTimeVal_0052f0dc
0052f0e0	Label	PTR_PauseMenu_0052f0e0
0052f0e4	Label	PTR_n_input_width_0052f0e4
0052f0e8	Label	PTR_n_input_height_0052f0e8
0052f0ec	Label	PTR_n_input_visible_width_0052f0ec
0052f0f0	Label	PTR_n_input_visible_height_0052f0f0
0052f0f4	Label	PTR_screen_w_0052f0f4
0052f0f8	Label	PTR_screen_x_0052f0f8
0052f0fc	Label	PTR_Load_Proc1_0052f0fc
0052f100	Label	PTR_game_0052f100
0052f104	Label	PTR_romfile_0052f104
0052f108	Label	PTR_Load_Proc2_0052f108
0052f10c	Label	PTR_wise_mem_init_0052f10c
0052f110	Label	PTR_pcsx_Thread_0052f110
0052f114	Label	PTR_pthread_join_0052f114
0052f118	Label	PTR_wise_mem_deinit_0052f118
0052f11c	Label	PTR__retro_is_support_0052f11c
0052f120	Label	PTR_progress_0052f120
0052f124	Label	PTR_progress_stepcount_0052f124
0052f128	Label	PTR_get_items_from_file_0052f128
0052f12c	Label	PTR__retro_set_device_0052f12c
0052f130	Label	PTR_items_0052f130
0052f134	Label	PTR_gpsp_unzip_0052f134
0052f138	Label	PTR_FBA_Load_0052f138
0052f13c	Label	PTR_Gpsp_Load_0052f13c
0052f140	Label	PTR_extract_basepath_0052f140
0052f144	Label	PTR_PCSX_Load_0052f144
0052f148	Label	PTR_InitScr_0052f148
0052f14c	Label	PTR_SaveState_0052f14c
0052f150	Label	PTR_LoadState_0052f150
0052f154	Label	PTR__retro_serialize_size_0052f154
0052f158	Label	PTR__retro_serialize_0052f158
0052f15c	Label	PTR_pcsx_save_state_0052f15c
0052f160	Label	PTR__retro_unserialize_0052f160
0052f164	Label	PTR_pcsx_load_state_0052f164
0052f168	Label	PTR_xmp3_AllocateBuffers_0052f168
0052f16c	Label	PTR_xmp3_FreeBuffers_0052f16c
0052f170	Label	PTR_xmp3_samplesPerFrameTab_0052f170
0052f174	Label	PTR_xmp3_UnpackFrameHeader_0052f174
0052f178	Label	PTR_MP3GetLastFrameInfo_0052f178
0052f17c	Label	PTR_xmp3_UnpackSideInfo_0052f17c
0052f180	Label	PTR_xmp3_CheckPadBit_0052f180
0052f184	Label	PTR_xmp3_UnpackScaleFactors_0052f184
0052f188	Label	PTR_xmp3_DecodeHuffman_0052f188
0052f18c	Label	PTR_memmove_0052f18c
0052f190	Label	PTR_xmp3_Dequantize_0052f190
0052f194	Label	PTR_xmp3_IMDCT_0052f194
0052f198	Label	PTR_xmp3_Subband_0052f198
0052f19c	Label	PTR_xmp3_SetBitstreamPointer_0052f19c
0052f1a0	Label	PTR_xmp3_GetBits_0052f1a0
0052f1a4	Label	PTR_xmp3_CalcBitsUsed_0052f1a4
0052f1a8	Label	PTR_xmp3_ISFMpeg1_0052f1a8
0052f1ac	Label	PTR_xmp3_ISFIIP_0052f1ac
0052f1b0	Label	PTR_xmp3_ISFMpeg2_0052f1b0
0052f1b4	Label	PTR_xmp3_FDCT32_0052f1b4
0052f1b8	Label	PTR_xmp3_polyCoef_0052f1b8
0052f1bc	Label	PTR_xmp3_PolyphaseStereo_0052f1bc
0052f1c0	Label	PTR_xmp3_imdctWin_0052f1c0
0052f1c4	Label	PTR_xmp3_csa_0052f1c4
0052f1c8	Label	PTR_xmp3_huffTable_0052f1c8
0052f1cc	Label	PTR_xmp3_huffTabLookup_0052f1cc
0052f1d0	Label	PTR_xmp3_huffTabOffset_0052f1d0
0052f1d4	Label	PTR_xmp3_quadTabOffset_0052f1d4
0052f1d8	Label	PTR_xmp3_quadTabMaxBits_0052f1d8
0052f1dc	Label	PTR_xmp3_quadTable_0052f1dc
0052f1e0	Label	PTR_xmp3_DequantChannel_0052f1e0
0052f1e4	Label	PTR_xmp3_MidSideProc_0052f1e4
0052f1e8	Label	PTR_xmp3_IntensityProcMPEG1_0052f1e8
0052f1ec	Label	PTR_xmp3_IntensityProcMPEG2_0052f1ec
0052f1f0	Label	PTR_xmp3_sfBandTable_0052f1f0
0052f1f4	Label	PTR_xmp3_samplerateTab_0052f1f4
0052f1f8	Label	PTR_xmp3_slotTab_0052f1f8
0052f1fc	Label	PTR_xmp3_sideBytesTab_0052f1fc
0052f200	Label	PTR_xmp3_bitrateTab_0052f200
0052f204	Label	PTR_mp3DecInfo_0052f204
0052f208	Label	PTR_ClearBuffer_0052f208
0052f20c	Label	PTR_si_0052f20c
0052f210	Label	PTR_fh_0052f210
0052f214	Label	PTR_sfi_0052f214
0052f218	Label	PTR_hi_0052f218
0052f21c	Label	PTR_di_0052f21c
0052f220	Label	PTR_mi_0052f220
0052f224	Label	PTR_sbi_0052f224
0052f228	Label	PTR_mxml_error_0052f228
0052f22c	Label	PTR__mxml_vstrdupf_0052f22c
0052f230	Label	PTR_mxmlEntityGetValue_0052f230
0052f238	Label	PTR_mxmlEntityGetName_0052f238
0052f23c	Label	PTR_mxmlNewText_0052f23c
0052f240	Label	PTR_mxmlRelease_0052f240
0052f244	Label	PTR_strncmp_0052f244
0052f248	Label	PTR_mxmlNewElement_0052f248
0052f24c	Label	PTR_mxmlNewInteger_0052f24c
0052f250	Label	PTR_mxmlNewCustom_0052f250
0052f254	Label	PTR_mxmlNewOpaque_0052f254
0052f258	Label	PTR_mxmlNewReal_0052f258
0052f25c	Label	PTR___errno_location_0052f25c
0052f264	Label	PTR_mxmlRemove_0052f264
0052f268	Label	PTR_mxmlAdd_0052f268
0052f26c	Label	PTR__mxml_strdupf_0052f26c
0052f274	Label	PTR_mxmlWalkNext_0052f274
0052f280	Label	PTR_DAT_0052f280
0052f41c	Label	PTR_realloc_0052f41c
0052f420	Label	PTR_png_get_image_height_0052f420
0052f424	Label	PTR_strtod_0052f424
0052f428	Label	PTR___gmon_start___0052f428
0052f42c	Label	PTR_system_0052f42c
0052f430	Label	PTR_png_init_io_0052f430
0052f434	Label	PTR_ioctl_0052f434
0052f438	Label	PTR___isoc99_fscanf_0052f438
0052f43c	Label	PTR_png_read_png_0052f43c
0052f440	Label	PTR_pthread_once_0052f440
0052f444	Label	PTR_FT_New_Face_0052f444
0052f448	Label	PTR_vfprintf_0052f448
0052f44c	Label	PTR_png_create_info_struct_0052f44c
0052f450	Label	PTR_shmget_0052f450
0052f454	Label	PTR_read_0052f454
0052f458	Label	PTR___strdup_0052f458
0052f45c	Label	PTR_remove_0052f45c
0052f460	Label	PTR_pthread_self_0052f460
0052f464	Label	PTR_png_malloc_0052f464
0052f468	Label	PTR_png_set_IHDR_0052f468
0052f46c	Label	PTR_hcfota_url_0052f46c
0052f470	Label	PTR__IO_putc_0052f470
0052f474	Label	PTR_readlink_0052f474
0052f478	Label	PTR_alphasort_0052f478
0052f47c	Label	PTR_stpcpy_0052f47c
0052f480	Label	PTR_dlclose_0052f480
0052f484	Label	PTR_png_get_color_type_0052f484
0052f488	Label	PTR_pthread_key_delete_0052f488
0052f48c	Label	PTR_free_0052f48c
0052f490	Label	PTR_pthread_mutex_lock_0052f490
0052f494	Label	PTR_dlerror_0052f494
0052f498	Label	PTR_png_set_longjmp_fn_0052f498
0052f49c	Label	PTR_png_write_end_0052f49c
0052f4a0	Label	PTR_vsnprintf_0052f4a0
0052f4a4	Label	PTR_pthread_mutex_unlock_0052f4a4
0052f4a8	Label	PTR___isoc99_sscanf_0052f4a8
0052f4ac	Label	PTR_shmat_0052f4ac
0052f4b0	Label	PTR_pthread_detach_0052f4b0
0052f4b4	Label	PTR_islower_0052f4b4
0052f4b8	Label	PTR__setjmp_0052f4b8
0052f4bc	Label	PTR_png_destroy_write_struct_0052f4bc
0052f4c0	Label	PTR___cxa_atexit_0052f4c0
0052f4c4	Label	PTR_png_get_rows_0052f4c4
0052f4c8	Label	PTR_FT_Init_FreeType_0052f4c8
0052f4cc	Label	PTR_dlsym_0052f4cc
0052f4d0	Label	PTR_stdout_0052f4d0
0052f4d4	Label	PTR_png_sig_cmp_0052f4d4
0052f4d8	Label	PTR_png_get_image_width_0052f4d8
0052f4dc	Label	PTR_png_free_0052f4dc
0052f4e0	Label	PTR_png_write_info_0052f4e0
0052f4e4	Label	PTR_pthread_setspecific_0052f4e4
0052f4e8	Label	PTR_png_destroy_read_struct_0052f4e8
0052f4ec	Label	PTR_malloc_0052f4ec
0052f4f0	Label	PTR_write_0052f4f0
0052f4f4	Label	PTR_FT_Load_Char_0052f4f4
0052f4f8	Label	PTR_longjmp_0052f4f8
0052f4fc	Label	PTR_fputc_0052f4fc
0052f500	Label	PTR_FT_Set_Transform_0052f500
0052f504	Label	PTR_calloc_0052f504
0052f508	Label	PTR_dlopen_0052f508
0052f50c	Label	PTR_png_create_write_struct_0052f50c
0052f514	Label	PTR_scandir_0052f514
0052f518	Label	PTR_mkdir_0052f518
0052f51c	Label	PTR_compress_0052f51c
0052f524	Label	PTR_FT_Set_Pixel_Sizes_0052f524
0052f528	Label	PTR_png_create_read_struct_0052f528
0052f52c	Label	PTR_strcat_0052f52c
0052f530	Label	PTR_rewind_0052f530
0052f534	Label	PTR_pthread_getspecific_0052f534
0052f538	Label	PTR_png_write_image_0052f538
0052f53c	Label	DAT_0052f53c
0052f540	Label	_edata
0052f540	Label	_fbss
0052f540	Label	__bss_start
0052f544	Label	DAT_0052f544
0052f548	Label	DAT_0052f548
0052f54c	Label	DAT_0052f54c
0052f550	Label	DAT_0052f550
0052f554	Label	DAT_0052f554
0052f558	Label	DAT_0052f558
0052f55c	Label	DAT_0052f55c
0052f560	Label	DAT_0052f560
0052f564	Label	DAT_0052f564
0052f568	Label	DAT_0052f568
0052f56c	Label	DAT_0052f56c
0052f570	Label	DAT_0052f570
0052f574	Label	DAT_0052f574
0052f578	Label	DAT_0052f578
0052f57c	Label	DAT_0052f57c
0052f580	Label	DAT_0052f580
0052f584	Label	DAT_0052f584
0052f588	Label	DAT_0052f588
0052f58c	Label	DAT_0052f58c
0052f590	Label	DAT_0052f590
0052f598	Label	DAT_0052f598
0052f59c	Label	DAT_0052f59c
0052f5a0	Label	DAT_0052f5a0
0052f5a4	Label	DAT_0052f5a4
0052f5a8	Label	DAT_0052f5a8
0052f5ac	Label	DAT_0052f5ac
0052f5b0	Label	DAT_0052f5b0
0052f5b4	Label	DAT_0052f5b4
0052f5b8	Label	DAT_0052f5b8
0052f5b9	Label	DAT_0052f5b9
0052f5bc	Label	DAT_0052f5bc
0052f5c0	Label	DAT_0052f5c0
0052f5c1	Label	DAT_0052f5c1
0052f5c2	Label	DAT_0052f5c2
0052f5c3	Label	DAT_0052f5c3
0052f5c4	Label	DAT_0052f5c4
0052f5c8	Label	DAT_0052f5c8
0052f5cc	Label	DAT_0052f5cc
0052f5d0	Label	DAT_0052f5d0
0052f5d4	Label	DAT_0052f5d4
0052f5d8	Label	DAT_0052f5d8
0052f5dc	Label	DAT_0052f5dc
0052f5e0	Label	DAT_0052f5e0
0052f5e4	Label	DAT_0052f5e4
0052f5e8	Label	DAT_0052f5e8
0052f5e9	Label	DAT_0052f5e9
0052f5ea	Label	DAT_0052f5ea
0052f5eb	Label	DAT_0052f5eb
0052f5ec	Label	DAT_0052f5ec
0052f5f0	Label	DAT_0052f5f0
0052f5f4	Label	DAT_0052f5f4
0052f5f8	Label	DAT_0052f5f8
0052f5fc	Label	DAT_0052f5fc
0052f600	Label	DAT_0052f600
0052f604	Label	DAT_0052f604
0052f608	Label	DAT_0052f608
0052f60c	Label	DAT_0052f60c
0052f610	Label	DAT_0052f610
0052f614	Label	DAT_0052f614
0052f616	Label	DAT_0052f616
0052f618	Label	DAT_0052f618
0052f61c	Label	DAT_0052f61c
0052f620	Label	DAT_0052f620
0052f624	Label	DAT_0052f624
0052f628	Label	DAT_0052f628
0052f629	Label	DAT_0052f629
0052f62a	Label	DAT_0052f62a
0052f62b	Label	DAT_0052f62b
0052f62c	Label	DAT_0052f62c
0052f62d	Label	DAT_0052f62d
0052f62e	Label	DAT_0052f62e
0052f62f	Label	DAT_0052f62f
0052f630	Label	DAT_0052f630
0052f634	Label	DAT_0052f634
0052f638	Label	DAT_0052f638
0052f63c	Label	DAT_0052f63c
0052f640	Label	DAT_0052f640
0052f644	Label	DAT_0052f644
0052f648	Label	DAT_0052f648
0052f64c	Label	DAT_0052f64c
0052f650	Label	DAT_0052f650
0052f654	Label	DAT_0052f654
0052f65c	Label	scr_buf
0052f660	Label	USE_HDMI_OUT
0052f664	Label	output_x
0052f668	Label	output_y
0052f66c	Label	shmid
0052f670	Label	api_cube_malloc
0052f674	Label	Joy1_Delay
0052f678	Label	DAT_0052f678
0052f67c	Label	api_cube_free
0052f680	Label	api_cube_ioctl
0052f688	Label	joytemp0
0052f694	Label	joytemp1
0052f6a0	Label	Joy1_Press
0052f6a4	Label	DAT_0052f6a4
0052f6a8	Label	Cube_State_Reg
0052f6ac	Label	api_cube_send_msg
0052f6b0	Label	IR_JoyKey
0052f6b1	Label	DAT_0052f6b1
0052f6b8	Label	sound_driver_flush
0052f6c0	Label	set_rotation
0052f6d0	Label	video_driver_get_size
0052f6d4	Label	sound_driver_buffering_percent
0052f6d8	Label	video_driver_frame
0052f6e0	Label	check_exit_game
0052f6e4	Label	video_driver_setting
0052f6e8	Label	sound_driver_playframe
0052f6ec	Label	sound_driver_init
0052f6f0	Label	m_TUnzip
0052f6f4	Label	KeyMapEmuIndex
0052f6f5	Label	LightReg
0052f6f6	Label	LanguageIndex
0052f6f8	Label	MapKeySetIndex
0052f6f9	Label	DAT_0052f6f9
0052f6fa	Label	VolumeRegChange
0052f6fc	Label	PrevBgBuff
0052f700	Label	MediaIndex
0052f701	Label	EmulatorIndex
0052f704	Label	KeyMap_KeyBuff
0052f708	Label	VersionNumberBuffer
0052f70c	Label	control_set
0052f710	Label	DAT_0052f710
0052f714	Label	VolumeBmpBuffer
0052f718	Label	TitleNameBuff
0052f720	Label	CurrBgBuff
0052f724	Label	VolumeReg
0052f725	Label	SettingIndex
0052f72c	Label	TempBuffer
0052f734	Label	KeyMap_KeyNameBuff
0052f738	Label	KeyMap_PopupMenuBuff
0052f73c	Label	LightRegChange
0052f740	Label	KeyMap_EmuIconBuff0
0052f744	Label	UIModeIndex
0052f74c	Label	PopupBoxFlag
0052f750	Label	EmulatorNumber
0052f754	Label	FooterBuff
0052f758	Label	KeyMap_EmuIconBuff1
0052f75c	Label	HDMI_State_reg
0052f760	Label	PageIndBuffer
0052f764	Label	Joystick_RegTemp
0052f76c	Label	ScreenScaling
0052f770	Label	pause_ret
0052f774	Label	face
0052f778	Label	mui_file_list_buf_size_temp
0052f77c	Label	scr_v_size
0052f780	Label	mui_typelist_index
0052f784	Label	m_light
0052f790	Label	ChangeSeting
0052f794	Label	Filetype
0052f798	Label	progress_stepcount
0052f79c	Label	DAT_0052f79c
0052f7a0	Label	FlyModeFlag
0052f7a4	Label	JoystickTestRet
0052f7a8	Label	hztable
0052f7ac	Label	mui_file_list_buf_temp
0052f7b0	Label	scr_h_size
0052f7b4	Label	ZIP_BUF
0052f7b8	Label	DisplayZoomFlag
0052f7bc	Label	ZIP_BUF_SIZE
0052f7c0	Label	PrevScr
0052f7c8	Label	GameSum_x
0052f7cc	Label	_retro_unserialize
0052f7d0	Label	_retro_get_region
0052f7d4	Label	prev_time
0052f7d8	Label	screen_x
0052f7dc	Label	n_input_visible_width
0052f7e0	Label	DispFrameCount
0052f7e4	Label	initialTicks
0052f7e8	Label	_retro_run
0052f7ec	Label	n_input_height
0052f7f0	Label	FrameSkip
0052f7f4	Label	skipframe_count
0052f800	Label	pf
0052f804	Label	outTimeVal
0052f808	Label	DAT_0052f808
0052f80c	Label	romfile
0052f810	Label	_retro_serialize
0052f814	Label	maxSkips
0052f818	Label	diff_prev
0052f81c	Label	n_input_visible_height
0052f820	Label	screen_w
0052f824	Label	FrameCount
0052f828	Label	n_input_width
0052f82c	Label	LoadSkipState
0052f830	Label	fps_ptr
0052f834	Label	pal_ntsc
0052f83c	Label	_retro_set_device
0052f840	Label	_retro_serialize_size
0052f848	Label	overtime1
0052f84c	Label	MaxPort
0052f850	Label	fps
0052f858	Label	_retro_is_support
0052f868	Label	_SetFrameSkip
0052f86c	Label	inTimeVal
0052f870	Label	DAT_0052f870
0052f874	Label	overtime
0052f87c	Label	DAT_0052f87c
0052f880	Label	DAT_0052f880
0052f884	Label	DAT_0052f884
0052f888	Label	DAT_0052f888
0052f88c	Label	DAT_0052f88c
0052f88d	Label	DAT_0052f88d
0052f890	Label	DAT_0052f890
0052f894	Label	DAT_0052f894
0052f898	Label	DAT_0052f898
0052f89c	Label	DAT_0052f89c
0052f8a0	Label	DAT_0052f8a0
0052f8a4	Label	DAT_0052f8a4
0052f8a8	Label	DAT_0052f8a8
0052f8ac	Label	DAT_0052f8ac
0052f8b0	Label	DAT_0052f8b0
0052f8b4	Label	DAT_0052f8b4
0052f8b5	Label	DAT_0052f8b5
0052f8b8	Label	DAT_0052f8b8
0052f8b9	Label	DAT_0052f8b9
0052f8bc	Label	DAT_0052f8bc
0052f8c4	Label	DAT_0052f8c4
0052f8cc	Label	DAT_0052f8cc
0052f8d0	Label	DAT_0052f8d0
0052f8d4	Label	DAT_0052f8d4
0052f8d8	Label	DAT_0052f8d8
0052f8e0	Label	stdin
0052f8e8	Label	stderr
0052f8f0	Label	DAT_0052f8f0
0052f8f4	Label	DAT_0052f8f4
0052f900	Label	DisplayThread
0052f904	Label	displayfps
0052f908	Label	soft_rotation
0052f90c	Label	scr_data
0052f910	Label	spi_printf_needflash
0052f914	Label	shm
0052f918	Label	DAT_0052f918
0052f91c	Label	DAT_0052f91c
0052f920	Label	DAT_0052f920
0052f924	Label	DAT_0052f924
0052f928	Label	DAT_0052f928
0052f92c	Label	DAT_0052f92c
0052f930	Label	DAT_0052f930
0052f934	Label	DAT_0052f934
0052f938	Label	DAT_0052f938
0052f93d	Label	DAT_0052f93d
0052f954	Label	DAT_0052f954
0052f955	Label	DAT_0052f955
0052f956	Label	DAT_0052f956
0052f957	Label	DAT_0052f957
0052f958	Label	DAT_0052f958
0052f959	Label	DAT_0052f959
0052f95c	Label	DAT_0052f95c
0052f960	Label	DAT_0052f960
0052f964	Label	DAT_0052f964
0052f968	Label	DAT_0052f968
0052f96c	Label	DAT_0052f96c
0052f970	Label	DAT_0052f970
0052f980	Label	DAT_0052f980
0052f984	Label	DAT_0052f984
0052f988	Label	DAT_0052f988
0052f98c	Label	DAT_0052f98c
0052f990	Label	DAT_0052f990
0052f994	Label	DAT_0052f994
0052f9a8	Label	KEY_VALUE_Addr
0052f9b0	Label	DAT_0052f9b0
0052f9b4	Label	DAT_0052f9b4
0052f9c0	Label	lasterrorU
0052f9c4	Label	DAT_0052f9c4
0052f9dc	Label	DAT_0052f9dc
0052f9e0	Label	KeyMappingIndex
0052f9e1	Label	KeyMapEmuOffset
0052f9e2	Label	KeyMapEmuStart
0052f9e4	Label	DAT_0052f9e4
0052f9e8	Label	DAT_0052f9e8
0052f9ec	Label	DAT_0052f9ec
0052fb20	Label	DAT_0052fb20
0052fb24	Label	DAT_0052fb24
0052fb30	Label	DAT_0052fb30
0052fb31	Label	DAT_0052fb31
0052fb32	Label	DAT_0052fb32
0052fb33	Label	DAT_0052fb33
0052fc30	Label	progress_buffer
0052fc34	Label	Soundplayflag
0052fc38	Label	errorcount
0052fc3c	Label	RUN_MUI
0052fc40	Label	bimapFilebuffer
0052fc44	Label	USBJoy_debug
0052fc48	Label	SPI_MODE
0052fc4c	Label	DAT_0052fc4c
0052fc50	Label	DAT_0052fc50
0052fc52	Label	DAT_0052fc52
00530000	Label	DAT_00530000
005307d0	Label	DAT_005307d0
005307d4	Label	DAT_005307d4
005307d8	Label	DAT_005307d8
005307d9	Label	DAT_005307d9
005307da	Label	DAT_005307da
005307db	Label	DAT_005307db
005307dc	Label	DAT_005307dc
005307e0	Label	DAT_005307e0
005308dc	Label	DAT_005308dc
005308e0	Label	DAT_005308e0
005309dc	Label	DAT_005309dc
00530adc	Label	DAT_00530adc
00534d53	Label	DAT_00534d53
005357dc	Label	DAT_005357dc
005357e0	Label	DAT_005357e0
005357e4	Label	DAT_005357e4
005357e8	Label	DAT_005357e8
005357ec	Label	DAT_005357ec
005357f0	Label	DAT_005357f0
005357f4	Label	DAT_005357f4
005357f8	Label	DAT_005357f8
005357fc	Label	DAT_005357fc
00535918	Label	DAT_00535918
0053591c	Label	DAT_0053591c
00535920	Label	DAT_00535920
00535924	Label	DAT_00535924
00535928	Label	DAT_00535928
0053592c	Label	DAT_0053592c
00535930	Label	DAT_00535930
00535934	Label	DAT_00535934
00535938	Label	DAT_00535938
0053593c	Label	DAT_0053593c
00535940	Label	DAT_00535940
00535944	Label	DAT_00535944
00535948	Label	DAT_00535948
0053594c	Label	DAT_0053594c
00535950	Label	DAT_00535950
00535954	Label	DAT_00535954
00535958	Label	DAT_00535958
0053595c	Label	DAT_0053595c
00535960	Label	DAT_00535960
00535964	Label	DAT_00535964
00535968	Label	DAT_00535968
0053596c	Label	DAT_0053596c
005359b0	Label	DAT_005359b0
005359b4	Label	DAT_005359b4
005359c0	Label	DAT_005359c0
005359c4	Label	DAT_005359c4
005369e0	Label	_gp_1
00540000	Label	DAT_00540000
00541d14	Label	DAT_00541d14
00541d15	Label	DAT_00541d15
00541d16	Label	DAT_00541d16
00541e14	Label	DAT_00541e14
00541e18	Label	DAT_00541e18
00541e98	Label	DAT_00541e98
00541f18	Label	DAT_00541f18
00541f98	Label	DAT_00541f98
00542118	Label	DAT_00542118
00542218	Label	DAT_00542218
0054221c	Label	DAT_0054221c
0054229c	Label	DAT_0054229c
0054231c	Label	DAT_0054231c
0054239c	Label	DAT_0054239c
0054251c	Label	DAT_0054251c
0054bdb4	Label	DAT_0054bdb4
0054bdb8	Label	DAT_0054bdb8
0054bdbc	Label	DAT_0054bdbc
0054bdc0	Label	DAT_0054bdc0
0054bdc4	Label	DAT_0054bdc4
0054bdc8	Label	DAT_0054bdc8
0054bdcc	Label	DAT_0054bdcc
0054bdd0	Label	DAT_0054bdd0
0054bef8	Label	DAT_0054bef8
0054bf00	Label	DAT_0054bf00
0054bf04	Label	DAT_0054bf04
0054bf08	Label	DAT_0054bf08
0054bf0c	Label	DAT_0054bf0c
0054bf18	Label	DAT_0054bf18
0054c010	Label	PauseMenuIn
0054c014	Label	joy_key_temp
0054c018	Label	dosave
0054c01c	Label	user_joy_key_trubo
0054c020	Label	DAT_0054c020
0054c024	Label	DAT_0054c024
0054c028	Label	DAT_0054c028
0054c120	Label	use_rgb_8888
0054c124	Label	rotation_buff
0054c128	Label	rotation
0054c12c	Label	skipCounter
0054c130	Label	FrameCount0
0054c140	Label	AutoRestoreKey
0054c144	Label	DAT_0054c144
0054c148	Label	DAT_0054c148
0054d144	Label	DAT_0054d144
0054d244	Label	DAT_0054d244
0054d344	Label	DAT_0054d344
0054d444	Label	DAT_0054d444
0054d448	Label	DAT_0054d448
0054d450	Label	DAT_0054d450
0054d460	Label	DAT_0054d460
0054d464	Label	DAT_0054d464
0054d468	Label	DAT_0054d468
0054d46a	Label	DAT_0054d468+2
0054d46c	Label	DAT_0054d46c
0054d470	Label	DAT_0054d470
0054d474	Label	DAT_0054d474
0054d478	Label	DAT_0054d478
0054d47c	Label	DAT_0054d47c
0054d480	Label	DAT_0054d480
0054d484	Label	DAT_0054d484
0054d485	Label	DAT_0054d485
0054d486	Label	DAT_0054d486
0054d487	Label	DAT_0054d487
0054d488	Label	DAT_0054d488
0054d489	Label	DAT_0054d488+1
0054d48a	Label	DAT_0054d488+2
0054d48b	Label	DAT_0054d488+3
0054d48c	Label	DAT_0054d48c
0054d490	Label	DAT_0054d490
0054d494	Label	DAT_0054d494
0054d498	Label	DAT_0054d498
0054d49c	Label	DAT_0054d49c
0054d4a0	Label	DAT_0054d4a0
0054d4a4	Label	DAT_0054d4a4
0054d4a8	Label	DAT_0054d4a8
0054d4ac	Label	DAT_0054d4ac
00550000	Label	DAT_00550000
0055d490	Label	DAT_0055d490
0055d494	Label	DAT_0055d494
0055d498	Label	DAT_0055d498
0055d49a	Label	DAT_0055d49a
0055d49c	Label	DAT_0055d49c
0055d4a0	Label	DAT_0055d4a0
0055d4a4	Label	DAT_0055d4a4
0055d4a8	Label	DAT_0055d4a8
0055d4ac	Label	DAT_0055d4ac
0055d4b0	Label	DAT_0055d4b0
0055d4b4	Label	DAT_0055d4b4
0055d4b6	Label	DAT_0055d4b6
0055d4b8	Label	DAT_0055d4b8
0055d4bc	Label	DAT_0055d4bc
0055d4c0	Label	DAT_0055d4c0
0055d4c8	Label	DAT_0055d4c8
0055d4cc	Label	DAT_0055d4cc
0055d4d0	Label	DAT_0055d4d0
0055d4d2	Label	DAT_0055d4d2
0055d4d4	Label	DAT_0055d4d4
0055d4d8	Label	DAT_0055d4d8
0055d4dc	Label	DAT_0055d4dc
0055d4e4	Label	DAT_0055d4e4
0055d4e8	Label	DAT_0055d4e8
0055d4ec	Label	DAT_0055d4ec
0055d4ee	Label	DAT_0055d4ee
0055d4f0	Label	DAT_0055d4f0
0055d4f8	Label	DAT_0055d4f8
0055d500	Label	DAT_0055d500
0055d504	Label	DAT_0055d504
0055d510	Label	DAT_0055d510
0055d514	Label	DAT_0055d514
0055d518	Label	DAT_0055d518
0055d51c	Label	DAT_0055d51c
0055d520	Label	DAT_0055d520
0055d524	Label	DAT_0055d524
0055d528	Label	DAT_0055d528
0055d52c	Label	DAT_0055d52c
0055d534	Label	DAT_0055d534
0055d570	Label	DAT_0055d570
0055d590	Label	DAT_0055d590
0055d594	Label	DAT_0055d594
0055d59c	Label	DAT_0055d59c
0055d5a0	Label	DAT_0055d5a0
0055d5c0	Label	DAT_0055d5c0
0055d5c4	Label	DAT_0055d5c4
0055d5cc	Label	DAT_0055d5cc
0055db10	Label	DAT_0055db10
0055db14	Label	DAT_0055db14
0055db18	Label	DAT_0055db18
0055db1c	Label	DAT_0055db1c
0055db20	Label	DAT_0055db20
0055db24	Label	DAT_0055db24
0055db28	Label	DAT_0055db28
0055db2c	Label	DAT_0055db2c
0055db30	Label	DAT_0055db30
0055db34	Label	DAT_0055db34
0055db98	Label	DAT_0055db98
0055db9c	Label	DAT_0055db9c
0055dc14	Label	DAT_0055dc14
0055dc18	Label	DAT_0055dc18
0055dc24	Label	DAT_0055dc24
0055dc28	Label	DAT_0055dc28
0055dca0	Label	DAT_0055dca0
0055dca4	Label	DAT_0055dca4
0055dcb0	Label	DAT_0055dcb0
0055dcb4	Label	DAT_0055dcb4
0055dd2c	Label	DAT_0055dd2c
0055dd30	Label	DAT_0055dd30
0055dd3c	Label	DAT_0055dd3c
0055dd40	Label	DAT_0055dd40
0055ddb8	Label	DAT_0055ddb8
0055ddbc	Label	DAT_0055ddbc
0055ddc8	Label	DAT_0055ddc8
0055ddcc	Label	DAT_0055ddcc
0055de44	Label	DAT_0055de44
0055de48	Label	DAT_0055de48
0055de54	Label	DAT_0055de54
0055de58	Label	DAT_0055de58
0055ded0	Label	DAT_0055ded0
0055ded4	Label	DAT_0055ded4
0055dee0	Label	DAT_0055dee0
0055dee4	Label	DAT_0055dee4
0055df5c	Label	DAT_0055df5c
0055df60	Label	DAT_0055df60
0055df6c	Label	DAT_0055df6c
0055df70	Label	DAT_0055df70
0055df74	Label	DAT_0055df74
0055df78	Label	DAT_0055df78
0055df7c	Label	DAT_0055df7c
0055df80	Label	DAT_0055df80
0055df84	Label	DAT_0055df84
0055df88	Label	DAT_0055df88
0055df8c	Label	DAT_0055df8c
0055df90	Label	DAT_0055df90
0055df94	Label	DAT_0055df94
0055df98	Label	DAT_0055df98
0055df9c	Label	DAT_0055df9c
0055dfa0	Label	DAT_0055dfa0
0055dfa4	Label	DAT_0055dfa4
0055dfa8	Label	DAT_0055dfa8
0055dfac	Label	DAT_0055dfac
0055dfb0	Label	DAT_0055dfb0
0055dfb4	Label	DAT_0055dfb4
0055dfb8	Label	DAT_0055dfb8
0055e010	Label	DAT_0055e010
0055e014	Label	DAT_0055e014
0055e018	Label	DAT_0055e018
0055e020	Label	DAT_0055e020
0055e021	Label	DAT_0055e021
0055e022	Label	DAT_0055e022
0055e023	Label	DAT_0055e023
0055e024	Label	DAT_0055e024
0055e034	Label	DAT_0055e034
0055e038	Label	DAT_0055e038
0055e03c	Label	DAT_0055e03c
0055e040	Label	DAT_0055e040
0055e044	Label	DAT_0055e044
0055e048	Label	DAT_0055e048
0055e04c	Label	DAT_0055e04c
0055e050	Label	DAT_0055e050
0055e054	Label	DAT_0055e054
0055e058	Label	DAT_0055e058
0055e05c	Label	DAT_0055e05c
0055e060	Label	DAT_0055e060
0055e064	Label	DAT_0055e064
0055e068	Label	DAT_0055e068
0055e06c	Label	DAT_0055e06c
0055e070	Label	DAT_0055e070
0055e074	Label	DAT_0055e074
0055e078	Label	DAT_0055e078
0055e07c	Label	DAT_0055e07c
0055e080	Label	DAT_0055e080
0055e084	Label	DAT_0055e084
0055e180	Label	DAT_0055e180
0055e184	Label	DAT_0055e184
0055e280	Label	DAT_0055e280
0055e284	Label	DAT_0055e284
0055e288	Label	DAT_0055e288
0055e28c	Label	DAT_0055e28c
0055e290	Label	DAT_0055e290
0055e294	Label	DAT_0055e294
0055e296	Label	DAT_0055e296
0055e298	Label	DAT_0055e298
0055e29a	Label	DAT_0055e29a
0055e29c	Label	DAT_0055e29c
0055e29e	Label	DAT_0055e29e
0055e2a0	Label	DAT_0055e2a0
0055e2a2	Label	DAT_0055e2a2
0055e2a4	Label	DAT_0055e2a4
0055e2a6	Label	DAT_0055e2a6
0055e2a8	Label	DAT_0055e2a8
0055e2aa	Label	DAT_0055e2aa
0055e2ac	Label	DAT_0055e2ac
0055e2ae	Label	DAT_0055e2ae
0055e2b0	Label	DAT_0055e2b0
0055e2b2	Label	DAT_0055e2b2
0055e2b4	Label	DAT_0055e2b4
0055e2b6	Label	DAT_0055e2b6
0055e2b8	Label	DAT_0055e2b8
0055e2ba	Label	DAT_0055e2ba
0055e2bc	Label	DAT_0055e2bc
0055e2be	Label	DAT_0055e2be
0055e2c0	Label	DAT_0055e2c0
0055e2c2	Label	DAT_0055e2c2
0055e2c4	Label	DAT_0055e2c4
0055e2c6	Label	DAT_0055e2c6
0055e2c8	Label	DAT_0055e2c8
0055e2ca	Label	DAT_0055e2ca
0055e2cc	Label	DAT_0055e2cc
0055e2ce	Label	DAT_0055e2ce
0055e2d0	Label	DAT_0055e2d0
0055e2d2	Label	DAT_0055e2d2
0055e2d4	Label	DAT_0055e2d4
0055e2d6	Label	DAT_0055e2d6
0055e2d8	Label	DAT_0055e2d8
0055e2da	Label	DAT_0055e2da
0055e2dc	Label	DAT_0055e2dc
0055e594	Label	DAT_0055e594
0055e598	Label	DAT_0055e598
0055e59c	Label	DAT_0055e59c
0055e5a0	Label	DAT_0055e5a0
0055e5a4	Label	DAT_0055e5a4
0055e5a8	Label	DAT_0055e5a8
0055e5ac	Label	DAT_0055e5ac
0055e5b0	Label	DAT_0055e5b0
0055e5b8	Label	DAT_0055e5b8
0055e5bc	Label	DAT_0055e5bc
0055e5cc	Label	DAT_0055e5cc
0055e5d0	Label	DAT_0055e5d0
0055e5d4	Label	DAT_0055e5d4
0055e5e4	Label	DAT_0055e5e4
0055e6d4	Label	DAT_0055e6d4
0055e6d5	Label	DAT_0055e6d5
0055e6d6	Label	DAT_0055e6d6
0055e6d7	Label	DAT_0055e6d7
0055e6d8	Label	DAT_0055e6d8
0055e6d9	Label	DAT_0055e6d9
0055e6dc	Label	DAT_0055e6dc
0055e6e0	Label	DAT_0055e6e0
0055e6e4	Label	DAT_0055e6e4
0055e6e8	Label	DAT_0055e6e8
0055e6e9	Label	DAT_0055e6e9
0055e6ea	Label	DAT_0055e6ea
0055e6eb	Label	DAT_0055e6eb
0055e6ec	Label	DAT_0055e6ec
0055e6ed	Label	DAT_0055e6ed
0055e6f0	Label	DAT_0055e6f0
0055e6f4	Label	DAT_0055e6f4
0055e6f8	Label	DAT_0055e6f8
0055e6fc	Label	DAT_0055e6fc
0055e6fd	Label	DAT_0055e6fd
0055e6fe	Label	DAT_0055e6fe
0055e6ff	Label	DAT_0055e6ff
0055e700	Label	DAT_0055e700
0055e701	Label	DAT_0055e701
0055e704	Label	DAT_0055e704
0055e708	Label	DAT_0055e708
0055e70c	Label	DAT_0055e70c
0055e710	Label	DAT_0055e710
0055e711	Label	DAT_0055e711
0055e712	Label	DAT_0055e712
0055e713	Label	DAT_0055e713
0055e714	Label	DAT_0055e714
0055e715	Label	DAT_0055e715
0055e718	Label	DAT_0055e718
0055eeb4	Label	DAT_0055eeb4
0055eeb5	Label	DAT_0055eeb5
0055eeb6	Label	DAT_0055eeb6
0055eeb7	Label	DAT_0055eeb7
0055f7e4	Label	DAT_0055f7e4
00560000	Label	DAT_00560000
00564a94	Label	DAT_00564a94
00564a95	Label	DAT_00564a95
00564aa0	Label	DAT_00564aa0
00564aa4	Label	DAT_00564aa4
00564aa8	Label	DAT_00564aa8
00564af4	Label	DAT_00564af4
00564af8	Label	DAT_00564af8
00564afc	Label	DAT_00564afc
00564b00	Label	DAT_00564b00
00564b01	Label	DAT_00564b01
00564b02	Label	DAT_00564b02
00564b03	Label	DAT_00564b03
00564b04	Label	DAT_00564b04
00564b08	Label	DAT_00564b08
00565438	Label	DAT_00565438
0056543c	Label	DAT_0056543c
00565450	Label	DAT_00565450
00565454	Label	DAT_00565454
00565458	Label	DAT_00565458
00580000	Label	DAT_00580000
0058545c	Label	DAT_0058545c
00585460	Label	DAT_00585460
00585464	Label	DAT_00585464
005a0000	Label	DAT_005a0000
005a5468	Label	DAT_005a5468
005a5469	Label	DAT_005a5468+1
005a546a	Label	DAT_005a5468+2
005a546b	Label	DAT_005a5468+3
005a546c	Label	DAT_005a546c
005a54e9	Label	DAT_005a54e9
005a54ea	Label	DAT_005a54ea
005a54eb	Label	DAT_005a54eb
005a54ec	Label	DAT_005a54ec
005a54ed	Label	DAT_005a54ed
005a5568	Label	DAT_005a5568
005a5569	Label	DAT_005a5568+1
005a556c	Label	DAT_005a556c
005a556d	Label	DAT_005a556c+1
005a5570	Label	DAT_005a5570
005a5572	Label	DAT_005a5572
005a5574	Label	DAT_005a5574
005a5576	Label	DAT_005a5576
005a5578	Label	DAT_005a5578
005a557c	Label	DAT_005a557c
005a5580	Label	DAT_005a5580
005a5584	Label	DAT_005a5584
005a5588	Label	DAT_005a5588
005a5589	Label	DAT_005a5588+1
005a558c	Label	DAT_005a558c
005a5590	Label	DAT_005a5590
005a55a0	Label	DAT_005a55a0
005a55a4	Label	DAT_005a55a4
005a55a8	Label	DAT_005a55a8
005a55aa	Label	DAT_005a55aa
005a55b0	Label	DAT_005a55b0
005a55d0	Label	DAT_005a55d0
005a55d4	Label	DAT_005a55d4
005a5690	Label	DAT_005a5690
005a5694	Label	DAT_005a5694
005a5698	Label	DAT_005a5698
005a569c	Label	DAT_005a569c
005a57d0	Label	DAT_005a57d0
005a57d4	Label	DAT_005a57d4
005a5890	Label	DAT_005a5890
005a5894	Label	DAT_005a5894
005a5898	Label	DAT_005a5898
005a589c	Label	DAT_005a589c
005a59d0	Label	DAT_005a59d0
005a59d4	Label	DAT_005a59d4
005a59d8	Label	DAT_005a59d8
005a75e0	Label	DAT_005a75e0
005a75e4	Label	DAT_005a75e4
005a75e8	Label	DAT_005a75e8
005a83f0	Label	DAT_005a83f0
005a83f4	Label	DAT_005a83f4
005a93f4	Label	DAT_005a93f4
005aa3f4	Label	DAT_005aa3f4
005ab3f4	Label	DAT_005ab3f4
005abc00	Label	DAT_005abc00
005abc04	Label	DAT_005abc04
005abc08	Label	DAT_005abc08
005abc0c	Label	DAT_005abc0c
005abc10	Label	DAT_005abc10
005abc14	Label	DAT_005abc14
005abc18	Label	DAT_005abc18
005abc1c	Label	DAT_005abc1c
005abc20	Label	DAT_005abc20
005abc24	Label	DAT_005abc24
005abc28	Label	DAT_005abc28
005abc2c	Label	DAT_005abc2c
005abc30	Label	DAT_005abc30
005abc34	Label	DAT_005abc34
005abc38	Label	DAT_005abc38
005abc3c	Label	DAT_005abc3c
005abc40	Label	DAT_005abc40
005abc44	Label	DAT_005abc44
005abc48	Label	DAT_005abc48
005abc4c	Label	DAT_005abc4c
005abc50	Label	DAT_005abc50
005abc54	Label	DAT_005abc54
005abc58	Label	DAT_005abc58
005abc5c	Label	DAT_005abc5c
005abc60	Label	DAT_005abc60
005abc64	Label	DAT_005abc64
005abc70	Label	DAT_005abc70
005abc74	Label	DAT_005abc74
005abc84	Label	DAT_005abc84
005abc88	Label	DAT_005abc88
005abce0	Label	DAT_005abce0
005abcf0	Label	DAT_005abcf0
005abcf4	Label	DAT_005abcf4
005abcf8	Label	DAT_005abcf8
005abcfc	Label	DAT_005abcfc
005abd00	Label	DAT_005abd00
005abd04	Label	DAT_005abd04
005abd08	Label	DAT_005abd08
005abd0c	Label	DAT_005abd0c
005abd10	Label	DAT_005abd10
005ae110	Label	DAT_005ae110
005b0000	Label	DAT_005b0000
00600000	Label	DAT_00600000
00622b72	Label	DAT_00622b72
00622b77	Label	DAT_00622b77
0064202b	Label	DAT_0064202b
00671821	Label	DAT_00671821
00676f6c	Label	DAT_00676f6c
00680000	Label	DAT_00680000
00693821	Label	DAT_00693821
006c6021	Label	DAT_006c6021
006c6473	Label	DAT_006c6473
006d6762	Label	DAT_006d6762
00700000	Label	DAT_00700000
00706d61	Label	DAT_00706d61
00746c75	Label	DAT_00746c75
00780000	Label	DAT_00780000
00802008	Label	DAT_00802008
00804825	Label	DAT_00804825
00813300	Label	DAT_00813300
00831821	Label	DAT_00831821
00852021	Label	DAT_00852021
00852821	Label	DAT_00852821
0085282b	Label	DAT_0085282b
00854824	Label	DAT_00854824
008598e2	Label	DAT_008598e2
00862021	Label	DAT_00862021
00882821	Label	DAT_00882821
0088402b	Label	DAT_0088402b
00892021	Label	DAT_00892021
00894821	Label	DAT_00894821
008b4821	Label	DAT_008b4821
008b97e2	Label	DAT_008b97e2
008d2021	Label	DAT_008d2021
008d6821	Label	DAT_008d6821
008e97e2	Label	DAT_008e97e2
0098967f	Label	DAT_0098967f
00a0280a	Label	DAT_00a0280a
00a4182b	Label	DAT_00a4182b
00a4202b	Label	DAT_00a4202b
00a42821	Label	DAT_00a42821
00a4aee8	Label	DAT_00a4aee8
00a6202b	Label	DAT_00a6202b
00a62821	Label	DAT_00a62821
00a62823	Label	DAT_00a62823
00a6302b	Label	DAT_00a6302b
00a73821	Label	DAT_00a73821
00a92821	Label	DAT_00a92821
00a92825	Label	DAT_00a92825
00a94821	Label	DAT_00a94821
00a9482b	Label	DAT_00a9482b
00aa2821	Label	DAT_00aa2821
00ab200a	Label	DAT_00ab200a
00ac2021	Label	DAT_00ac2021
00b32800	Label	DAT_00b32800
00b32821	Label	DAT_00b32821
00b81000	Label	DAT_00b81000
00c21021	Label	DAT_00c21021
00c43021	Label	DAT_00c43021
00c52821	Label	DAT_00c52821
00c53021	Label	DAT_00c53021
00c84021	Label	DAT_00c84021
00cd3021	Label	DAT_00cd3021
00ceb800	Label	DAT_00ceb800
00d8182b	Label	DAT_00d8182b
00e31807	Label	DAT_00e31807
00e31821	Label	DAT_00e31821
00e52807	Label	DAT_00e52807
00e5282b	Label	DAT_00e5282b
00e63007	Label	DAT_00e63007
00e8402b	Label	DAT_00e8402b
00ef202b	Label	DAT_00ef202b
00ffffff	Label	DAT_00ffffff
01000000	Label	DAT_01000000
01000200	Label	DAT_01000200
01000201	Label	DAT_01000201
01002025	Label	DAT_01002025
01031807	Label	DAT_01031807
01046aab	Label	DAT_01046aab
01050301	Label	DAT_01050301
01050303	Label	DAT_01050303
01052821	Label	DAT_01052821
0106302b	Label	DAT_0106302b
01064021	Label	DAT_01064021
01073007	Label	DAT_01073007
01073821	Label	DAT_01073821
011ae110	Label	DAT_011ae110
011ae114	Label	DAT_011ae114
011ae115	Label	DAT_011ae115
011ae116	Label	DAT_011ae116
011ae117	Label	DAT_011ae117
011ae208	Label	DAT_011ae208
011ae20c	Label	DAT_011ae20c
011ae210	Label	DAT_011ae210
011ae214	Label	DAT_011ae214
011ae218	Label	DAT_011ae218
011ae21c	Label	DAT_011ae21c
011ae220	Label	DAT_011ae220
011ae224	Label	DAT_011ae224
011ae228	Label	DAT_011ae228
011ae22c	Label	DAT_011ae22c
011b0000	Label	DAT_011b0000
011ce210	Label	DAT_011ce210
011ce214	Label	DAT_011ce214
011ce218	Label	DAT_011ce218
011ce21c	Label	DAT_011ce21c
011ce220	Label	DAT_011ce220
011ce224	Label	DAT_011ce224
011ce228	Label	DAT_011ce228
011ce22c	Label	DAT_011ce22c
011d6210	Label	DAT_011d6210
011d6214	Label	DAT_011d6214
011d6218	Label	DAT_011d6218
011d621c	Label	DAT_011d621c
011d6220	Label	DAT_011d6220
011d6224	Label	DAT_011d6224
011d6228	Label	DAT_011d6228
011d622c	Label	DAT_011d622c
011de110	Label	DAT_011de110
011de114	Label	DAT_011de114
011de118	Label	DAT_011de118
011de11c	Label	DAT_011de11c
011de120	Label	DAT_011de120
011de124	Label	DAT_011de124
011de128	Label	DAT_011de128
011de12c	Label	DAT_011de12c
011ee210	Label	DAT_011ee210
011ee250	Label	DAT_011ee250
011ee254	Label	DAT_011ee254
011ee258	Label	DAT_011ee258
011ee259	Label	DAT_011ee259
011ee25a	Label	DAT_011ee25a
011ee25c	Label	DAT_011ee25c
011ee25e	Label	DAT_011ee25e
011ee260	Label	DAT_011ee260
011ee262	Label	DAT_011ee262
011ee264	Label	DAT_011ee264
011ee266	Label	DAT_011ee266
011ee268	Label	DAT_011ee268
011ee26a	Label	DAT_011ee268+2
011ee26c	Label	DAT_011ee26c
011ee26e	Label	DAT_011ee26e
011ee270	Label	DAT_011ee270
011ee274	Label	DAT_011ee274
011ee276	Label	DAT_011ee276
011ee278	Label	DAT_011ee278
011ee27c	Label	DAT_011ee27c
011ee280	Label	DAT_011ee280
011ee284	Label	DAT_011ee284
011ee288	Label	DAT_011ee288
011ee28c	Label	DAT_011ee28c
011ee290	Label	DAT_011ee290
011ee294	Label	DAT_011ee294
011ee298	Label	DAT_011ee298
011ee29c	Label	DAT_011ee29c
011ee2a0	Label	DAT_011ee2a0
011ee2a1	Label	DAT_011ee2a1
011ee2a2	Label	DAT_011ee2a2
011ee2a3	Label	DAT_011ee2a3
011ee2a4	Label	DAT_011ee2a4
011ee2a6	Label	DAT_011ee2a6
011ee2a8	Label	DAT_011ee2a8
011ee2aa	Label	DAT_011ee2aa
011ee2ac	Label	DAT_011ee2ac
011ee2ae	Label	DAT_011ee2ae
011ee2b0	Label	DAT_011ee2b0
011ee2b4	Label	DAT_011ee2b4
011ee2b8	Label	DAT_011ee2b8
011ee2bc	Label	DAT_011ee2bc
011ee2c0	Label	DAT_011ee2c0
011ee2c4	Label	DAT_011ee2c4
011ee2c8	Label	DAT_011ee2c8
011ee2cc	Label	DAT_011ee2cc
011ee2d0	Label	DAT_011ee2d0
011ee2d4	Label	DAT_011ee2d4
011ee2d8	Label	DAT_011ee2d8
011ee2d9	Label	DAT_011ee2d9
011ee2da	Label	DAT_011ee2da
011ee2db	Label	DAT_011ee2db
011ee2dc	Label	DAT_011ee2dc
011ee2dd	Label	DAT_011ee2dd
011ee2de	Label	DAT_011ee2de
011ee2e0	Label	DAT_011ee2e0
011ee2e1	Label	DAT_011ee2e1
011ee2e3	Label	DAT_011ee2e3
011ee2e4	Label	DAT_011ee2e4
011ee2e5	Label	DAT_011ee2e5
011ee2e6	Label	DAT_011ee2e6
011ee2e8	Label	DAT_011ee2e8
011ee2e9	Label	DAT_011ee2e8+1
011ee2ea	Label	DAT_011ee2e8+2
011ee309	Label	DAT_011ee309
011ee6ec	Label	DAT_011ee6ec
011ee6f0	Label	DAT_011ee6f0
011ee6f4	Label	DAT_011ee6f4
011ee6f8	Label	DAT_011ee6f8
011ee6fc	Label	DAT_011ee6fc
011ee700	Label	DAT_011ee700
011ee704	Label	DAT_011ee704
011ee708	Label	DAT_011ee708
011ee7f0	Label	autorundriver
011ef7f0	Label	SDCARD_PATH
011ef8f0	Label	bprintf_buf
011efaf0	Label	autorunfile
011f0000	Label	DAT_011f0000
011f0b0c	Label	key2
011f0b0d	Label	DAT_011f0b0d
011f0b0e	Label	DAT_011f0b0e
011f0b0f	Label	DAT_011f0b0f
011f0b10	Label	DAT_011f0b10
011f0b11	Label	DAT_011f0b11
011f0b12	Label	DAT_011f0b12
011f0b13	Label	DAT_011f0b13
011f0b14	Label	DAT_011f0b14
011f0b18	Label	DAT_011f0b18
011f0b1c	Label	DAT_011f0b1c
011f0b20	Label	DAT_011f0b20
011f0b24	Label	DAT_011f0b24
011f0b44	Label	joy_key
011f0b48	Label	DAT_011f0b48
011f0b4c	Label	DAT_011f0b4c
011f0b50	Label	DAT_011f0b50
011f0b64	Label	KeyMappingChange
011f0b65	Label	DAT_011f0b65
011f0b66	Label	DAT_011f0b66
011f0b74	Label	scrblock
011f0b78	Label	DAT_011f0b78
011f0b7c	Label	DAT_011f0b7c
011f0b80	Label	DAT_011f0b80
011f0b84	Label	DAT_011f0b84
011f0b88	Label	DAT_011f0b88
011f0b8c	Label	KeyMappingBuffer
011f0b90	Label	DAT_011f0b90
011f0b94	Label	DAT_011f0b94
011f0b98	Label	DAT_011f0b98
011f0b9c	Label	DAT_011f0b9c
011f0ba0	Label	DAT_011f0ba0
011f0ba4	Label	DAT_011f0ba4
011f0ba8	Label	DAT_011f0ba8
011f10cc	Label	dstblock
011f10d0	Label	DAT_011f10d0
011f10d4	Label	DAT_011f10d4
011f10d8	Label	DAT_011f10d8
011f10dc	Label	DAT_011f10dc
011f10e0	Label	DAT_011f10e0
011f10e4	Label	StrTemp
011f10e5	Label	DAT_011f10e5
011f10e6	Label	DAT_011f10e6
011f11e4	Label	file_info_list
011f12e8	Label	DAT_011f12e8
011f13e8	Label	DAT_011f13e8
011f14e8	Label	DAT_011f14e8
011f15e8	Label	DAT_011f15e8
01200284	Label	mui_gamesum
01200288	Label	DAT_01200288
0120034c	Label	mui_MenuMusic
01200350	Label	DAT_01200350
01200354	Label	DAT_01200354
01200358	Label	DAT_01200358
0120035c	Label	DAT_0120035c
01200360	Label	DAT_01200360
01200364	Label	DAT_01200364
01200368	Label	DAT_01200368
0120036c	Label	DAT_0120036c
01200370	Label	RomName
01200470	Label	mui_Effect
01200474	Label	DAT_01200474
01200478	Label	DAT_01200478
0120047c	Label	DAT_0120047c
01200480	Label	DAT_01200480
01200484	Label	DAT_01200484
01200488	Label	DAT_01200488
0120048c	Label	DAT_0120048c
01200490	Label	DAT_01200490
01200494	Label	DAT_01200494
012004b8	Label	DAT_012004b8
012004dc	Label	DAT_012004dc
01200500	Label	DAT_01200500
01200524	Label	DAT_01200524
01200548	Label	DAT_01200548
0120056c	Label	DAT_0120056c
01200590	Label	DAT_01200590
01200740	Label	file_info_list_ext
012007c0	Label	file_info_list_ext[128]
01202040	Label	keyMapping
01202044	Label	DAT_01202044
01202048	Label	DAT_01202048
0120204c	Label	DAT_0120204c
01202050	Label	DAT_01202050
01202054	Label	DAT_01202054
01202058	Label	DAT_01202058
0120205c	Label	DAT_0120205c
012020a0	Label	root_path
012022a0	Label	SoundPlayer
012022a4	Label	DAT_012022a4
012022a8	Label	DAT_012022a8
012022ac	Label	DAT_012022ac
012022b0	Label	DAT_012022b0
012022b4	Label	DAT_012022b4
012022b8	Label	DAT_012022b8
012022bc	Label	DAT_012022bc
012022c0	Label	DAT_012022c0
012022c4	Label	DAT_012022c4
012022c8	Label	DAT_012022c8
012022cc	Label	DAT_012022cc
012022d0	Label	DAT_012022d0
012022d4	Label	DAT_012022d4
012022d8	Label	DAT_012022d8
012022dc	Label	DAT_012022dc
012022e0	Label	DAT_012022e0
012022e4	Label	DAT_012022e4
012022e8	Label	pausemenu_gamename
012023e8	Label	mainkey
01202468	Label	work_path
01202568	Label	resource_path
01202668	Label	this_frame
0120266c	Label	DAT_0120266c
01202670	Label	DAT_01202670
01202674	Label	DAT_01202674
01202678	Label	DAT_01202678
0120267c	Label	corecfg
0120502a	Label	DAT_0120502a
012064fc	Label	game
01206500	Label	DAT_01206500
01206504	Label	DAT_01206504
0120650c	Label	items
0120a3cc	Label	game_joy_key
0120a3d0	Label	DAT_0120a3d0
0120a3dc	Label	fileName
0120a4dc	Label	pcsx_game_info
0120a4e0	Label	DAT_0120a4e0
0120a4e4	Label	DAT_0120a4e4
0120a4ec	Label	fpsbuf
0120a4f0	Label	DAT_0120a4f0
0120a4f4	Label	DAT_0120a4f4
0120a4f8	Label	DAT_0120a4f8
0120a52c	Label	fh
0120a564	Label	sbi
0120c768	Label	hi
0120d978	Label	mi
0120f498	Label	si
0120f5e0	Label	mp3DecInfo
0120f5e4	Label	DAT_0120f5e4
0120f5e8	Label	DAT_0120f5e8
0120f5ec	Label	DAT_0120f5ec
0120f5f0	Label	DAT_0120f5f0
0120f5f4	Label	DAT_0120f5f4
0120f5f8	Label	DAT_0120f5f8
0120fdd0	Label	di
01210000	Label	di[560]
01210118	Label	sfi
01210234	Label	DAT_01210234
01210238	Label	DAT_01210238
0121023c	Label	DAT_0121023c
01210240	Label	DAT_01210240
01210244	Label	DAT_01210244
01210248	Label	DAT_01210248
0121024c	Label	DAT_0121024c
01210250	Label	DAT_01210250
01210254	Label	DAT_01210254
01210258	Label	DAT_01210258
0121025c	Label	DAT_0121025c
01210260	Label	DAT_01210260
01210264	Label	DAT_01210264
01210268	Label	DAT_01210268
0121026c	Label	DAT_0121026c
01210270	Label	DAT_01210270
01210274	Label	DAT_01210274
0121027c	Label	DAT_0121027c
01210280	Label	DAT_01210280
01210284	Label	DAT_01210284
01210288	Label	DAT_01210288
0121028c	Label	DAT_0121028c
01210290	Label	DAT_01210290
01210294	Label	DAT_01210294
01210298	Label	DAT_01210298
0121029c	Label	DAT_0121029c
012102a0	Label	DAT_012102a0
012102a4	Label	DAT_012102a4
012102a8	Label	DAT_012102a8
012102ac	Label	DAT_012102ac
012102b0	Label	DAT_012102b0
012102b4	Label	DAT_012102b4
012102b8	Label	DAT_012102b8
012102bc	Label	DAT_012102bc
012102c0	Label	DAT_012102c0
012102dc	Label	DAT_012102dc
012102e0	Label	DAT_012102e0
012102fc	Label	DAT_012102fc
01210300	Label	DAT_01210300
01210304	Label	DAT_01210304
01210308	Label	DAT_01210308
0121030c	Label	DAT_0121030c
01210324	Label	DAT_01210324
01210328	Label	DAT_01210328
01210330	Label	DAT_01210330
01210338	Label	DAT_01210338
0121033c	Label	DAT_0121033c
01210340	Label	DAT_01210340
01210344	Label	DAT_01210344
01210348	Label	DAT_01210348
0121035c	Label	DAT_0121035c
01210360	Label	DAT_01210360
01210364	Label	DAT_01210364
0121036c	Label	DAT_0121036c
01210370	Label	DAT_01210370
01210374	Label	DAT_01210374
01210378	Label	DAT_01210378
01210388	Label	DAT_01210388
0121038c	Label	DAT_0121038c
01210390	Label	DAT_01210390
01210394	Label	DAT_01210394
0121039c	Label	DAT_0121039c
012103a0	Label	DAT_012103a0
012103a4	Label	DAT_012103a4
012103a8	Label	DAT_012103a8
01210634	Label	DAT_01210634
01210638	Label	DAT_01210638
0121063c	Label	DAT_0121063c
01210640	Label	DAT_01210640
01210644	Label	DAT_01210644
0121065c	Label	DAT_0121065c
01210660	Label	DAT_01210660
0121066c	Label	DAT_0121066c
01210670	Label	DAT_01210670
01210674	Label	DAT_01210674
01210678	Label	DAT_01210678
01210684	Label	DAT_01210684
01210a34	Label	DAT_01210a34
01210a38	Label	DAT_01210a38
01210a3c	Label	DAT_01210a3c
01210a40	Label	DAT_01210a40
01210a44	Label	DAT_01210a44
01210a54	Label	DAT_01210a54
01210a58	Label	DAT_01210a58
01210a5c	Label	DAT_01210a5c
01210a6c	Label	DAT_01210a6c
01210a70	Label	DAT_01210a70
01210a74	Label	DAT_01210a74
01210a78	Label	DAT_01210a78
01210a80	Label	DAT_01210a80
01210a84	Label	DAT_01210a84
01210a88	Label	DAT_01210a88
01210a8c	Label	DAT_01210a8c
01210a90	Label	DAT_01210a90
01210a94	Label	DAT_01210a94
01210a98	Label	DAT_01210a98
01210a9c	Label	DAT_01210a9c
01210aa0	Label	DAT_01210aa0
01210aa4	Label	DAT_01210aa4
01210aa8	Label	DAT_01210aa8
01210aac	Label	DAT_01210aac
01210ab0	Label	DAT_01210ab0
01210ab4	Label	DAT_01210ab4
01210ab8	Label	DAT_01210ab8
01210abc	Label	DAT_01210abc
01210ac0	Label	DAT_01210ac0
01210ac4	Label	DAT_01210ac4
01210ac8	Label	DAT_01210ac8
01210acc	Label	DAT_01210acc
01210ad0	Label	DAT_01210ad0
01210ad4	Label	DAT_01210ad4
01210ad8	Label	DAT_01210ad8
01210adc	Label	DAT_01210adc
01210ae0	Label	DAT_01210ae0
01210ae4	Label	DAT_01210ae4
01210ae8	Label	DAT_01210ae8
01210aec	Label	DAT_01210aec
01210af0	Label	DAT_01210af0
01210af4	Label	DAT_01210af4
01210af8	Label	DAT_01210af8
01210b00	Label	DAT_01210b00
01210b04	Label	DAT_01210b04
01210b10	Label	DAT_01210b10
01210b14	Label	DAT_01210b14
01210b18	Label	DAT_01210b18
01210b20	Label	DAT_01210b20
01210b24	Label	DAT_01210b24
01210b2c	Label	DAT_01210b2c
01210b30	Label	DAT_01210b30
01210b3c	Label	DAT_01210b3c
01210b40	Label	DAT_01210b40
01210b44	Label	DAT_01210b44
01210b4c	Label	DAT_01210b4c
01210b50	Label	DAT_01210b50
01210b54	Label	DAT_01210b54
01210b58	Label	DAT_01210b58
01210b5c	Label	DAT_01210b5c
01210b60	Label	DAT_01210b60
01210b64	Label	DAT_01210b64
01210b68	Label	DAT_01210b68
01210b70	Label	DAT_01210b70
01210b74	Label	DAT_01210b74
01210b78	Label	DAT_01210b78
01210b80	Label	DAT_01210b80
01210b90	Label	DAT_01210b90
01210b94	Label	DAT_01210b94
01210b98	Label	DAT_01210b98
01210bf4	Label	DAT_01210bf4
01210bf8	Label	DAT_01210bf8
01210bfc	Label	DAT_01210bfc
01210c00	Label	DAT_01210c00
01210c04	Label	DAT_01210c04
01210c08	Label	DAT_01210c08
01210c0c	Label	DAT_01210c0c
01210c10	Label	DAT_01210c10
01210c18	Label	DAT_01210c18
01210c1c	Label	DAT_01210c1c
01210c20	Label	DAT_01210c20
01210c28	Label	DAT_01210c28
01210c30	Label	DAT_01210c30
01210c34	Label	DAT_01210c34
01210c3c	Label	DAT_01210c3c
01210c40	Label	DAT_01210c40
01210c44	Label	DAT_01210c44
01210c4c	Label	DAT_01210c4c
01210c50	Label	DAT_01210c50
01210c54	Label	DAT_01210c54
01210c58	Label	DAT_01210c58
01210c5c	Label	DAT_01210c5c
01210c60	Label	DAT_01210c60
01210c64	Label	DAT_01210c64
01210c68	Label	DAT_01210c68
01210c6c	Label	DAT_01210c6c
01210c70	Label	DAT_01210c70
01210c9c	Label	DAT_01210c9c
01210ca0	Label	DAT_01210ca0
01210cb0	Label	DAT_01210cb0
01210ce0	Label	DAT_01210ce0
01210ce4	Label	DAT_01210ce4
01210cf4	Label	DAT_01210cf4
01210cf8	Label	DAT_01210cf8
01210d00	Label	DAT_01210d00
01210e34	Label	DAT_01210e34
01210e39	Label	DAT_01210e39
01210e3a	Label	DAT_01210e3a
01210e3b	Label	DAT_01210e3b
01210e3c	Label	DAT_01210e3c
01210e74	Label	DAT_01210e74
01210e75	Label	DAT_01210e75
01210e76	Label	DAT_01210e76
01210e77	Label	DAT_01210e77
01210e78	Label	DAT_01210e78
01210e7c	Label	DAT_01210e7c
01210e80	Label	DAT_01210e80
01210e84	Label	DAT_01210e84
01210e88	Label	DAT_01210e88
01210e8c	Label	DAT_01210e8c
01210e90	Label	DAT_01210e90
01210e94	Label	DAT_01210e94
01210e98	Label	DAT_01210e98
01210e9c	Label	DAT_01210e9c
01210ea0	Label	DAT_01210ea0
01210ea4	Label	DAT_01210ea4
01210ea8	Label	DAT_01210ea8
01210eaa	Label	DAT_01210eaa
01210eac	Label	DAT_01210eac
01210eae	Label	DAT_01210eae
01210eb0	Label	DAT_01210eb0
01210eb2	Label	DAT_01210eb2
01210eb4	Label	DAT_01210eb4
01210eb5	Label	DAT_01210eb5
01210ecc	Label	DAT_01210ecc
01210f1c	Label	DAT_01210f1c
01210f1e	Label	DAT_01210f1e
01210f20	Label	DAT_01210f20
01210f21	Label	DAT_01210f20+1
01210f22	Label	DAT_01210f20+2
01210f23	Label	DAT_01210f20+3
01210f24	Label	DAT_01210f24
01210f27	Label	DAT_01210f24+3
01210f28	Label	DAT_01210f28
01210f29	Label	DAT_01210f29
01210f2b	Label	DAT_01210f2b
01210f2f	Label	DAT_01210f2f
01210f33	Label	DAT_01210f33
01210f37	Label	DAT_01210f37
01210f3b	Label	DAT_01210f3b
01210f3f	Label	DAT_01210f3f
01211847	Label	DAT_01211847
01211848	Label	DAT_01211847+1
01211849	Label	DAT_01211847+2
0121184a	Label	DAT_01211847+3
0121184b	Label	DAT_0121184b
0121184c	Label	DAT_0121184b+1
0121184d	Label	DAT_0121184b+2
0121184e	Label	DAT_0121184b+3
0121184f	Label	DAT_0121184f
01211854	Label	DAT_01211854
01211858	Label	DAT_01211858
01211859	Label	DAT_01211859
0121185a	Label	DAT_0121185a
0121185c	Label	DAT_0121185c
0121185d	Label	DAT_0121185d
0121185e	Label	DAT_0121185e
01211864	Label	DAT_01211864
01211865	Label	DAT_01211865
01211866	Label	DAT_01211866
01211867	Label	DAT_01211867
01211868	Label	DAT_01211868
01211869	Label	DAT_01211869
0121186a	Label	DAT_0121186a
0121186b	Label	DAT_0121186b
01211874	Label	DAT_01211874
01211875	Label	DAT_01211875
01211876	Label	DAT_01211876
01211877	Label	DAT_01211877
01211878	Label	DAT_01211878
01211879	Label	DAT_01211879
0121187a	Label	DAT_0121187a
0121187b	Label	DAT_0121187b
0121187c	Label	DAT_0121187c
01211880	Label	DAT_01211880
01211881	Label	DAT_01211881
01211886	Label	DAT_01211886
01211887	Label	DAT_01211887
01211888	Label	DAT_01211888
0121188a	Label	DAT_0121188a
0121188b	Label	DAT_0121188b
0121188c	Label	DAT_0121188c
0121188e	Label	DAT_0121188e
0121188f	Label	DAT_0121188f
01211890	Label	DAT_01211890
01211892	Label	DAT_01211892
01211894	Label	DAT_01211894
01211895	Label	DAT_01211894+1
01211896	Label	DAT_01211896
01211897	Label	DAT_01211897
01211898	Label	DAT_01211898
0121189c	Label	DAT_0121189c
012118a0	Label	DAT_012118a0
012118a4	Label	DAT_012118a4
012118a8	Label	DAT_012118a8
012118b0	Label	DAT_012118b0
012118b4	Label	DAT_012118b4
012118b8	Label	DAT_012118b8
012118c0	Label	DAT_012118c0
012118c4	Label	DAT_012118c4
012118d8	Label	DAT_012118d8
012198dc	Label	DAT_012198dc
012198de	Label	DAT_012198de
012198e0	Label	DAT_012198e0
012198e4	Label	DAT_012198e4
012198e5	Label	DAT_012198e5
012198e6	Label	DAT_012198e6
012198e7	Label	DAT_012198e7
012198e8	Label	DAT_012198e8
012198ea	Label	DAT_012198ea
012198eb	Label	DAT_012198eb
012198ec	Label	DAT_012198ec
012198ed	Label	DAT_012198ed
012198ee	Label	DAT_012198ee
012198ef	Label	DAT_012198ee+1
012198f0	Label	DAT_012198f0
012198f1	Label	DAT_012198f0+1
012198f4	Label	DAT_012198f4
012198f8	Label	DAT_012198f8
01219f08	Label	DAT_01219f08
0121a8f4	Label	DAT_0121a8f4
0121a8f8	Label	DAT_0121a8f8
0121a8fc	Label	DAT_0121a8fc
0121a900	Label	DAT_0121a900
0121a904	Label	DAT_0121a904
0121a908	Label	DAT_0121a908
0121a90c	Label	DAT_0121a90c
0121a910	Label	DAT_0121a910
0121a914	Label	DAT_0121a914
0121a934	Label	DAT_0121a934
0121a938	Label	DAT_0121a938
0121a93c	Label	DAT_0121a93c
0121a940	Label	DAT_0121a940
0121a944	Label	DAT_0121a944
0121a948	Label	DAT_0121a948
0121a94c	Label	DAT_0121a94c
0121a950	Label	DAT_0121a950
0121a954	Label	DAT_0121a954
0121a958	Label	DAT_0121a958
0121a95c	Label	DAT_0121a95c
0121a960	Label	DAT_0121a960
0121a964	Label	DAT_0121a964
0121a968	Label	DAT_0121a968
0121a96c	Label	DAT_0121a96c
0121a970	Label	DAT_0121a970
0121a974	Label	DAT_0121a974
0121a978	Label	DAT_0121a978
0121a97c	Label	DAT_0121a97c
0121a980	Label	DAT_0121a980
0121a984	Label	DAT_0121a984
0121a988	Label	DAT_0121a988
0121a98c	Label	DAT_0121a98c
0121a990	Label	DAT_0121a990
0121a994	Label	DAT_0121a994
0121a998	Label	DAT_0121a998
0121a99a	Label	DAT_0121a99a
0121a99c	Label	DAT_0121a99c
0121a9a0	Label	DAT_0121a9a0
0121a9a4	Label	DAT_0121a9a4
0121a9a8	Label	DAT_0121a9a8
0121a9ac	Label	DAT_0121a9ac
0121a9ae	Label	DAT_0121a9ac+2
0121a9b0	Label	DAT_0121a9b0
0121a9b8	Label	DAT_0121a9b8
0121a9bc	Label	DAT_0121a9bc
0121a9c0	Label	DAT_0121a9c0
0121a9c4	Label	DAT_0121a9c4
0121a9c8	Label	DAT_0121a9c8
0121a9cc	Label	DAT_0121a9cc
0121a9d0	Label	DAT_0121a9d0
0121a9d4	Label	DAT_0121a9d4
0121a9d8	Label	DAT_0121a9d8
0121a9dc	Label	DAT_0121a9dc
0121a9e0	Label	DAT_0121a9e0
0121a9e4	Label	DAT_0121a9e4
0121a9e8	Label	DAT_0121a9e8
0121a9ec	Label	DAT_0121a9ec
0121aa04	Label	DAT_0121aa04
0121aa06	Label	DAT_0121aa06
0121aa08	Label	DAT_0121aa08
0121aa0c	Label	DAT_0121aa0c
0121aa10	Label	DAT_0121aa10
0121aa14	Label	DAT_0121aa14
0121aa18	Label	DAT_0121aa18
0121aa1c	Label	DAT_0121aa1c
0121aa20	Label	DAT_0121aa20
0121aa24	Label	DAT_0121aa24
0121aa28	Label	DAT_0121aa28
0121aa2c	Label	DAT_0121aa2c
0121aa30	Label	DAT_0121aa30
0121aa34	Label	DAT_0121aa34
0121aa38	Label	DAT_0121aa38
0121aa3c	Label	DAT_0121aa3c
0121aa40	Label	DAT_0121aa40
0121aa44	Label	DAT_0121aa44
0121aa48	Label	DAT_0121aa48
0121aa4c	Label	DAT_0121aa4c
0121aa50	Label	DAT_0121aa50
0121aa54	Label	DAT_0121aa54
0121aa58	Label	DAT_0121aa58
0121aa5c	Label	DAT_0121aa5c
0121aa60	Label	DAT_0121aa60
0121aa64	Label	DAT_0121aa64
0121aa68	Label	DAT_0121aa68
0121aa6c	Label	DAT_0121aa6c
0121aa70	Label	DAT_0121aa70
0121aa74	Label	DAT_0121aa74
0121aa78	Label	DAT_0121aa78
0121aa7c	Label	DAT_0121aa7c
0121aa80	Label	DAT_0121aa80
0121aa84	Label	DAT_0121aa84
0121aa88	Label	DAT_0121aa88
0121aa8c	Label	DAT_0121aa8c
0121aa90	Label	DAT_0121aa90
0121ab08	Label	DAT_0121ab08
0121ab0a	Label	DAT_0121ab0a
0121ab0c	Label	DAT_0121ab0c
0121ab0e	Label	DAT_0121ab0c+2
0121ab10	Label	DAT_0121ab10
0121ab14	Label	DAT_0121ab14
0121ab16	Label	DAT_0121ab14+2
0121ab18	Label	DAT_0121ab18
0121ab1c	Label	DAT_0121ab1c
0121ab1e	Label	DAT_0121ab1c+2
0121ab20	Label	DAT_0121ab20
0121ab24	Label	DAT_0121ab24
0121ab26	Label	DAT_0121ab24+2
0121ac0e	Label	DAT_0121ac0e
0121ac16	Label	DAT_0121ac16
0121ac1e	Label	DAT_0121ac1e
0121ac26	Label	DAT_0121ac26
0121ac2e	Label	DAT_0121ac2e
0121ac36	Label	DAT_0121ac36
0121ac3e	Label	DAT_0121ac3e
0121ac46	Label	DAT_0121ac46
0121ac4e	Label	DAT_0121ac4e
0121ac56	Label	DAT_0121ac56
0121ac5e	Label	DAT_0121ac5e
0121ac66	Label	DAT_0121ac66
0121ac6e	Label	DAT_0121ac6e
0121ac76	Label	DAT_0121ac76
0121ac7e	Label	DAT_0121ac7e
0121ac86	Label	DAT_0121ac86
0121ac8c	Label	DAT_0121ac8c
0121ac8e	Label	DAT_0121ac8e
0121acaa	Label	DAT_0121acaa
0121acac	Label	DAT_0121acac
0121acb2	Label	DAT_0121acb2
0121acb6	Label	DAT_0121acb6
0121acb8	Label	DAT_0121acb8
0121acba	Label	DAT_0121acba
0121acc8	Label	DAT_0121acc8
0121acca	Label	DAT_0121acca
0121acdc	Label	DAT_0121acdc
0121acde	Label	DAT_0121acde
0121ace0	Label	DAT_0121ace0
0121ace2	Label	DAT_0121ace2
0121ace4	Label	DAT_0121ace4
0121ace6	Label	DAT_0121ace6
0121ace8	Label	DAT_0121ace8
0121acea	Label	DAT_0121acea
0121acec	Label	DAT_0121acec
0121acee	Label	DAT_0121acee
0121acf0	Label	DAT_0121acf0
0121acf2	Label	DAT_0121acf2
0121acf4	Label	DAT_0121acf4
0121acf6	Label	DAT_0121acf6
0121acfc	Label	DAT_0121acfc
0121acfe	Label	DAT_0121acfe
0121ad00	Label	DAT_0121ad00
0121ad02	Label	DAT_0121ad02
0121b308	Label	DAT_0121b308
0121b30c	Label	DAT_0121b30c
0121b310	Label	DAT_0121b310
0121b314	Label	DAT_0121b314
0121b318	Label	DAT_0121b318
0121c110	Label	DAT_0121c110
0121c114	Label	DAT_0121c114
0121c118	Label	DAT_0121c118
0121c11c	Label	DAT_0121c11c
0121c120	Label	DAT_0121c120
0121c124	Label	DAT_0121c124
0121c128	Label	DAT_0121c128
0121c130	Label	DAT_0121c130
0121c134	Label	DAT_0121c134
0121c138	Label	DAT_0121c138
0121d138	Label	DAT_0121d138
0121d139	Label	DAT_0121d139
0121d13a	Label	DAT_0121d13a
0121d13b	Label	DAT_0121d13b
0121d13c	Label	DAT_0121d13c
0121d144	Label	DAT_0121d144
0121d244	Label	DAT_0121d244
0121d344	Label	DAT_0121d344
0121d348	Label	DAT_0121d348
0121d34c	Label	DAT_0121d34c
0121d350	Label	DAT_0121d350
0121d444	Label	DAT_0121d444
0121d544	Label	DAT_0121d544
0121d643	Label	DAT_0121d643
0121d644	Label	DAT_0121d644
0121d744	Label	DAT_0121d744
0121d745	Label	DAT_0121d745
0121d746	Label	DAT_0121d746
0121d747	Label	DAT_0121d747
0121d748	Label	DAT_0121d748
0121d749	Label	DAT_0121d749
0121d74a	Label	DAT_0121d74a
0121d74b	Label	DAT_0121d74b
0121d74c	Label	DAT_0121d74c
0121d74d	Label	DAT_0121d74d
0121d74e	Label	DAT_0121d74e
0121d74f	Label	DAT_0121d74f
0121d750	Label	DAT_0121d750
0121d751	Label	DAT_0121d751
0121d752	Label	DAT_0121d752
0121d753	Label	DAT_0121d753
0121d754	Label	DAT_0121d754
0121d755	Label	DAT_0121d755
0121d756	Label	DAT_0121d756
0121d757	Label	DAT_0121d757
0121d758	Label	DAT_0121d758
0121d759	Label	DAT_0121d759
0121d75c	Label	DAT_0121d75c
0121d75e	Label	DAT_0121d75c+2
0121d760	Label	DAT_0121d760
0121d764	Label	DAT_0121d764
0121d768	Label	DAT_0121d768
0121d76c	Label	DAT_0121d76c
0121d770	Label	DAT_0121d770
0121d774	Label	DAT_0121d774
0121d778	Label	DAT_0121d778
0121d780	Label	DAT_0121d780
0121d79c	Label	DAT_0121d79c
0121d7a0	Label	DAT_0121d7a0
0121d7a4	Label	DAT_0121d7a4
0121d7a8	Label	DAT_0121d7a8
0121d7ac	Label	DAT_0121d7ac
0121d7b0	Label	DAT_0121d7b0
0121d7b4	Label	DAT_0121d7b4
0121d7b8	Label	DAT_0121d7b8
0121d7c4	Label	DAT_0121d7c4
0121d7cc	Label	DAT_0121d7cc
0121d7d0	Label	DAT_0121d7d0
0121d7d4	Label	DAT_0121d7d4
0121d7d8	Label	DAT_0121d7d8
0121d7dc	Label	DAT_0121d7dc
0121d7e0	Label	DAT_0121d7e0
0121d814	Label	DAT_0121d814
0121d818	Label	DAT_0121d818
0121d81c	Label	DAT_0121d81c
0121d820	Label	DAT_0121d820
0121d864	Label	DAT_0121d864
0121d866	Label	DAT_0121d866
0121d868	Label	DAT_0121d868
0121d86c	Label	DAT_0121d86c
0121d86e	Label	DAT_0121d86e
0121d870	Label	DAT_0121d870
0121d87c	Label	DAT_0121d87c
0121d87d	Label	DAT_0121d87d
0121d87e	Label	DAT_0121d87e
0121d87f	Label	DAT_0121d87f
0121d880	Label	DAT_0121d880
0121d884	Label	DAT_0121d884
0121d888	Label	DAT_0121d888
0121d88c	Label	DAT_0121d88c
0121d890	Label	DAT_0121d890
0121d894	Label	DAT_0121d894
0121d896	Label	DAT_0121d894+2
0121d898	Label	DAT_0121d898
0121d89a	Label	DAT_0121d898+2
0121d89c	Label	DAT_0121d89c
0121d89e	Label	DAT_0121d89c+2
0121d8a0	Label	DAT_0121d8a0
0121d8a4	Label	DAT_0121d8a4
0121d8a8	Label	DAT_0121d8a8
0121d8ac	Label	DAT_0121d8ac
0121d8b0	Label	DAT_0121d8b0
0121d8b4	Label	DAT_0121d8b4
0121d8b5	Label	DAT_0121d8b4+1
0121d8b6	Label	DAT_0121d8b4+2
0121d8b8	Label	DAT_0121d8b8
0121d8bc	Label	DAT_0121d8bc
0121d8bd	Label	DAT_0121d8bc+1
0121d8be	Label	DAT_0121d8bc+2
0121d8bf	Label	DAT_0121d8bc+3
0121d8c4	Label	DAT_0121d8c4
0121d8c8	Label	DAT_0121d8c8
0121d8cc	Label	DAT_0121d8cc
0121d8d0	Label	DAT_0121d8d0
0121d8d4	Label	DAT_0121d8d4
0121d8dc	Label	DAT_0121d8dc
0121d8e0	Label	DAT_0121d8e0
0121d8e4	Label	DAT_0121d8e4
0121d8e6	Label	DAT_0121d8e6
0121d8e8	Label	DAT_0121d8e8
0121d8ea	Label	DAT_0121d8ea
0121d8ec	Label	DAT_0121d8ec
0121d8ee	Label	DAT_0121d8ee
0121d8f0	Label	DAT_0121d8f0
0121d8f2	Label	DAT_0121d8f2
0121d8f4	Label	DAT_0121d8f4
0121d8f8	Label	DAT_0121d8f8
0121d8fc	Label	DAT_0121d8fc
0121d900	Label	DAT_0121d900
0121d904	Label	DAT_0121d904
0121d906	Label	DAT_0121d906
0121d908	Label	DAT_0121d908
0121d90a	Label	DAT_0121d90a
0121d90c	Label	DAT_0121d90c
0121d90e	Label	DAT_0121d90e
0121d910	Label	DAT_0121d910
0121d912	Label	DAT_0121d912
0121d914	Label	DAT_0121d914
0121d918	Label	DAT_0121d918
0121d91c	Label	DAT_0121d91c
0121d920	Label	DAT_0121d920
0121d924	Label	DAT_0121d924
0121d926	Label	DAT_0121d926
0121d928	Label	DAT_0121d928
0121d92a	Label	DAT_0121d92a
0121d92c	Label	DAT_0121d92c
0121d92e	Label	DAT_0121d92e
0121d930	Label	DAT_0121d930
0121d932	Label	DAT_0121d932
0121d934	Label	DAT_0121d934
0121d938	Label	DAT_0121d938
0121d93c	Label	DAT_0121d93c
0121d940	Label	DAT_0121d940
0121d944	Label	DAT_0121d944
0121d948	Label	DAT_0121d948
0121d94c	Label	DAT_0121d94c
0121d950	Label	DAT_0121d950
0121d954	Label	DAT_0121d954
0121d958	Label	DAT_0121d958
0121d95c	Label	DAT_0121d95c
0121d960	Label	DAT_0121d960
0121d964	Label	DAT_0121d964
0121d968	Label	DAT_0121d968
0121d96a	Label	DAT_0121d968+2
0121d96b	Label	DAT_0121d968+3
0121d96c	Label	DAT_0121d96c
0121d970	Label	DAT_0121d970
0121d974	Label	DAT_0121d974
0121d978	Label	DAT_0121d978
0121d97c	Label	DAT_0121d97c
0121d980	Label	DAT_0121d980
0121d984	Label	DAT_0121d984
0121d988	Label	DAT_0121d988
0121d98c	Label	DAT_0121d98c
0121d990	Label	DAT_0121d990
0121d9cc	Label	DAT_0121d9cc
0121d9d0	Label	DAT_0121d9d0
0121da04	Label	DAT_0121da04
0121da08	Label	DAT_0121da08
0121da74	Label	DAT_0121da74
0121da78	Label	DAT_0121da78
0121da7c	Label	DAT_0121da7c
0121da80	Label	DAT_0121da80
0121da84	Label	DAT_0121da84
0121da8c	Label	DAT_0121da8c
0121da90	Label	DAT_0121da90
0121da91	Label	DAT_0121da91
0121da92	Label	DAT_0121da92
0121da94	Label	DAT_0121da94
0121da98	Label	DAT_0121da98
0121da99	Label	DAT_0121da99
0121da9a	Label	DAT_0121da9a
0121da9c	Label	DAT_0121da9c
0121daa0	Label	DAT_0121daa0
0121daa4	Label	DAT_0121daa4
0121daa5	Label	DAT_0121daa4+1
0121daa8	Label	DAT_0121daa8
0121daac	Label	DAT_0121daac
0121daad	Label	DAT_0121daad
0121dab0	Label	DAT_0121dab0
0121dab4	Label	DAT_0121dab4
0121dab5	Label	DAT_0121dab5
0121dab8	Label	DAT_0121dab8
0121dabc	Label	DAT_0121dabc
0121dac0	Label	DAT_0121dac0
0121dac4	Label	DAT_0121dac4
0121dac8	Label	DAT_0121dac8
0121dacc	Label	DAT_0121dacc
0121dad0	Label	DAT_0121dad0
0121dad4	Label	DAT_0121dad4
0121dad8	Label	DAT_0121dad8
0121dadc	Label	DAT_0121dadc
0121db98	Label	DAT_0121db98
0121db9c	Label	DAT_0121db9c
0121db9d	Label	DAT_0121db9d
0121dba0	Label	DAT_0121dba0
0121dba4	Label	DAT_0121dba4
0121dba8	Label	DAT_0121dba8
0121dbac	Label	DAT_0121dbac
0121dbb0	Label	DAT_0121dbb0
0121dbb4	Label	DAT_0121dbb4
0121dbc4	Label	DAT_0121dbc4
0121dd24	Label	DAT_0121dd24
0121dd2c	Label	DAT_0121dd2c
0121dd30	Label	DAT_0121dd30
0121dd34	Label	DAT_0121dd34
0121dd3c	Label	DAT_0121dd3c
0121dd44	Label	DAT_0121dd44
0121dd48	Label	DAT_0121dd48
0121dd4c	Label	DAT_0121dd4c
0121dd54	Label	DAT_0121dd54
0121dd5c	Label	DAT_0121dd5c
0121dd60	Label	DAT_0121dd60
0121dd64	Label	DAT_0121dd64
0121dd6c	Label	DAT_0121dd6c
0121dd74	Label	DAT_0121dd74
0121dd78	Label	DAT_0121dd78
0121dd7c	Label	DAT_0121dd7c
0121dd84	Label	DAT_0121dd84
0121dd8c	Label	DAT_0121dd8c
0121dd90	Label	DAT_0121dd90
0121dd94	Label	DAT_0121dd94
0121dd9c	Label	DAT_0121dd9c
0121dda4	Label	DAT_0121dda4
0121dda8	Label	DAT_0121dda8
0121ddac	Label	DAT_0121ddac
0121ddb4	Label	DAT_0121ddb4
0121ddbc	Label	DAT_0121ddbc
0121ddc0	Label	DAT_0121ddc0
0121ddc4	Label	DAT_0121ddc4
0121ddcc	Label	DAT_0121ddcc
0121ddd4	Label	DAT_0121ddd4
0121ddd8	Label	DAT_0121ddd8
0121dddc	Label	DAT_0121dddc
0121dea0	Label	DAT_0121dea0
0121dea4	Label	DAT_0121dea4
0121dea8	Label	DAT_0121dea8
0121df20	Label	DAT_0121df20
0121df24	Label	_end
0121e000	Function	<EXTERNAL>::open
0121e004	Function	<EXTERNAL>::getrusage
0121e008	Function	<EXTERNAL>::fread
0121e00c	Function	<EXTERNAL>::SDL_Quit
0121e010	Function	<EXTERNAL>::fileno
0121e014	Function	<EXTERNAL>::__ctype_toupper_loc
0121e018	Function	<EXTERNAL>::fseeko
0121e01c	Function	<EXTERNAL>::sscanf
0121e020	Function	<EXTERNAL>::access
0121e024	Function	<EXTERNAL>::strstr
0121e028	Function	<EXTERNAL>::fopen
0121e02c	Function	<EXTERNAL>::gzseek
0121e030	Function	<EXTERNAL>::strncasecmp
0121e034	Function	<EXTERNAL>::uncompress
0121e038	Function	<EXTERNAL>::sysconf
0121e03c	Function	<EXTERNAL>::SDL_JoystickOpen
0121e040	Function	<EXTERNAL>::__fxstat
0121e044	Function	<EXTERNAL>::fgets
0121e048	Function	<EXTERNAL>::fwrite
0121e04c	Function	<EXTERNAL>::memcpy
0121e050	Function	<EXTERNAL>::strlen
0121e054	Function	<EXTERNAL>::munmap
0121e058	Function	<EXTERNAL>::usleep
0121e05c	Function	<EXTERNAL>::fprintf
0121e060	Function	<EXTERNAL>::readdir
0121e064	Function	<EXTERNAL>::sprintf
0121e068	Function	<EXTERNAL>::__xstat
0121e06c	Function	<EXTERNAL>::SDL_Delay
0121e070	Function	<EXTERNAL>::strcmp
0121e074	Function	<EXTERNAL>::time
0121e078	Function	<EXTERNAL>::fsync
0121e07c	Function	<EXTERNAL>::__errno_location
0121e080	Function	<EXTERNAL>::inflate
0121e084	Function	<EXTERNAL>::fclose
0121e088	Function	<EXTERNAL>::strncpy
0121e08c	Function	<EXTERNAL>::fflush
0121e090	Function	<EXTERNAL>::dup
0121e094	Function	<EXTERNAL>::memcmp
0121e098	Function	<EXTERNAL>::strrchr
0121e09c	Function	<EXTERNAL>::inflateInit2_
0121e0a0	Function	<EXTERNAL>::fseek
0121e0a4	Function	<EXTERNAL>::SDL_JoystickEventState
0121e0a8	Function	<EXTERNAL>::SDL_InitSubSystem
0121e0ac	Function	<EXTERNAL>::strchr
0121e0b0	Function	<EXTERNAL>::__libc_start_main
0121e0b4	Function	<EXTERNAL>::ftruncate
0121e0b8	Function	<EXTERNAL>::gettimeofday
0121e0bc	Function	<EXTERNAL>::_IO_getc
0121e0c0	Function	<EXTERNAL>::__ctype_b_loc
0121e0c4	Function	<EXTERNAL>::strtol
0121e0c8	Label	_Jv_RegisterClasses
0121e0cc	Function	<EXTERNAL>::pthread_create
0121e0d0	Function	<EXTERNAL>::strncmp
0121e0d4	Function	<EXTERNAL>::ctime_r
0121e0d8	Function	<EXTERNAL>::shm_unlink
0121e0dc	Function	<EXTERNAL>::pthread_exit
0121e0e0	Function	<EXTERNAL>::strcasecmp
0121e0e4	Function	<EXTERNAL>::fgetc
0121e0e8	Function	<EXTERNAL>::opendir
0121e0ec	Function	<EXTERNAL>::pthread_join
0121e0f0	Function	<EXTERNAL>::inflateReset
0121e0f4	Function	<EXTERNAL>::closedir
0121e0f8	Function	<EXTERNAL>::exit
0121e0fc	Function	<EXTERNAL>::printf
0121e100	Function	<EXTERNAL>::gzwrite
0121e104	Function	<EXTERNAL>::strerror
0121e108	Function	<EXTERNAL>::strtok
0121e10c	Function	<EXTERNAL>::puts
0121e110	Function	<EXTERNAL>::perror
0121e114	Function	<EXTERNAL>::memset
0121e118	Function	<EXTERNAL>::putchar
0121e11c	Function	<EXTERNAL>::ftello
0121e120	Function	<EXTERNAL>::gzclose
0121e124	Function	<EXTERNAL>::snprintf
0121e128	Function	<EXTERNAL>::close
0121e12c	Function	<EXTERNAL>::abort
0121e130	Label	_ITM_deregisterTMCloneTable
0121e134	Function	<EXTERNAL>::gzdopen
0121e138	Function	<EXTERNAL>::memmove
0121e13c	Function	<EXTERNAL>::shm_open
0121e140	Function	<EXTERNAL>::gzread
0121e144	Function	<EXTERNAL>::strcpy
0121e148	Function	<EXTERNAL>::mmap
0121e14c	Label	_ITM_registerTMCloneTable
0121e150	Function	<EXTERNAL>::__assert_fail
0121e154	Function	<EXTERNAL>::ftell
0121e158	Function	<EXTERNAL>::__gmon_start__
0121e15c	Function	<EXTERNAL>::alphasort
0121e160	Label	stdout
0121e164	Function	<EXTERNAL>::longjmp
80000000	Label	DAT_80000000
fffffffe	Label	SUB_fffffffe
.comment::00000000	Label	ElfComment[0]
.gnu.attributes::00000000	Label	DAT_.gnu.attributes__00000000
.shstrtab::00000000	Label	DAT_.shstrtab__00000000
_elfSectionHeaders::00000000	Label	Elf32_Shdr_ARRAY__elfSectionHeaders__00000000
